ISO-10303-21;
HEADER;
FILE_DESCRIPTION(('Open CASCADE Model'),'2;1');
FILE_NAME('Open CASCADE Shape Model','2026-10-04T18:34:10',('Author'),(
    'Open CASCADE'),'Open CASCADE STEP processor 7.9','Open CASCADE 7.9'
  ,'Unknown');
FILE_SCHEMA(('AUTOMOTIVE_DESIGN { 1 0 10303 214 1 1 1 1 }'));
ENDSEC;
DATA;
#1 = APPLICATION_PROTOCOL_DEFINITION('international standard',
  'automotive_design',2000,#2);
#2 = APPLICATION_CONTEXT(
  'core data for automotive mechanical design processes');
#3 = SHAPE_DEFINITION_REPRESENTATION(#4,#10);
#4 = PRODUCT_DEFINITION_SHAPE('','',#5);
#5 = PRODUCT_DEFINITION('design','',#6,#9);
#6 = PRODUCT_DEFINITION_FORMATION('','',#7);
#7 = PRODUCT('Open CASCADE STEP translator 7.9 2',
  'Open CASCADE STEP translator 7.9 2','',(#8));
#8 = PRODUCT_CONTEXT('',#2,'mechanical');
#9 = PRODUCT_DEFINITION_CONTEXT('part definition',#2,'design');
#10 = ADVANCED_BREP_SHAPE_REPRESENTATION('',(#11,#15),#5383);
#11 = AXIS2_PLACEMENT_3D('',#12,#13,#14);
#12 = CARTESIAN_POINT('',(0.,0.,0.));
#13 = DIRECTION('',(0.,0.,1.));
#14 = DIRECTION('',(1.,0.,-0.));
#15 = MANIFOLD_SOLID_BREP('',#16);
#16 = CLOSED_SHELL('',(#17,#685,#761,#810,#859,#886,#936,#986,#1036,
    #1086,#1136,#1186,#1236,#1286,#1336,#1386,#1462,#1511,#1560,#1587,
    #1637,#1687,#1737,#1787,#1991,#2112,#2167,#2222,#2277,#2332,#2387,
    #3268,#3445,#4254,#4384,#4423,#4462,#4501,#4540,#4579,#4606,#4726,
    #4755,#4852,#4881,#4978,#5007,#5104,#5133,#5230,#5236,#5242,#5248,
    #5275,#5302,#5329,#5356));
#17 = ADVANCED_FACE('',(#18,#137,#168,#199,#230,#261,#292,#323,#354,#385
    ,#416,#447,#561,#592,#623,#654),#32,.F.);
#18 = FACE_BOUND('',#19,.F.);
#19 = EDGE_LOOP('',(#20,#55,#83,#111));
#20 = ORIENTED_EDGE('',*,*,#21,.T.);
#21 = EDGE_CURVE('',#22,#24,#26,.T.);
#22 = VERTEX_POINT('',#23);
#23 = CARTESIAN_POINT('',(-18.35856175542,182.,-32.80150107406));
#24 = VERTEX_POINT('',#25);
#25 = CARTESIAN_POINT('',(441.64143824457,182.,-32.80150107406));
#26 = SURFACE_CURVE('',#27,(#31,#43),.PCURVE_S1.);
#27 = LINE('',#28,#29);
#28 = CARTESIAN_POINT('',(-18.35856175542,182.,-32.80150107406));
#29 = VECTOR('',#30,1.);
#30 = DIRECTION('',(1.,0.,0.));
#31 = PCURVE('',#32,#37);
#32 = PLANE('',#33);
#33 = AXIS2_PLACEMENT_3D('',#34,#35,#36);
#34 = CARTESIAN_POINT('',(211.64143824457,182.,17.198498925933));
#35 = DIRECTION('',(-0.,-1.,-0.));
#36 = DIRECTION('',(0.,0.,-1.));
#37 = DEFINITIONAL_REPRESENTATION('',(#38),#42);
#38 = LINE('',#39,#40);
#39 = CARTESIAN_POINT('',(50.,-230.));
#40 = VECTOR('',#41,1.);
#41 = DIRECTION('',(0.,1.));
#42 = ( GEOMETRIC_REPRESENTATION_CONTEXT(2) 
PARAMETRIC_REPRESENTATION_CONTEXT() REPRESENTATION_CONTEXT('2D SPACE',''
  ) );
#43 = PCURVE('',#44,#49);
#44 = PLANE('',#45);
#45 = AXIS2_PLACEMENT_3D('',#46,#47,#48);
#46 = CARTESIAN_POINT('',(-18.35856175542,182.,-32.80150107406));
#47 = DIRECTION('',(-0.,0.,1.));
#48 = DIRECTION('',(1.,0.,0.));
#49 = DEFINITIONAL_REPRESENTATION('',(#50),#54);
#50 = LINE('',#51,#52);
#51 = CARTESIAN_POINT('',(0.,0.));
#52 = VECTOR('',#53,1.);
#53 = DIRECTION('',(1.,0.));
#54 = ( GEOMETRIC_REPRESENTATION_CONTEXT(2) 
PARAMETRIC_REPRESENTATION_CONTEXT() REPRESENTATION_CONTEXT('2D SPACE',''
  ) );
#55 = ORIENTED_EDGE('',*,*,#56,.T.);
#56 = EDGE_CURVE('',#24,#57,#59,.T.);
#57 = VERTEX_POINT('',#58);
#58 = CARTESIAN_POINT('',(441.64143824457,182.,67.198498925933));
#59 = SURFACE_CURVE('',#60,(#64,#71),.PCURVE_S1.);
#60 = LINE('',#61,#62);
#61 = CARTESIAN_POINT('',(441.64143824457,182.,-32.80150107406));
#62 = VECTOR('',#63,1.);
#63 = DIRECTION('',(0.,0.,1.));
#64 = PCURVE('',#32,#65);
#65 = DEFINITIONAL_REPRESENTATION('',(#66),#70);
#66 = LINE('',#67,#68);
#67 = CARTESIAN_POINT('',(50.,230.));
#68 = VECTOR('',#69,1.);
#69 = DIRECTION('',(-1.,0.));
#70 = ( GEOMETRIC_REPRESENTATION_CONTEXT(2) 
PARAMETRIC_REPRESENTATION_CONTEXT() REPRESENTATION_CONTEXT('2D SPACE',''
  ) );
#71 = PCURVE('',#72,#77);
#72 = PLANE('',#73);
#73 = AXIS2_PLACEMENT_3D('',#74,#75,#76);
#74 = CARTESIAN_POINT('',(441.64143824457,182.,-32.80150107406));
#75 = DIRECTION('',(-1.,0.,0.));
#76 = DIRECTION('',(0.,0.,1.));
#77 = DEFINITIONAL_REPRESENTATION('',(#78),#82);
#78 = LINE('',#79,#80);
#79 = CARTESIAN_POINT('',(0.,0.));
#80 = VECTOR('',#81,1.);
#81 = DIRECTION('',(1.,0.));
#82 = ( GEOMETRIC_REPRESENTATION_CONTEXT(2) 
PARAMETRIC_REPRESENTATION_CONTEXT() REPRESENTATION_CONTEXT('2D SPACE',''
  ) );
#83 = ORIENTED_EDGE('',*,*,#84,.T.);
#84 = EDGE_CURVE('',#57,#85,#87,.T.);
#85 = VERTEX_POINT('',#86);
#86 = CARTESIAN_POINT('',(-18.35856175542,182.,67.198498925933));
#87 = SURFACE_CURVE('',#88,(#92,#99),.PCURVE_S1.);
#88 = LINE('',#89,#90);
#89 = CARTESIAN_POINT('',(441.64143824457,182.,67.198498925933));
#90 = VECTOR('',#91,1.);
#91 = DIRECTION('',(-1.,0.,0.));
#92 = PCURVE('',#32,#93);
#93 = DEFINITIONAL_REPRESENTATION('',(#94),#98);
#94 = LINE('',#95,#96);
#95 = CARTESIAN_POINT('',(-50.,230.));
#96 = VECTOR('',#97,1.);
#97 = DIRECTION('',(0.,-1.));
#98 = ( GEOMETRIC_REPRESENTATION_CONTEXT(2) 
PARAMETRIC_REPRESENTATION_CONTEXT() REPRESENTATION_CONTEXT('2D SPACE',''
  ) );
#99 = PCURVE('',#100,#105);
#100 = PLANE('',#101);
#101 = AXIS2_PLACEMENT_3D('',#102,#103,#104);
#102 = CARTESIAN_POINT('',(441.64143824457,182.,67.198498925933));
#103 = DIRECTION('',(-0.,-0.,-1.));
#104 = DIRECTION('',(-1.,0.,0.));
#105 = DEFINITIONAL_REPRESENTATION('',(#106),#110);
#106 = LINE('',#107,#108);
#107 = CARTESIAN_POINT('',(0.,0.));
#108 = VECTOR('',#109,1.);
#109 = DIRECTION('',(1.,0.));
#110 = ( GEOMETRIC_REPRESENTATION_CONTEXT(2) 
PARAMETRIC_REPRESENTATION_CONTEXT() REPRESENTATION_CONTEXT('2D SPACE',''
  ) );
#111 = ORIENTED_EDGE('',*,*,#112,.T.);
#112 = EDGE_CURVE('',#85,#22,#113,.T.);
#113 = SURFACE_CURVE('',#114,(#118,#125),.PCURVE_S1.);
#114 = LINE('',#115,#116);
#115 = CARTESIAN_POINT('',(-18.35856175542,182.,67.198498925933));
#116 = VECTOR('',#117,1.);
#117 = DIRECTION('',(0.,0.,-1.));
#118 = PCURVE('',#32,#119);
#119 = DEFINITIONAL_REPRESENTATION('',(#120),#124);
#120 = LINE('',#121,#122);
#121 = CARTESIAN_POINT('',(-50.,-230.));
#122 = VECTOR('',#123,1.);
#123 = DIRECTION('',(1.,0.));
#124 = ( GEOMETRIC_REPRESENTATION_CONTEXT(2) 
PARAMETRIC_REPRESENTATION_CONTEXT() REPRESENTATION_CONTEXT('2D SPACE',''
  ) );
#125 = PCURVE('',#126,#131);
#126 = PLANE('',#127);
#127 = AXIS2_PLACEMENT_3D('',#128,#129,#130);
#128 = CARTESIAN_POINT('',(-18.35856175542,182.,67.198498925933));
#129 = DIRECTION('',(1.,0.,0.));
#130 = DIRECTION('',(0.,0.,-1.));
#131 = DEFINITIONAL_REPRESENTATION('',(#132),#136);
#132 = LINE('',#133,#134);
#133 = CARTESIAN_POINT('',(0.,0.));
#134 = VECTOR('',#135,1.);
#135 = DIRECTION('',(1.,0.));
#136 = ( GEOMETRIC_REPRESENTATION_CONTEXT(2) 
PARAMETRIC_REPRESENTATION_CONTEXT() REPRESENTATION_CONTEXT('2D SPACE',''
  ) );
#137 = FACE_BOUND('',#138,.F.);
#138 = EDGE_LOOP('',(#139));
#139 = ORIENTED_EDGE('',*,*,#140,.F.);
#140 = EDGE_CURVE('',#141,#141,#143,.T.);
#141 = VERTEX_POINT('',#142);
#142 = CARTESIAN_POINT('',(-7.858561755425,182.,59.198498925933));
#143 = SURFACE_CURVE('',#144,(#149,#156),.PCURVE_S1.);
#144 = CIRCLE('',#145,2.5);
#145 = AXIS2_PLACEMENT_3D('',#146,#147,#148);
#146 = CARTESIAN_POINT('',(-10.35856175542,182.,59.198498925933));
#147 = DIRECTION('',(0.,-1.,0.));
#148 = DIRECTION('',(1.,0.,0.));
#149 = PCURVE('',#32,#150);
#150 = DEFINITIONAL_REPRESENTATION('',(#151),#155);
#151 = CIRCLE('',#152,2.5);
#152 = AXIS2_PLACEMENT_2D('',#153,#154);
#153 = CARTESIAN_POINT('',(-42.,-222.));
#154 = DIRECTION('',(0.,1.));
#155 = ( GEOMETRIC_REPRESENTATION_CONTEXT(2) 
PARAMETRIC_REPRESENTATION_CONTEXT() REPRESENTATION_CONTEXT('2D SPACE',''
  ) );
#156 = PCURVE('',#157,#162);
#157 = CYLINDRICAL_SURFACE('',#158,2.5);
#158 = AXIS2_PLACEMENT_3D('',#159,#160,#161);
#159 = CARTESIAN_POINT('',(-10.35856175542,182.,59.198498925933));
#160 = DIRECTION('',(-0.,1.,-0.));
#161 = DIRECTION('',(1.,0.,0.));
#162 = DEFINITIONAL_REPRESENTATION('',(#163),#167);
#163 = LINE('',#164,#165);
#164 = CARTESIAN_POINT('',(-0.,0.));
#165 = VECTOR('',#166,1.);
#166 = DIRECTION('',(-1.,0.));
#167 = ( GEOMETRIC_REPRESENTATION_CONTEXT(2) 
PARAMETRIC_REPRESENTATION_CONTEXT() REPRESENTATION_CONTEXT('2D SPACE',''
  ) );
#168 = FACE_BOUND('',#169,.F.);
#169 = EDGE_LOOP('',(#170));
#170 = ORIENTED_EDGE('',*,*,#171,.F.);
#171 = EDGE_CURVE('',#172,#172,#174,.T.);
#172 = VERTEX_POINT('',#173);
#173 = CARTESIAN_POINT('',(38.141438244575,182.,59.198498925933));
#174 = SURFACE_CURVE('',#175,(#180,#187),.PCURVE_S1.);
#175 = CIRCLE('',#176,2.5);
#176 = AXIS2_PLACEMENT_3D('',#177,#178,#179);
#177 = CARTESIAN_POINT('',(35.641438244575,182.,59.198498925933));
#178 = DIRECTION('',(0.,-1.,0.));
#179 = DIRECTION('',(1.,0.,0.));
#180 = PCURVE('',#32,#181);
#181 = DEFINITIONAL_REPRESENTATION('',(#182),#186);
#182 = CIRCLE('',#183,2.5);
#183 = AXIS2_PLACEMENT_2D('',#184,#185);
#184 = CARTESIAN_POINT('',(-42.,-176.));
#185 = DIRECTION('',(0.,1.));
#186 = ( GEOMETRIC_REPRESENTATION_CONTEXT(2) 
PARAMETRIC_REPRESENTATION_CONTEXT() REPRESENTATION_CONTEXT('2D SPACE',''
  ) );
#187 = PCURVE('',#188,#193);
#188 = CYLINDRICAL_SURFACE('',#189,2.5);
#189 = AXIS2_PLACEMENT_3D('',#190,#191,#192);
#190 = CARTESIAN_POINT('',(35.641438244575,182.,59.198498925933));
#191 = DIRECTION('',(-0.,1.,-0.));
#192 = DIRECTION('',(1.,0.,0.));
#193 = DEFINITIONAL_REPRESENTATION('',(#194),#198);
#194 = LINE('',#195,#196);
#195 = CARTESIAN_POINT('',(-0.,0.));
#196 = VECTOR('',#197,1.);
#197 = DIRECTION('',(-1.,0.));
#198 = ( GEOMETRIC_REPRESENTATION_CONTEXT(2) 
PARAMETRIC_REPRESENTATION_CONTEXT() REPRESENTATION_CONTEXT('2D SPACE',''
  ) );
#199 = FACE_BOUND('',#200,.F.);
#200 = EDGE_LOOP('',(#201));
#201 = ORIENTED_EDGE('',*,*,#202,.F.);
#202 = EDGE_CURVE('',#203,#203,#205,.T.);
#203 = VERTEX_POINT('',#204);
#204 = CARTESIAN_POINT('',(126.14143824457,182.,59.198498925933));
#205 = SURFACE_CURVE('',#206,(#211,#218),.PCURVE_S1.);
#206 = CIRCLE('',#207,2.5);
#207 = AXIS2_PLACEMENT_3D('',#208,#209,#210);
#208 = CARTESIAN_POINT('',(123.64143824457,182.,59.198498925933));
#209 = DIRECTION('',(0.,-1.,0.));
#210 = DIRECTION('',(1.,0.,0.));
#211 = PCURVE('',#32,#212);
#212 = DEFINITIONAL_REPRESENTATION('',(#213),#217);
#213 = CIRCLE('',#214,2.5);
#214 = AXIS2_PLACEMENT_2D('',#215,#216);
#215 = CARTESIAN_POINT('',(-42.,-88.));
#216 = DIRECTION('',(0.,1.));
#217 = ( GEOMETRIC_REPRESENTATION_CONTEXT(2) 
PARAMETRIC_REPRESENTATION_CONTEXT() REPRESENTATION_CONTEXT('2D SPACE',''
  ) );
#218 = PCURVE('',#219,#224);
#219 = CYLINDRICAL_SURFACE('',#220,2.5);
#220 = AXIS2_PLACEMENT_3D('',#221,#222,#223);
#221 = CARTESIAN_POINT('',(123.64143824457,182.,59.198498925933));
#222 = DIRECTION('',(-0.,1.,-0.));
#223 = DIRECTION('',(1.,0.,0.));
#224 = DEFINITIONAL_REPRESENTATION('',(#225),#229);
#225 = LINE('',#226,#227);
#226 = CARTESIAN_POINT('',(-0.,0.));
#227 = VECTOR('',#228,1.);
#228 = DIRECTION('',(-1.,0.));
#229 = ( GEOMETRIC_REPRESENTATION_CONTEXT(2) 
PARAMETRIC_REPRESENTATION_CONTEXT() REPRESENTATION_CONTEXT('2D SPACE',''
  ) );
#230 = FACE_BOUND('',#231,.F.);
#231 = EDGE_LOOP('',(#232));
#232 = ORIENTED_EDGE('',*,*,#233,.F.);
#233 = EDGE_CURVE('',#234,#234,#236,.T.);
#234 = VERTEX_POINT('',#235);
#235 = CARTESIAN_POINT('',(-7.858561755425,182.,-24.80150107406));
#236 = SURFACE_CURVE('',#237,(#242,#249),.PCURVE_S1.);
#237 = CIRCLE('',#238,2.5);
#238 = AXIS2_PLACEMENT_3D('',#239,#240,#241);
#239 = CARTESIAN_POINT('',(-10.35856175542,182.,-24.80150107406));
#240 = DIRECTION('',(0.,-1.,0.));
#241 = DIRECTION('',(1.,0.,0.));
#242 = PCURVE('',#32,#243);
#243 = DEFINITIONAL_REPRESENTATION('',(#244),#248);
#244 = CIRCLE('',#245,2.5);
#245 = AXIS2_PLACEMENT_2D('',#246,#247);
#246 = CARTESIAN_POINT('',(42.,-222.));
#247 = DIRECTION('',(0.,1.));
#248 = ( GEOMETRIC_REPRESENTATION_CONTEXT(2) 
PARAMETRIC_REPRESENTATION_CONTEXT() REPRESENTATION_CONTEXT('2D SPACE',''
  ) );
#249 = PCURVE('',#250,#255);
#250 = CYLINDRICAL_SURFACE('',#251,2.5);
#251 = AXIS2_PLACEMENT_3D('',#252,#253,#254);
#252 = CARTESIAN_POINT('',(-10.35856175542,182.,-24.80150107406));
#253 = DIRECTION('',(-0.,1.,-0.));
#254 = DIRECTION('',(1.,0.,0.));
#255 = DEFINITIONAL_REPRESENTATION('',(#256),#260);
#256 = LINE('',#257,#258);
#257 = CARTESIAN_POINT('',(-0.,0.));
#258 = VECTOR('',#259,1.);
#259 = DIRECTION('',(-1.,0.));
#260 = ( GEOMETRIC_REPRESENTATION_CONTEXT(2) 
PARAMETRIC_REPRESENTATION_CONTEXT() REPRESENTATION_CONTEXT('2D SPACE',''
  ) );
#261 = FACE_BOUND('',#262,.F.);
#262 = EDGE_LOOP('',(#263));
#263 = ORIENTED_EDGE('',*,*,#264,.F.);
#264 = EDGE_CURVE('',#265,#265,#267,.T.);
#265 = VERTEX_POINT('',#266);
#266 = CARTESIAN_POINT('',(38.141438244575,182.,-24.80150107406));
#267 = SURFACE_CURVE('',#268,(#273,#280),.PCURVE_S1.);
#268 = CIRCLE('',#269,2.5);
#269 = AXIS2_PLACEMENT_3D('',#270,#271,#272);
#270 = CARTESIAN_POINT('',(35.641438244575,182.,-24.80150107406));
#271 = DIRECTION('',(0.,-1.,0.));
#272 = DIRECTION('',(1.,0.,0.));
#273 = PCURVE('',#32,#274);
#274 = DEFINITIONAL_REPRESENTATION('',(#275),#279);
#275 = CIRCLE('',#276,2.5);
#276 = AXIS2_PLACEMENT_2D('',#277,#278);
#277 = CARTESIAN_POINT('',(42.,-176.));
#278 = DIRECTION('',(0.,1.));
#279 = ( GEOMETRIC_REPRESENTATION_CONTEXT(2) 
PARAMETRIC_REPRESENTATION_CONTEXT() REPRESENTATION_CONTEXT('2D SPACE',''
  ) );
#280 = PCURVE('',#281,#286);
#281 = CYLINDRICAL_SURFACE('',#282,2.5);
#282 = AXIS2_PLACEMENT_3D('',#283,#284,#285);
#283 = CARTESIAN_POINT('',(35.641438244575,182.,-24.80150107406));
#284 = DIRECTION('',(-0.,1.,-0.));
#285 = DIRECTION('',(1.,0.,0.));
#286 = DEFINITIONAL_REPRESENTATION('',(#287),#291);
#287 = LINE('',#288,#289);
#288 = CARTESIAN_POINT('',(-0.,0.));
#289 = VECTOR('',#290,1.);
#290 = DIRECTION('',(-1.,0.));
#291 = ( GEOMETRIC_REPRESENTATION_CONTEXT(2) 
PARAMETRIC_REPRESENTATION_CONTEXT() REPRESENTATION_CONTEXT('2D SPACE',''
  ) );
#292 = FACE_BOUND('',#293,.F.);
#293 = EDGE_LOOP('',(#294));
#294 = ORIENTED_EDGE('',*,*,#295,.F.);
#295 = EDGE_CURVE('',#296,#296,#298,.T.);
#296 = VERTEX_POINT('',#297);
#297 = CARTESIAN_POINT('',(126.14143824457,182.,-24.80150107406));
#298 = SURFACE_CURVE('',#299,(#304,#311),.PCURVE_S1.);
#299 = CIRCLE('',#300,2.5);
#300 = AXIS2_PLACEMENT_3D('',#301,#302,#303);
#301 = CARTESIAN_POINT('',(123.64143824457,182.,-24.80150107406));
#302 = DIRECTION('',(0.,-1.,0.));
#303 = DIRECTION('',(1.,0.,0.));
#304 = PCURVE('',#32,#305);
#305 = DEFINITIONAL_REPRESENTATION('',(#306),#310);
#306 = CIRCLE('',#307,2.5);
#307 = AXIS2_PLACEMENT_2D('',#308,#309);
#308 = CARTESIAN_POINT('',(42.,-88.));
#309 = DIRECTION('',(0.,1.));
#310 = ( GEOMETRIC_REPRESENTATION_CONTEXT(2) 
PARAMETRIC_REPRESENTATION_CONTEXT() REPRESENTATION_CONTEXT('2D SPACE',''
  ) );
#311 = PCURVE('',#312,#317);
#312 = CYLINDRICAL_SURFACE('',#313,2.5);
#313 = AXIS2_PLACEMENT_3D('',#314,#315,#316);
#314 = CARTESIAN_POINT('',(123.64143824457,182.,-24.80150107406));
#315 = DIRECTION('',(-0.,1.,-0.));
#316 = DIRECTION('',(1.,0.,0.));
#317 = DEFINITIONAL_REPRESENTATION('',(#318),#322);
#318 = LINE('',#319,#320);
#319 = CARTESIAN_POINT('',(-0.,0.));
#320 = VECTOR('',#321,1.);
#321 = DIRECTION('',(-1.,0.));
#322 = ( GEOMETRIC_REPRESENTATION_CONTEXT(2) 
PARAMETRIC_REPRESENTATION_CONTEXT() REPRESENTATION_CONTEXT('2D SPACE',''
  ) );
#323 = FACE_BOUND('',#324,.F.);
#324 = EDGE_LOOP('',(#325));
#325 = ORIENTED_EDGE('',*,*,#326,.F.);
#326 = EDGE_CURVE('',#327,#327,#329,.T.);
#327 = VERTEX_POINT('',#328);
#328 = CARTESIAN_POINT('',(214.14143824457,182.,59.198498925933));
#329 = SURFACE_CURVE('',#330,(#335,#342),.PCURVE_S1.);
#330 = CIRCLE('',#331,2.5);
#331 = AXIS2_PLACEMENT_3D('',#332,#333,#334);
#332 = CARTESIAN_POINT('',(211.64143824457,182.,59.198498925933));
#333 = DIRECTION('',(0.,-1.,0.));
#334 = DIRECTION('',(1.,0.,0.));
#335 = PCURVE('',#32,#336);
#336 = DEFINITIONAL_REPRESENTATION('',(#337),#341);
#337 = CIRCLE('',#338,2.5);
#338 = AXIS2_PLACEMENT_2D('',#339,#340);
#339 = CARTESIAN_POINT('',(-42.,-5.684341886081E-14));
#340 = DIRECTION('',(0.,1.));
#341 = ( GEOMETRIC_REPRESENTATION_CONTEXT(2) 
PARAMETRIC_REPRESENTATION_CONTEXT() REPRESENTATION_CONTEXT('2D SPACE',''
  ) );
#342 = PCURVE('',#343,#348);
#343 = CYLINDRICAL_SURFACE('',#344,2.5);
#344 = AXIS2_PLACEMENT_3D('',#345,#346,#347);
#345 = CARTESIAN_POINT('',(211.64143824457,182.,59.198498925933));
#346 = DIRECTION('',(-0.,1.,-0.));
#347 = DIRECTION('',(1.,0.,0.));
#348 = DEFINITIONAL_REPRESENTATION('',(#349),#353);
#349 = LINE('',#350,#351);
#350 = CARTESIAN_POINT('',(-0.,0.));
#351 = VECTOR('',#352,1.);
#352 = DIRECTION('',(-1.,0.));
#353 = ( GEOMETRIC_REPRESENTATION_CONTEXT(2) 
PARAMETRIC_REPRESENTATION_CONTEXT() REPRESENTATION_CONTEXT('2D SPACE',''
  ) );
#354 = FACE_BOUND('',#355,.F.);
#355 = EDGE_LOOP('',(#356));
#356 = ORIENTED_EDGE('',*,*,#357,.F.);
#357 = EDGE_CURVE('',#358,#358,#360,.T.);
#358 = VERTEX_POINT('',#359);
#359 = CARTESIAN_POINT('',(302.14143824457,182.,59.198498925933));
#360 = SURFACE_CURVE('',#361,(#366,#373),.PCURVE_S1.);
#361 = CIRCLE('',#362,2.5);
#362 = AXIS2_PLACEMENT_3D('',#363,#364,#365);
#363 = CARTESIAN_POINT('',(299.64143824457,182.,59.198498925933));
#364 = DIRECTION('',(0.,-1.,0.));
#365 = DIRECTION('',(1.,0.,0.));
#366 = PCURVE('',#32,#367);
#367 = DEFINITIONAL_REPRESENTATION('',(#368),#372);
#368 = CIRCLE('',#369,2.5);
#369 = AXIS2_PLACEMENT_2D('',#370,#371);
#370 = CARTESIAN_POINT('',(-42.,88.));
#371 = DIRECTION('',(0.,1.));
#372 = ( GEOMETRIC_REPRESENTATION_CONTEXT(2) 
PARAMETRIC_REPRESENTATION_CONTEXT() REPRESENTATION_CONTEXT('2D SPACE',''
  ) );
#373 = PCURVE('',#374,#379);
#374 = CYLINDRICAL_SURFACE('',#375,2.5);
#375 = AXIS2_PLACEMENT_3D('',#376,#377,#378);
#376 = CARTESIAN_POINT('',(299.64143824457,182.,59.198498925933));
#377 = DIRECTION('',(-0.,1.,-0.));
#378 = DIRECTION('',(1.,0.,0.));
#379 = DEFINITIONAL_REPRESENTATION('',(#380),#384);
#380 = LINE('',#381,#382);
#381 = CARTESIAN_POINT('',(-0.,0.));
#382 = VECTOR('',#383,1.);
#383 = DIRECTION('',(-1.,0.));
#384 = ( GEOMETRIC_REPRESENTATION_CONTEXT(2) 
PARAMETRIC_REPRESENTATION_CONTEXT() REPRESENTATION_CONTEXT('2D SPACE',''
  ) );
#385 = FACE_BOUND('',#386,.F.);
#386 = EDGE_LOOP('',(#387));
#387 = ORIENTED_EDGE('',*,*,#388,.F.);
#388 = EDGE_CURVE('',#389,#389,#391,.T.);
#389 = VERTEX_POINT('',#390);
#390 = CARTESIAN_POINT('',(390.14143824457,182.,59.198498925933));
#391 = SURFACE_CURVE('',#392,(#397,#404),.PCURVE_S1.);
#392 = CIRCLE('',#393,2.5);
#393 = AXIS2_PLACEMENT_3D('',#394,#395,#396);
#394 = CARTESIAN_POINT('',(387.64143824457,182.,59.198498925933));
#395 = DIRECTION('',(0.,-1.,0.));
#396 = DIRECTION('',(1.,0.,0.));
#397 = PCURVE('',#32,#398);
#398 = DEFINITIONAL_REPRESENTATION('',(#399),#403);
#399 = CIRCLE('',#400,2.5);
#400 = AXIS2_PLACEMENT_2D('',#401,#402);
#401 = CARTESIAN_POINT('',(-42.,176.));
#402 = DIRECTION('',(0.,1.));
#403 = ( GEOMETRIC_REPRESENTATION_CONTEXT(2) 
PARAMETRIC_REPRESENTATION_CONTEXT() REPRESENTATION_CONTEXT('2D SPACE',''
  ) );
#404 = PCURVE('',#405,#410);
#405 = CYLINDRICAL_SURFACE('',#406,2.5);
#406 = AXIS2_PLACEMENT_3D('',#407,#408,#409);
#407 = CARTESIAN_POINT('',(387.64143824457,182.,59.198498925933));
#408 = DIRECTION('',(-0.,1.,-0.));
#409 = DIRECTION('',(1.,0.,0.));
#410 = DEFINITIONAL_REPRESENTATION('',(#411),#415);
#411 = LINE('',#412,#413);
#412 = CARTESIAN_POINT('',(-0.,0.));
#413 = VECTOR('',#414,1.);
#414 = DIRECTION('',(-1.,0.));
#415 = ( GEOMETRIC_REPRESENTATION_CONTEXT(2) 
PARAMETRIC_REPRESENTATION_CONTEXT() REPRESENTATION_CONTEXT('2D SPACE',''
  ) );
#416 = FACE_BOUND('',#417,.F.);
#417 = EDGE_LOOP('',(#418));
#418 = ORIENTED_EDGE('',*,*,#419,.F.);
#419 = EDGE_CURVE('',#420,#420,#422,.T.);
#420 = VERTEX_POINT('',#421);
#421 = CARTESIAN_POINT('',(436.14143824457,182.,59.198498925933));
#422 = SURFACE_CURVE('',#423,(#428,#435),.PCURVE_S1.);
#423 = CIRCLE('',#424,2.5);
#424 = AXIS2_PLACEMENT_3D('',#425,#426,#427);
#425 = CARTESIAN_POINT('',(433.64143824457,182.,59.198498925933));
#426 = DIRECTION('',(0.,-1.,0.));
#427 = DIRECTION('',(1.,0.,0.));
#428 = PCURVE('',#32,#429);
#429 = DEFINITIONAL_REPRESENTATION('',(#430),#434);
#430 = CIRCLE('',#431,2.5);
#431 = AXIS2_PLACEMENT_2D('',#432,#433);
#432 = CARTESIAN_POINT('',(-42.,222.));
#433 = DIRECTION('',(0.,1.));
#434 = ( GEOMETRIC_REPRESENTATION_CONTEXT(2) 
PARAMETRIC_REPRESENTATION_CONTEXT() REPRESENTATION_CONTEXT('2D SPACE',''
  ) );
#435 = PCURVE('',#436,#441);
#436 = CYLINDRICAL_SURFACE('',#437,2.5);
#437 = AXIS2_PLACEMENT_3D('',#438,#439,#440);
#438 = CARTESIAN_POINT('',(433.64143824457,182.,59.198498925933));
#439 = DIRECTION('',(-0.,1.,-0.));
#440 = DIRECTION('',(1.,0.,0.));
#441 = DEFINITIONAL_REPRESENTATION('',(#442),#446);
#442 = LINE('',#443,#444);
#443 = CARTESIAN_POINT('',(-0.,0.));
#444 = VECTOR('',#445,1.);
#445 = DIRECTION('',(-1.,0.));
#446 = ( GEOMETRIC_REPRESENTATION_CONTEXT(2) 
PARAMETRIC_REPRESENTATION_CONTEXT() REPRESENTATION_CONTEXT('2D SPACE',''
  ) );
#447 = FACE_BOUND('',#448,.F.);
#448 = EDGE_LOOP('',(#449,#479,#507,#535));
#449 = ORIENTED_EDGE('',*,*,#450,.F.);
#450 = EDGE_CURVE('',#451,#453,#455,.T.);
#451 = VERTEX_POINT('',#452);
#452 = CARTESIAN_POINT('',(-2.658561755425,182.,-20.10150107406));
#453 = VERTEX_POINT('',#454);
#454 = CARTESIAN_POINT('',(425.94143824457,182.,-20.10150107406));
#455 = SURFACE_CURVE('',#456,(#460,#467),.PCURVE_S1.);
#456 = LINE('',#457,#458);
#457 = CARTESIAN_POINT('',(-2.658561755425,182.,-20.10150107406));
#458 = VECTOR('',#459,1.);
#459 = DIRECTION('',(1.,0.,0.));
#460 = PCURVE('',#32,#461);
#461 = DEFINITIONAL_REPRESENTATION('',(#462),#466);
#462 = LINE('',#463,#464);
#463 = CARTESIAN_POINT('',(37.3,-214.3));
#464 = VECTOR('',#465,1.);
#465 = DIRECTION('',(0.,1.));
#466 = ( GEOMETRIC_REPRESENTATION_CONTEXT(2) 
PARAMETRIC_REPRESENTATION_CONTEXT() REPRESENTATION_CONTEXT('2D SPACE',''
  ) );
#467 = PCURVE('',#468,#473);
#468 = PLANE('',#469);
#469 = AXIS2_PLACEMENT_3D('',#470,#471,#472);
#470 = CARTESIAN_POINT('',(-2.658561755425,182.,-20.10150107406));
#471 = DIRECTION('',(-0.,0.,1.));
#472 = DIRECTION('',(1.,0.,0.));
#473 = DEFINITIONAL_REPRESENTATION('',(#474),#478);
#474 = LINE('',#475,#476);
#475 = CARTESIAN_POINT('',(0.,0.));
#476 = VECTOR('',#477,1.);
#477 = DIRECTION('',(1.,0.));
#478 = ( GEOMETRIC_REPRESENTATION_CONTEXT(2) 
PARAMETRIC_REPRESENTATION_CONTEXT() REPRESENTATION_CONTEXT('2D SPACE',''
  ) );
#479 = ORIENTED_EDGE('',*,*,#480,.F.);
#480 = EDGE_CURVE('',#481,#451,#483,.T.);
#481 = VERTEX_POINT('',#482);
#482 = CARTESIAN_POINT('',(-2.658561755425,182.,54.498498925933));
#483 = SURFACE_CURVE('',#484,(#488,#495),.PCURVE_S1.);
#484 = LINE('',#485,#486);
#485 = CARTESIAN_POINT('',(-2.658561755425,182.,54.498498925933));
#486 = VECTOR('',#487,1.);
#487 = DIRECTION('',(0.,0.,-1.));
#488 = PCURVE('',#32,#489);
#489 = DEFINITIONAL_REPRESENTATION('',(#490),#494);
#490 = LINE('',#491,#492);
#491 = CARTESIAN_POINT('',(-37.3,-214.3));
#492 = VECTOR('',#493,1.);
#493 = DIRECTION('',(1.,0.));
#494 = ( GEOMETRIC_REPRESENTATION_CONTEXT(2) 
PARAMETRIC_REPRESENTATION_CONTEXT() REPRESENTATION_CONTEXT('2D SPACE',''
  ) );
#495 = PCURVE('',#496,#501);
#496 = PLANE('',#497);
#497 = AXIS2_PLACEMENT_3D('',#498,#499,#500);
#498 = CARTESIAN_POINT('',(-2.658561755425,182.,54.498498925933));
#499 = DIRECTION('',(1.,0.,0.));
#500 = DIRECTION('',(0.,0.,-1.));
#501 = DEFINITIONAL_REPRESENTATION('',(#502),#506);
#502 = LINE('',#503,#504);
#503 = CARTESIAN_POINT('',(0.,0.));
#504 = VECTOR('',#505,1.);
#505 = DIRECTION('',(1.,0.));
#506 = ( GEOMETRIC_REPRESENTATION_CONTEXT(2) 
PARAMETRIC_REPRESENTATION_CONTEXT() REPRESENTATION_CONTEXT('2D SPACE',''
  ) );
#507 = ORIENTED_EDGE('',*,*,#508,.F.);
#508 = EDGE_CURVE('',#509,#481,#511,.T.);
#509 = VERTEX_POINT('',#510);
#510 = CARTESIAN_POINT('',(425.94143824457,182.,54.498498925933));
#511 = SURFACE_CURVE('',#512,(#516,#523),.PCURVE_S1.);
#512 = LINE('',#513,#514);
#513 = CARTESIAN_POINT('',(425.94143824457,182.,54.498498925933));
#514 = VECTOR('',#515,1.);
#515 = DIRECTION('',(-1.,0.,0.));
#516 = PCURVE('',#32,#517);
#517 = DEFINITIONAL_REPRESENTATION('',(#518),#522);
#518 = LINE('',#519,#520);
#519 = CARTESIAN_POINT('',(-37.3,214.3));
#520 = VECTOR('',#521,1.);
#521 = DIRECTION('',(0.,-1.));
#522 = ( GEOMETRIC_REPRESENTATION_CONTEXT(2) 
PARAMETRIC_REPRESENTATION_CONTEXT() REPRESENTATION_CONTEXT('2D SPACE',''
  ) );
#523 = PCURVE('',#524,#529);
#524 = PLANE('',#525);
#525 = AXIS2_PLACEMENT_3D('',#526,#527,#528);
#526 = CARTESIAN_POINT('',(425.94143824457,182.,54.498498925933));
#527 = DIRECTION('',(-0.,-0.,-1.));
#528 = DIRECTION('',(-1.,0.,0.));
#529 = DEFINITIONAL_REPRESENTATION('',(#530),#534);
#530 = LINE('',#531,#532);
#531 = CARTESIAN_POINT('',(0.,0.));
#532 = VECTOR('',#533,1.);
#533 = DIRECTION('',(1.,0.));
#534 = ( GEOMETRIC_REPRESENTATION_CONTEXT(2) 
PARAMETRIC_REPRESENTATION_CONTEXT() REPRESENTATION_CONTEXT('2D SPACE',''
  ) );
#535 = ORIENTED_EDGE('',*,*,#536,.F.);
#536 = EDGE_CURVE('',#453,#509,#537,.T.);
#537 = SURFACE_CURVE('',#538,(#542,#549),.PCURVE_S1.);
#538 = LINE('',#539,#540);
#539 = CARTESIAN_POINT('',(425.94143824457,182.,-20.10150107406));
#540 = VECTOR('',#541,1.);
#541 = DIRECTION('',(0.,0.,1.));
#542 = PCURVE('',#32,#543);
#543 = DEFINITIONAL_REPRESENTATION('',(#544),#548);
#544 = LINE('',#545,#546);
#545 = CARTESIAN_POINT('',(37.3,214.3));
#546 = VECTOR('',#547,1.);
#547 = DIRECTION('',(-1.,0.));
#548 = ( GEOMETRIC_REPRESENTATION_CONTEXT(2) 
PARAMETRIC_REPRESENTATION_CONTEXT() REPRESENTATION_CONTEXT('2D SPACE',''
  ) );
#549 = PCURVE('',#550,#555);
#550 = PLANE('',#551);
#551 = AXIS2_PLACEMENT_3D('',#552,#553,#554);
#552 = CARTESIAN_POINT('',(425.94143824457,182.,-20.10150107406));
#553 = DIRECTION('',(-1.,0.,0.));
#554 = DIRECTION('',(0.,0.,1.));
#555 = DEFINITIONAL_REPRESENTATION('',(#556),#560);
#556 = LINE('',#557,#558);
#557 = CARTESIAN_POINT('',(0.,0.));
#558 = VECTOR('',#559,1.);
#559 = DIRECTION('',(1.,0.));
#560 = ( GEOMETRIC_REPRESENTATION_CONTEXT(2) 
PARAMETRIC_REPRESENTATION_CONTEXT() REPRESENTATION_CONTEXT('2D SPACE',''
  ) );
#561 = FACE_BOUND('',#562,.F.);
#562 = EDGE_LOOP('',(#563));
#563 = ORIENTED_EDGE('',*,*,#564,.F.);
#564 = EDGE_CURVE('',#565,#565,#567,.T.);
#565 = VERTEX_POINT('',#566);
#566 = CARTESIAN_POINT('',(214.14143824457,182.,-24.80150107406));
#567 = SURFACE_CURVE('',#568,(#573,#580),.PCURVE_S1.);
#568 = CIRCLE('',#569,2.5);
#569 = AXIS2_PLACEMENT_3D('',#570,#571,#572);
#570 = CARTESIAN_POINT('',(211.64143824457,182.,-24.80150107406));
#571 = DIRECTION('',(0.,-1.,0.));
#572 = DIRECTION('',(1.,0.,0.));
#573 = PCURVE('',#32,#574);
#574 = DEFINITIONAL_REPRESENTATION('',(#575),#579);
#575 = CIRCLE('',#576,2.5);
#576 = AXIS2_PLACEMENT_2D('',#577,#578);
#577 = CARTESIAN_POINT('',(42.,-5.684341886081E-14));
#578 = DIRECTION('',(0.,1.));
#579 = ( GEOMETRIC_REPRESENTATION_CONTEXT(2) 
PARAMETRIC_REPRESENTATION_CONTEXT() REPRESENTATION_CONTEXT('2D SPACE',''
  ) );
#580 = PCURVE('',#581,#586);
#581 = CYLINDRICAL_SURFACE('',#582,2.5);
#582 = AXIS2_PLACEMENT_3D('',#583,#584,#585);
#583 = CARTESIAN_POINT('',(211.64143824457,182.,-24.80150107406));
#584 = DIRECTION('',(-0.,1.,-0.));
#585 = DIRECTION('',(1.,0.,0.));
#586 = DEFINITIONAL_REPRESENTATION('',(#587),#591);
#587 = LINE('',#588,#589);
#588 = CARTESIAN_POINT('',(-0.,0.));
#589 = VECTOR('',#590,1.);
#590 = DIRECTION('',(-1.,0.));
#591 = ( GEOMETRIC_REPRESENTATION_CONTEXT(2) 
PARAMETRIC_REPRESENTATION_CONTEXT() REPRESENTATION_CONTEXT('2D SPACE',''
  ) );
#592 = FACE_BOUND('',#593,.F.);
#593 = EDGE_LOOP('',(#594));
#594 = ORIENTED_EDGE('',*,*,#595,.F.);
#595 = EDGE_CURVE('',#596,#596,#598,.T.);
#596 = VERTEX_POINT('',#597);
#597 = CARTESIAN_POINT('',(302.14143824457,182.,-24.80150107406));
#598 = SURFACE_CURVE('',#599,(#604,#611),.PCURVE_S1.);
#599 = CIRCLE('',#600,2.5);
#600 = AXIS2_PLACEMENT_3D('',#601,#602,#603);
#601 = CARTESIAN_POINT('',(299.64143824457,182.,-24.80150107406));
#602 = DIRECTION('',(0.,-1.,0.));
#603 = DIRECTION('',(1.,0.,0.));
#604 = PCURVE('',#32,#605);
#605 = DEFINITIONAL_REPRESENTATION('',(#606),#610);
#606 = CIRCLE('',#607,2.5);
#607 = AXIS2_PLACEMENT_2D('',#608,#609);
#608 = CARTESIAN_POINT('',(42.,88.));
#609 = DIRECTION('',(0.,1.));
#610 = ( GEOMETRIC_REPRESENTATION_CONTEXT(2) 
PARAMETRIC_REPRESENTATION_CONTEXT() REPRESENTATION_CONTEXT('2D SPACE',''
  ) );
#611 = PCURVE('',#612,#617);
#612 = CYLINDRICAL_SURFACE('',#613,2.5);
#613 = AXIS2_PLACEMENT_3D('',#614,#615,#616);
#614 = CARTESIAN_POINT('',(299.64143824457,182.,-24.80150107406));
#615 = DIRECTION('',(-0.,1.,-0.));
#616 = DIRECTION('',(1.,0.,0.));
#617 = DEFINITIONAL_REPRESENTATION('',(#618),#622);
#618 = LINE('',#619,#620);
#619 = CARTESIAN_POINT('',(-0.,0.));
#620 = VECTOR('',#621,1.);
#621 = DIRECTION('',(-1.,0.));
#622 = ( GEOMETRIC_REPRESENTATION_CONTEXT(2) 
PARAMETRIC_REPRESENTATION_CONTEXT() REPRESENTATION_CONTEXT('2D SPACE',''
  ) );
#623 = FACE_BOUND('',#624,.F.);
#624 = EDGE_LOOP('',(#625));
#625 = ORIENTED_EDGE('',*,*,#626,.F.);
#626 = EDGE_CURVE('',#627,#627,#629,.T.);
#627 = VERTEX_POINT('',#628);
#628 = CARTESIAN_POINT('',(390.14143824457,182.,-24.80150107406));
#629 = SURFACE_CURVE('',#630,(#635,#642),.PCURVE_S1.);
#630 = CIRCLE('',#631,2.5);
#631 = AXIS2_PLACEMENT_3D('',#632,#633,#634);
#632 = CARTESIAN_POINT('',(387.64143824457,182.,-24.80150107406));
#633 = DIRECTION('',(0.,-1.,0.));
#634 = DIRECTION('',(1.,0.,0.));
#635 = PCURVE('',#32,#636);
#636 = DEFINITIONAL_REPRESENTATION('',(#637),#641);
#637 = CIRCLE('',#638,2.5);
#638 = AXIS2_PLACEMENT_2D('',#639,#640);
#639 = CARTESIAN_POINT('',(42.,176.));
#640 = DIRECTION('',(0.,1.));
#641 = ( GEOMETRIC_REPRESENTATION_CONTEXT(2) 
PARAMETRIC_REPRESENTATION_CONTEXT() REPRESENTATION_CONTEXT('2D SPACE',''
  ) );
#642 = PCURVE('',#643,#648);
#643 = CYLINDRICAL_SURFACE('',#644,2.5);
#644 = AXIS2_PLACEMENT_3D('',#645,#646,#647);
#645 = CARTESIAN_POINT('',(387.64143824457,182.,-24.80150107406));
#646 = DIRECTION('',(-0.,1.,-0.));
#647 = DIRECTION('',(1.,0.,0.));
#648 = DEFINITIONAL_REPRESENTATION('',(#649),#653);
#649 = LINE('',#650,#651);
#650 = CARTESIAN_POINT('',(-0.,0.));
#651 = VECTOR('',#652,1.);
#652 = DIRECTION('',(-1.,0.));
#653 = ( GEOMETRIC_REPRESENTATION_CONTEXT(2) 
PARAMETRIC_REPRESENTATION_CONTEXT() REPRESENTATION_CONTEXT('2D SPACE',''
  ) );
#654 = FACE_BOUND('',#655,.F.);
#655 = EDGE_LOOP('',(#656));
#656 = ORIENTED_EDGE('',*,*,#657,.F.);
#657 = EDGE_CURVE('',#658,#658,#660,.T.);
#658 = VERTEX_POINT('',#659);
#659 = CARTESIAN_POINT('',(436.14143824457,182.,-24.80150107406));
#660 = SURFACE_CURVE('',#661,(#666,#673),.PCURVE_S1.);
#661 = CIRCLE('',#662,2.5);
#662 = AXIS2_PLACEMENT_3D('',#663,#664,#665);
#663 = CARTESIAN_POINT('',(433.64143824457,182.,-24.80150107406));
#664 = DIRECTION('',(0.,-1.,0.));
#665 = DIRECTION('',(1.,0.,0.));
#666 = PCURVE('',#32,#667);
#667 = DEFINITIONAL_REPRESENTATION('',(#668),#672);
#668 = CIRCLE('',#669,2.5);
#669 = AXIS2_PLACEMENT_2D('',#670,#671);
#670 = CARTESIAN_POINT('',(42.,222.));
#671 = DIRECTION('',(0.,1.));
#672 = ( GEOMETRIC_REPRESENTATION_CONTEXT(2) 
PARAMETRIC_REPRESENTATION_CONTEXT() REPRESENTATION_CONTEXT('2D SPACE',''
  ) );
#673 = PCURVE('',#674,#679);
#674 = CYLINDRICAL_SURFACE('',#675,2.5);
#675 = AXIS2_PLACEMENT_3D('',#676,#677,#678);
#676 = CARTESIAN_POINT('',(433.64143824457,182.,-24.80150107406));
#677 = DIRECTION('',(-0.,1.,-0.));
#678 = DIRECTION('',(1.,0.,0.));
#679 = DEFINITIONAL_REPRESENTATION('',(#680),#684);
#680 = LINE('',#681,#682);
#681 = CARTESIAN_POINT('',(-0.,0.));
#682 = VECTOR('',#683,1.);
#683 = DIRECTION('',(-1.,0.));
#684 = ( GEOMETRIC_REPRESENTATION_CONTEXT(2) 
PARAMETRIC_REPRESENTATION_CONTEXT() REPRESENTATION_CONTEXT('2D SPACE',''
  ) );
#685 = ADVANCED_FACE('',(#686),#44,.F.);
#686 = FACE_BOUND('',#687,.F.);
#687 = EDGE_LOOP('',(#688,#711,#739,#760));
#688 = ORIENTED_EDGE('',*,*,#689,.T.);
#689 = EDGE_CURVE('',#22,#690,#692,.T.);
#690 = VERTEX_POINT('',#691);
#691 = CARTESIAN_POINT('',(-18.35856175542,166.,-32.80150107406));
#692 = SURFACE_CURVE('',#693,(#697,#704),.PCURVE_S1.);
#693 = LINE('',#694,#695);
#694 = CARTESIAN_POINT('',(-18.35856175542,182.,-32.80150107406));
#695 = VECTOR('',#696,1.);
#696 = DIRECTION('',(0.,-1.,0.));
#697 = PCURVE('',#44,#698);
#698 = DEFINITIONAL_REPRESENTATION('',(#699),#703);
#699 = LINE('',#700,#701);
#700 = CARTESIAN_POINT('',(0.,0.));
#701 = VECTOR('',#702,1.);
#702 = DIRECTION('',(0.,-1.));
#703 = ( GEOMETRIC_REPRESENTATION_CONTEXT(2) 
PARAMETRIC_REPRESENTATION_CONTEXT() REPRESENTATION_CONTEXT('2D SPACE',''
  ) );
#704 = PCURVE('',#126,#705);
#705 = DEFINITIONAL_REPRESENTATION('',(#706),#710);
#706 = LINE('',#707,#708);
#707 = CARTESIAN_POINT('',(100.,0.));
#708 = VECTOR('',#709,1.);
#709 = DIRECTION('',(0.,-1.));
#710 = ( GEOMETRIC_REPRESENTATION_CONTEXT(2) 
PARAMETRIC_REPRESENTATION_CONTEXT() REPRESENTATION_CONTEXT('2D SPACE',''
  ) );
#711 = ORIENTED_EDGE('',*,*,#712,.T.);
#712 = EDGE_CURVE('',#690,#713,#715,.T.);
#713 = VERTEX_POINT('',#714);
#714 = CARTESIAN_POINT('',(441.64143824457,166.,-32.80150107406));
#715 = SURFACE_CURVE('',#716,(#720,#727),.PCURVE_S1.);
#716 = LINE('',#717,#718);
#717 = CARTESIAN_POINT('',(-18.35856175542,166.,-32.80150107406));
#718 = VECTOR('',#719,1.);
#719 = DIRECTION('',(1.,0.,0.));
#720 = PCURVE('',#44,#721);
#721 = DEFINITIONAL_REPRESENTATION('',(#722),#726);
#722 = LINE('',#723,#724);
#723 = CARTESIAN_POINT('',(0.,-16.));
#724 = VECTOR('',#725,1.);
#725 = DIRECTION('',(1.,0.));
#726 = ( GEOMETRIC_REPRESENTATION_CONTEXT(2) 
PARAMETRIC_REPRESENTATION_CONTEXT() REPRESENTATION_CONTEXT('2D SPACE',''
  ) );
#727 = PCURVE('',#728,#733);
#728 = PLANE('',#729);
#729 = AXIS2_PLACEMENT_3D('',#730,#731,#732);
#730 = CARTESIAN_POINT('',(211.64143824457,166.,17.198498925933));
#731 = DIRECTION('',(-0.,-1.,-0.));
#732 = DIRECTION('',(0.,0.,-1.));
#733 = DEFINITIONAL_REPRESENTATION('',(#734),#738);
#734 = LINE('',#735,#736);
#735 = CARTESIAN_POINT('',(50.,-230.));
#736 = VECTOR('',#737,1.);
#737 = DIRECTION('',(0.,1.));
#738 = ( GEOMETRIC_REPRESENTATION_CONTEXT(2) 
PARAMETRIC_REPRESENTATION_CONTEXT() REPRESENTATION_CONTEXT('2D SPACE',''
  ) );
#739 = ORIENTED_EDGE('',*,*,#740,.F.);
#740 = EDGE_CURVE('',#24,#713,#741,.T.);
#741 = SURFACE_CURVE('',#742,(#746,#753),.PCURVE_S1.);
#742 = LINE('',#743,#744);
#743 = CARTESIAN_POINT('',(441.64143824457,182.,-32.80150107406));
#744 = VECTOR('',#745,1.);
#745 = DIRECTION('',(0.,-1.,0.));
#746 = PCURVE('',#44,#747);
#747 = DEFINITIONAL_REPRESENTATION('',(#748),#752);
#748 = LINE('',#749,#750);
#749 = CARTESIAN_POINT('',(460.,0.));
#750 = VECTOR('',#751,1.);
#751 = DIRECTION('',(0.,-1.));
#752 = ( GEOMETRIC_REPRESENTATION_CONTEXT(2) 
PARAMETRIC_REPRESENTATION_CONTEXT() REPRESENTATION_CONTEXT('2D SPACE',''
  ) );
#753 = PCURVE('',#72,#754);
#754 = DEFINITIONAL_REPRESENTATION('',(#755),#759);
#755 = LINE('',#756,#757);
#756 = CARTESIAN_POINT('',(0.,0.));
#757 = VECTOR('',#758,1.);
#758 = DIRECTION('',(0.,-1.));
#759 = ( GEOMETRIC_REPRESENTATION_CONTEXT(2) 
PARAMETRIC_REPRESENTATION_CONTEXT() REPRESENTATION_CONTEXT('2D SPACE',''
  ) );
#760 = ORIENTED_EDGE('',*,*,#21,.F.);
#761 = ADVANCED_FACE('',(#762),#126,.F.);
#762 = FACE_BOUND('',#763,.F.);
#763 = EDGE_LOOP('',(#764,#787,#808,#809));
#764 = ORIENTED_EDGE('',*,*,#765,.T.);
#765 = EDGE_CURVE('',#85,#766,#768,.T.);
#766 = VERTEX_POINT('',#767);
#767 = CARTESIAN_POINT('',(-18.35856175542,166.,67.198498925933));
#768 = SURFACE_CURVE('',#769,(#773,#780),.PCURVE_S1.);
#769 = LINE('',#770,#771);
#770 = CARTESIAN_POINT('',(-18.35856175542,182.,67.198498925933));
#771 = VECTOR('',#772,1.);
#772 = DIRECTION('',(0.,-1.,0.));
#773 = PCURVE('',#126,#774);
#774 = DEFINITIONAL_REPRESENTATION('',(#775),#779);
#775 = LINE('',#776,#777);
#776 = CARTESIAN_POINT('',(0.,0.));
#777 = VECTOR('',#778,1.);
#778 = DIRECTION('',(0.,-1.));
#779 = ( GEOMETRIC_REPRESENTATION_CONTEXT(2) 
PARAMETRIC_REPRESENTATION_CONTEXT() REPRESENTATION_CONTEXT('2D SPACE',''
  ) );
#780 = PCURVE('',#100,#781);
#781 = DEFINITIONAL_REPRESENTATION('',(#782),#786);
#782 = LINE('',#783,#784);
#783 = CARTESIAN_POINT('',(460.,0.));
#784 = VECTOR('',#785,1.);
#785 = DIRECTION('',(0.,-1.));
#786 = ( GEOMETRIC_REPRESENTATION_CONTEXT(2) 
PARAMETRIC_REPRESENTATION_CONTEXT() REPRESENTATION_CONTEXT('2D SPACE',''
  ) );
#787 = ORIENTED_EDGE('',*,*,#788,.T.);
#788 = EDGE_CURVE('',#766,#690,#789,.T.);
#789 = SURFACE_CURVE('',#790,(#794,#801),.PCURVE_S1.);
#790 = LINE('',#791,#792);
#791 = CARTESIAN_POINT('',(-18.35856175542,166.,67.198498925933));
#792 = VECTOR('',#793,1.);
#793 = DIRECTION('',(0.,0.,-1.));
#794 = PCURVE('',#126,#795);
#795 = DEFINITIONAL_REPRESENTATION('',(#796),#800);
#796 = LINE('',#797,#798);
#797 = CARTESIAN_POINT('',(0.,-16.));
#798 = VECTOR('',#799,1.);
#799 = DIRECTION('',(1.,0.));
#800 = ( GEOMETRIC_REPRESENTATION_CONTEXT(2) 
PARAMETRIC_REPRESENTATION_CONTEXT() REPRESENTATION_CONTEXT('2D SPACE',''
  ) );
#801 = PCURVE('',#728,#802);
#802 = DEFINITIONAL_REPRESENTATION('',(#803),#807);
#803 = LINE('',#804,#805);
#804 = CARTESIAN_POINT('',(-50.,-230.));
#805 = VECTOR('',#806,1.);
#806 = DIRECTION('',(1.,0.));
#807 = ( GEOMETRIC_REPRESENTATION_CONTEXT(2) 
PARAMETRIC_REPRESENTATION_CONTEXT() REPRESENTATION_CONTEXT('2D SPACE',''
  ) );
#808 = ORIENTED_EDGE('',*,*,#689,.F.);
#809 = ORIENTED_EDGE('',*,*,#112,.F.);
#810 = ADVANCED_FACE('',(#811),#72,.F.);
#811 = FACE_BOUND('',#812,.F.);
#812 = EDGE_LOOP('',(#813,#814,#837,#858));
#813 = ORIENTED_EDGE('',*,*,#740,.T.);
#814 = ORIENTED_EDGE('',*,*,#815,.T.);
#815 = EDGE_CURVE('',#713,#816,#818,.T.);
#816 = VERTEX_POINT('',#817);
#817 = CARTESIAN_POINT('',(441.64143824457,166.,67.198498925933));
#818 = SURFACE_CURVE('',#819,(#823,#830),.PCURVE_S1.);
#819 = LINE('',#820,#821);
#820 = CARTESIAN_POINT('',(441.64143824457,166.,-32.80150107406));
#821 = VECTOR('',#822,1.);
#822 = DIRECTION('',(0.,0.,1.));
#823 = PCURVE('',#72,#824);
#824 = DEFINITIONAL_REPRESENTATION('',(#825),#829);
#825 = LINE('',#826,#827);
#826 = CARTESIAN_POINT('',(0.,-16.));
#827 = VECTOR('',#828,1.);
#828 = DIRECTION('',(1.,0.));
#829 = ( GEOMETRIC_REPRESENTATION_CONTEXT(2) 
PARAMETRIC_REPRESENTATION_CONTEXT() REPRESENTATION_CONTEXT('2D SPACE',''
  ) );
#830 = PCURVE('',#728,#831);
#831 = DEFINITIONAL_REPRESENTATION('',(#832),#836);
#832 = LINE('',#833,#834);
#833 = CARTESIAN_POINT('',(50.,230.));
#834 = VECTOR('',#835,1.);
#835 = DIRECTION('',(-1.,0.));
#836 = ( GEOMETRIC_REPRESENTATION_CONTEXT(2) 
PARAMETRIC_REPRESENTATION_CONTEXT() REPRESENTATION_CONTEXT('2D SPACE',''
  ) );
#837 = ORIENTED_EDGE('',*,*,#838,.F.);
#838 = EDGE_CURVE('',#57,#816,#839,.T.);
#839 = SURFACE_CURVE('',#840,(#844,#851),.PCURVE_S1.);
#840 = LINE('',#841,#842);
#841 = CARTESIAN_POINT('',(441.64143824457,182.,67.198498925933));
#842 = VECTOR('',#843,1.);
#843 = DIRECTION('',(0.,-1.,0.));
#844 = PCURVE('',#72,#845);
#845 = DEFINITIONAL_REPRESENTATION('',(#846),#850);
#846 = LINE('',#847,#848);
#847 = CARTESIAN_POINT('',(100.,0.));
#848 = VECTOR('',#849,1.);
#849 = DIRECTION('',(0.,-1.));
#850 = ( GEOMETRIC_REPRESENTATION_CONTEXT(2) 
PARAMETRIC_REPRESENTATION_CONTEXT() REPRESENTATION_CONTEXT('2D SPACE',''
  ) );
#851 = PCURVE('',#100,#852);
#852 = DEFINITIONAL_REPRESENTATION('',(#853),#857);
#853 = LINE('',#854,#855);
#854 = CARTESIAN_POINT('',(0.,0.));
#855 = VECTOR('',#856,1.);
#856 = DIRECTION('',(0.,-1.));
#857 = ( GEOMETRIC_REPRESENTATION_CONTEXT(2) 
PARAMETRIC_REPRESENTATION_CONTEXT() REPRESENTATION_CONTEXT('2D SPACE',''
  ) );
#858 = ORIENTED_EDGE('',*,*,#56,.F.);
#859 = ADVANCED_FACE('',(#860),#100,.F.);
#860 = FACE_BOUND('',#861,.F.);
#861 = EDGE_LOOP('',(#862,#863,#884,#885));
#862 = ORIENTED_EDGE('',*,*,#838,.T.);
#863 = ORIENTED_EDGE('',*,*,#864,.T.);
#864 = EDGE_CURVE('',#816,#766,#865,.T.);
#865 = SURFACE_CURVE('',#866,(#870,#877),.PCURVE_S1.);
#866 = LINE('',#867,#868);
#867 = CARTESIAN_POINT('',(441.64143824457,166.,67.198498925933));
#868 = VECTOR('',#869,1.);
#869 = DIRECTION('',(-1.,0.,0.));
#870 = PCURVE('',#100,#871);
#871 = DEFINITIONAL_REPRESENTATION('',(#872),#876);
#872 = LINE('',#873,#874);
#873 = CARTESIAN_POINT('',(0.,-16.));
#874 = VECTOR('',#875,1.);
#875 = DIRECTION('',(1.,0.));
#876 = ( GEOMETRIC_REPRESENTATION_CONTEXT(2) 
PARAMETRIC_REPRESENTATION_CONTEXT() REPRESENTATION_CONTEXT('2D SPACE',''
  ) );
#877 = PCURVE('',#728,#878);
#878 = DEFINITIONAL_REPRESENTATION('',(#879),#883);
#879 = LINE('',#880,#881);
#880 = CARTESIAN_POINT('',(-50.,230.));
#881 = VECTOR('',#882,1.);
#882 = DIRECTION('',(0.,-1.));
#883 = ( GEOMETRIC_REPRESENTATION_CONTEXT(2) 
PARAMETRIC_REPRESENTATION_CONTEXT() REPRESENTATION_CONTEXT('2D SPACE',''
  ) );
#884 = ORIENTED_EDGE('',*,*,#765,.F.);
#885 = ORIENTED_EDGE('',*,*,#84,.F.);
#886 = ADVANCED_FACE('',(#887),#157,.F.);
#887 = FACE_BOUND('',#888,.T.);
#888 = EDGE_LOOP('',(#889,#912,#934,#935));
#889 = ORIENTED_EDGE('',*,*,#890,.T.);
#890 = EDGE_CURVE('',#141,#891,#893,.T.);
#891 = VERTEX_POINT('',#892);
#892 = CARTESIAN_POINT('',(-7.858561755425,166.,59.198498925933));
#893 = SEAM_CURVE('',#894,(#898,#905),.PCURVE_S1.);
#894 = LINE('',#895,#896);
#895 = CARTESIAN_POINT('',(-7.858561755425,182.,59.198498925933));
#896 = VECTOR('',#897,1.);
#897 = DIRECTION('',(0.,-1.,0.));
#898 = PCURVE('',#157,#899);
#899 = DEFINITIONAL_REPRESENTATION('',(#900),#904);
#900 = LINE('',#901,#902);
#901 = CARTESIAN_POINT('',(-0.,0.));
#902 = VECTOR('',#903,1.);
#903 = DIRECTION('',(-0.,-1.));
#904 = ( GEOMETRIC_REPRESENTATION_CONTEXT(2) 
PARAMETRIC_REPRESENTATION_CONTEXT() REPRESENTATION_CONTEXT('2D SPACE',''
  ) );
#905 = PCURVE('',#157,#906);
#906 = DEFINITIONAL_REPRESENTATION('',(#907),#911);
#907 = LINE('',#908,#909);
#908 = CARTESIAN_POINT('',(-6.28318530718,0.));
#909 = VECTOR('',#910,1.);
#910 = DIRECTION('',(-0.,-1.));
#911 = ( GEOMETRIC_REPRESENTATION_CONTEXT(2) 
PARAMETRIC_REPRESENTATION_CONTEXT() REPRESENTATION_CONTEXT('2D SPACE',''
  ) );
#912 = ORIENTED_EDGE('',*,*,#913,.T.);
#913 = EDGE_CURVE('',#891,#891,#914,.T.);
#914 = SURFACE_CURVE('',#915,(#920,#927),.PCURVE_S1.);
#915 = CIRCLE('',#916,2.5);
#916 = AXIS2_PLACEMENT_3D('',#917,#918,#919);
#917 = CARTESIAN_POINT('',(-10.35856175542,166.,59.198498925933));
#918 = DIRECTION('',(0.,-1.,0.));
#919 = DIRECTION('',(1.,0.,0.));
#920 = PCURVE('',#157,#921);
#921 = DEFINITIONAL_REPRESENTATION('',(#922),#926);
#922 = LINE('',#923,#924);
#923 = CARTESIAN_POINT('',(-0.,-16.));
#924 = VECTOR('',#925,1.);
#925 = DIRECTION('',(-1.,0.));
#926 = ( GEOMETRIC_REPRESENTATION_CONTEXT(2) 
PARAMETRIC_REPRESENTATION_CONTEXT() REPRESENTATION_CONTEXT('2D SPACE',''
  ) );
#927 = PCURVE('',#728,#928);
#928 = DEFINITIONAL_REPRESENTATION('',(#929),#933);
#929 = CIRCLE('',#930,2.5);
#930 = AXIS2_PLACEMENT_2D('',#931,#932);
#931 = CARTESIAN_POINT('',(-42.,-222.));
#932 = DIRECTION('',(0.,1.));
#933 = ( GEOMETRIC_REPRESENTATION_CONTEXT(2) 
PARAMETRIC_REPRESENTATION_CONTEXT() REPRESENTATION_CONTEXT('2D SPACE',''
  ) );
#934 = ORIENTED_EDGE('',*,*,#890,.F.);
#935 = ORIENTED_EDGE('',*,*,#140,.F.);
#936 = ADVANCED_FACE('',(#937),#188,.F.);
#937 = FACE_BOUND('',#938,.T.);
#938 = EDGE_LOOP('',(#939,#962,#984,#985));
#939 = ORIENTED_EDGE('',*,*,#940,.T.);
#940 = EDGE_CURVE('',#172,#941,#943,.T.);
#941 = VERTEX_POINT('',#942);
#942 = CARTESIAN_POINT('',(38.141438244575,166.,59.198498925933));
#943 = SEAM_CURVE('',#944,(#948,#955),.PCURVE_S1.);
#944 = LINE('',#945,#946);
#945 = CARTESIAN_POINT('',(38.141438244575,182.,59.198498925933));
#946 = VECTOR('',#947,1.);
#947 = DIRECTION('',(0.,-1.,0.));
#948 = PCURVE('',#188,#949);
#949 = DEFINITIONAL_REPRESENTATION('',(#950),#954);
#950 = LINE('',#951,#952);
#951 = CARTESIAN_POINT('',(-0.,0.));
#952 = VECTOR('',#953,1.);
#953 = DIRECTION('',(-0.,-1.));
#954 = ( GEOMETRIC_REPRESENTATION_CONTEXT(2) 
PARAMETRIC_REPRESENTATION_CONTEXT() REPRESENTATION_CONTEXT('2D SPACE',''
  ) );
#955 = PCURVE('',#188,#956);
#956 = DEFINITIONAL_REPRESENTATION('',(#957),#961);
#957 = LINE('',#958,#959);
#958 = CARTESIAN_POINT('',(-6.28318530718,0.));
#959 = VECTOR('',#960,1.);
#960 = DIRECTION('',(-0.,-1.));
#961 = ( GEOMETRIC_REPRESENTATION_CONTEXT(2) 
PARAMETRIC_REPRESENTATION_CONTEXT() REPRESENTATION_CONTEXT('2D SPACE',''
  ) );
#962 = ORIENTED_EDGE('',*,*,#963,.T.);
#963 = EDGE_CURVE('',#941,#941,#964,.T.);
#964 = SURFACE_CURVE('',#965,(#970,#977),.PCURVE_S1.);
#965 = CIRCLE('',#966,2.5);
#966 = AXIS2_PLACEMENT_3D('',#967,#968,#969);
#967 = CARTESIAN_POINT('',(35.641438244575,166.,59.198498925933));
#968 = DIRECTION('',(0.,-1.,0.));
#969 = DIRECTION('',(1.,0.,0.));
#970 = PCURVE('',#188,#971);
#971 = DEFINITIONAL_REPRESENTATION('',(#972),#976);
#972 = LINE('',#973,#974);
#973 = CARTESIAN_POINT('',(-0.,-16.));
#974 = VECTOR('',#975,1.);
#975 = DIRECTION('',(-1.,0.));
#976 = ( GEOMETRIC_REPRESENTATION_CONTEXT(2) 
PARAMETRIC_REPRESENTATION_CONTEXT() REPRESENTATION_CONTEXT('2D SPACE',''
  ) );
#977 = PCURVE('',#728,#978);
#978 = DEFINITIONAL_REPRESENTATION('',(#979),#983);
#979 = CIRCLE('',#980,2.5);
#980 = AXIS2_PLACEMENT_2D('',#981,#982);
#981 = CARTESIAN_POINT('',(-42.,-176.));
#982 = DIRECTION('',(0.,1.));
#983 = ( GEOMETRIC_REPRESENTATION_CONTEXT(2) 
PARAMETRIC_REPRESENTATION_CONTEXT() REPRESENTATION_CONTEXT('2D SPACE',''
  ) );
#984 = ORIENTED_EDGE('',*,*,#940,.F.);
#985 = ORIENTED_EDGE('',*,*,#171,.F.);
#986 = ADVANCED_FACE('',(#987),#219,.F.);
#987 = FACE_BOUND('',#988,.T.);
#988 = EDGE_LOOP('',(#989,#1012,#1034,#1035));
#989 = ORIENTED_EDGE('',*,*,#990,.T.);
#990 = EDGE_CURVE('',#203,#991,#993,.T.);
#991 = VERTEX_POINT('',#992);
#992 = CARTESIAN_POINT('',(126.14143824457,166.,59.198498925933));
#993 = SEAM_CURVE('',#994,(#998,#1005),.PCURVE_S1.);
#994 = LINE('',#995,#996);
#995 = CARTESIAN_POINT('',(126.14143824457,182.,59.198498925933));
#996 = VECTOR('',#997,1.);
#997 = DIRECTION('',(0.,-1.,0.));
#998 = PCURVE('',#219,#999);
#999 = DEFINITIONAL_REPRESENTATION('',(#1000),#1004);
#1000 = LINE('',#1001,#1002);
#1001 = CARTESIAN_POINT('',(-0.,0.));
#1002 = VECTOR('',#1003,1.);
#1003 = DIRECTION('',(-0.,-1.));
#1004 = ( GEOMETRIC_REPRESENTATION_CONTEXT(2) 
PARAMETRIC_REPRESENTATION_CONTEXT() REPRESENTATION_CONTEXT('2D SPACE',''
  ) );
#1005 = PCURVE('',#219,#1006);
#1006 = DEFINITIONAL_REPRESENTATION('',(#1007),#1011);
#1007 = LINE('',#1008,#1009);
#1008 = CARTESIAN_POINT('',(-6.28318530718,0.));
#1009 = VECTOR('',#1010,1.);
#1010 = DIRECTION('',(-0.,-1.));
#1011 = ( GEOMETRIC_REPRESENTATION_CONTEXT(2) 
PARAMETRIC_REPRESENTATION_CONTEXT() REPRESENTATION_CONTEXT('2D SPACE',''
  ) );
#1012 = ORIENTED_EDGE('',*,*,#1013,.T.);
#1013 = EDGE_CURVE('',#991,#991,#1014,.T.);
#1014 = SURFACE_CURVE('',#1015,(#1020,#1027),.PCURVE_S1.);
#1015 = CIRCLE('',#1016,2.5);
#1016 = AXIS2_PLACEMENT_3D('',#1017,#1018,#1019);
#1017 = CARTESIAN_POINT('',(123.64143824457,166.,59.198498925933));
#1018 = DIRECTION('',(0.,-1.,0.));
#1019 = DIRECTION('',(1.,0.,0.));
#1020 = PCURVE('',#219,#1021);
#1021 = DEFINITIONAL_REPRESENTATION('',(#1022),#1026);
#1022 = LINE('',#1023,#1024);
#1023 = CARTESIAN_POINT('',(-0.,-16.));
#1024 = VECTOR('',#1025,1.);
#1025 = DIRECTION('',(-1.,0.));
#1026 = ( GEOMETRIC_REPRESENTATION_CONTEXT(2) 
PARAMETRIC_REPRESENTATION_CONTEXT() REPRESENTATION_CONTEXT('2D SPACE',''
  ) );
#1027 = PCURVE('',#728,#1028);
#1028 = DEFINITIONAL_REPRESENTATION('',(#1029),#1033);
#1029 = CIRCLE('',#1030,2.5);
#1030 = AXIS2_PLACEMENT_2D('',#1031,#1032);
#1031 = CARTESIAN_POINT('',(-42.,-88.));
#1032 = DIRECTION('',(0.,1.));
#1033 = ( GEOMETRIC_REPRESENTATION_CONTEXT(2) 
PARAMETRIC_REPRESENTATION_CONTEXT() REPRESENTATION_CONTEXT('2D SPACE',''
  ) );
#1034 = ORIENTED_EDGE('',*,*,#990,.F.);
#1035 = ORIENTED_EDGE('',*,*,#202,.F.);
#1036 = ADVANCED_FACE('',(#1037),#250,.F.);
#1037 = FACE_BOUND('',#1038,.T.);
#1038 = EDGE_LOOP('',(#1039,#1062,#1084,#1085));
#1039 = ORIENTED_EDGE('',*,*,#1040,.T.);
#1040 = EDGE_CURVE('',#234,#1041,#1043,.T.);
#1041 = VERTEX_POINT('',#1042);
#1042 = CARTESIAN_POINT('',(-7.858561755425,166.,-24.80150107406));
#1043 = SEAM_CURVE('',#1044,(#1048,#1055),.PCURVE_S1.);
#1044 = LINE('',#1045,#1046);
#1045 = CARTESIAN_POINT('',(-7.858561755425,182.,-24.80150107406));
#1046 = VECTOR('',#1047,1.);
#1047 = DIRECTION('',(0.,-1.,0.));
#1048 = PCURVE('',#250,#1049);
#1049 = DEFINITIONAL_REPRESENTATION('',(#1050),#1054);
#1050 = LINE('',#1051,#1052);
#1051 = CARTESIAN_POINT('',(-0.,0.));
#1052 = VECTOR('',#1053,1.);
#1053 = DIRECTION('',(-0.,-1.));
#1054 = ( GEOMETRIC_REPRESENTATION_CONTEXT(2) 
PARAMETRIC_REPRESENTATION_CONTEXT() REPRESENTATION_CONTEXT('2D SPACE',''
  ) );
#1055 = PCURVE('',#250,#1056);
#1056 = DEFINITIONAL_REPRESENTATION('',(#1057),#1061);
#1057 = LINE('',#1058,#1059);
#1058 = CARTESIAN_POINT('',(-6.28318530718,0.));
#1059 = VECTOR('',#1060,1.);
#1060 = DIRECTION('',(-0.,-1.));
#1061 = ( GEOMETRIC_REPRESENTATION_CONTEXT(2) 
PARAMETRIC_REPRESENTATION_CONTEXT() REPRESENTATION_CONTEXT('2D SPACE',''
  ) );
#1062 = ORIENTED_EDGE('',*,*,#1063,.T.);
#1063 = EDGE_CURVE('',#1041,#1041,#1064,.T.);
#1064 = SURFACE_CURVE('',#1065,(#1070,#1077),.PCURVE_S1.);
#1065 = CIRCLE('',#1066,2.5);
#1066 = AXIS2_PLACEMENT_3D('',#1067,#1068,#1069);
#1067 = CARTESIAN_POINT('',(-10.35856175542,166.,-24.80150107406));
#1068 = DIRECTION('',(0.,-1.,0.));
#1069 = DIRECTION('',(1.,0.,0.));
#1070 = PCURVE('',#250,#1071);
#1071 = DEFINITIONAL_REPRESENTATION('',(#1072),#1076);
#1072 = LINE('',#1073,#1074);
#1073 = CARTESIAN_POINT('',(-0.,-16.));
#1074 = VECTOR('',#1075,1.);
#1075 = DIRECTION('',(-1.,0.));
#1076 = ( GEOMETRIC_REPRESENTATION_CONTEXT(2) 
PARAMETRIC_REPRESENTATION_CONTEXT() REPRESENTATION_CONTEXT('2D SPACE',''
  ) );
#1077 = PCURVE('',#728,#1078);
#1078 = DEFINITIONAL_REPRESENTATION('',(#1079),#1083);
#1079 = CIRCLE('',#1080,2.5);
#1080 = AXIS2_PLACEMENT_2D('',#1081,#1082);
#1081 = CARTESIAN_POINT('',(42.,-222.));
#1082 = DIRECTION('',(0.,1.));
#1083 = ( GEOMETRIC_REPRESENTATION_CONTEXT(2) 
PARAMETRIC_REPRESENTATION_CONTEXT() REPRESENTATION_CONTEXT('2D SPACE',''
  ) );
#1084 = ORIENTED_EDGE('',*,*,#1040,.F.);
#1085 = ORIENTED_EDGE('',*,*,#233,.F.);
#1086 = ADVANCED_FACE('',(#1087),#281,.F.);
#1087 = FACE_BOUND('',#1088,.T.);
#1088 = EDGE_LOOP('',(#1089,#1112,#1134,#1135));
#1089 = ORIENTED_EDGE('',*,*,#1090,.T.);
#1090 = EDGE_CURVE('',#265,#1091,#1093,.T.);
#1091 = VERTEX_POINT('',#1092);
#1092 = CARTESIAN_POINT('',(38.141438244575,166.,-24.80150107406));
#1093 = SEAM_CURVE('',#1094,(#1098,#1105),.PCURVE_S1.);
#1094 = LINE('',#1095,#1096);
#1095 = CARTESIAN_POINT('',(38.141438244575,182.,-24.80150107406));
#1096 = VECTOR('',#1097,1.);
#1097 = DIRECTION('',(0.,-1.,0.));
#1098 = PCURVE('',#281,#1099);
#1099 = DEFINITIONAL_REPRESENTATION('',(#1100),#1104);
#1100 = LINE('',#1101,#1102);
#1101 = CARTESIAN_POINT('',(-0.,0.));
#1102 = VECTOR('',#1103,1.);
#1103 = DIRECTION('',(-0.,-1.));
#1104 = ( GEOMETRIC_REPRESENTATION_CONTEXT(2) 
PARAMETRIC_REPRESENTATION_CONTEXT() REPRESENTATION_CONTEXT('2D SPACE',''
  ) );
#1105 = PCURVE('',#281,#1106);
#1106 = DEFINITIONAL_REPRESENTATION('',(#1107),#1111);
#1107 = LINE('',#1108,#1109);
#1108 = CARTESIAN_POINT('',(-6.28318530718,0.));
#1109 = VECTOR('',#1110,1.);
#1110 = DIRECTION('',(-0.,-1.));
#1111 = ( GEOMETRIC_REPRESENTATION_CONTEXT(2) 
PARAMETRIC_REPRESENTATION_CONTEXT() REPRESENTATION_CONTEXT('2D SPACE',''
  ) );
#1112 = ORIENTED_EDGE('',*,*,#1113,.T.);
#1113 = EDGE_CURVE('',#1091,#1091,#1114,.T.);
#1114 = SURFACE_CURVE('',#1115,(#1120,#1127),.PCURVE_S1.);
#1115 = CIRCLE('',#1116,2.5);
#1116 = AXIS2_PLACEMENT_3D('',#1117,#1118,#1119);
#1117 = CARTESIAN_POINT('',(35.641438244575,166.,-24.80150107406));
#1118 = DIRECTION('',(0.,-1.,0.));
#1119 = DIRECTION('',(1.,0.,0.));
#1120 = PCURVE('',#281,#1121);
#1121 = DEFINITIONAL_REPRESENTATION('',(#1122),#1126);
#1122 = LINE('',#1123,#1124);
#1123 = CARTESIAN_POINT('',(-0.,-16.));
#1124 = VECTOR('',#1125,1.);
#1125 = DIRECTION('',(-1.,0.));
#1126 = ( GEOMETRIC_REPRESENTATION_CONTEXT(2) 
PARAMETRIC_REPRESENTATION_CONTEXT() REPRESENTATION_CONTEXT('2D SPACE',''
  ) );
#1127 = PCURVE('',#728,#1128);
#1128 = DEFINITIONAL_REPRESENTATION('',(#1129),#1133);
#1129 = CIRCLE('',#1130,2.5);
#1130 = AXIS2_PLACEMENT_2D('',#1131,#1132);
#1131 = CARTESIAN_POINT('',(42.,-176.));
#1132 = DIRECTION('',(0.,1.));
#1133 = ( GEOMETRIC_REPRESENTATION_CONTEXT(2) 
PARAMETRIC_REPRESENTATION_CONTEXT() REPRESENTATION_CONTEXT('2D SPACE',''
  ) );
#1134 = ORIENTED_EDGE('',*,*,#1090,.F.);
#1135 = ORIENTED_EDGE('',*,*,#264,.F.);
#1136 = ADVANCED_FACE('',(#1137),#312,.F.);
#1137 = FACE_BOUND('',#1138,.T.);
#1138 = EDGE_LOOP('',(#1139,#1162,#1184,#1185));
#1139 = ORIENTED_EDGE('',*,*,#1140,.T.);
#1140 = EDGE_CURVE('',#296,#1141,#1143,.T.);
#1141 = VERTEX_POINT('',#1142);
#1142 = CARTESIAN_POINT('',(126.14143824457,166.,-24.80150107406));
#1143 = SEAM_CURVE('',#1144,(#1148,#1155),.PCURVE_S1.);
#1144 = LINE('',#1145,#1146);
#1145 = CARTESIAN_POINT('',(126.14143824457,182.,-24.80150107406));
#1146 = VECTOR('',#1147,1.);
#1147 = DIRECTION('',(0.,-1.,0.));
#1148 = PCURVE('',#312,#1149);
#1149 = DEFINITIONAL_REPRESENTATION('',(#1150),#1154);
#1150 = LINE('',#1151,#1152);
#1151 = CARTESIAN_POINT('',(-0.,0.));
#1152 = VECTOR('',#1153,1.);
#1153 = DIRECTION('',(-0.,-1.));
#1154 = ( GEOMETRIC_REPRESENTATION_CONTEXT(2) 
PARAMETRIC_REPRESENTATION_CONTEXT() REPRESENTATION_CONTEXT('2D SPACE',''
  ) );
#1155 = PCURVE('',#312,#1156);
#1156 = DEFINITIONAL_REPRESENTATION('',(#1157),#1161);
#1157 = LINE('',#1158,#1159);
#1158 = CARTESIAN_POINT('',(-6.28318530718,0.));
#1159 = VECTOR('',#1160,1.);
#1160 = DIRECTION('',(-0.,-1.));
#1161 = ( GEOMETRIC_REPRESENTATION_CONTEXT(2) 
PARAMETRIC_REPRESENTATION_CONTEXT() REPRESENTATION_CONTEXT('2D SPACE',''
  ) );
#1162 = ORIENTED_EDGE('',*,*,#1163,.T.);
#1163 = EDGE_CURVE('',#1141,#1141,#1164,.T.);
#1164 = SURFACE_CURVE('',#1165,(#1170,#1177),.PCURVE_S1.);
#1165 = CIRCLE('',#1166,2.5);
#1166 = AXIS2_PLACEMENT_3D('',#1167,#1168,#1169);
#1167 = CARTESIAN_POINT('',(123.64143824457,166.,-24.80150107406));
#1168 = DIRECTION('',(0.,-1.,0.));
#1169 = DIRECTION('',(1.,0.,0.));
#1170 = PCURVE('',#312,#1171);
#1171 = DEFINITIONAL_REPRESENTATION('',(#1172),#1176);
#1172 = LINE('',#1173,#1174);
#1173 = CARTESIAN_POINT('',(-0.,-16.));
#1174 = VECTOR('',#1175,1.);
#1175 = DIRECTION('',(-1.,0.));
#1176 = ( GEOMETRIC_REPRESENTATION_CONTEXT(2) 
PARAMETRIC_REPRESENTATION_CONTEXT() REPRESENTATION_CONTEXT('2D SPACE',''
  ) );
#1177 = PCURVE('',#728,#1178);
#1178 = DEFINITIONAL_REPRESENTATION('',(#1179),#1183);
#1179 = CIRCLE('',#1180,2.5);
#1180 = AXIS2_PLACEMENT_2D('',#1181,#1182);
#1181 = CARTESIAN_POINT('',(42.,-88.));
#1182 = DIRECTION('',(0.,1.));
#1183 = ( GEOMETRIC_REPRESENTATION_CONTEXT(2) 
PARAMETRIC_REPRESENTATION_CONTEXT() REPRESENTATION_CONTEXT('2D SPACE',''
  ) );
#1184 = ORIENTED_EDGE('',*,*,#1140,.F.);
#1185 = ORIENTED_EDGE('',*,*,#295,.F.);
#1186 = ADVANCED_FACE('',(#1187),#343,.F.);
#1187 = FACE_BOUND('',#1188,.T.);
#1188 = EDGE_LOOP('',(#1189,#1212,#1234,#1235));
#1189 = ORIENTED_EDGE('',*,*,#1190,.T.);
#1190 = EDGE_CURVE('',#327,#1191,#1193,.T.);
#1191 = VERTEX_POINT('',#1192);
#1192 = CARTESIAN_POINT('',(214.14143824457,166.,59.198498925933));
#1193 = SEAM_CURVE('',#1194,(#1198,#1205),.PCURVE_S1.);
#1194 = LINE('',#1195,#1196);
#1195 = CARTESIAN_POINT('',(214.14143824457,182.,59.198498925933));
#1196 = VECTOR('',#1197,1.);
#1197 = DIRECTION('',(0.,-1.,0.));
#1198 = PCURVE('',#343,#1199);
#1199 = DEFINITIONAL_REPRESENTATION('',(#1200),#1204);
#1200 = LINE('',#1201,#1202);
#1201 = CARTESIAN_POINT('',(-0.,0.));
#1202 = VECTOR('',#1203,1.);
#1203 = DIRECTION('',(-0.,-1.));
#1204 = ( GEOMETRIC_REPRESENTATION_CONTEXT(2) 
PARAMETRIC_REPRESENTATION_CONTEXT() REPRESENTATION_CONTEXT('2D SPACE',''
  ) );
#1205 = PCURVE('',#343,#1206);
#1206 = DEFINITIONAL_REPRESENTATION('',(#1207),#1211);
#1207 = LINE('',#1208,#1209);
#1208 = CARTESIAN_POINT('',(-6.28318530718,0.));
#1209 = VECTOR('',#1210,1.);
#1210 = DIRECTION('',(-0.,-1.));
#1211 = ( GEOMETRIC_REPRESENTATION_CONTEXT(2) 
PARAMETRIC_REPRESENTATION_CONTEXT() REPRESENTATION_CONTEXT('2D SPACE',''
  ) );
#1212 = ORIENTED_EDGE('',*,*,#1213,.T.);
#1213 = EDGE_CURVE('',#1191,#1191,#1214,.T.);
#1214 = SURFACE_CURVE('',#1215,(#1220,#1227),.PCURVE_S1.);
#1215 = CIRCLE('',#1216,2.5);
#1216 = AXIS2_PLACEMENT_3D('',#1217,#1218,#1219);
#1217 = CARTESIAN_POINT('',(211.64143824457,166.,59.198498925933));
#1218 = DIRECTION('',(0.,-1.,0.));
#1219 = DIRECTION('',(1.,0.,0.));
#1220 = PCURVE('',#343,#1221);
#1221 = DEFINITIONAL_REPRESENTATION('',(#1222),#1226);
#1222 = LINE('',#1223,#1224);
#1223 = CARTESIAN_POINT('',(-0.,-16.));
#1224 = VECTOR('',#1225,1.);
#1225 = DIRECTION('',(-1.,0.));
#1226 = ( GEOMETRIC_REPRESENTATION_CONTEXT(2) 
PARAMETRIC_REPRESENTATION_CONTEXT() REPRESENTATION_CONTEXT('2D SPACE',''
  ) );
#1227 = PCURVE('',#728,#1228);
#1228 = DEFINITIONAL_REPRESENTATION('',(#1229),#1233);
#1229 = CIRCLE('',#1230,2.5);
#1230 = AXIS2_PLACEMENT_2D('',#1231,#1232);
#1231 = CARTESIAN_POINT('',(-42.,-5.684341886081E-14));
#1232 = DIRECTION('',(0.,1.));
#1233 = ( GEOMETRIC_REPRESENTATION_CONTEXT(2) 
PARAMETRIC_REPRESENTATION_CONTEXT() REPRESENTATION_CONTEXT('2D SPACE',''
  ) );
#1234 = ORIENTED_EDGE('',*,*,#1190,.F.);
#1235 = ORIENTED_EDGE('',*,*,#326,.F.);
#1236 = ADVANCED_FACE('',(#1237),#374,.F.);
#1237 = FACE_BOUND('',#1238,.T.);
#1238 = EDGE_LOOP('',(#1239,#1262,#1284,#1285));
#1239 = ORIENTED_EDGE('',*,*,#1240,.T.);
#1240 = EDGE_CURVE('',#358,#1241,#1243,.T.);
#1241 = VERTEX_POINT('',#1242);
#1242 = CARTESIAN_POINT('',(302.14143824457,166.,59.198498925933));
#1243 = SEAM_CURVE('',#1244,(#1248,#1255),.PCURVE_S1.);
#1244 = LINE('',#1245,#1246);
#1245 = CARTESIAN_POINT('',(302.14143824457,182.,59.198498925933));
#1246 = VECTOR('',#1247,1.);
#1247 = DIRECTION('',(0.,-1.,0.));
#1248 = PCURVE('',#374,#1249);
#1249 = DEFINITIONAL_REPRESENTATION('',(#1250),#1254);
#1250 = LINE('',#1251,#1252);
#1251 = CARTESIAN_POINT('',(-0.,0.));
#1252 = VECTOR('',#1253,1.);
#1253 = DIRECTION('',(-0.,-1.));
#1254 = ( GEOMETRIC_REPRESENTATION_CONTEXT(2) 
PARAMETRIC_REPRESENTATION_CONTEXT() REPRESENTATION_CONTEXT('2D SPACE',''
  ) );
#1255 = PCURVE('',#374,#1256);
#1256 = DEFINITIONAL_REPRESENTATION('',(#1257),#1261);
#1257 = LINE('',#1258,#1259);
#1258 = CARTESIAN_POINT('',(-6.28318530718,0.));
#1259 = VECTOR('',#1260,1.);
#1260 = DIRECTION('',(-0.,-1.));
#1261 = ( GEOMETRIC_REPRESENTATION_CONTEXT(2) 
PARAMETRIC_REPRESENTATION_CONTEXT() REPRESENTATION_CONTEXT('2D SPACE',''
  ) );
#1262 = ORIENTED_EDGE('',*,*,#1263,.T.);
#1263 = EDGE_CURVE('',#1241,#1241,#1264,.T.);
#1264 = SURFACE_CURVE('',#1265,(#1270,#1277),.PCURVE_S1.);
#1265 = CIRCLE('',#1266,2.5);
#1266 = AXIS2_PLACEMENT_3D('',#1267,#1268,#1269);
#1267 = CARTESIAN_POINT('',(299.64143824457,166.,59.198498925933));
#1268 = DIRECTION('',(0.,-1.,0.));
#1269 = DIRECTION('',(1.,0.,0.));
#1270 = PCURVE('',#374,#1271);
#1271 = DEFINITIONAL_REPRESENTATION('',(#1272),#1276);
#1272 = LINE('',#1273,#1274);
#1273 = CARTESIAN_POINT('',(-0.,-16.));
#1274 = VECTOR('',#1275,1.);
#1275 = DIRECTION('',(-1.,0.));
#1276 = ( GEOMETRIC_REPRESENTATION_CONTEXT(2) 
PARAMETRIC_REPRESENTATION_CONTEXT() REPRESENTATION_CONTEXT('2D SPACE',''
  ) );
#1277 = PCURVE('',#728,#1278);
#1278 = DEFINITIONAL_REPRESENTATION('',(#1279),#1283);
#1279 = CIRCLE('',#1280,2.5);
#1280 = AXIS2_PLACEMENT_2D('',#1281,#1282);
#1281 = CARTESIAN_POINT('',(-42.,88.));
#1282 = DIRECTION('',(0.,1.));
#1283 = ( GEOMETRIC_REPRESENTATION_CONTEXT(2) 
PARAMETRIC_REPRESENTATION_CONTEXT() REPRESENTATION_CONTEXT('2D SPACE',''
  ) );
#1284 = ORIENTED_EDGE('',*,*,#1240,.F.);
#1285 = ORIENTED_EDGE('',*,*,#357,.F.);
#1286 = ADVANCED_FACE('',(#1287),#405,.F.);
#1287 = FACE_BOUND('',#1288,.T.);
#1288 = EDGE_LOOP('',(#1289,#1312,#1334,#1335));
#1289 = ORIENTED_EDGE('',*,*,#1290,.T.);
#1290 = EDGE_CURVE('',#389,#1291,#1293,.T.);
#1291 = VERTEX_POINT('',#1292);
#1292 = CARTESIAN_POINT('',(390.14143824457,166.,59.198498925933));
#1293 = SEAM_CURVE('',#1294,(#1298,#1305),.PCURVE_S1.);
#1294 = LINE('',#1295,#1296);
#1295 = CARTESIAN_POINT('',(390.14143824457,182.,59.198498925933));
#1296 = VECTOR('',#1297,1.);
#1297 = DIRECTION('',(0.,-1.,0.));
#1298 = PCURVE('',#405,#1299);
#1299 = DEFINITIONAL_REPRESENTATION('',(#1300),#1304);
#1300 = LINE('',#1301,#1302);
#1301 = CARTESIAN_POINT('',(-0.,0.));
#1302 = VECTOR('',#1303,1.);
#1303 = DIRECTION('',(-0.,-1.));
#1304 = ( GEOMETRIC_REPRESENTATION_CONTEXT(2) 
PARAMETRIC_REPRESENTATION_CONTEXT() REPRESENTATION_CONTEXT('2D SPACE',''
  ) );
#1305 = PCURVE('',#405,#1306);
#1306 = DEFINITIONAL_REPRESENTATION('',(#1307),#1311);
#1307 = LINE('',#1308,#1309);
#1308 = CARTESIAN_POINT('',(-6.28318530718,0.));
#1309 = VECTOR('',#1310,1.);
#1310 = DIRECTION('',(-0.,-1.));
#1311 = ( GEOMETRIC_REPRESENTATION_CONTEXT(2) 
PARAMETRIC_REPRESENTATION_CONTEXT() REPRESENTATION_CONTEXT('2D SPACE',''
  ) );
#1312 = ORIENTED_EDGE('',*,*,#1313,.T.);
#1313 = EDGE_CURVE('',#1291,#1291,#1314,.T.);
#1314 = SURFACE_CURVE('',#1315,(#1320,#1327),.PCURVE_S1.);
#1315 = CIRCLE('',#1316,2.5);
#1316 = AXIS2_PLACEMENT_3D('',#1317,#1318,#1319);
#1317 = CARTESIAN_POINT('',(387.64143824457,166.,59.198498925933));
#1318 = DIRECTION('',(0.,-1.,0.));
#1319 = DIRECTION('',(1.,0.,0.));
#1320 = PCURVE('',#405,#1321);
#1321 = DEFINITIONAL_REPRESENTATION('',(#1322),#1326);
#1322 = LINE('',#1323,#1324);
#1323 = CARTESIAN_POINT('',(-0.,-16.));
#1324 = VECTOR('',#1325,1.);
#1325 = DIRECTION('',(-1.,0.));
#1326 = ( GEOMETRIC_REPRESENTATION_CONTEXT(2) 
PARAMETRIC_REPRESENTATION_CONTEXT() REPRESENTATION_CONTEXT('2D SPACE',''
  ) );
#1327 = PCURVE('',#728,#1328);
#1328 = DEFINITIONAL_REPRESENTATION('',(#1329),#1333);
#1329 = CIRCLE('',#1330,2.5);
#1330 = AXIS2_PLACEMENT_2D('',#1331,#1332);
#1331 = CARTESIAN_POINT('',(-42.,176.));
#1332 = DIRECTION('',(0.,1.));
#1333 = ( GEOMETRIC_REPRESENTATION_CONTEXT(2) 
PARAMETRIC_REPRESENTATION_CONTEXT() REPRESENTATION_CONTEXT('2D SPACE',''
  ) );
#1334 = ORIENTED_EDGE('',*,*,#1290,.F.);
#1335 = ORIENTED_EDGE('',*,*,#388,.F.);
#1336 = ADVANCED_FACE('',(#1337),#436,.F.);
#1337 = FACE_BOUND('',#1338,.T.);
#1338 = EDGE_LOOP('',(#1339,#1362,#1384,#1385));
#1339 = ORIENTED_EDGE('',*,*,#1340,.T.);
#1340 = EDGE_CURVE('',#420,#1341,#1343,.T.);
#1341 = VERTEX_POINT('',#1342);
#1342 = CARTESIAN_POINT('',(436.14143824457,166.,59.198498925933));
#1343 = SEAM_CURVE('',#1344,(#1348,#1355),.PCURVE_S1.);
#1344 = LINE('',#1345,#1346);
#1345 = CARTESIAN_POINT('',(436.14143824457,182.,59.198498925933));
#1346 = VECTOR('',#1347,1.);
#1347 = DIRECTION('',(0.,-1.,0.));
#1348 = PCURVE('',#436,#1349);
#1349 = DEFINITIONAL_REPRESENTATION('',(#1350),#1354);
#1350 = LINE('',#1351,#1352);
#1351 = CARTESIAN_POINT('',(-0.,0.));
#1352 = VECTOR('',#1353,1.);
#1353 = DIRECTION('',(-0.,-1.));
#1354 = ( GEOMETRIC_REPRESENTATION_CONTEXT(2) 
PARAMETRIC_REPRESENTATION_CONTEXT() REPRESENTATION_CONTEXT('2D SPACE',''
  ) );
#1355 = PCURVE('',#436,#1356);
#1356 = DEFINITIONAL_REPRESENTATION('',(#1357),#1361);
#1357 = LINE('',#1358,#1359);
#1358 = CARTESIAN_POINT('',(-6.28318530718,0.));
#1359 = VECTOR('',#1360,1.);
#1360 = DIRECTION('',(-0.,-1.));
#1361 = ( GEOMETRIC_REPRESENTATION_CONTEXT(2) 
PARAMETRIC_REPRESENTATION_CONTEXT() REPRESENTATION_CONTEXT('2D SPACE',''
  ) );
#1362 = ORIENTED_EDGE('',*,*,#1363,.T.);
#1363 = EDGE_CURVE('',#1341,#1341,#1364,.T.);
#1364 = SURFACE_CURVE('',#1365,(#1370,#1377),.PCURVE_S1.);
#1365 = CIRCLE('',#1366,2.5);
#1366 = AXIS2_PLACEMENT_3D('',#1367,#1368,#1369);
#1367 = CARTESIAN_POINT('',(433.64143824457,166.,59.198498925933));
#1368 = DIRECTION('',(0.,-1.,0.));
#1369 = DIRECTION('',(1.,0.,0.));
#1370 = PCURVE('',#436,#1371);
#1371 = DEFINITIONAL_REPRESENTATION('',(#1372),#1376);
#1372 = LINE('',#1373,#1374);
#1373 = CARTESIAN_POINT('',(-0.,-16.));
#1374 = VECTOR('',#1375,1.);
#1375 = DIRECTION('',(-1.,0.));
#1376 = ( GEOMETRIC_REPRESENTATION_CONTEXT(2) 
PARAMETRIC_REPRESENTATION_CONTEXT() REPRESENTATION_CONTEXT('2D SPACE',''
  ) );
#1377 = PCURVE('',#728,#1378);
#1378 = DEFINITIONAL_REPRESENTATION('',(#1379),#1383);
#1379 = CIRCLE('',#1380,2.5);
#1380 = AXIS2_PLACEMENT_2D('',#1381,#1382);
#1381 = CARTESIAN_POINT('',(-42.,222.));
#1382 = DIRECTION('',(0.,1.));
#1383 = ( GEOMETRIC_REPRESENTATION_CONTEXT(2) 
PARAMETRIC_REPRESENTATION_CONTEXT() REPRESENTATION_CONTEXT('2D SPACE',''
  ) );
#1384 = ORIENTED_EDGE('',*,*,#1340,.F.);
#1385 = ORIENTED_EDGE('',*,*,#419,.F.);
#1386 = ADVANCED_FACE('',(#1387),#468,.T.);
#1387 = FACE_BOUND('',#1388,.T.);
#1388 = EDGE_LOOP('',(#1389,#1412,#1440,#1461));
#1389 = ORIENTED_EDGE('',*,*,#1390,.T.);
#1390 = EDGE_CURVE('',#451,#1391,#1393,.T.);
#1391 = VERTEX_POINT('',#1392);
#1392 = CARTESIAN_POINT('',(-2.658561755425,179.3,-20.10150107406));
#1393 = SURFACE_CURVE('',#1394,(#1398,#1405),.PCURVE_S1.);
#1394 = LINE('',#1395,#1396);
#1395 = CARTESIAN_POINT('',(-2.658561755425,182.,-20.10150107406));
#1396 = VECTOR('',#1397,1.);
#1397 = DIRECTION('',(0.,-1.,0.));
#1398 = PCURVE('',#468,#1399);
#1399 = DEFINITIONAL_REPRESENTATION('',(#1400),#1404);
#1400 = LINE('',#1401,#1402);
#1401 = CARTESIAN_POINT('',(0.,0.));
#1402 = VECTOR('',#1403,1.);
#1403 = DIRECTION('',(0.,-1.));
#1404 = ( GEOMETRIC_REPRESENTATION_CONTEXT(2) 
PARAMETRIC_REPRESENTATION_CONTEXT() REPRESENTATION_CONTEXT('2D SPACE',''
  ) );
#1405 = PCURVE('',#496,#1406);
#1406 = DEFINITIONAL_REPRESENTATION('',(#1407),#1411);
#1407 = LINE('',#1408,#1409);
#1408 = CARTESIAN_POINT('',(74.6,0.));
#1409 = VECTOR('',#1410,1.);
#1410 = DIRECTION('',(0.,-1.));
#1411 = ( GEOMETRIC_REPRESENTATION_CONTEXT(2) 
PARAMETRIC_REPRESENTATION_CONTEXT() REPRESENTATION_CONTEXT('2D SPACE',''
  ) );
#1412 = ORIENTED_EDGE('',*,*,#1413,.T.);
#1413 = EDGE_CURVE('',#1391,#1414,#1416,.T.);
#1414 = VERTEX_POINT('',#1415);
#1415 = CARTESIAN_POINT('',(425.94143824457,179.3,-20.10150107406));
#1416 = SURFACE_CURVE('',#1417,(#1421,#1428),.PCURVE_S1.);
#1417 = LINE('',#1418,#1419);
#1418 = CARTESIAN_POINT('',(-2.658561755425,179.3,-20.10150107406));
#1419 = VECTOR('',#1420,1.);
#1420 = DIRECTION('',(1.,0.,0.));
#1421 = PCURVE('',#468,#1422);
#1422 = DEFINITIONAL_REPRESENTATION('',(#1423),#1427);
#1423 = LINE('',#1424,#1425);
#1424 = CARTESIAN_POINT('',(0.,-2.7));
#1425 = VECTOR('',#1426,1.);
#1426 = DIRECTION('',(1.,0.));
#1427 = ( GEOMETRIC_REPRESENTATION_CONTEXT(2) 
PARAMETRIC_REPRESENTATION_CONTEXT() REPRESENTATION_CONTEXT('2D SPACE',''
  ) );
#1428 = PCURVE('',#1429,#1434);
#1429 = PLANE('',#1430);
#1430 = AXIS2_PLACEMENT_3D('',#1431,#1432,#1433);
#1431 = CARTESIAN_POINT('',(211.64143824457,179.3,17.198498925933));
#1432 = DIRECTION('',(-0.,-1.,-0.));
#1433 = DIRECTION('',(0.,0.,-1.));
#1434 = DEFINITIONAL_REPRESENTATION('',(#1435),#1439);
#1435 = LINE('',#1436,#1437);
#1436 = CARTESIAN_POINT('',(37.3,-214.3));
#1437 = VECTOR('',#1438,1.);
#1438 = DIRECTION('',(0.,1.));
#1439 = ( GEOMETRIC_REPRESENTATION_CONTEXT(2) 
PARAMETRIC_REPRESENTATION_CONTEXT() REPRESENTATION_CONTEXT('2D SPACE',''
  ) );
#1440 = ORIENTED_EDGE('',*,*,#1441,.F.);
#1441 = EDGE_CURVE('',#453,#1414,#1442,.T.);
#1442 = SURFACE_CURVE('',#1443,(#1447,#1454),.PCURVE_S1.);
#1443 = LINE('',#1444,#1445);
#1444 = CARTESIAN_POINT('',(425.94143824457,182.,-20.10150107406));
#1445 = VECTOR('',#1446,1.);
#1446 = DIRECTION('',(0.,-1.,0.));
#1447 = PCURVE('',#468,#1448);
#1448 = DEFINITIONAL_REPRESENTATION('',(#1449),#1453);
#1449 = LINE('',#1450,#1451);
#1450 = CARTESIAN_POINT('',(428.6,0.));
#1451 = VECTOR('',#1452,1.);
#1452 = DIRECTION('',(0.,-1.));
#1453 = ( GEOMETRIC_REPRESENTATION_CONTEXT(2) 
PARAMETRIC_REPRESENTATION_CONTEXT() REPRESENTATION_CONTEXT('2D SPACE',''
  ) );
#1454 = PCURVE('',#550,#1455);
#1455 = DEFINITIONAL_REPRESENTATION('',(#1456),#1460);
#1456 = LINE('',#1457,#1458);
#1457 = CARTESIAN_POINT('',(0.,0.));
#1458 = VECTOR('',#1459,1.);
#1459 = DIRECTION('',(0.,-1.));
#1460 = ( GEOMETRIC_REPRESENTATION_CONTEXT(2) 
PARAMETRIC_REPRESENTATION_CONTEXT() REPRESENTATION_CONTEXT('2D SPACE',''
  ) );
#1461 = ORIENTED_EDGE('',*,*,#450,.F.);
#1462 = ADVANCED_FACE('',(#1463),#550,.T.);
#1463 = FACE_BOUND('',#1464,.T.);
#1464 = EDGE_LOOP('',(#1465,#1466,#1489,#1510));
#1465 = ORIENTED_EDGE('',*,*,#1441,.T.);
#1466 = ORIENTED_EDGE('',*,*,#1467,.T.);
#1467 = EDGE_CURVE('',#1414,#1468,#1470,.T.);
#1468 = VERTEX_POINT('',#1469);
#1469 = CARTESIAN_POINT('',(425.94143824457,179.3,54.498498925933));
#1470 = SURFACE_CURVE('',#1471,(#1475,#1482),.PCURVE_S1.);
#1471 = LINE('',#1472,#1473);
#1472 = CARTESIAN_POINT('',(425.94143824457,179.3,-20.10150107406));
#1473 = VECTOR('',#1474,1.);
#1474 = DIRECTION('',(0.,0.,1.));
#1475 = PCURVE('',#550,#1476);
#1476 = DEFINITIONAL_REPRESENTATION('',(#1477),#1481);
#1477 = LINE('',#1478,#1479);
#1478 = CARTESIAN_POINT('',(0.,-2.7));
#1479 = VECTOR('',#1480,1.);
#1480 = DIRECTION('',(1.,0.));
#1481 = ( GEOMETRIC_REPRESENTATION_CONTEXT(2) 
PARAMETRIC_REPRESENTATION_CONTEXT() REPRESENTATION_CONTEXT('2D SPACE',''
  ) );
#1482 = PCURVE('',#1429,#1483);
#1483 = DEFINITIONAL_REPRESENTATION('',(#1484),#1488);
#1484 = LINE('',#1485,#1486);
#1485 = CARTESIAN_POINT('',(37.3,214.3));
#1486 = VECTOR('',#1487,1.);
#1487 = DIRECTION('',(-1.,0.));
#1488 = ( GEOMETRIC_REPRESENTATION_CONTEXT(2) 
PARAMETRIC_REPRESENTATION_CONTEXT() REPRESENTATION_CONTEXT('2D SPACE',''
  ) );
#1489 = ORIENTED_EDGE('',*,*,#1490,.F.);
#1490 = EDGE_CURVE('',#509,#1468,#1491,.T.);
#1491 = SURFACE_CURVE('',#1492,(#1496,#1503),.PCURVE_S1.);
#1492 = LINE('',#1493,#1494);
#1493 = CARTESIAN_POINT('',(425.94143824457,182.,54.498498925933));
#1494 = VECTOR('',#1495,1.);
#1495 = DIRECTION('',(0.,-1.,0.));
#1496 = PCURVE('',#550,#1497);
#1497 = DEFINITIONAL_REPRESENTATION('',(#1498),#1502);
#1498 = LINE('',#1499,#1500);
#1499 = CARTESIAN_POINT('',(74.6,0.));
#1500 = VECTOR('',#1501,1.);
#1501 = DIRECTION('',(0.,-1.));
#1502 = ( GEOMETRIC_REPRESENTATION_CONTEXT(2) 
PARAMETRIC_REPRESENTATION_CONTEXT() REPRESENTATION_CONTEXT('2D SPACE',''
  ) );
#1503 = PCURVE('',#524,#1504);
#1504 = DEFINITIONAL_REPRESENTATION('',(#1505),#1509);
#1505 = LINE('',#1506,#1507);
#1506 = CARTESIAN_POINT('',(0.,0.));
#1507 = VECTOR('',#1508,1.);
#1508 = DIRECTION('',(0.,-1.));
#1509 = ( GEOMETRIC_REPRESENTATION_CONTEXT(2) 
PARAMETRIC_REPRESENTATION_CONTEXT() REPRESENTATION_CONTEXT('2D SPACE',''
  ) );
#1510 = ORIENTED_EDGE('',*,*,#536,.F.);
#1511 = ADVANCED_FACE('',(#1512),#524,.T.);
#1512 = FACE_BOUND('',#1513,.T.);
#1513 = EDGE_LOOP('',(#1514,#1515,#1538,#1559));
#1514 = ORIENTED_EDGE('',*,*,#1490,.T.);
#1515 = ORIENTED_EDGE('',*,*,#1516,.T.);
#1516 = EDGE_CURVE('',#1468,#1517,#1519,.T.);
#1517 = VERTEX_POINT('',#1518);
#1518 = CARTESIAN_POINT('',(-2.658561755425,179.3,54.498498925933));
#1519 = SURFACE_CURVE('',#1520,(#1524,#1531),.PCURVE_S1.);
#1520 = LINE('',#1521,#1522);
#1521 = CARTESIAN_POINT('',(425.94143824457,179.3,54.498498925933));
#1522 = VECTOR('',#1523,1.);
#1523 = DIRECTION('',(-1.,0.,0.));
#1524 = PCURVE('',#524,#1525);
#1525 = DEFINITIONAL_REPRESENTATION('',(#1526),#1530);
#1526 = LINE('',#1527,#1528);
#1527 = CARTESIAN_POINT('',(0.,-2.7));
#1528 = VECTOR('',#1529,1.);
#1529 = DIRECTION('',(1.,0.));
#1530 = ( GEOMETRIC_REPRESENTATION_CONTEXT(2) 
PARAMETRIC_REPRESENTATION_CONTEXT() REPRESENTATION_CONTEXT('2D SPACE',''
  ) );
#1531 = PCURVE('',#1429,#1532);
#1532 = DEFINITIONAL_REPRESENTATION('',(#1533),#1537);
#1533 = LINE('',#1534,#1535);
#1534 = CARTESIAN_POINT('',(-37.3,214.3));
#1535 = VECTOR('',#1536,1.);
#1536 = DIRECTION('',(0.,-1.));
#1537 = ( GEOMETRIC_REPRESENTATION_CONTEXT(2) 
PARAMETRIC_REPRESENTATION_CONTEXT() REPRESENTATION_CONTEXT('2D SPACE',''
  ) );
#1538 = ORIENTED_EDGE('',*,*,#1539,.F.);
#1539 = EDGE_CURVE('',#481,#1517,#1540,.T.);
#1540 = SURFACE_CURVE('',#1541,(#1545,#1552),.PCURVE_S1.);
#1541 = LINE('',#1542,#1543);
#1542 = CARTESIAN_POINT('',(-2.658561755425,182.,54.498498925933));
#1543 = VECTOR('',#1544,1.);
#1544 = DIRECTION('',(0.,-1.,0.));
#1545 = PCURVE('',#524,#1546);
#1546 = DEFINITIONAL_REPRESENTATION('',(#1547),#1551);
#1547 = LINE('',#1548,#1549);
#1548 = CARTESIAN_POINT('',(428.6,0.));
#1549 = VECTOR('',#1550,1.);
#1550 = DIRECTION('',(0.,-1.));
#1551 = ( GEOMETRIC_REPRESENTATION_CONTEXT(2) 
PARAMETRIC_REPRESENTATION_CONTEXT() REPRESENTATION_CONTEXT('2D SPACE',''
  ) );
#1552 = PCURVE('',#496,#1553);
#1553 = DEFINITIONAL_REPRESENTATION('',(#1554),#1558);
#1554 = LINE('',#1555,#1556);
#1555 = CARTESIAN_POINT('',(0.,0.));
#1556 = VECTOR('',#1557,1.);
#1557 = DIRECTION('',(0.,-1.));
#1558 = ( GEOMETRIC_REPRESENTATION_CONTEXT(2) 
PARAMETRIC_REPRESENTATION_CONTEXT() REPRESENTATION_CONTEXT('2D SPACE',''
  ) );
#1559 = ORIENTED_EDGE('',*,*,#508,.F.);
#1560 = ADVANCED_FACE('',(#1561),#496,.T.);
#1561 = FACE_BOUND('',#1562,.T.);
#1562 = EDGE_LOOP('',(#1563,#1564,#1585,#1586));
#1563 = ORIENTED_EDGE('',*,*,#1539,.T.);
#1564 = ORIENTED_EDGE('',*,*,#1565,.T.);
#1565 = EDGE_CURVE('',#1517,#1391,#1566,.T.);
#1566 = SURFACE_CURVE('',#1567,(#1571,#1578),.PCURVE_S1.);
#1567 = LINE('',#1568,#1569);
#1568 = CARTESIAN_POINT('',(-2.658561755425,179.3,54.498498925933));
#1569 = VECTOR('',#1570,1.);
#1570 = DIRECTION('',(0.,0.,-1.));
#1571 = PCURVE('',#496,#1572);
#1572 = DEFINITIONAL_REPRESENTATION('',(#1573),#1577);
#1573 = LINE('',#1574,#1575);
#1574 = CARTESIAN_POINT('',(0.,-2.7));
#1575 = VECTOR('',#1576,1.);
#1576 = DIRECTION('',(1.,0.));
#1577 = ( GEOMETRIC_REPRESENTATION_CONTEXT(2) 
PARAMETRIC_REPRESENTATION_CONTEXT() REPRESENTATION_CONTEXT('2D SPACE',''
  ) );
#1578 = PCURVE('',#1429,#1579);
#1579 = DEFINITIONAL_REPRESENTATION('',(#1580),#1584);
#1580 = LINE('',#1581,#1582);
#1581 = CARTESIAN_POINT('',(-37.3,-214.3));
#1582 = VECTOR('',#1583,1.);
#1583 = DIRECTION('',(1.,0.));
#1584 = ( GEOMETRIC_REPRESENTATION_CONTEXT(2) 
PARAMETRIC_REPRESENTATION_CONTEXT() REPRESENTATION_CONTEXT('2D SPACE',''
  ) );
#1585 = ORIENTED_EDGE('',*,*,#1390,.F.);
#1586 = ORIENTED_EDGE('',*,*,#480,.F.);
#1587 = ADVANCED_FACE('',(#1588),#581,.F.);
#1588 = FACE_BOUND('',#1589,.T.);
#1589 = EDGE_LOOP('',(#1590,#1613,#1635,#1636));
#1590 = ORIENTED_EDGE('',*,*,#1591,.T.);
#1591 = EDGE_CURVE('',#565,#1592,#1594,.T.);
#1592 = VERTEX_POINT('',#1593);
#1593 = CARTESIAN_POINT('',(214.14143824457,166.,-24.80150107406));
#1594 = SEAM_CURVE('',#1595,(#1599,#1606),.PCURVE_S1.);
#1595 = LINE('',#1596,#1597);
#1596 = CARTESIAN_POINT('',(214.14143824457,182.,-24.80150107406));
#1597 = VECTOR('',#1598,1.);
#1598 = DIRECTION('',(0.,-1.,0.));
#1599 = PCURVE('',#581,#1600);
#1600 = DEFINITIONAL_REPRESENTATION('',(#1601),#1605);
#1601 = LINE('',#1602,#1603);
#1602 = CARTESIAN_POINT('',(-0.,0.));
#1603 = VECTOR('',#1604,1.);
#1604 = DIRECTION('',(-0.,-1.));
#1605 = ( GEOMETRIC_REPRESENTATION_CONTEXT(2) 
PARAMETRIC_REPRESENTATION_CONTEXT() REPRESENTATION_CONTEXT('2D SPACE',''
  ) );
#1606 = PCURVE('',#581,#1607);
#1607 = DEFINITIONAL_REPRESENTATION('',(#1608),#1612);
#1608 = LINE('',#1609,#1610);
#1609 = CARTESIAN_POINT('',(-6.28318530718,0.));
#1610 = VECTOR('',#1611,1.);
#1611 = DIRECTION('',(-0.,-1.));
#1612 = ( GEOMETRIC_REPRESENTATION_CONTEXT(2) 
PARAMETRIC_REPRESENTATION_CONTEXT() REPRESENTATION_CONTEXT('2D SPACE',''
  ) );
#1613 = ORIENTED_EDGE('',*,*,#1614,.T.);
#1614 = EDGE_CURVE('',#1592,#1592,#1615,.T.);
#1615 = SURFACE_CURVE('',#1616,(#1621,#1628),.PCURVE_S1.);
#1616 = CIRCLE('',#1617,2.5);
#1617 = AXIS2_PLACEMENT_3D('',#1618,#1619,#1620);
#1618 = CARTESIAN_POINT('',(211.64143824457,166.,-24.80150107406));
#1619 = DIRECTION('',(0.,-1.,0.));
#1620 = DIRECTION('',(1.,0.,0.));
#1621 = PCURVE('',#581,#1622);
#1622 = DEFINITIONAL_REPRESENTATION('',(#1623),#1627);
#1623 = LINE('',#1624,#1625);
#1624 = CARTESIAN_POINT('',(-0.,-16.));
#1625 = VECTOR('',#1626,1.);
#1626 = DIRECTION('',(-1.,0.));
#1627 = ( GEOMETRIC_REPRESENTATION_CONTEXT(2) 
PARAMETRIC_REPRESENTATION_CONTEXT() REPRESENTATION_CONTEXT('2D SPACE',''
  ) );
#1628 = PCURVE('',#728,#1629);
#1629 = DEFINITIONAL_REPRESENTATION('',(#1630),#1634);
#1630 = CIRCLE('',#1631,2.5);
#1631 = AXIS2_PLACEMENT_2D('',#1632,#1633);
#1632 = CARTESIAN_POINT('',(42.,-5.684341886081E-14));
#1633 = DIRECTION('',(0.,1.));
#1634 = ( GEOMETRIC_REPRESENTATION_CONTEXT(2) 
PARAMETRIC_REPRESENTATION_CONTEXT() REPRESENTATION_CONTEXT('2D SPACE',''
  ) );
#1635 = ORIENTED_EDGE('',*,*,#1591,.F.);
#1636 = ORIENTED_EDGE('',*,*,#564,.F.);
#1637 = ADVANCED_FACE('',(#1638),#612,.F.);
#1638 = FACE_BOUND('',#1639,.T.);
#1639 = EDGE_LOOP('',(#1640,#1663,#1685,#1686));
#1640 = ORIENTED_EDGE('',*,*,#1641,.T.);
#1641 = EDGE_CURVE('',#596,#1642,#1644,.T.);
#1642 = VERTEX_POINT('',#1643);
#1643 = CARTESIAN_POINT('',(302.14143824457,166.,-24.80150107406));
#1644 = SEAM_CURVE('',#1645,(#1649,#1656),.PCURVE_S1.);
#1645 = LINE('',#1646,#1647);
#1646 = CARTESIAN_POINT('',(302.14143824457,182.,-24.80150107406));
#1647 = VECTOR('',#1648,1.);
#1648 = DIRECTION('',(0.,-1.,0.));
#1649 = PCURVE('',#612,#1650);
#1650 = DEFINITIONAL_REPRESENTATION('',(#1651),#1655);
#1651 = LINE('',#1652,#1653);
#1652 = CARTESIAN_POINT('',(-0.,0.));
#1653 = VECTOR('',#1654,1.);
#1654 = DIRECTION('',(-0.,-1.));
#1655 = ( GEOMETRIC_REPRESENTATION_CONTEXT(2) 
PARAMETRIC_REPRESENTATION_CONTEXT() REPRESENTATION_CONTEXT('2D SPACE',''
  ) );
#1656 = PCURVE('',#612,#1657);
#1657 = DEFINITIONAL_REPRESENTATION('',(#1658),#1662);
#1658 = LINE('',#1659,#1660);
#1659 = CARTESIAN_POINT('',(-6.28318530718,0.));
#1660 = VECTOR('',#1661,1.);
#1661 = DIRECTION('',(-0.,-1.));
#1662 = ( GEOMETRIC_REPRESENTATION_CONTEXT(2) 
PARAMETRIC_REPRESENTATION_CONTEXT() REPRESENTATION_CONTEXT('2D SPACE',''
  ) );
#1663 = ORIENTED_EDGE('',*,*,#1664,.T.);
#1664 = EDGE_CURVE('',#1642,#1642,#1665,.T.);
#1665 = SURFACE_CURVE('',#1666,(#1671,#1678),.PCURVE_S1.);
#1666 = CIRCLE('',#1667,2.5);
#1667 = AXIS2_PLACEMENT_3D('',#1668,#1669,#1670);
#1668 = CARTESIAN_POINT('',(299.64143824457,166.,-24.80150107406));
#1669 = DIRECTION('',(0.,-1.,0.));
#1670 = DIRECTION('',(1.,0.,0.));
#1671 = PCURVE('',#612,#1672);
#1672 = DEFINITIONAL_REPRESENTATION('',(#1673),#1677);
#1673 = LINE('',#1674,#1675);
#1674 = CARTESIAN_POINT('',(-0.,-16.));
#1675 = VECTOR('',#1676,1.);
#1676 = DIRECTION('',(-1.,0.));
#1677 = ( GEOMETRIC_REPRESENTATION_CONTEXT(2) 
PARAMETRIC_REPRESENTATION_CONTEXT() REPRESENTATION_CONTEXT('2D SPACE',''
  ) );
#1678 = PCURVE('',#728,#1679);
#1679 = DEFINITIONAL_REPRESENTATION('',(#1680),#1684);
#1680 = CIRCLE('',#1681,2.5);
#1681 = AXIS2_PLACEMENT_2D('',#1682,#1683);
#1682 = CARTESIAN_POINT('',(42.,88.));
#1683 = DIRECTION('',(0.,1.));
#1684 = ( GEOMETRIC_REPRESENTATION_CONTEXT(2) 
PARAMETRIC_REPRESENTATION_CONTEXT() REPRESENTATION_CONTEXT('2D SPACE',''
  ) );
#1685 = ORIENTED_EDGE('',*,*,#1641,.F.);
#1686 = ORIENTED_EDGE('',*,*,#595,.F.);
#1687 = ADVANCED_FACE('',(#1688),#643,.F.);
#1688 = FACE_BOUND('',#1689,.T.);
#1689 = EDGE_LOOP('',(#1690,#1713,#1735,#1736));
#1690 = ORIENTED_EDGE('',*,*,#1691,.T.);
#1691 = EDGE_CURVE('',#627,#1692,#1694,.T.);
#1692 = VERTEX_POINT('',#1693);
#1693 = CARTESIAN_POINT('',(390.14143824457,166.,-24.80150107406));
#1694 = SEAM_CURVE('',#1695,(#1699,#1706),.PCURVE_S1.);
#1695 = LINE('',#1696,#1697);
#1696 = CARTESIAN_POINT('',(390.14143824457,182.,-24.80150107406));
#1697 = VECTOR('',#1698,1.);
#1698 = DIRECTION('',(0.,-1.,0.));
#1699 = PCURVE('',#643,#1700);
#1700 = DEFINITIONAL_REPRESENTATION('',(#1701),#1705);
#1701 = LINE('',#1702,#1703);
#1702 = CARTESIAN_POINT('',(-0.,0.));
#1703 = VECTOR('',#1704,1.);
#1704 = DIRECTION('',(-0.,-1.));
#1705 = ( GEOMETRIC_REPRESENTATION_CONTEXT(2) 
PARAMETRIC_REPRESENTATION_CONTEXT() REPRESENTATION_CONTEXT('2D SPACE',''
  ) );
#1706 = PCURVE('',#643,#1707);
#1707 = DEFINITIONAL_REPRESENTATION('',(#1708),#1712);
#1708 = LINE('',#1709,#1710);
#1709 = CARTESIAN_POINT('',(-6.28318530718,0.));
#1710 = VECTOR('',#1711,1.);
#1711 = DIRECTION('',(-0.,-1.));
#1712 = ( GEOMETRIC_REPRESENTATION_CONTEXT(2) 
PARAMETRIC_REPRESENTATION_CONTEXT() REPRESENTATION_CONTEXT('2D SPACE',''
  ) );
#1713 = ORIENTED_EDGE('',*,*,#1714,.T.);
#1714 = EDGE_CURVE('',#1692,#1692,#1715,.T.);
#1715 = SURFACE_CURVE('',#1716,(#1721,#1728),.PCURVE_S1.);
#1716 = CIRCLE('',#1717,2.5);
#1717 = AXIS2_PLACEMENT_3D('',#1718,#1719,#1720);
#1718 = CARTESIAN_POINT('',(387.64143824457,166.,-24.80150107406));
#1719 = DIRECTION('',(0.,-1.,0.));
#1720 = DIRECTION('',(1.,0.,0.));
#1721 = PCURVE('',#643,#1722);
#1722 = DEFINITIONAL_REPRESENTATION('',(#1723),#1727);
#1723 = LINE('',#1724,#1725);
#1724 = CARTESIAN_POINT('',(-0.,-16.));
#1725 = VECTOR('',#1726,1.);
#1726 = DIRECTION('',(-1.,0.));
#1727 = ( GEOMETRIC_REPRESENTATION_CONTEXT(2) 
PARAMETRIC_REPRESENTATION_CONTEXT() REPRESENTATION_CONTEXT('2D SPACE',''
  ) );
#1728 = PCURVE('',#728,#1729);
#1729 = DEFINITIONAL_REPRESENTATION('',(#1730),#1734);
#1730 = CIRCLE('',#1731,2.5);
#1731 = AXIS2_PLACEMENT_2D('',#1732,#1733);
#1732 = CARTESIAN_POINT('',(42.,176.));
#1733 = DIRECTION('',(0.,1.));
#1734 = ( GEOMETRIC_REPRESENTATION_CONTEXT(2) 
PARAMETRIC_REPRESENTATION_CONTEXT() REPRESENTATION_CONTEXT('2D SPACE',''
  ) );
#1735 = ORIENTED_EDGE('',*,*,#1691,.F.);
#1736 = ORIENTED_EDGE('',*,*,#626,.F.);
#1737 = ADVANCED_FACE('',(#1738),#674,.F.);
#1738 = FACE_BOUND('',#1739,.T.);
#1739 = EDGE_LOOP('',(#1740,#1763,#1785,#1786));
#1740 = ORIENTED_EDGE('',*,*,#1741,.T.);
#1741 = EDGE_CURVE('',#658,#1742,#1744,.T.);
#1742 = VERTEX_POINT('',#1743);
#1743 = CARTESIAN_POINT('',(436.14143824457,166.,-24.80150107406));
#1744 = SEAM_CURVE('',#1745,(#1749,#1756),.PCURVE_S1.);
#1745 = LINE('',#1746,#1747);
#1746 = CARTESIAN_POINT('',(436.14143824457,182.,-24.80150107406));
#1747 = VECTOR('',#1748,1.);
#1748 = DIRECTION('',(0.,-1.,0.));
#1749 = PCURVE('',#674,#1750);
#1750 = DEFINITIONAL_REPRESENTATION('',(#1751),#1755);
#1751 = LINE('',#1752,#1753);
#1752 = CARTESIAN_POINT('',(-0.,0.));
#1753 = VECTOR('',#1754,1.);
#1754 = DIRECTION('',(-0.,-1.));
#1755 = ( GEOMETRIC_REPRESENTATION_CONTEXT(2) 
PARAMETRIC_REPRESENTATION_CONTEXT() REPRESENTATION_CONTEXT('2D SPACE',''
  ) );
#1756 = PCURVE('',#674,#1757);
#1757 = DEFINITIONAL_REPRESENTATION('',(#1758),#1762);
#1758 = LINE('',#1759,#1760);
#1759 = CARTESIAN_POINT('',(-6.28318530718,0.));
#1760 = VECTOR('',#1761,1.);
#1761 = DIRECTION('',(-0.,-1.));
#1762 = ( GEOMETRIC_REPRESENTATION_CONTEXT(2) 
PARAMETRIC_REPRESENTATION_CONTEXT() REPRESENTATION_CONTEXT('2D SPACE',''
  ) );
#1763 = ORIENTED_EDGE('',*,*,#1764,.T.);
#1764 = EDGE_CURVE('',#1742,#1742,#1765,.T.);
#1765 = SURFACE_CURVE('',#1766,(#1771,#1778),.PCURVE_S1.);
#1766 = CIRCLE('',#1767,2.5);
#1767 = AXIS2_PLACEMENT_3D('',#1768,#1769,#1770);
#1768 = CARTESIAN_POINT('',(433.64143824457,166.,-24.80150107406));
#1769 = DIRECTION('',(0.,-1.,0.));
#1770 = DIRECTION('',(1.,0.,0.));
#1771 = PCURVE('',#674,#1772);
#1772 = DEFINITIONAL_REPRESENTATION('',(#1773),#1777);
#1773 = LINE('',#1774,#1775);
#1774 = CARTESIAN_POINT('',(-0.,-16.));
#1775 = VECTOR('',#1776,1.);
#1776 = DIRECTION('',(-1.,0.));
#1777 = ( GEOMETRIC_REPRESENTATION_CONTEXT(2) 
PARAMETRIC_REPRESENTATION_CONTEXT() REPRESENTATION_CONTEXT('2D SPACE',''
  ) );
#1778 = PCURVE('',#728,#1779);
#1779 = DEFINITIONAL_REPRESENTATION('',(#1780),#1784);
#1780 = CIRCLE('',#1781,2.5);
#1781 = AXIS2_PLACEMENT_2D('',#1782,#1783);
#1782 = CARTESIAN_POINT('',(42.,222.));
#1783 = DIRECTION('',(0.,1.));
#1784 = ( GEOMETRIC_REPRESENTATION_CONTEXT(2) 
PARAMETRIC_REPRESENTATION_CONTEXT() REPRESENTATION_CONTEXT('2D SPACE',''
  ) );
#1785 = ORIENTED_EDGE('',*,*,#1741,.F.);
#1786 = ORIENTED_EDGE('',*,*,#657,.F.);
#1787 = ADVANCED_FACE('',(#1788,#1794,#1797,#1800,#1803,#1834,#1837,
    #1840,#1871,#1874,#1877,#1880,#1883,#1886,#1917,#1948,#1951,#1954,
    #1985,#1988),#728,.T.);
#1788 = FACE_BOUND('',#1789,.T.);
#1789 = EDGE_LOOP('',(#1790,#1791,#1792,#1793));
#1790 = ORIENTED_EDGE('',*,*,#712,.T.);
#1791 = ORIENTED_EDGE('',*,*,#815,.T.);
#1792 = ORIENTED_EDGE('',*,*,#864,.T.);
#1793 = ORIENTED_EDGE('',*,*,#788,.T.);
#1794 = FACE_BOUND('',#1795,.T.);
#1795 = EDGE_LOOP('',(#1796));
#1796 = ORIENTED_EDGE('',*,*,#913,.F.);
#1797 = FACE_BOUND('',#1798,.T.);
#1798 = EDGE_LOOP('',(#1799));
#1799 = ORIENTED_EDGE('',*,*,#963,.F.);
#1800 = FACE_BOUND('',#1801,.T.);
#1801 = EDGE_LOOP('',(#1802));
#1802 = ORIENTED_EDGE('',*,*,#1013,.F.);
#1803 = FACE_BOUND('',#1804,.T.);
#1804 = EDGE_LOOP('',(#1805));
#1805 = ORIENTED_EDGE('',*,*,#1806,.F.);
#1806 = EDGE_CURVE('',#1807,#1807,#1809,.T.);
#1807 = VERTEX_POINT('',#1808);
#1808 = CARTESIAN_POINT('',(64.648438244575,166.,17.198498925933));
#1809 = SURFACE_CURVE('',#1810,(#1815,#1822),.PCURVE_S1.);
#1810 = CIRCLE('',#1811,28.775);
#1811 = AXIS2_PLACEMENT_3D('',#1812,#1813,#1814);
#1812 = CARTESIAN_POINT('',(35.873438244575,166.,17.198498925933));
#1813 = DIRECTION('',(0.,-1.,0.));
#1814 = DIRECTION('',(1.,0.,0.));
#1815 = PCURVE('',#728,#1816);
#1816 = DEFINITIONAL_REPRESENTATION('',(#1817),#1821);
#1817 = CIRCLE('',#1818,28.775);
#1818 = AXIS2_PLACEMENT_2D('',#1819,#1820);
#1819 = CARTESIAN_POINT('',(3.552713678801E-15,-175.768));
#1820 = DIRECTION('',(0.,1.));
#1821 = ( GEOMETRIC_REPRESENTATION_CONTEXT(2) 
PARAMETRIC_REPRESENTATION_CONTEXT() REPRESENTATION_CONTEXT('2D SPACE',''
  ) );
#1822 = PCURVE('',#1823,#1828);
#1823 = CYLINDRICAL_SURFACE('',#1824,28.775);
#1824 = AXIS2_PLACEMENT_3D('',#1825,#1826,#1827);
#1825 = CARTESIAN_POINT('',(35.873438244575,168.,17.198498925933));
#1826 = DIRECTION('',(-0.,1.,-0.));
#1827 = DIRECTION('',(1.,0.,0.));
#1828 = DEFINITIONAL_REPRESENTATION('',(#1829),#1833);
#1829 = LINE('',#1830,#1831);
#1830 = CARTESIAN_POINT('',(-0.,-2.));
#1831 = VECTOR('',#1832,1.);
#1832 = DIRECTION('',(-1.,0.));
#1833 = ( GEOMETRIC_REPRESENTATION_CONTEXT(2) 
PARAMETRIC_REPRESENTATION_CONTEXT() REPRESENTATION_CONTEXT('2D SPACE',''
  ) );
#1834 = FACE_BOUND('',#1835,.T.);
#1835 = EDGE_LOOP('',(#1836));
#1836 = ORIENTED_EDGE('',*,*,#1063,.F.);
#1837 = FACE_BOUND('',#1838,.T.);
#1838 = EDGE_LOOP('',(#1839));
#1839 = ORIENTED_EDGE('',*,*,#1113,.F.);
#1840 = FACE_BOUND('',#1841,.T.);
#1841 = EDGE_LOOP('',(#1842));
#1842 = ORIENTED_EDGE('',*,*,#1843,.F.);
#1843 = EDGE_CURVE('',#1844,#1844,#1846,.T.);
#1844 = VERTEX_POINT('',#1845);
#1845 = CARTESIAN_POINT('',(152.53243824457,166.,17.198498925933));
#1846 = SURFACE_CURVE('',#1847,(#1852,#1859),.PCURVE_S1.);
#1847 = CIRCLE('',#1848,28.775);
#1848 = AXIS2_PLACEMENT_3D('',#1849,#1850,#1851);
#1849 = CARTESIAN_POINT('',(123.75743824457,166.,17.198498925933));
#1850 = DIRECTION('',(0.,-1.,0.));
#1851 = DIRECTION('',(1.,0.,0.));
#1852 = PCURVE('',#728,#1853);
#1853 = DEFINITIONAL_REPRESENTATION('',(#1854),#1858);
#1854 = CIRCLE('',#1855,28.775);
#1855 = AXIS2_PLACEMENT_2D('',#1856,#1857);
#1856 = CARTESIAN_POINT('',(3.552713678801E-15,-87.884));
#1857 = DIRECTION('',(0.,1.));
#1858 = ( GEOMETRIC_REPRESENTATION_CONTEXT(2) 
PARAMETRIC_REPRESENTATION_CONTEXT() REPRESENTATION_CONTEXT('2D SPACE',''
  ) );
#1859 = PCURVE('',#1860,#1865);
#1860 = CYLINDRICAL_SURFACE('',#1861,28.775);
#1861 = AXIS2_PLACEMENT_3D('',#1862,#1863,#1864);
#1862 = CARTESIAN_POINT('',(123.75743824457,168.,17.198498925933));
#1863 = DIRECTION('',(-0.,1.,-0.));
#1864 = DIRECTION('',(1.,0.,0.));
#1865 = DEFINITIONAL_REPRESENTATION('',(#1866),#1870);
#1866 = LINE('',#1867,#1868);
#1867 = CARTESIAN_POINT('',(-0.,-2.));
#1868 = VECTOR('',#1869,1.);
#1869 = DIRECTION('',(-1.,0.));
#1870 = ( GEOMETRIC_REPRESENTATION_CONTEXT(2) 
PARAMETRIC_REPRESENTATION_CONTEXT() REPRESENTATION_CONTEXT('2D SPACE',''
  ) );
#1871 = FACE_BOUND('',#1872,.T.);
#1872 = EDGE_LOOP('',(#1873));
#1873 = ORIENTED_EDGE('',*,*,#1163,.F.);
#1874 = FACE_BOUND('',#1875,.T.);
#1875 = EDGE_LOOP('',(#1876));
#1876 = ORIENTED_EDGE('',*,*,#1213,.F.);
#1877 = FACE_BOUND('',#1878,.T.);
#1878 = EDGE_LOOP('',(#1879));
#1879 = ORIENTED_EDGE('',*,*,#1263,.F.);
#1880 = FACE_BOUND('',#1881,.T.);
#1881 = EDGE_LOOP('',(#1882));
#1882 = ORIENTED_EDGE('',*,*,#1313,.F.);
#1883 = FACE_BOUND('',#1884,.T.);
#1884 = EDGE_LOOP('',(#1885));
#1885 = ORIENTED_EDGE('',*,*,#1363,.F.);
#1886 = FACE_BOUND('',#1887,.T.);
#1887 = EDGE_LOOP('',(#1888));
#1888 = ORIENTED_EDGE('',*,*,#1889,.F.);
#1889 = EDGE_CURVE('',#1890,#1890,#1892,.T.);
#1890 = VERTEX_POINT('',#1891);
#1891 = CARTESIAN_POINT('',(240.41643824457,166.,17.198498925933));
#1892 = SURFACE_CURVE('',#1893,(#1898,#1905),.PCURVE_S1.);
#1893 = CIRCLE('',#1894,28.775);
#1894 = AXIS2_PLACEMENT_3D('',#1895,#1896,#1897);
#1895 = CARTESIAN_POINT('',(211.64143824457,166.,17.198498925933));
#1896 = DIRECTION('',(0.,-1.,0.));
#1897 = DIRECTION('',(1.,0.,0.));
#1898 = PCURVE('',#728,#1899);
#1899 = DEFINITIONAL_REPRESENTATION('',(#1900),#1904);
#1900 = CIRCLE('',#1901,28.775);
#1901 = AXIS2_PLACEMENT_2D('',#1902,#1903);
#1902 = CARTESIAN_POINT('',(3.552713678801E-15,-5.684341886081E-14));
#1903 = DIRECTION('',(0.,1.));
#1904 = ( GEOMETRIC_REPRESENTATION_CONTEXT(2) 
PARAMETRIC_REPRESENTATION_CONTEXT() REPRESENTATION_CONTEXT('2D SPACE',''
  ) );
#1905 = PCURVE('',#1906,#1911);
#1906 = CYLINDRICAL_SURFACE('',#1907,28.775);
#1907 = AXIS2_PLACEMENT_3D('',#1908,#1909,#1910);
#1908 = CARTESIAN_POINT('',(211.64143824457,168.,17.198498925933));
#1909 = DIRECTION('',(-0.,1.,-0.));
#1910 = DIRECTION('',(1.,0.,0.));
#1911 = DEFINITIONAL_REPRESENTATION('',(#1912),#1916);
#1912 = LINE('',#1913,#1914);
#1913 = CARTESIAN_POINT('',(-0.,-2.));
#1914 = VECTOR('',#1915,1.);
#1915 = DIRECTION('',(-1.,0.));
#1916 = ( GEOMETRIC_REPRESENTATION_CONTEXT(2) 
PARAMETRIC_REPRESENTATION_CONTEXT() REPRESENTATION_CONTEXT('2D SPACE',''
  ) );
#1917 = FACE_BOUND('',#1918,.T.);
#1918 = EDGE_LOOP('',(#1919));
#1919 = ORIENTED_EDGE('',*,*,#1920,.F.);
#1920 = EDGE_CURVE('',#1921,#1921,#1923,.T.);
#1921 = VERTEX_POINT('',#1922);
#1922 = CARTESIAN_POINT('',(328.30043824457,166.,17.198498925933));
#1923 = SURFACE_CURVE('',#1924,(#1929,#1936),.PCURVE_S1.);
#1924 = CIRCLE('',#1925,28.775);
#1925 = AXIS2_PLACEMENT_3D('',#1926,#1927,#1928);
#1926 = CARTESIAN_POINT('',(299.52543824457,166.,17.198498925933));
#1927 = DIRECTION('',(0.,-1.,0.));
#1928 = DIRECTION('',(1.,0.,0.));
#1929 = PCURVE('',#728,#1930);
#1930 = DEFINITIONAL_REPRESENTATION('',(#1931),#1935);
#1931 = CIRCLE('',#1932,28.775);
#1932 = AXIS2_PLACEMENT_2D('',#1933,#1934);
#1933 = CARTESIAN_POINT('',(3.552713678801E-15,87.884));
#1934 = DIRECTION('',(0.,1.));
#1935 = ( GEOMETRIC_REPRESENTATION_CONTEXT(2) 
PARAMETRIC_REPRESENTATION_CONTEXT() REPRESENTATION_CONTEXT('2D SPACE',''
  ) );
#1936 = PCURVE('',#1937,#1942);
#1937 = CYLINDRICAL_SURFACE('',#1938,28.775);
#1938 = AXIS2_PLACEMENT_3D('',#1939,#1940,#1941);
#1939 = CARTESIAN_POINT('',(299.52543824457,168.,17.198498925933));
#1940 = DIRECTION('',(-0.,1.,-0.));
#1941 = DIRECTION('',(1.,0.,0.));
#1942 = DEFINITIONAL_REPRESENTATION('',(#1943),#1947);
#1943 = LINE('',#1944,#1945);
#1944 = CARTESIAN_POINT('',(-0.,-2.));
#1945 = VECTOR('',#1946,1.);
#1946 = DIRECTION('',(-1.,0.));
#1947 = ( GEOMETRIC_REPRESENTATION_CONTEXT(2) 
PARAMETRIC_REPRESENTATION_CONTEXT() REPRESENTATION_CONTEXT('2D SPACE',''
  ) );
#1948 = FACE_BOUND('',#1949,.T.);
#1949 = EDGE_LOOP('',(#1950));
#1950 = ORIENTED_EDGE('',*,*,#1614,.F.);
#1951 = FACE_BOUND('',#1952,.T.);
#1952 = EDGE_LOOP('',(#1953));
#1953 = ORIENTED_EDGE('',*,*,#1664,.F.);
#1954 = FACE_BOUND('',#1955,.T.);
#1955 = EDGE_LOOP('',(#1956));
#1956 = ORIENTED_EDGE('',*,*,#1957,.F.);
#1957 = EDGE_CURVE('',#1958,#1958,#1960,.T.);
#1958 = VERTEX_POINT('',#1959);
#1959 = CARTESIAN_POINT('',(416.18443824457,166.,17.198498925933));
#1960 = SURFACE_CURVE('',#1961,(#1966,#1973),.PCURVE_S1.);
#1961 = CIRCLE('',#1962,28.775);
#1962 = AXIS2_PLACEMENT_3D('',#1963,#1964,#1965);
#1963 = CARTESIAN_POINT('',(387.40943824457,166.,17.198498925933));
#1964 = DIRECTION('',(0.,-1.,0.));
#1965 = DIRECTION('',(1.,0.,0.));
#1966 = PCURVE('',#728,#1967);
#1967 = DEFINITIONAL_REPRESENTATION('',(#1968),#1972);
#1968 = CIRCLE('',#1969,28.775);
#1969 = AXIS2_PLACEMENT_2D('',#1970,#1971);
#1970 = CARTESIAN_POINT('',(3.552713678801E-15,175.768));
#1971 = DIRECTION('',(0.,1.));
#1972 = ( GEOMETRIC_REPRESENTATION_CONTEXT(2) 
PARAMETRIC_REPRESENTATION_CONTEXT() REPRESENTATION_CONTEXT('2D SPACE',''
  ) );
#1973 = PCURVE('',#1974,#1979);
#1974 = CYLINDRICAL_SURFACE('',#1975,28.775);
#1975 = AXIS2_PLACEMENT_3D('',#1976,#1977,#1978);
#1976 = CARTESIAN_POINT('',(387.40943824457,168.,17.198498925933));
#1977 = DIRECTION('',(-0.,1.,-0.));
#1978 = DIRECTION('',(1.,0.,0.));
#1979 = DEFINITIONAL_REPRESENTATION('',(#1980),#1984);
#1980 = LINE('',#1981,#1982);
#1981 = CARTESIAN_POINT('',(-0.,-2.));
#1982 = VECTOR('',#1983,1.);
#1983 = DIRECTION('',(-1.,0.));
#1984 = ( GEOMETRIC_REPRESENTATION_CONTEXT(2) 
PARAMETRIC_REPRESENTATION_CONTEXT() REPRESENTATION_CONTEXT('2D SPACE',''
  ) );
#1985 = FACE_BOUND('',#1986,.T.);
#1986 = EDGE_LOOP('',(#1987));
#1987 = ORIENTED_EDGE('',*,*,#1714,.F.);
#1988 = FACE_BOUND('',#1989,.T.);
#1989 = EDGE_LOOP('',(#1990));
#1990 = ORIENTED_EDGE('',*,*,#1764,.F.);
#1991 = ADVANCED_FACE('',(#1992,#1998),#1429,.F.);
#1992 = FACE_BOUND('',#1993,.F.);
#1993 = EDGE_LOOP('',(#1994,#1995,#1996,#1997));
#1994 = ORIENTED_EDGE('',*,*,#1413,.T.);
#1995 = ORIENTED_EDGE('',*,*,#1467,.T.);
#1996 = ORIENTED_EDGE('',*,*,#1516,.T.);
#1997 = ORIENTED_EDGE('',*,*,#1565,.T.);
#1998 = FACE_BOUND('',#1999,.F.);
#1999 = EDGE_LOOP('',(#2000,#2030,#2058,#2086));
#2000 = ORIENTED_EDGE('',*,*,#2001,.F.);
#2001 = EDGE_CURVE('',#2002,#2004,#2006,.T.);
#2002 = VERTEX_POINT('',#2003);
#2003 = CARTESIAN_POINT('',(1.941438244575,179.3,-15.50150107406));
#2004 = VERTEX_POINT('',#2005);
#2005 = CARTESIAN_POINT('',(421.34143824457,179.3,-15.50150107406));
#2006 = SURFACE_CURVE('',#2007,(#2011,#2018),.PCURVE_S1.);
#2007 = LINE('',#2008,#2009);
#2008 = CARTESIAN_POINT('',(1.941438244575,179.3,-15.50150107406));
#2009 = VECTOR('',#2010,1.);
#2010 = DIRECTION('',(1.,0.,0.));
#2011 = PCURVE('',#1429,#2012);
#2012 = DEFINITIONAL_REPRESENTATION('',(#2013),#2017);
#2013 = LINE('',#2014,#2015);
#2014 = CARTESIAN_POINT('',(32.7,-209.7));
#2015 = VECTOR('',#2016,1.);
#2016 = DIRECTION('',(0.,1.));
#2017 = ( GEOMETRIC_REPRESENTATION_CONTEXT(2) 
PARAMETRIC_REPRESENTATION_CONTEXT() REPRESENTATION_CONTEXT('2D SPACE',''
  ) );
#2018 = PCURVE('',#2019,#2024);
#2019 = PLANE('',#2020);
#2020 = AXIS2_PLACEMENT_3D('',#2021,#2022,#2023);
#2021 = CARTESIAN_POINT('',(1.941438244575,182.,-15.50150107406));
#2022 = DIRECTION('',(-0.,0.,1.));
#2023 = DIRECTION('',(1.,0.,0.));
#2024 = DEFINITIONAL_REPRESENTATION('',(#2025),#2029);
#2025 = LINE('',#2026,#2027);
#2026 = CARTESIAN_POINT('',(0.,-2.7));
#2027 = VECTOR('',#2028,1.);
#2028 = DIRECTION('',(1.,0.));
#2029 = ( GEOMETRIC_REPRESENTATION_CONTEXT(2) 
PARAMETRIC_REPRESENTATION_CONTEXT() REPRESENTATION_CONTEXT('2D SPACE',''
  ) );
#2030 = ORIENTED_EDGE('',*,*,#2031,.F.);
#2031 = EDGE_CURVE('',#2032,#2002,#2034,.T.);
#2032 = VERTEX_POINT('',#2033);
#2033 = CARTESIAN_POINT('',(1.941438244575,179.3,49.898498925933));
#2034 = SURFACE_CURVE('',#2035,(#2039,#2046),.PCURVE_S1.);
#2035 = LINE('',#2036,#2037);
#2036 = CARTESIAN_POINT('',(1.941438244575,179.3,49.898498925933));
#2037 = VECTOR('',#2038,1.);
#2038 = DIRECTION('',(0.,0.,-1.));
#2039 = PCURVE('',#1429,#2040);
#2040 = DEFINITIONAL_REPRESENTATION('',(#2041),#2045);
#2041 = LINE('',#2042,#2043);
#2042 = CARTESIAN_POINT('',(-32.7,-209.7));
#2043 = VECTOR('',#2044,1.);
#2044 = DIRECTION('',(1.,0.));
#2045 = ( GEOMETRIC_REPRESENTATION_CONTEXT(2) 
PARAMETRIC_REPRESENTATION_CONTEXT() REPRESENTATION_CONTEXT('2D SPACE',''
  ) );
#2046 = PCURVE('',#2047,#2052);
#2047 = PLANE('',#2048);
#2048 = AXIS2_PLACEMENT_3D('',#2049,#2050,#2051);
#2049 = CARTESIAN_POINT('',(1.941438244575,182.,49.898498925933));
#2050 = DIRECTION('',(1.,0.,0.));
#2051 = DIRECTION('',(0.,0.,-1.));
#2052 = DEFINITIONAL_REPRESENTATION('',(#2053),#2057);
#2053 = LINE('',#2054,#2055);
#2054 = CARTESIAN_POINT('',(0.,-2.7));
#2055 = VECTOR('',#2056,1.);
#2056 = DIRECTION('',(1.,0.));
#2057 = ( GEOMETRIC_REPRESENTATION_CONTEXT(2) 
PARAMETRIC_REPRESENTATION_CONTEXT() REPRESENTATION_CONTEXT('2D SPACE',''
  ) );
#2058 = ORIENTED_EDGE('',*,*,#2059,.F.);
#2059 = EDGE_CURVE('',#2060,#2032,#2062,.T.);
#2060 = VERTEX_POINT('',#2061);
#2061 = CARTESIAN_POINT('',(421.34143824457,179.3,49.898498925933));
#2062 = SURFACE_CURVE('',#2063,(#2067,#2074),.PCURVE_S1.);
#2063 = LINE('',#2064,#2065);
#2064 = CARTESIAN_POINT('',(421.34143824457,179.3,49.898498925933));
#2065 = VECTOR('',#2066,1.);
#2066 = DIRECTION('',(-1.,0.,0.));
#2067 = PCURVE('',#1429,#2068);
#2068 = DEFINITIONAL_REPRESENTATION('',(#2069),#2073);
#2069 = LINE('',#2070,#2071);
#2070 = CARTESIAN_POINT('',(-32.7,209.7));
#2071 = VECTOR('',#2072,1.);
#2072 = DIRECTION('',(0.,-1.));
#2073 = ( GEOMETRIC_REPRESENTATION_CONTEXT(2) 
PARAMETRIC_REPRESENTATION_CONTEXT() REPRESENTATION_CONTEXT('2D SPACE',''
  ) );
#2074 = PCURVE('',#2075,#2080);
#2075 = PLANE('',#2076);
#2076 = AXIS2_PLACEMENT_3D('',#2077,#2078,#2079);
#2077 = CARTESIAN_POINT('',(421.34143824457,182.,49.898498925933));
#2078 = DIRECTION('',(-0.,-0.,-1.));
#2079 = DIRECTION('',(-1.,0.,0.));
#2080 = DEFINITIONAL_REPRESENTATION('',(#2081),#2085);
#2081 = LINE('',#2082,#2083);
#2082 = CARTESIAN_POINT('',(0.,-2.7));
#2083 = VECTOR('',#2084,1.);
#2084 = DIRECTION('',(1.,0.));
#2085 = ( GEOMETRIC_REPRESENTATION_CONTEXT(2) 
PARAMETRIC_REPRESENTATION_CONTEXT() REPRESENTATION_CONTEXT('2D SPACE',''
  ) );
#2086 = ORIENTED_EDGE('',*,*,#2087,.F.);
#2087 = EDGE_CURVE('',#2004,#2060,#2088,.T.);
#2088 = SURFACE_CURVE('',#2089,(#2093,#2100),.PCURVE_S1.);
#2089 = LINE('',#2090,#2091);
#2090 = CARTESIAN_POINT('',(421.34143824457,179.3,-15.50150107406));
#2091 = VECTOR('',#2092,1.);
#2092 = DIRECTION('',(0.,0.,1.));
#2093 = PCURVE('',#1429,#2094);
#2094 = DEFINITIONAL_REPRESENTATION('',(#2095),#2099);
#2095 = LINE('',#2096,#2097);
#2096 = CARTESIAN_POINT('',(32.7,209.7));
#2097 = VECTOR('',#2098,1.);
#2098 = DIRECTION('',(-1.,0.));
#2099 = ( GEOMETRIC_REPRESENTATION_CONTEXT(2) 
PARAMETRIC_REPRESENTATION_CONTEXT() REPRESENTATION_CONTEXT('2D SPACE',''
  ) );
#2100 = PCURVE('',#2101,#2106);
#2101 = PLANE('',#2102);
#2102 = AXIS2_PLACEMENT_3D('',#2103,#2104,#2105);
#2103 = CARTESIAN_POINT('',(421.34143824457,182.,-15.50150107406));
#2104 = DIRECTION('',(-1.,0.,0.));
#2105 = DIRECTION('',(0.,0.,1.));
#2106 = DEFINITIONAL_REPRESENTATION('',(#2107),#2111);
#2107 = LINE('',#2108,#2109);
#2108 = CARTESIAN_POINT('',(0.,-2.7));
#2109 = VECTOR('',#2110,1.);
#2110 = DIRECTION('',(1.,0.));
#2111 = ( GEOMETRIC_REPRESENTATION_CONTEXT(2) 
PARAMETRIC_REPRESENTATION_CONTEXT() REPRESENTATION_CONTEXT('2D SPACE',''
  ) );
#2112 = ADVANCED_FACE('',(#2113),#1823,.F.);
#2113 = FACE_BOUND('',#2114,.T.);
#2114 = EDGE_LOOP('',(#2115,#2138,#2139,#2140));
#2115 = ORIENTED_EDGE('',*,*,#2116,.T.);
#2116 = EDGE_CURVE('',#2117,#1807,#2119,.T.);
#2117 = VERTEX_POINT('',#2118);
#2118 = CARTESIAN_POINT('',(64.648438244575,168.,17.198498925933));
#2119 = SEAM_CURVE('',#2120,(#2124,#2131),.PCURVE_S1.);
#2120 = LINE('',#2121,#2122);
#2121 = CARTESIAN_POINT('',(64.648438244575,168.,17.198498925933));
#2122 = VECTOR('',#2123,1.);
#2123 = DIRECTION('',(0.,-1.,0.));
#2124 = PCURVE('',#1823,#2125);
#2125 = DEFINITIONAL_REPRESENTATION('',(#2126),#2130);
#2126 = LINE('',#2127,#2128);
#2127 = CARTESIAN_POINT('',(-0.,0.));
#2128 = VECTOR('',#2129,1.);
#2129 = DIRECTION('',(-0.,-1.));
#2130 = ( GEOMETRIC_REPRESENTATION_CONTEXT(2) 
PARAMETRIC_REPRESENTATION_CONTEXT() REPRESENTATION_CONTEXT('2D SPACE',''
  ) );
#2131 = PCURVE('',#1823,#2132);
#2132 = DEFINITIONAL_REPRESENTATION('',(#2133),#2137);
#2133 = LINE('',#2134,#2135);
#2134 = CARTESIAN_POINT('',(-6.28318530718,0.));
#2135 = VECTOR('',#2136,1.);
#2136 = DIRECTION('',(-0.,-1.));
#2137 = ( GEOMETRIC_REPRESENTATION_CONTEXT(2) 
PARAMETRIC_REPRESENTATION_CONTEXT() REPRESENTATION_CONTEXT('2D SPACE',''
  ) );
#2138 = ORIENTED_EDGE('',*,*,#1806,.T.);
#2139 = ORIENTED_EDGE('',*,*,#2116,.F.);
#2140 = ORIENTED_EDGE('',*,*,#2141,.F.);
#2141 = EDGE_CURVE('',#2117,#2117,#2142,.T.);
#2142 = SURFACE_CURVE('',#2143,(#2148,#2155),.PCURVE_S1.);
#2143 = CIRCLE('',#2144,28.775);
#2144 = AXIS2_PLACEMENT_3D('',#2145,#2146,#2147);
#2145 = CARTESIAN_POINT('',(35.873438244575,168.,17.198498925933));
#2146 = DIRECTION('',(0.,-1.,0.));
#2147 = DIRECTION('',(1.,0.,0.));
#2148 = PCURVE('',#1823,#2149);
#2149 = DEFINITIONAL_REPRESENTATION('',(#2150),#2154);
#2150 = LINE('',#2151,#2152);
#2151 = CARTESIAN_POINT('',(-0.,0.));
#2152 = VECTOR('',#2153,1.);
#2153 = DIRECTION('',(-1.,0.));
#2154 = ( GEOMETRIC_REPRESENTATION_CONTEXT(2) 
PARAMETRIC_REPRESENTATION_CONTEXT() REPRESENTATION_CONTEXT('2D SPACE',''
  ) );
#2155 = PCURVE('',#2156,#2161);
#2156 = PLANE('',#2157);
#2157 = AXIS2_PLACEMENT_3D('',#2158,#2159,#2160);
#2158 = CARTESIAN_POINT('',(35.873438244575,168.,17.198498925933));
#2159 = DIRECTION('',(-0.,-1.,-0.));
#2160 = DIRECTION('',(0.,0.,-1.));
#2161 = DEFINITIONAL_REPRESENTATION('',(#2162),#2166);
#2162 = CIRCLE('',#2163,28.775);
#2163 = AXIS2_PLACEMENT_2D('',#2164,#2165);
#2164 = CARTESIAN_POINT('',(0.,0.));
#2165 = DIRECTION('',(0.,1.));
#2166 = ( GEOMETRIC_REPRESENTATION_CONTEXT(2) 
PARAMETRIC_REPRESENTATION_CONTEXT() REPRESENTATION_CONTEXT('2D SPACE',''
  ) );
#2167 = ADVANCED_FACE('',(#2168),#1860,.F.);
#2168 = FACE_BOUND('',#2169,.T.);
#2169 = EDGE_LOOP('',(#2170,#2193,#2194,#2195));
#2170 = ORIENTED_EDGE('',*,*,#2171,.T.);
#2171 = EDGE_CURVE('',#2172,#1844,#2174,.T.);
#2172 = VERTEX_POINT('',#2173);
#2173 = CARTESIAN_POINT('',(152.53243824457,168.,17.198498925933));
#2174 = SEAM_CURVE('',#2175,(#2179,#2186),.PCURVE_S1.);
#2175 = LINE('',#2176,#2177);
#2176 = CARTESIAN_POINT('',(152.53243824457,168.,17.198498925933));
#2177 = VECTOR('',#2178,1.);
#2178 = DIRECTION('',(0.,-1.,0.));
#2179 = PCURVE('',#1860,#2180);
#2180 = DEFINITIONAL_REPRESENTATION('',(#2181),#2185);
#2181 = LINE('',#2182,#2183);
#2182 = CARTESIAN_POINT('',(-0.,0.));
#2183 = VECTOR('',#2184,1.);
#2184 = DIRECTION('',(-0.,-1.));
#2185 = ( GEOMETRIC_REPRESENTATION_CONTEXT(2) 
PARAMETRIC_REPRESENTATION_CONTEXT() REPRESENTATION_CONTEXT('2D SPACE',''
  ) );
#2186 = PCURVE('',#1860,#2187);
#2187 = DEFINITIONAL_REPRESENTATION('',(#2188),#2192);
#2188 = LINE('',#2189,#2190);
#2189 = CARTESIAN_POINT('',(-6.28318530718,0.));
#2190 = VECTOR('',#2191,1.);
#2191 = DIRECTION('',(-0.,-1.));
#2192 = ( GEOMETRIC_REPRESENTATION_CONTEXT(2) 
PARAMETRIC_REPRESENTATION_CONTEXT() REPRESENTATION_CONTEXT('2D SPACE',''
  ) );
#2193 = ORIENTED_EDGE('',*,*,#1843,.T.);
#2194 = ORIENTED_EDGE('',*,*,#2171,.F.);
#2195 = ORIENTED_EDGE('',*,*,#2196,.F.);
#2196 = EDGE_CURVE('',#2172,#2172,#2197,.T.);
#2197 = SURFACE_CURVE('',#2198,(#2203,#2210),.PCURVE_S1.);
#2198 = CIRCLE('',#2199,28.775);
#2199 = AXIS2_PLACEMENT_3D('',#2200,#2201,#2202);
#2200 = CARTESIAN_POINT('',(123.75743824457,168.,17.198498925933));
#2201 = DIRECTION('',(0.,-1.,0.));
#2202 = DIRECTION('',(1.,0.,0.));
#2203 = PCURVE('',#1860,#2204);
#2204 = DEFINITIONAL_REPRESENTATION('',(#2205),#2209);
#2205 = LINE('',#2206,#2207);
#2206 = CARTESIAN_POINT('',(-0.,0.));
#2207 = VECTOR('',#2208,1.);
#2208 = DIRECTION('',(-1.,0.));
#2209 = ( GEOMETRIC_REPRESENTATION_CONTEXT(2) 
PARAMETRIC_REPRESENTATION_CONTEXT() REPRESENTATION_CONTEXT('2D SPACE',''
  ) );
#2210 = PCURVE('',#2211,#2216);
#2211 = PLANE('',#2212);
#2212 = AXIS2_PLACEMENT_3D('',#2213,#2214,#2215);
#2213 = CARTESIAN_POINT('',(123.75743824457,168.,17.198498925933));
#2214 = DIRECTION('',(-0.,-1.,-0.));
#2215 = DIRECTION('',(0.,0.,-1.));
#2216 = DEFINITIONAL_REPRESENTATION('',(#2217),#2221);
#2217 = CIRCLE('',#2218,28.775);
#2218 = AXIS2_PLACEMENT_2D('',#2219,#2220);
#2219 = CARTESIAN_POINT('',(-3.552713678801E-15,1.42108547152E-14));
#2220 = DIRECTION('',(0.,1.));
#2221 = ( GEOMETRIC_REPRESENTATION_CONTEXT(2) 
PARAMETRIC_REPRESENTATION_CONTEXT() REPRESENTATION_CONTEXT('2D SPACE',''
  ) );
#2222 = ADVANCED_FACE('',(#2223),#1906,.F.);
#2223 = FACE_BOUND('',#2224,.T.);
#2224 = EDGE_LOOP('',(#2225,#2248,#2249,#2250));
#2225 = ORIENTED_EDGE('',*,*,#2226,.T.);
#2226 = EDGE_CURVE('',#2227,#1890,#2229,.T.);
#2227 = VERTEX_POINT('',#2228);
#2228 = CARTESIAN_POINT('',(240.41643824457,168.,17.198498925933));
#2229 = SEAM_CURVE('',#2230,(#2234,#2241),.PCURVE_S1.);
#2230 = LINE('',#2231,#2232);
#2231 = CARTESIAN_POINT('',(240.41643824457,168.,17.198498925933));
#2232 = VECTOR('',#2233,1.);
#2233 = DIRECTION('',(0.,-1.,0.));
#2234 = PCURVE('',#1906,#2235);
#2235 = DEFINITIONAL_REPRESENTATION('',(#2236),#2240);
#2236 = LINE('',#2237,#2238);
#2237 = CARTESIAN_POINT('',(-0.,0.));
#2238 = VECTOR('',#2239,1.);
#2239 = DIRECTION('',(-0.,-1.));
#2240 = ( GEOMETRIC_REPRESENTATION_CONTEXT(2) 
PARAMETRIC_REPRESENTATION_CONTEXT() REPRESENTATION_CONTEXT('2D SPACE',''
  ) );
#2241 = PCURVE('',#1906,#2242);
#2242 = DEFINITIONAL_REPRESENTATION('',(#2243),#2247);
#2243 = LINE('',#2244,#2245);
#2244 = CARTESIAN_POINT('',(-6.28318530718,0.));
#2245 = VECTOR('',#2246,1.);
#2246 = DIRECTION('',(-0.,-1.));
#2247 = ( GEOMETRIC_REPRESENTATION_CONTEXT(2) 
PARAMETRIC_REPRESENTATION_CONTEXT() REPRESENTATION_CONTEXT('2D SPACE',''
  ) );
#2248 = ORIENTED_EDGE('',*,*,#1889,.T.);
#2249 = ORIENTED_EDGE('',*,*,#2226,.F.);
#2250 = ORIENTED_EDGE('',*,*,#2251,.F.);
#2251 = EDGE_CURVE('',#2227,#2227,#2252,.T.);
#2252 = SURFACE_CURVE('',#2253,(#2258,#2265),.PCURVE_S1.);
#2253 = CIRCLE('',#2254,28.775);
#2254 = AXIS2_PLACEMENT_3D('',#2255,#2256,#2257);
#2255 = CARTESIAN_POINT('',(211.64143824457,168.,17.198498925933));
#2256 = DIRECTION('',(0.,-1.,0.));
#2257 = DIRECTION('',(1.,0.,0.));
#2258 = PCURVE('',#1906,#2259);
#2259 = DEFINITIONAL_REPRESENTATION('',(#2260),#2264);
#2260 = LINE('',#2261,#2262);
#2261 = CARTESIAN_POINT('',(-0.,0.));
#2262 = VECTOR('',#2263,1.);
#2263 = DIRECTION('',(-1.,0.));
#2264 = ( GEOMETRIC_REPRESENTATION_CONTEXT(2) 
PARAMETRIC_REPRESENTATION_CONTEXT() REPRESENTATION_CONTEXT('2D SPACE',''
  ) );
#2265 = PCURVE('',#2266,#2271);
#2266 = PLANE('',#2267);
#2267 = AXIS2_PLACEMENT_3D('',#2268,#2269,#2270);
#2268 = CARTESIAN_POINT('',(211.64143824457,168.,17.198498925933));
#2269 = DIRECTION('',(-0.,-1.,-0.));
#2270 = DIRECTION('',(0.,0.,-1.));
#2271 = DEFINITIONAL_REPRESENTATION('',(#2272),#2276);
#2272 = CIRCLE('',#2273,28.775);
#2273 = AXIS2_PLACEMENT_2D('',#2274,#2275);
#2274 = CARTESIAN_POINT('',(-3.552713678801E-15,0.));
#2275 = DIRECTION('',(0.,1.));
#2276 = ( GEOMETRIC_REPRESENTATION_CONTEXT(2) 
PARAMETRIC_REPRESENTATION_CONTEXT() REPRESENTATION_CONTEXT('2D SPACE',''
  ) );
#2277 = ADVANCED_FACE('',(#2278),#1937,.F.);
#2278 = FACE_BOUND('',#2279,.T.);
#2279 = EDGE_LOOP('',(#2280,#2303,#2304,#2305));
#2280 = ORIENTED_EDGE('',*,*,#2281,.T.);
#2281 = EDGE_CURVE('',#2282,#1921,#2284,.T.);
#2282 = VERTEX_POINT('',#2283);
#2283 = CARTESIAN_POINT('',(328.30043824457,168.,17.198498925933));
#2284 = SEAM_CURVE('',#2285,(#2289,#2296),.PCURVE_S1.);
#2285 = LINE('',#2286,#2287);
#2286 = CARTESIAN_POINT('',(328.30043824457,168.,17.198498925933));
#2287 = VECTOR('',#2288,1.);
#2288 = DIRECTION('',(0.,-1.,0.));
#2289 = PCURVE('',#1937,#2290);
#2290 = DEFINITIONAL_REPRESENTATION('',(#2291),#2295);
#2291 = LINE('',#2292,#2293);
#2292 = CARTESIAN_POINT('',(-0.,0.));
#2293 = VECTOR('',#2294,1.);
#2294 = DIRECTION('',(-0.,-1.));
#2295 = ( GEOMETRIC_REPRESENTATION_CONTEXT(2) 
PARAMETRIC_REPRESENTATION_CONTEXT() REPRESENTATION_CONTEXT('2D SPACE',''
  ) );
#2296 = PCURVE('',#1937,#2297);
#2297 = DEFINITIONAL_REPRESENTATION('',(#2298),#2302);
#2298 = LINE('',#2299,#2300);
#2299 = CARTESIAN_POINT('',(-6.28318530718,0.));
#2300 = VECTOR('',#2301,1.);
#2301 = DIRECTION('',(-0.,-1.));
#2302 = ( GEOMETRIC_REPRESENTATION_CONTEXT(2) 
PARAMETRIC_REPRESENTATION_CONTEXT() REPRESENTATION_CONTEXT('2D SPACE',''
  ) );
#2303 = ORIENTED_EDGE('',*,*,#1920,.T.);
#2304 = ORIENTED_EDGE('',*,*,#2281,.F.);
#2305 = ORIENTED_EDGE('',*,*,#2306,.F.);
#2306 = EDGE_CURVE('',#2282,#2282,#2307,.T.);
#2307 = SURFACE_CURVE('',#2308,(#2313,#2320),.PCURVE_S1.);
#2308 = CIRCLE('',#2309,28.775);
#2309 = AXIS2_PLACEMENT_3D('',#2310,#2311,#2312);
#2310 = CARTESIAN_POINT('',(299.52543824457,168.,17.198498925933));
#2311 = DIRECTION('',(0.,-1.,0.));
#2312 = DIRECTION('',(1.,0.,0.));
#2313 = PCURVE('',#1937,#2314);
#2314 = DEFINITIONAL_REPRESENTATION('',(#2315),#2319);
#2315 = LINE('',#2316,#2317);
#2316 = CARTESIAN_POINT('',(-0.,0.));
#2317 = VECTOR('',#2318,1.);
#2318 = DIRECTION('',(-1.,0.));
#2319 = ( GEOMETRIC_REPRESENTATION_CONTEXT(2) 
PARAMETRIC_REPRESENTATION_CONTEXT() REPRESENTATION_CONTEXT('2D SPACE',''
  ) );
#2320 = PCURVE('',#2321,#2326);
#2321 = PLANE('',#2322);
#2322 = AXIS2_PLACEMENT_3D('',#2323,#2324,#2325);
#2323 = CARTESIAN_POINT('',(299.52543824457,168.,17.198498925933));
#2324 = DIRECTION('',(-0.,-1.,-0.));
#2325 = DIRECTION('',(0.,0.,-1.));
#2326 = DEFINITIONAL_REPRESENTATION('',(#2327),#2331);
#2327 = CIRCLE('',#2328,28.775);
#2328 = AXIS2_PLACEMENT_2D('',#2329,#2330);
#2329 = CARTESIAN_POINT('',(0.,0.));
#2330 = DIRECTION('',(0.,1.));
#2331 = ( GEOMETRIC_REPRESENTATION_CONTEXT(2) 
PARAMETRIC_REPRESENTATION_CONTEXT() REPRESENTATION_CONTEXT('2D SPACE',''
  ) );
#2332 = ADVANCED_FACE('',(#2333),#1974,.F.);
#2333 = FACE_BOUND('',#2334,.T.);
#2334 = EDGE_LOOP('',(#2335,#2358,#2359,#2360));
#2335 = ORIENTED_EDGE('',*,*,#2336,.T.);
#2336 = EDGE_CURVE('',#2337,#1958,#2339,.T.);
#2337 = VERTEX_POINT('',#2338);
#2338 = CARTESIAN_POINT('',(416.18443824457,168.,17.198498925933));
#2339 = SEAM_CURVE('',#2340,(#2344,#2351),.PCURVE_S1.);
#2340 = LINE('',#2341,#2342);
#2341 = CARTESIAN_POINT('',(416.18443824457,168.,17.198498925933));
#2342 = VECTOR('',#2343,1.);
#2343 = DIRECTION('',(0.,-1.,0.));
#2344 = PCURVE('',#1974,#2345);
#2345 = DEFINITIONAL_REPRESENTATION('',(#2346),#2350);
#2346 = LINE('',#2347,#2348);
#2347 = CARTESIAN_POINT('',(-0.,0.));
#2348 = VECTOR('',#2349,1.);
#2349 = DIRECTION('',(-0.,-1.));
#2350 = ( GEOMETRIC_REPRESENTATION_CONTEXT(2) 
PARAMETRIC_REPRESENTATION_CONTEXT() REPRESENTATION_CONTEXT('2D SPACE',''
  ) );
#2351 = PCURVE('',#1974,#2352);
#2352 = DEFINITIONAL_REPRESENTATION('',(#2353),#2357);
#2353 = LINE('',#2354,#2355);
#2354 = CARTESIAN_POINT('',(-6.28318530718,0.));
#2355 = VECTOR('',#2356,1.);
#2356 = DIRECTION('',(-0.,-1.));
#2357 = ( GEOMETRIC_REPRESENTATION_CONTEXT(2) 
PARAMETRIC_REPRESENTATION_CONTEXT() REPRESENTATION_CONTEXT('2D SPACE',''
  ) );
#2358 = ORIENTED_EDGE('',*,*,#1957,.T.);
#2359 = ORIENTED_EDGE('',*,*,#2336,.F.);
#2360 = ORIENTED_EDGE('',*,*,#2361,.F.);
#2361 = EDGE_CURVE('',#2337,#2337,#2362,.T.);
#2362 = SURFACE_CURVE('',#2363,(#2368,#2375),.PCURVE_S1.);
#2363 = CIRCLE('',#2364,28.775);
#2364 = AXIS2_PLACEMENT_3D('',#2365,#2366,#2367);
#2365 = CARTESIAN_POINT('',(387.40943824457,168.,17.198498925933));
#2366 = DIRECTION('',(0.,-1.,0.));
#2367 = DIRECTION('',(1.,0.,0.));
#2368 = PCURVE('',#1974,#2369);
#2369 = DEFINITIONAL_REPRESENTATION('',(#2370),#2374);
#2370 = LINE('',#2371,#2372);
#2371 = CARTESIAN_POINT('',(-0.,0.));
#2372 = VECTOR('',#2373,1.);
#2373 = DIRECTION('',(-1.,0.));
#2374 = ( GEOMETRIC_REPRESENTATION_CONTEXT(2) 
PARAMETRIC_REPRESENTATION_CONTEXT() REPRESENTATION_CONTEXT('2D SPACE',''
  ) );
#2375 = PCURVE('',#2376,#2381);
#2376 = PLANE('',#2377);
#2377 = AXIS2_PLACEMENT_3D('',#2378,#2379,#2380);
#2378 = CARTESIAN_POINT('',(387.40943824457,168.,17.198498925933));
#2379 = DIRECTION('',(-0.,-1.,-0.));
#2380 = DIRECTION('',(0.,0.,-1.));
#2381 = DEFINITIONAL_REPRESENTATION('',(#2382),#2386);
#2382 = CIRCLE('',#2383,28.775);
#2383 = AXIS2_PLACEMENT_2D('',#2384,#2385);
#2384 = CARTESIAN_POINT('',(0.,0.));
#2385 = DIRECTION('',(0.,1.));
#2386 = ( GEOMETRIC_REPRESENTATION_CONTEXT(2) 
PARAMETRIC_REPRESENTATION_CONTEXT() REPRESENTATION_CONTEXT('2D SPACE',''
  ) );
#2387 = ADVANCED_FACE('',(#2388),#2019,.F.);
#2388 = FACE_BOUND('',#2389,.F.);
#2389 = EDGE_LOOP('',(#2390,#2420,#2441,#2442,#2465,#2493,#2626,#2654,
    #2787,#2815,#2948,#2976,#3109,#3137));
#2390 = ORIENTED_EDGE('',*,*,#2391,.F.);
#2391 = EDGE_CURVE('',#2392,#2394,#2396,.T.);
#2392 = VERTEX_POINT('',#2393);
#2393 = CARTESIAN_POINT('',(1.941438244575,182.,-15.50150107406));
#2394 = VERTEX_POINT('',#2395);
#2395 = CARTESIAN_POINT('',(23.606995198604,182.,-15.50150107406));
#2396 = SURFACE_CURVE('',#2397,(#2401,#2408),.PCURVE_S1.);
#2397 = LINE('',#2398,#2399);
#2398 = CARTESIAN_POINT('',(1.941438244575,182.,-15.50150107406));
#2399 = VECTOR('',#2400,1.);
#2400 = DIRECTION('',(1.,0.,0.));
#2401 = PCURVE('',#2019,#2402);
#2402 = DEFINITIONAL_REPRESENTATION('',(#2403),#2407);
#2403 = LINE('',#2404,#2405);
#2404 = CARTESIAN_POINT('',(0.,0.));
#2405 = VECTOR('',#2406,1.);
#2406 = DIRECTION('',(1.,0.));
#2407 = ( GEOMETRIC_REPRESENTATION_CONTEXT(2) 
PARAMETRIC_REPRESENTATION_CONTEXT() REPRESENTATION_CONTEXT('2D SPACE',''
  ) );
#2408 = PCURVE('',#2409,#2414);
#2409 = PLANE('',#2410);
#2410 = AXIS2_PLACEMENT_3D('',#2411,#2412,#2413);
#2411 = CARTESIAN_POINT('',(211.64143824457,182.,17.198498925933));
#2412 = DIRECTION('',(-0.,-1.,-0.));
#2413 = DIRECTION('',(0.,0.,-1.));
#2414 = DEFINITIONAL_REPRESENTATION('',(#2415),#2419);
#2415 = LINE('',#2416,#2417);
#2416 = CARTESIAN_POINT('',(32.7,-209.7));
#2417 = VECTOR('',#2418,1.);
#2418 = DIRECTION('',(0.,1.));
#2419 = ( GEOMETRIC_REPRESENTATION_CONTEXT(2) 
PARAMETRIC_REPRESENTATION_CONTEXT() REPRESENTATION_CONTEXT('2D SPACE',''
  ) );
#2420 = ORIENTED_EDGE('',*,*,#2421,.T.);
#2421 = EDGE_CURVE('',#2392,#2002,#2422,.T.);
#2422 = SURFACE_CURVE('',#2423,(#2427,#2434),.PCURVE_S1.);
#2423 = LINE('',#2424,#2425);
#2424 = CARTESIAN_POINT('',(1.941438244575,182.,-15.50150107406));
#2425 = VECTOR('',#2426,1.);
#2426 = DIRECTION('',(0.,-1.,0.));
#2427 = PCURVE('',#2019,#2428);
#2428 = DEFINITIONAL_REPRESENTATION('',(#2429),#2433);
#2429 = LINE('',#2430,#2431);
#2430 = CARTESIAN_POINT('',(0.,0.));
#2431 = VECTOR('',#2432,1.);
#2432 = DIRECTION('',(0.,-1.));
#2433 = ( GEOMETRIC_REPRESENTATION_CONTEXT(2) 
PARAMETRIC_REPRESENTATION_CONTEXT() REPRESENTATION_CONTEXT('2D SPACE',''
  ) );
#2434 = PCURVE('',#2047,#2435);
#2435 = DEFINITIONAL_REPRESENTATION('',(#2436),#2440);
#2436 = LINE('',#2437,#2438);
#2437 = CARTESIAN_POINT('',(65.4,0.));
#2438 = VECTOR('',#2439,1.);
#2439 = DIRECTION('',(0.,-1.));
#2440 = ( GEOMETRIC_REPRESENTATION_CONTEXT(2) 
PARAMETRIC_REPRESENTATION_CONTEXT() REPRESENTATION_CONTEXT('2D SPACE',''
  ) );
#2441 = ORIENTED_EDGE('',*,*,#2001,.T.);
#2442 = ORIENTED_EDGE('',*,*,#2443,.F.);
#2443 = EDGE_CURVE('',#2444,#2004,#2446,.T.);
#2444 = VERTEX_POINT('',#2445);
#2445 = CARTESIAN_POINT('',(421.34143824457,182.,-15.50150107406));
#2446 = SURFACE_CURVE('',#2447,(#2451,#2458),.PCURVE_S1.);
#2447 = LINE('',#2448,#2449);
#2448 = CARTESIAN_POINT('',(421.34143824457,182.,-15.50150107406));
#2449 = VECTOR('',#2450,1.);
#2450 = DIRECTION('',(0.,-1.,0.));
#2451 = PCURVE('',#2019,#2452);
#2452 = DEFINITIONAL_REPRESENTATION('',(#2453),#2457);
#2453 = LINE('',#2454,#2455);
#2454 = CARTESIAN_POINT('',(419.4,0.));
#2455 = VECTOR('',#2456,1.);
#2456 = DIRECTION('',(0.,-1.));
#2457 = ( GEOMETRIC_REPRESENTATION_CONTEXT(2) 
PARAMETRIC_REPRESENTATION_CONTEXT() REPRESENTATION_CONTEXT('2D SPACE',''
  ) );
#2458 = PCURVE('',#2101,#2459);
#2459 = DEFINITIONAL_REPRESENTATION('',(#2460),#2464);
#2460 = LINE('',#2461,#2462);
#2461 = CARTESIAN_POINT('',(0.,0.));
#2462 = VECTOR('',#2463,1.);
#2463 = DIRECTION('',(0.,-1.));
#2464 = ( GEOMETRIC_REPRESENTATION_CONTEXT(2) 
PARAMETRIC_REPRESENTATION_CONTEXT() REPRESENTATION_CONTEXT('2D SPACE',''
  ) );
#2465 = ORIENTED_EDGE('',*,*,#2466,.F.);
#2466 = EDGE_CURVE('',#2467,#2444,#2469,.T.);
#2467 = VERTEX_POINT('',#2468);
#2468 = CARTESIAN_POINT('',(399.67588129054,182.,-15.50150107406));
#2469 = SURFACE_CURVE('',#2470,(#2474,#2481),.PCURVE_S1.);
#2470 = LINE('',#2471,#2472);
#2471 = CARTESIAN_POINT('',(1.941438244575,182.,-15.50150107406));
#2472 = VECTOR('',#2473,1.);
#2473 = DIRECTION('',(1.,0.,0.));
#2474 = PCURVE('',#2019,#2475);
#2475 = DEFINITIONAL_REPRESENTATION('',(#2476),#2480);
#2476 = LINE('',#2477,#2478);
#2477 = CARTESIAN_POINT('',(0.,0.));
#2478 = VECTOR('',#2479,1.);
#2479 = DIRECTION('',(1.,0.));
#2480 = ( GEOMETRIC_REPRESENTATION_CONTEXT(2) 
PARAMETRIC_REPRESENTATION_CONTEXT() REPRESENTATION_CONTEXT('2D SPACE',''
  ) );
#2481 = PCURVE('',#2482,#2487);
#2482 = PLANE('',#2483);
#2483 = AXIS2_PLACEMENT_3D('',#2484,#2485,#2486);
#2484 = CARTESIAN_POINT('',(211.64143824457,182.,17.198498925933));
#2485 = DIRECTION('',(-0.,-1.,-0.));
#2486 = DIRECTION('',(0.,0.,-1.));
#2487 = DEFINITIONAL_REPRESENTATION('',(#2488),#2492);
#2488 = LINE('',#2489,#2490);
#2489 = CARTESIAN_POINT('',(32.7,-209.7));
#2490 = VECTOR('',#2491,1.);
#2491 = DIRECTION('',(0.,1.));
#2492 = ( GEOMETRIC_REPRESENTATION_CONTEXT(2) 
PARAMETRIC_REPRESENTATION_CONTEXT() REPRESENTATION_CONTEXT('2D SPACE',''
  ) );
#2493 = ORIENTED_EDGE('',*,*,#2494,.F.);
#2494 = EDGE_CURVE('',#2495,#2467,#2497,.T.);
#2495 = VERTEX_POINT('',#2496);
#2496 = CARTESIAN_POINT('',(375.1429951986,182.,-15.50150107406));
#2497 = SURFACE_CURVE('',#2498,(#2537,#2579),.PCURVE_S1.);
#2498 = B_SPLINE_CURVE_WITH_KNOTS('',7,(#2499,#2500,#2501,#2502,#2503,
    #2504,#2505,#2506,#2507,#2508,#2509,#2510,#2511,#2512,#2513,#2514,
    #2515,#2516,#2517,#2518,#2519,#2520,#2521,#2522,#2523,#2524,#2525,
    #2526,#2527,#2528,#2529,#2530,#2531,#2532,#2533,#2534,#2535,#2536),
  .UNSPECIFIED.,.F.,.F.,(8,6,6,6,6,6,8),(0.,0.157686045524,
    0.219780205198,0.502360514262,0.781358054532,0.931199415227,1.),
  .UNSPECIFIED.);
#2499 = CARTESIAN_POINT('',(375.1429951986,182.,-15.50150107406));
#2500 = CARTESIAN_POINT('',(375.69555595532,182.,-15.50150107406));
#2501 = CARTESIAN_POINT('',(376.24815183527,181.99450738186,
    -15.50150107406));
#2502 = CARTESIAN_POINT('',(376.80073064416,181.98443174181,
    -15.50150107406));
#2503 = CARTESIAN_POINT('',(377.35326189886,181.97063551914,
    -15.50150107406));
#2504 = CARTESIAN_POINT('',(377.90573685967,181.95394020548,
    -15.50150107406));
#2505 = CARTESIAN_POINT('',(378.45816841954,181.93512552406,
    -15.50150107406));
#2506 = CARTESIAN_POINT('',(379.22812567703,181.90696559933,
    -15.50150107406));
#2507 = CARTESIAN_POINT('',(379.44565774898,181.89879420467,
    -15.50150107406));
#2508 = CARTESIAN_POINT('',(379.66318840815,181.89045211303,
    -15.50150107406));
#2509 = CARTESIAN_POINT('',(379.88071903729,181.88198276448,
    -15.50150107406));
#2510 = CARTESIAN_POINT('',(380.09825105981,181.87342832116,
    -15.50150107406));
#2511 = CARTESIAN_POINT('',(380.31578593972,181.8648296673,
    -15.50150107406));
#2512 = CARTESIAN_POINT('',(381.52331049684,181.81707439672,
    -15.50150107406));
#2513 = CARTESIAN_POINT('',(382.51338949112,181.77782600137,
    -15.50150107406));
#2514 = CARTESIAN_POINT('',(383.50370666335,181.74220353871,
    -15.50150107406));
#2515 = CARTESIAN_POINT('',(384.49432950584,181.71332511234,
    -15.50150107406));
#2516 = CARTESIAN_POINT('',(385.48524200696,181.69350275291,
    -15.50150107406));
#2517 = CARTESIAN_POINT('',(386.4763319542,181.68386544437,
    -15.50150107406));
#2518 = CARTESIAN_POINT('',(388.44588141033,181.6848760736,
    -15.50150107406));
#2519 = CARTESIAN_POINT('',(389.42439041597,181.69526837713,
    -15.50150107406));
#2520 = CARTESIAN_POINT('',(390.40271872776,181.71551341156,
    -15.50150107406));
#2521 = CARTESIAN_POINT('',(391.38076237866,181.74446348548,
    -15.50150107406));
#2522 = CARTESIAN_POINT('',(392.3585093344,181.77985816261,
    -15.50150107406));
#2523 = CARTESIAN_POINT('',(393.33602753346,181.81867764045,
    -15.50150107406));
#2524 = CARTESIAN_POINT('',(394.83840828835,181.87808912885,
    -15.50150107406));
#2525 = CARTESIAN_POINT('',(395.36332852835,181.89880018718,
    -15.50150107406));
#2526 = CARTESIAN_POINT('',(395.88824767019,181.91890574698,
    -15.50150107406));
#2527 = CARTESIAN_POINT('',(396.4131869201,181.93780293844,
    -15.50150107406));
#2528 = CARTESIAN_POINT('',(396.93816027797,181.95484793641,
    -15.50150107406));
#2529 = CARTESIAN_POINT('',(397.46317430971,181.96936039157,
    -15.50150107406));
#2530 = CARTESIAN_POINT('',(398.22930952257,181.98580138983,
    -15.50150107406));
#2531 = CARTESIAN_POINT('',(398.47039820556,181.99029067782,
    -15.50150107406));
#2532 = CARTESIAN_POINT('',(398.7114932191,181.99402665557,
    -15.50150107406));
#2533 = CARTESIAN_POINT('',(398.95259266228,181.99693865128,
    -15.50150107406));
#2534 = CARTESIAN_POINT('',(399.19369348285,181.99895439128,
    -15.50150107406));
#2535 = CARTESIAN_POINT('',(399.43479147723,182.,-15.50150107406));
#2536 = CARTESIAN_POINT('',(399.67588129054,182.,-15.50150107406));
#2537 = PCURVE('',#2019,#2538);
#2538 = DEFINITIONAL_REPRESENTATION('',(#2539),#2578);
#2539 = B_SPLINE_CURVE_WITH_KNOTS('',7,(#2540,#2541,#2542,#2543,#2544,
    #2545,#2546,#2547,#2548,#2549,#2550,#2551,#2552,#2553,#2554,#2555,
    #2556,#2557,#2558,#2559,#2560,#2561,#2562,#2563,#2564,#2565,#2566,
    #2567,#2568,#2569,#2570,#2571,#2572,#2573,#2574,#2575,#2576,#2577),
  .UNSPECIFIED.,.F.,.F.,(8,6,6,6,6,6,8),(0.,0.157686045524,
    0.219780205198,0.502360514262,0.781358054532,0.931199415227,1.),
  .UNSPECIFIED.);
#2540 = CARTESIAN_POINT('',(373.20155695403,0.));
#2541 = CARTESIAN_POINT('',(373.75411771075,0.));
#2542 = CARTESIAN_POINT('',(374.30671359069,-5.492618135972E-03));
#2543 = CARTESIAN_POINT('',(374.85929239958,-1.556825818264E-02));
#2544 = CARTESIAN_POINT('',(375.41182365428,-2.936448085182E-02));
#2545 = CARTESIAN_POINT('',(375.96429861509,-4.605979451822E-02));
#2546 = CARTESIAN_POINT('',(376.51673017497,-6.487447593068E-02));
#2547 = CARTESIAN_POINT('',(377.28668743245,-9.303440066231E-02));
#2548 = CARTESIAN_POINT('',(377.50421950441,-0.101205795329));
#2549 = CARTESIAN_POINT('',(377.72175016358,-0.109547886961));
#2550 = CARTESIAN_POINT('',(377.93928079272,-0.118017235512));
#2551 = CARTESIAN_POINT('',(378.15681281523,-0.126571678836));
#2552 = CARTESIAN_POINT('',(378.37434769515,-0.135170332692));
#2553 = CARTESIAN_POINT('',(379.58187225227,-0.182925603279));
#2554 = CARTESIAN_POINT('',(380.57195124655,-0.222173998622));
#2555 = CARTESIAN_POINT('',(381.56226841877,-0.257796461289));
#2556 = CARTESIAN_POINT('',(382.55289126126,-0.286674887656));
#2557 = CARTESIAN_POINT('',(383.54380376238,-0.306497247087));
#2558 = CARTESIAN_POINT('',(384.53489370963,-0.316134555628));
#2559 = CARTESIAN_POINT('',(386.50444316576,-0.315123926398));
#2560 = CARTESIAN_POINT('',(387.4829521714,-0.304731622868));
#2561 = CARTESIAN_POINT('',(388.46128048319,-0.284486588439));
#2562 = CARTESIAN_POINT('',(389.43932413409,-0.255536514511));
#2563 = CARTESIAN_POINT('',(390.41707108982,-0.220141837381));
#2564 = CARTESIAN_POINT('',(391.39458928888,-0.181322359541));
#2565 = CARTESIAN_POINT('',(392.89697004377,-0.121910871141));
#2566 = CARTESIAN_POINT('',(393.42189028378,-0.101199812817));
#2567 = CARTESIAN_POINT('',(393.94680942562,-8.109425301727E-02));
#2568 = CARTESIAN_POINT('',(394.47174867553,-6.219706155767E-02));
#2569 = CARTESIAN_POINT('',(394.9967220334,-4.515206358144E-02));
#2570 = CARTESIAN_POINT('',(395.52173606514,-3.063960842352E-02));
#2571 = CARTESIAN_POINT('',(396.287871278,-1.419861016572E-02));
#2572 = CARTESIAN_POINT('',(396.52895996099,-9.709322176612E-03));
#2573 = CARTESIAN_POINT('',(396.77005497453,-5.973344426072E-03));
#2574 = CARTESIAN_POINT('',(397.01115441771,-3.061348713301E-03));
#2575 = CARTESIAN_POINT('',(397.25225523827,-1.045608717926E-03));
#2576 = CARTESIAN_POINT('',(397.49335323265,0.));
#2577 = CARTESIAN_POINT('',(397.73444304596,0.));
#2578 = ( GEOMETRIC_REPRESENTATION_CONTEXT(2) 
PARAMETRIC_REPRESENTATION_CONTEXT() REPRESENTATION_CONTEXT('2D SPACE',''
  ) );
#2579 = PCURVE('',#2580,#2585);
#2580 = TOROIDAL_SURFACE('',#2581,34.925,8.);
#2581 = AXIS2_PLACEMENT_3D('',#2582,#2583,#2584);
#2582 = CARTESIAN_POINT('',(387.40943824457,174.,17.198498925933));
#2583 = DIRECTION('',(-0.,1.,0.));
#2584 = DIRECTION('',(1.,0.,0.));
#2585 = DEFINITIONAL_REPRESENTATION('',(#2586),#2625);
#2586 = B_SPLINE_CURVE_WITH_KNOTS('',7,(#2587,#2588,#2589,#2590,#2591,
    #2592,#2593,#2594,#2595,#2596,#2597,#2598,#2599,#2600,#2601,#2602,
    #2603,#2604,#2605,#2606,#2607,#2608,#2609,#2610,#2611,#2612,#2613,
    #2614,#2615,#2616,#2617,#2618,#2619,#2620,#2621,#2622,#2623,#2624),
  .UNSPECIFIED.,.F.,.F.,(8,6,6,6,6,6,8),(0.,0.157686045524,
    0.219780205198,0.502360514262,0.781358054532,0.931199415227,1.),
  .UNSPECIFIED.);
#2587 = CARTESIAN_POINT('',(-4.353512598189,1.570796326795));
#2588 = CARTESIAN_POINT('',(-4.368326005378,1.595055292621));
#2589 = CARTESIAN_POINT('',(-4.38333242326,1.618198160293));
#2590 = CARTESIAN_POINT('',(-4.398524360813,1.640219599483));
#2591 = CARTESIAN_POINT('',(-4.413893730895,1.66110704432));
#2592 = CARTESIAN_POINT('',(-4.429431907119,1.680842468991));
#2593 = CARTESIAN_POINT('',(-4.445129800562,1.699403935489));
#2594 = CARTESIAN_POINT('',(-4.467218698237,1.7236041674));
#2595 = CARTESIAN_POINT('',(-4.473482702535,1.730255544324));
#2596 = CARTESIAN_POINT('',(-4.479769369044,1.736719506454));
#2597 = CARTESIAN_POINT('',(-4.486078075635,1.742994470407));
#2598 = CARTESIAN_POINT('',(-4.492408178217,1.749078807231));
#2599 = CARTESIAN_POINT('',(-4.498759010739,1.754970842411));
#2600 = CARTESIAN_POINT('',(-4.534122687087,1.786599578048));
#2601 = CARTESIAN_POINT('',(-4.56353066531,1.808512367176));
#2602 = CARTESIAN_POINT('',(-4.593289135355,1.826247132665));
#2603 = CARTESIAN_POINT('',(-4.623321746887,1.839633418258));
#2604 = CARTESIAN_POINT('',(-4.653541450052,1.848528104154));
#2605 = CARTESIAN_POINT('',(-4.683853713155,1.852859745151));
#2606 = CARTESIAN_POINT('',(-4.744084394205,1.852405519284));
#2607 = CARTESIAN_POINT('',(-4.774004419431,1.847734544972));
#2608 = CARTESIAN_POINT('',(-4.803827698496,1.838620268208));
#2609 = CARTESIAN_POINT('',(-4.833463591544,1.825135171386));
#2610 = CARTESIAN_POINT('',(-4.862828724217,1.807418443577));
#2611 = CARTESIAN_POINT('',(-4.891849949171,1.785634270951));
#2612 = CARTESIAN_POINT('',(-4.935833662679,1.746134993305));
#2613 = CARTESIAN_POINT('',(-4.951084878442,1.731204734963));
#2614 = CARTESIAN_POINT('',(-4.966209451576,1.715169429369));
#2615 = CARTESIAN_POINT('',(-4.981198503412,1.698052160465));
#2616 = CARTESIAN_POINT('',(-4.996043753213,1.679874068961));
#2617 = CARTESIAN_POINT('',(-5.010737563708,1.660653023616));
#2618 = CARTESIAN_POINT('',(-5.031947015692,1.631104044452));
#2619 = CARTESIAN_POINT('',(-5.038587618204,1.621588750156));
#2620 = CARTESIAN_POINT('',(-5.045194101704,1.61185775013));
#2621 = CARTESIAN_POINT('',(-5.051765784197,1.601912179849));
#2622 = CARTESIAN_POINT('',(-5.058301994148,1.591752969758));
#2623 = CARTESIAN_POINT('',(-5.06480207048,1.581380845277));
#2624 = CARTESIAN_POINT('',(-5.071265362581,1.570796326795));
#2625 = ( GEOMETRIC_REPRESENTATION_CONTEXT(2) 
PARAMETRIC_REPRESENTATION_CONTEXT() REPRESENTATION_CONTEXT('2D SPACE',''
  ) );
#2626 = ORIENTED_EDGE('',*,*,#2627,.F.);
#2627 = EDGE_CURVE('',#2628,#2495,#2630,.T.);
#2628 = VERTEX_POINT('',#2629);
#2629 = CARTESIAN_POINT('',(311.79188129054,182.,-15.50150107406));
#2630 = SURFACE_CURVE('',#2631,(#2635,#2642),.PCURVE_S1.);
#2631 = LINE('',#2632,#2633);
#2632 = CARTESIAN_POINT('',(1.941438244575,182.,-15.50150107406));
#2633 = VECTOR('',#2634,1.);
#2634 = DIRECTION('',(1.,0.,0.));
#2635 = PCURVE('',#2019,#2636);
#2636 = DEFINITIONAL_REPRESENTATION('',(#2637),#2641);
#2637 = LINE('',#2638,#2639);
#2638 = CARTESIAN_POINT('',(0.,0.));
#2639 = VECTOR('',#2640,1.);
#2640 = DIRECTION('',(1.,0.));
#2641 = ( GEOMETRIC_REPRESENTATION_CONTEXT(2) 
PARAMETRIC_REPRESENTATION_CONTEXT() REPRESENTATION_CONTEXT('2D SPACE',''
  ) );
#2642 = PCURVE('',#2643,#2648);
#2643 = PLANE('',#2644);
#2644 = AXIS2_PLACEMENT_3D('',#2645,#2646,#2647);
#2645 = CARTESIAN_POINT('',(211.64143824457,182.,17.198498925933));
#2646 = DIRECTION('',(-0.,-1.,-0.));
#2647 = DIRECTION('',(0.,0.,-1.));
#2648 = DEFINITIONAL_REPRESENTATION('',(#2649),#2653);
#2649 = LINE('',#2650,#2651);
#2650 = CARTESIAN_POINT('',(32.7,-209.7));
#2651 = VECTOR('',#2652,1.);
#2652 = DIRECTION('',(0.,1.));
#2653 = ( GEOMETRIC_REPRESENTATION_CONTEXT(2) 
PARAMETRIC_REPRESENTATION_CONTEXT() REPRESENTATION_CONTEXT('2D SPACE',''
  ) );
#2654 = ORIENTED_EDGE('',*,*,#2655,.F.);
#2655 = EDGE_CURVE('',#2656,#2628,#2658,.T.);
#2656 = VERTEX_POINT('',#2657);
#2657 = CARTESIAN_POINT('',(287.2589951986,182.,-15.50150107406));
#2658 = SURFACE_CURVE('',#2659,(#2698,#2740),.PCURVE_S1.);
#2659 = B_SPLINE_CURVE_WITH_KNOTS('',7,(#2660,#2661,#2662,#2663,#2664,
    #2665,#2666,#2667,#2668,#2669,#2670,#2671,#2672,#2673,#2674,#2675,
    #2676,#2677,#2678,#2679,#2680,#2681,#2682,#2683,#2684,#2685,#2686,
    #2687,#2688,#2689,#2690,#2691,#2692,#2693,#2694,#2695,#2696,#2697),
  .UNSPECIFIED.,.F.,.F.,(8,6,6,6,6,6,8),(0.,0.157686045524,
    0.219780205198,0.502360514262,0.781358054532,0.931199415227,1.),
  .UNSPECIFIED.);
#2660 = CARTESIAN_POINT('',(287.2589951986,182.,-15.50150107406));
#2661 = CARTESIAN_POINT('',(287.81155595532,182.,-15.50150107406));
#2662 = CARTESIAN_POINT('',(288.36415183527,181.99450738186,
    -15.50150107406));
#2663 = CARTESIAN_POINT('',(288.91673064416,181.98443174181,
    -15.50150107406));
#2664 = CARTESIAN_POINT('',(289.46926189886,181.97063551914,
    -15.50150107406));
#2665 = CARTESIAN_POINT('',(290.02173685967,181.95394020548,
    -15.50150107406));
#2666 = CARTESIAN_POINT('',(290.57416841954,181.93512552406,
    -15.50150107406));
#2667 = CARTESIAN_POINT('',(291.34412567703,181.90696559933,
    -15.50150107406));
#2668 = CARTESIAN_POINT('',(291.56165774898,181.89879420467,
    -15.50150107406));
#2669 = CARTESIAN_POINT('',(291.77918840815,181.89045211303,
    -15.50150107406));
#2670 = CARTESIAN_POINT('',(291.99671903729,181.88198276448,
    -15.50150107406));
#2671 = CARTESIAN_POINT('',(292.21425105981,181.87342832116,
    -15.50150107406));
#2672 = CARTESIAN_POINT('',(292.43178593972,181.8648296673,
    -15.50150107406));
#2673 = CARTESIAN_POINT('',(293.63931049684,181.81707439672,
    -15.50150107406));
#2674 = CARTESIAN_POINT('',(294.62938949112,181.77782600137,
    -15.50150107406));
#2675 = CARTESIAN_POINT('',(295.61970666335,181.74220353871,
    -15.50150107406));
#2676 = CARTESIAN_POINT('',(296.61032950584,181.71332511234,
    -15.50150107406));
#2677 = CARTESIAN_POINT('',(297.60124200696,181.69350275291,
    -15.50150107406));
#2678 = CARTESIAN_POINT('',(298.5923319542,181.68386544437,
    -15.50150107406));
#2679 = CARTESIAN_POINT('',(300.56188141033,181.6848760736,
    -15.50150107406));
#2680 = CARTESIAN_POINT('',(301.54039041597,181.69526837713,
    -15.50150107406));
#2681 = CARTESIAN_POINT('',(302.51871872776,181.71551341156,
    -15.50150107406));
#2682 = CARTESIAN_POINT('',(303.49676237866,181.74446348548,
    -15.50150107406));
#2683 = CARTESIAN_POINT('',(304.4745093344,181.77985816261,
    -15.50150107406));
#2684 = CARTESIAN_POINT('',(305.45202753346,181.81867764045,
    -15.50150107406));
#2685 = CARTESIAN_POINT('',(306.95440828835,181.87808912885,
    -15.50150107406));
#2686 = CARTESIAN_POINT('',(307.47932852835,181.89880018718,
    -15.50150107406));
#2687 = CARTESIAN_POINT('',(308.00424767019,181.91890574698,
    -15.50150107406));
#2688 = CARTESIAN_POINT('',(308.5291869201,181.93780293844,
    -15.50150107406));
#2689 = CARTESIAN_POINT('',(309.05416027797,181.95484793641,
    -15.50150107406));
#2690 = CARTESIAN_POINT('',(309.57917430971,181.96936039157,
    -15.50150107406));
#2691 = CARTESIAN_POINT('',(310.34530952257,181.98580138983,
    -15.50150107406));
#2692 = CARTESIAN_POINT('',(310.58639820556,181.99029067782,
    -15.50150107406));
#2693 = CARTESIAN_POINT('',(310.8274932191,181.99402665557,
    -15.50150107406));
#2694 = CARTESIAN_POINT('',(311.06859266228,181.99693865128,
    -15.50150107406));
#2695 = CARTESIAN_POINT('',(311.30969348285,181.99895439128,
    -15.50150107406));
#2696 = CARTESIAN_POINT('',(311.55079147723,182.,-15.50150107406));
#2697 = CARTESIAN_POINT('',(311.79188129054,182.,-15.50150107406));
#2698 = PCURVE('',#2019,#2699);
#2699 = DEFINITIONAL_REPRESENTATION('',(#2700),#2739);
#2700 = B_SPLINE_CURVE_WITH_KNOTS('',7,(#2701,#2702,#2703,#2704,#2705,
    #2706,#2707,#2708,#2709,#2710,#2711,#2712,#2713,#2714,#2715,#2716,
    #2717,#2718,#2719,#2720,#2721,#2722,#2723,#2724,#2725,#2726,#2727,
    #2728,#2729,#2730,#2731,#2732,#2733,#2734,#2735,#2736,#2737,#2738),
  .UNSPECIFIED.,.F.,.F.,(8,6,6,6,6,6,8),(0.,0.157686045524,
    0.219780205198,0.502360514262,0.781358054532,0.931199415227,1.),
  .UNSPECIFIED.);
#2701 = CARTESIAN_POINT('',(285.31755695403,0.));
#2702 = CARTESIAN_POINT('',(285.87011771075,0.));
#2703 = CARTESIAN_POINT('',(286.42271359069,-5.492618135972E-03));
#2704 = CARTESIAN_POINT('',(286.97529239958,-1.556825818264E-02));
#2705 = CARTESIAN_POINT('',(287.52782365428,-2.936448085182E-02));
#2706 = CARTESIAN_POINT('',(288.08029861509,-4.605979451822E-02));
#2707 = CARTESIAN_POINT('',(288.63273017497,-6.487447593068E-02));
#2708 = CARTESIAN_POINT('',(289.40268743245,-9.303440066231E-02));
#2709 = CARTESIAN_POINT('',(289.62021950441,-0.101205795329));
#2710 = CARTESIAN_POINT('',(289.83775016358,-0.109547886961));
#2711 = CARTESIAN_POINT('',(290.05528079272,-0.118017235512));
#2712 = CARTESIAN_POINT('',(290.27281281523,-0.126571678836));
#2713 = CARTESIAN_POINT('',(290.49034769515,-0.135170332692));
#2714 = CARTESIAN_POINT('',(291.69787225227,-0.182925603279));
#2715 = CARTESIAN_POINT('',(292.68795124655,-0.222173998622));
#2716 = CARTESIAN_POINT('',(293.67826841877,-0.257796461289));
#2717 = CARTESIAN_POINT('',(294.66889126126,-0.286674887656));
#2718 = CARTESIAN_POINT('',(295.65980376238,-0.306497247087));
#2719 = CARTESIAN_POINT('',(296.65089370963,-0.316134555628));
#2720 = CARTESIAN_POINT('',(298.62044316576,-0.315123926398));
#2721 = CARTESIAN_POINT('',(299.5989521714,-0.304731622868));
#2722 = CARTESIAN_POINT('',(300.57728048319,-0.284486588439));
#2723 = CARTESIAN_POINT('',(301.55532413409,-0.255536514511));
#2724 = CARTESIAN_POINT('',(302.53307108982,-0.220141837381));
#2725 = CARTESIAN_POINT('',(303.51058928888,-0.181322359541));
#2726 = CARTESIAN_POINT('',(305.01297004377,-0.121910871141));
#2727 = CARTESIAN_POINT('',(305.53789028378,-0.101199812817));
#2728 = CARTESIAN_POINT('',(306.06280942562,-8.109425301727E-02));
#2729 = CARTESIAN_POINT('',(306.58774867553,-6.219706155767E-02));
#2730 = CARTESIAN_POINT('',(307.1127220334,-4.515206358144E-02));
#2731 = CARTESIAN_POINT('',(307.63773606514,-3.063960842352E-02));
#2732 = CARTESIAN_POINT('',(308.403871278,-1.419861016572E-02));
#2733 = CARTESIAN_POINT('',(308.64495996099,-9.709322176612E-03));
#2734 = CARTESIAN_POINT('',(308.88605497453,-5.973344426072E-03));
#2735 = CARTESIAN_POINT('',(309.12715441771,-3.061348713301E-03));
#2736 = CARTESIAN_POINT('',(309.36825523827,-1.045608717926E-03));
#2737 = CARTESIAN_POINT('',(309.60935323265,0.));
#2738 = CARTESIAN_POINT('',(309.85044304596,0.));
#2739 = ( GEOMETRIC_REPRESENTATION_CONTEXT(2) 
PARAMETRIC_REPRESENTATION_CONTEXT() REPRESENTATION_CONTEXT('2D SPACE',''
  ) );
#2740 = PCURVE('',#2741,#2746);
#2741 = TOROIDAL_SURFACE('',#2742,34.925,8.);
#2742 = AXIS2_PLACEMENT_3D('',#2743,#2744,#2745);
#2743 = CARTESIAN_POINT('',(299.52543824457,174.,17.198498925933));
#2744 = DIRECTION('',(-0.,1.,0.));
#2745 = DIRECTION('',(1.,0.,0.));
#2746 = DEFINITIONAL_REPRESENTATION('',(#2747),#2786);
#2747 = B_SPLINE_CURVE_WITH_KNOTS('',7,(#2748,#2749,#2750,#2751,#2752,
    #2753,#2754,#2755,#2756,#2757,#2758,#2759,#2760,#2761,#2762,#2763,
    #2764,#2765,#2766,#2767,#2768,#2769,#2770,#2771,#2772,#2773,#2774,
    #2775,#2776,#2777,#2778,#2779,#2780,#2781,#2782,#2783,#2784,#2785),
  .UNSPECIFIED.,.F.,.F.,(8,6,6,6,6,6,8),(0.,0.157686045524,
    0.219780205198,0.502360514262,0.781358054532,0.931199415227,1.),
  .UNSPECIFIED.);
#2748 = CARTESIAN_POINT('',(-4.353512598189,1.570796326795));
#2749 = CARTESIAN_POINT('',(-4.368326005378,1.595055292621));
#2750 = CARTESIAN_POINT('',(-4.38333242326,1.618198160293));
#2751 = CARTESIAN_POINT('',(-4.398524360813,1.640219599483));
#2752 = CARTESIAN_POINT('',(-4.413893730895,1.66110704432));
#2753 = CARTESIAN_POINT('',(-4.429431907119,1.680842468991));
#2754 = CARTESIAN_POINT('',(-4.445129800562,1.699403935489));
#2755 = CARTESIAN_POINT('',(-4.467218698237,1.7236041674));
#2756 = CARTESIAN_POINT('',(-4.473482702535,1.730255544324));
#2757 = CARTESIAN_POINT('',(-4.479769369044,1.736719506454));
#2758 = CARTESIAN_POINT('',(-4.486078075635,1.742994470407));
#2759 = CARTESIAN_POINT('',(-4.492408178217,1.749078807231));
#2760 = CARTESIAN_POINT('',(-4.498759010739,1.754970842411));
#2761 = CARTESIAN_POINT('',(-4.534122687087,1.786599578048));
#2762 = CARTESIAN_POINT('',(-4.56353066531,1.808512367176));
#2763 = CARTESIAN_POINT('',(-4.593289135355,1.826247132665));
#2764 = CARTESIAN_POINT('',(-4.623321746887,1.839633418258));
#2765 = CARTESIAN_POINT('',(-4.653541450052,1.848528104154));
#2766 = CARTESIAN_POINT('',(-4.683853713155,1.852859745151));
#2767 = CARTESIAN_POINT('',(-4.744084394205,1.852405519284));
#2768 = CARTESIAN_POINT('',(-4.774004419431,1.847734544972));
#2769 = CARTESIAN_POINT('',(-4.803827698496,1.838620268208));
#2770 = CARTESIAN_POINT('',(-4.833463591544,1.825135171386));
#2771 = CARTESIAN_POINT('',(-4.862828724217,1.807418443577));
#2772 = CARTESIAN_POINT('',(-4.891849949171,1.785634270951));
#2773 = CARTESIAN_POINT('',(-4.935833662679,1.746134993305));
#2774 = CARTESIAN_POINT('',(-4.951084878442,1.731204734963));
#2775 = CARTESIAN_POINT('',(-4.966209451576,1.715169429369));
#2776 = CARTESIAN_POINT('',(-4.981198503412,1.698052160465));
#2777 = CARTESIAN_POINT('',(-4.996043753213,1.679874068961));
#2778 = CARTESIAN_POINT('',(-5.010737563708,1.660653023616));
#2779 = CARTESIAN_POINT('',(-5.031947015692,1.631104044452));
#2780 = CARTESIAN_POINT('',(-5.038587618204,1.621588750156));
#2781 = CARTESIAN_POINT('',(-5.045194101704,1.61185775013));
#2782 = CARTESIAN_POINT('',(-5.051765784197,1.601912179849));
#2783 = CARTESIAN_POINT('',(-5.058301994148,1.591752969758));
#2784 = CARTESIAN_POINT('',(-5.06480207048,1.581380845277));
#2785 = CARTESIAN_POINT('',(-5.071265362581,1.570796326795));
#2786 = ( GEOMETRIC_REPRESENTATION_CONTEXT(2) 
PARAMETRIC_REPRESENTATION_CONTEXT() REPRESENTATION_CONTEXT('2D SPACE',''
  ) );
#2787 = ORIENTED_EDGE('',*,*,#2788,.F.);
#2788 = EDGE_CURVE('',#2789,#2656,#2791,.T.);
#2789 = VERTEX_POINT('',#2790);
#2790 = CARTESIAN_POINT('',(223.90788129054,182.,-15.50150107406));
#2791 = SURFACE_CURVE('',#2792,(#2796,#2803),.PCURVE_S1.);
#2792 = LINE('',#2793,#2794);
#2793 = CARTESIAN_POINT('',(1.941438244575,182.,-15.50150107406));
#2794 = VECTOR('',#2795,1.);
#2795 = DIRECTION('',(1.,0.,0.));
#2796 = PCURVE('',#2019,#2797);
#2797 = DEFINITIONAL_REPRESENTATION('',(#2798),#2802);
#2798 = LINE('',#2799,#2800);
#2799 = CARTESIAN_POINT('',(0.,0.));
#2800 = VECTOR('',#2801,1.);
#2801 = DIRECTION('',(1.,0.));
#2802 = ( GEOMETRIC_REPRESENTATION_CONTEXT(2) 
PARAMETRIC_REPRESENTATION_CONTEXT() REPRESENTATION_CONTEXT('2D SPACE',''
  ) );
#2803 = PCURVE('',#2804,#2809);
#2804 = PLANE('',#2805);
#2805 = AXIS2_PLACEMENT_3D('',#2806,#2807,#2808);
#2806 = CARTESIAN_POINT('',(211.64143824457,182.,17.198498925933));
#2807 = DIRECTION('',(-0.,-1.,-0.));
#2808 = DIRECTION('',(0.,0.,-1.));
#2809 = DEFINITIONAL_REPRESENTATION('',(#2810),#2814);
#2810 = LINE('',#2811,#2812);
#2811 = CARTESIAN_POINT('',(32.7,-209.7));
#2812 = VECTOR('',#2813,1.);
#2813 = DIRECTION('',(0.,1.));
#2814 = ( GEOMETRIC_REPRESENTATION_CONTEXT(2) 
PARAMETRIC_REPRESENTATION_CONTEXT() REPRESENTATION_CONTEXT('2D SPACE',''
  ) );
#2815 = ORIENTED_EDGE('',*,*,#2816,.F.);
#2816 = EDGE_CURVE('',#2817,#2789,#2819,.T.);
#2817 = VERTEX_POINT('',#2818);
#2818 = CARTESIAN_POINT('',(199.3749951986,182.,-15.50150107406));
#2819 = SURFACE_CURVE('',#2820,(#2859,#2901),.PCURVE_S1.);
#2820 = B_SPLINE_CURVE_WITH_KNOTS('',7,(#2821,#2822,#2823,#2824,#2825,
    #2826,#2827,#2828,#2829,#2830,#2831,#2832,#2833,#2834,#2835,#2836,
    #2837,#2838,#2839,#2840,#2841,#2842,#2843,#2844,#2845,#2846,#2847,
    #2848,#2849,#2850,#2851,#2852,#2853,#2854,#2855,#2856,#2857,#2858),
  .UNSPECIFIED.,.F.,.F.,(8,6,6,6,6,6,8),(0.,0.157686045524,
    0.219780205198,0.502360514263,0.781358054532,0.931199415227,1.),
  .UNSPECIFIED.);
#2821 = CARTESIAN_POINT('',(199.3749951986,182.,-15.50150107406));
#2822 = CARTESIAN_POINT('',(199.92755595532,182.,-15.50150107406));
#2823 = CARTESIAN_POINT('',(200.48015183527,181.99450738186,
    -15.50150107406));
#2824 = CARTESIAN_POINT('',(201.03273064416,181.98443174181,
    -15.50150107406));
#2825 = CARTESIAN_POINT('',(201.58526189886,181.97063551914,
    -15.50150107406));
#2826 = CARTESIAN_POINT('',(202.13773685967,181.95394020548,
    -15.50150107406));
#2827 = CARTESIAN_POINT('',(202.69016841954,181.93512552406,
    -15.50150107406));
#2828 = CARTESIAN_POINT('',(203.46012567703,181.90696559933,
    -15.50150107406));
#2829 = CARTESIAN_POINT('',(203.67765774898,181.89879420467,
    -15.50150107406));
#2830 = CARTESIAN_POINT('',(203.89518840815,181.89045211303,
    -15.50150107406));
#2831 = CARTESIAN_POINT('',(204.11271903729,181.88198276448,
    -15.50150107406));
#2832 = CARTESIAN_POINT('',(204.33025105981,181.87342832116,
    -15.50150107406));
#2833 = CARTESIAN_POINT('',(204.54778593972,181.8648296673,
    -15.50150107406));
#2834 = CARTESIAN_POINT('',(205.75531049684,181.81707439672,
    -15.50150107406));
#2835 = CARTESIAN_POINT('',(206.74538949112,181.77782600137,
    -15.50150107406));
#2836 = CARTESIAN_POINT('',(207.73570666335,181.74220353871,
    -15.50150107406));
#2837 = CARTESIAN_POINT('',(208.72632950583,181.71332511234,
    -15.50150107406));
#2838 = CARTESIAN_POINT('',(209.71724200696,181.69350275291,
    -15.50150107406));
#2839 = CARTESIAN_POINT('',(210.7083319542,181.68386544437,
    -15.50150107406));
#2840 = CARTESIAN_POINT('',(212.67788141033,181.6848760736,
    -15.50150107406));
#2841 = CARTESIAN_POINT('',(213.65639041598,181.69526837713,
    -15.50150107406));
#2842 = CARTESIAN_POINT('',(214.63471872774,181.71551341156,
    -15.50150107406));
#2843 = CARTESIAN_POINT('',(215.61276237867,181.74446348549,
    -15.50150107406));
#2844 = CARTESIAN_POINT('',(216.59050933439,181.77985816261,
    -15.50150107406));
#2845 = CARTESIAN_POINT('',(217.56802753346,181.81867764045,
    -15.50150107406));
#2846 = CARTESIAN_POINT('',(219.07040828835,181.87808912885,
    -15.50150107406));
#2847 = CARTESIAN_POINT('',(219.59532852835,181.89880018718,
    -15.50150107406));
#2848 = CARTESIAN_POINT('',(220.12024767019,181.91890574698,
    -15.50150107406));
#2849 = CARTESIAN_POINT('',(220.6451869201,181.93780293844,
    -15.50150107406));
#2850 = CARTESIAN_POINT('',(221.17016027797,181.95484793641,
    -15.50150107406));
#2851 = CARTESIAN_POINT('',(221.69517430971,181.96936039157,
    -15.50150107406));
#2852 = CARTESIAN_POINT('',(222.46130952257,181.98580138983,
    -15.50150107406));
#2853 = CARTESIAN_POINT('',(222.70239820556,181.99029067782,
    -15.50150107406));
#2854 = CARTESIAN_POINT('',(222.9434932191,181.99402665557,
    -15.50150107406));
#2855 = CARTESIAN_POINT('',(223.18459266228,181.99693865128,
    -15.50150107406));
#2856 = CARTESIAN_POINT('',(223.42569348285,181.99895439128,
    -15.50150107406));
#2857 = CARTESIAN_POINT('',(223.66679147723,182.,-15.50150107406));
#2858 = CARTESIAN_POINT('',(223.90788129054,182.,-15.50150107406));
#2859 = PCURVE('',#2019,#2860);
#2860 = DEFINITIONAL_REPRESENTATION('',(#2861),#2900);
#2861 = B_SPLINE_CURVE_WITH_KNOTS('',7,(#2862,#2863,#2864,#2865,#2866,
    #2867,#2868,#2869,#2870,#2871,#2872,#2873,#2874,#2875,#2876,#2877,
    #2878,#2879,#2880,#2881,#2882,#2883,#2884,#2885,#2886,#2887,#2888,
    #2889,#2890,#2891,#2892,#2893,#2894,#2895,#2896,#2897,#2898,#2899),
  .UNSPECIFIED.,.F.,.F.,(8,6,6,6,6,6,8),(0.,0.157686045524,
    0.219780205198,0.502360514263,0.781358054532,0.931199415227,1.),
  .UNSPECIFIED.);
#2862 = CARTESIAN_POINT('',(197.43355695403,0.));
#2863 = CARTESIAN_POINT('',(197.98611771075,0.));
#2864 = CARTESIAN_POINT('',(198.53871359069,-5.492618135968E-03));
#2865 = CARTESIAN_POINT('',(199.09129239958,-1.556825818263E-02));
#2866 = CARTESIAN_POINT('',(199.64382365428,-2.936448085183E-02));
#2867 = CARTESIAN_POINT('',(200.1962986151,-4.605979451822E-02));
#2868 = CARTESIAN_POINT('',(200.74873017497,-6.487447593067E-02));
#2869 = CARTESIAN_POINT('',(201.51868743245,-9.303440066231E-02));
#2870 = CARTESIAN_POINT('',(201.73621950441,-0.101205795329));
#2871 = CARTESIAN_POINT('',(201.95375016358,-0.109547886961));
#2872 = CARTESIAN_POINT('',(202.17128079272,-0.118017235512));
#2873 = CARTESIAN_POINT('',(202.38881281523,-0.126571678836));
#2874 = CARTESIAN_POINT('',(202.60634769515,-0.135170332692));
#2875 = CARTESIAN_POINT('',(203.81387225227,-0.182925603279));
#2876 = CARTESIAN_POINT('',(204.80395124654,-0.222173998622));
#2877 = CARTESIAN_POINT('',(205.79426841878,-0.257796461289));
#2878 = CARTESIAN_POINT('',(206.78489126126,-0.286674887656));
#2879 = CARTESIAN_POINT('',(207.77580376239,-0.306497247087));
#2880 = CARTESIAN_POINT('',(208.76689370963,-0.316134555628));
#2881 = CARTESIAN_POINT('',(210.73644316575,-0.315123926398));
#2882 = CARTESIAN_POINT('',(211.71495217141,-0.304731622868));
#2883 = CARTESIAN_POINT('',(212.69328048317,-0.284486588439));
#2884 = CARTESIAN_POINT('',(213.6713241341,-0.25553651451));
#2885 = CARTESIAN_POINT('',(214.64907108982,-0.220141837381));
#2886 = CARTESIAN_POINT('',(215.62658928889,-0.181322359541));
#2887 = CARTESIAN_POINT('',(217.12897004377,-0.121910871141));
#2888 = CARTESIAN_POINT('',(217.65389028378,-0.101199812817));
#2889 = CARTESIAN_POINT('',(218.17880942562,-8.109425301728E-02));
#2890 = CARTESIAN_POINT('',(218.70374867553,-6.219706155766E-02));
#2891 = CARTESIAN_POINT('',(219.2287220334,-4.515206358142E-02));
#2892 = CARTESIAN_POINT('',(219.75373606514,-3.063960842353E-02));
#2893 = CARTESIAN_POINT('',(220.519871278,-1.419861016572E-02));
#2894 = CARTESIAN_POINT('',(220.76095996099,-9.709322176612E-03));
#2895 = CARTESIAN_POINT('',(221.00205497453,-5.973344426072E-03));
#2896 = CARTESIAN_POINT('',(221.24315441771,-3.061348713301E-03));
#2897 = CARTESIAN_POINT('',(221.48425523827,-1.045608717926E-03));
#2898 = CARTESIAN_POINT('',(221.72535323265,0.));
#2899 = CARTESIAN_POINT('',(221.96644304596,0.));
#2900 = ( GEOMETRIC_REPRESENTATION_CONTEXT(2) 
PARAMETRIC_REPRESENTATION_CONTEXT() REPRESENTATION_CONTEXT('2D SPACE',''
  ) );
#2901 = PCURVE('',#2902,#2907);
#2902 = TOROIDAL_SURFACE('',#2903,34.925,8.);
#2903 = AXIS2_PLACEMENT_3D('',#2904,#2905,#2906);
#2904 = CARTESIAN_POINT('',(211.64143824457,174.,17.198498925933));
#2905 = DIRECTION('',(-0.,1.,0.));
#2906 = DIRECTION('',(1.,0.,0.));
#2907 = DEFINITIONAL_REPRESENTATION('',(#2908),#2947);
#2908 = B_SPLINE_CURVE_WITH_KNOTS('',7,(#2909,#2910,#2911,#2912,#2913,
    #2914,#2915,#2916,#2917,#2918,#2919,#2920,#2921,#2922,#2923,#2924,
    #2925,#2926,#2927,#2928,#2929,#2930,#2931,#2932,#2933,#2934,#2935,
    #2936,#2937,#2938,#2939,#2940,#2941,#2942,#2943,#2944,#2945,#2946),
  .UNSPECIFIED.,.F.,.F.,(8,6,6,6,6,6,8),(0.,0.157686045524,
    0.219780205198,0.502360514263,0.781358054532,0.931199415227,1.),
  .UNSPECIFIED.);
#2909 = CARTESIAN_POINT('',(-4.353512598189,1.570796326795));
#2910 = CARTESIAN_POINT('',(-4.368326005378,1.595055292621));
#2911 = CARTESIAN_POINT('',(-4.38333242326,1.618198160293));
#2912 = CARTESIAN_POINT('',(-4.398524360813,1.640219599483));
#2913 = CARTESIAN_POINT('',(-4.413893730895,1.66110704432));
#2914 = CARTESIAN_POINT('',(-4.429431907119,1.680842468991));
#2915 = CARTESIAN_POINT('',(-4.445129800562,1.699403935489));
#2916 = CARTESIAN_POINT('',(-4.467218698237,1.7236041674));
#2917 = CARTESIAN_POINT('',(-4.473482702535,1.730255544324));
#2918 = CARTESIAN_POINT('',(-4.479769369044,1.736719506454));
#2919 = CARTESIAN_POINT('',(-4.486078075635,1.742994470407));
#2920 = CARTESIAN_POINT('',(-4.492408178217,1.749078807231));
#2921 = CARTESIAN_POINT('',(-4.498759010739,1.754970842411));
#2922 = CARTESIAN_POINT('',(-4.534122687087,1.786599578048));
#2923 = CARTESIAN_POINT('',(-4.56353066531,1.808512367176));
#2924 = CARTESIAN_POINT('',(-4.593289135355,1.826247132665));
#2925 = CARTESIAN_POINT('',(-4.623321746887,1.839633418258));
#2926 = CARTESIAN_POINT('',(-4.653541450052,1.848528104154));
#2927 = CARTESIAN_POINT('',(-4.683853713155,1.852859745151));
#2928 = CARTESIAN_POINT('',(-4.744084394205,1.852405519284));
#2929 = CARTESIAN_POINT('',(-4.774004419431,1.847734544972));
#2930 = CARTESIAN_POINT('',(-4.803827698496,1.838620268208));
#2931 = CARTESIAN_POINT('',(-4.833463591544,1.825135171386));
#2932 = CARTESIAN_POINT('',(-4.862828724217,1.807418443577));
#2933 = CARTESIAN_POINT('',(-4.891849949171,1.785634270951));
#2934 = CARTESIAN_POINT('',(-4.935833662679,1.746134993305));
#2935 = CARTESIAN_POINT('',(-4.951084878442,1.731204734963));
#2936 = CARTESIAN_POINT('',(-4.966209451576,1.715169429369));
#2937 = CARTESIAN_POINT('',(-4.981198503412,1.698052160465));
#2938 = CARTESIAN_POINT('',(-4.996043753213,1.679874068961));
#2939 = CARTESIAN_POINT('',(-5.010737563708,1.660653023616));
#2940 = CARTESIAN_POINT('',(-5.031947015692,1.631104044452));
#2941 = CARTESIAN_POINT('',(-5.038587618204,1.621588750156));
#2942 = CARTESIAN_POINT('',(-5.045194101704,1.61185775013));
#2943 = CARTESIAN_POINT('',(-5.051765784197,1.601912179849));
#2944 = CARTESIAN_POINT('',(-5.058301994148,1.591752969758));
#2945 = CARTESIAN_POINT('',(-5.06480207048,1.581380845277));
#2946 = CARTESIAN_POINT('',(-5.071265362581,1.570796326795));
#2947 = ( GEOMETRIC_REPRESENTATION_CONTEXT(2) 
PARAMETRIC_REPRESENTATION_CONTEXT() REPRESENTATION_CONTEXT('2D SPACE',''
  ) );
#2948 = ORIENTED_EDGE('',*,*,#2949,.F.);
#2949 = EDGE_CURVE('',#2950,#2817,#2952,.T.);
#2950 = VERTEX_POINT('',#2951);
#2951 = CARTESIAN_POINT('',(136.02388129054,182.,-15.50150107406));
#2952 = SURFACE_CURVE('',#2953,(#2957,#2964),.PCURVE_S1.);
#2953 = LINE('',#2954,#2955);
#2954 = CARTESIAN_POINT('',(1.941438244575,182.,-15.50150107406));
#2955 = VECTOR('',#2956,1.);
#2956 = DIRECTION('',(1.,0.,0.));
#2957 = PCURVE('',#2019,#2958);
#2958 = DEFINITIONAL_REPRESENTATION('',(#2959),#2963);
#2959 = LINE('',#2960,#2961);
#2960 = CARTESIAN_POINT('',(0.,0.));
#2961 = VECTOR('',#2962,1.);
#2962 = DIRECTION('',(1.,0.));
#2963 = ( GEOMETRIC_REPRESENTATION_CONTEXT(2) 
PARAMETRIC_REPRESENTATION_CONTEXT() REPRESENTATION_CONTEXT('2D SPACE',''
  ) );
#2964 = PCURVE('',#2965,#2970);
#2965 = PLANE('',#2966);
#2966 = AXIS2_PLACEMENT_3D('',#2967,#2968,#2969);
#2967 = CARTESIAN_POINT('',(211.64143824457,182.,17.198498925933));
#2968 = DIRECTION('',(-0.,-1.,-0.));
#2969 = DIRECTION('',(0.,0.,-1.));
#2970 = DEFINITIONAL_REPRESENTATION('',(#2971),#2975);
#2971 = LINE('',#2972,#2973);
#2972 = CARTESIAN_POINT('',(32.7,-209.7));
#2973 = VECTOR('',#2974,1.);
#2974 = DIRECTION('',(0.,1.));
#2975 = ( GEOMETRIC_REPRESENTATION_CONTEXT(2) 
PARAMETRIC_REPRESENTATION_CONTEXT() REPRESENTATION_CONTEXT('2D SPACE',''
  ) );
#2976 = ORIENTED_EDGE('',*,*,#2977,.F.);
#2977 = EDGE_CURVE('',#2978,#2950,#2980,.T.);
#2978 = VERTEX_POINT('',#2979);
#2979 = CARTESIAN_POINT('',(111.4909951986,182.,-15.50150107406));
#2980 = SURFACE_CURVE('',#2981,(#3020,#3062),.PCURVE_S1.);
#2981 = B_SPLINE_CURVE_WITH_KNOTS('',7,(#2982,#2983,#2984,#2985,#2986,
    #2987,#2988,#2989,#2990,#2991,#2992,#2993,#2994,#2995,#2996,#2997,
    #2998,#2999,#3000,#3001,#3002,#3003,#3004,#3005,#3006,#3007,#3008,
    #3009,#3010,#3011,#3012,#3013,#3014,#3015,#3016,#3017,#3018,#3019),
  .UNSPECIFIED.,.F.,.F.,(8,6,6,6,6,6,8),(0.,0.157686045524,
    0.219780205198,0.502360514263,0.781358054532,0.931199415227,1.),
  .UNSPECIFIED.);
#2982 = CARTESIAN_POINT('',(111.4909951986,182.,-15.50150107406));
#2983 = CARTESIAN_POINT('',(112.04355595532,182.,-15.50150107406));
#2984 = CARTESIAN_POINT('',(112.59615183527,181.99450738186,
    -15.50150107406));
#2985 = CARTESIAN_POINT('',(113.14873064416,181.98443174181,
    -15.50150107406));
#2986 = CARTESIAN_POINT('',(113.70126189886,181.97063551914,
    -15.50150107406));
#2987 = CARTESIAN_POINT('',(114.25373685967,181.95394020548,
    -15.50150107406));
#2988 = CARTESIAN_POINT('',(114.80616841954,181.93512552406,
    -15.50150107406));
#2989 = CARTESIAN_POINT('',(115.57612567703,181.90696559933,
    -15.50150107406));
#2990 = CARTESIAN_POINT('',(115.79365774898,181.89879420467,
    -15.50150107406));
#2991 = CARTESIAN_POINT('',(116.01118840815,181.89045211303,
    -15.50150107406));
#2992 = CARTESIAN_POINT('',(116.22871903729,181.88198276448,
    -15.50150107406));
#2993 = CARTESIAN_POINT('',(116.44625105981,181.87342832116,
    -15.50150107406));
#2994 = CARTESIAN_POINT('',(116.66378593972,181.8648296673,
    -15.50150107406));
#2995 = CARTESIAN_POINT('',(117.87131049684,181.81707439672,
    -15.50150107406));
#2996 = CARTESIAN_POINT('',(118.86138949112,181.77782600137,
    -15.50150107406));
#2997 = CARTESIAN_POINT('',(119.85170666335,181.74220353871,
    -15.50150107406));
#2998 = CARTESIAN_POINT('',(120.84232950583,181.71332511234,
    -15.50150107406));
#2999 = CARTESIAN_POINT('',(121.83324200696,181.69350275291,
    -15.50150107406));
#3000 = CARTESIAN_POINT('',(122.8243319542,181.68386544437,
    -15.50150107406));
#3001 = CARTESIAN_POINT('',(124.79388141033,181.6848760736,
    -15.50150107406));
#3002 = CARTESIAN_POINT('',(125.77239041599,181.69526837713,
    -15.50150107406));
#3003 = CARTESIAN_POINT('',(126.75071872774,181.71551341156,
    -15.50150107406));
#3004 = CARTESIAN_POINT('',(127.72876237868,181.74446348549,
    -15.50150107406));
#3005 = CARTESIAN_POINT('',(128.70650933439,181.77985816261,
    -15.50150107406));
#3006 = CARTESIAN_POINT('',(129.68402753346,181.81867764045,
    -15.50150107406));
#3007 = CARTESIAN_POINT('',(131.18640828835,181.87808912885,
    -15.50150107406));
#3008 = CARTESIAN_POINT('',(131.71132852835,181.89880018718,
    -15.50150107406));
#3009 = CARTESIAN_POINT('',(132.23624767019,181.91890574698,
    -15.50150107406));
#3010 = CARTESIAN_POINT('',(132.7611869201,181.93780293844,
    -15.50150107406));
#3011 = CARTESIAN_POINT('',(133.28616027797,181.95484793641,
    -15.50150107406));
#3012 = CARTESIAN_POINT('',(133.81117430971,181.96936039157,
    -15.50150107406));
#3013 = CARTESIAN_POINT('',(134.57730952257,181.98580138983,
    -15.50150107406));
#3014 = CARTESIAN_POINT('',(134.81839820556,181.99029067782,
    -15.50150107406));
#3015 = CARTESIAN_POINT('',(135.0594932191,181.99402665557,
    -15.50150107406));
#3016 = CARTESIAN_POINT('',(135.30059266228,181.99693865128,
    -15.50150107406));
#3017 = CARTESIAN_POINT('',(135.54169348285,181.99895439128,
    -15.50150107406));
#3018 = CARTESIAN_POINT('',(135.78279147723,182.,-15.50150107406));
#3019 = CARTESIAN_POINT('',(136.02388129054,182.,-15.50150107406));
#3020 = PCURVE('',#2019,#3021);
#3021 = DEFINITIONAL_REPRESENTATION('',(#3022),#3061);
#3022 = B_SPLINE_CURVE_WITH_KNOTS('',7,(#3023,#3024,#3025,#3026,#3027,
    #3028,#3029,#3030,#3031,#3032,#3033,#3034,#3035,#3036,#3037,#3038,
    #3039,#3040,#3041,#3042,#3043,#3044,#3045,#3046,#3047,#3048,#3049,
    #3050,#3051,#3052,#3053,#3054,#3055,#3056,#3057,#3058,#3059,#3060),
  .UNSPECIFIED.,.F.,.F.,(8,6,6,6,6,6,8),(0.,0.157686045524,
    0.219780205198,0.502360514263,0.781358054532,0.931199415227,1.),
  .UNSPECIFIED.);
#3023 = CARTESIAN_POINT('',(109.54955695403,0.));
#3024 = CARTESIAN_POINT('',(110.10211771075,0.));
#3025 = CARTESIAN_POINT('',(110.65471359069,-5.492618135967E-03));
#3026 = CARTESIAN_POINT('',(111.20729239958,-1.556825818263E-02));
#3027 = CARTESIAN_POINT('',(111.75982365428,-2.936448085183E-02));
#3028 = CARTESIAN_POINT('',(112.31229861509,-4.605979451822E-02));
#3029 = CARTESIAN_POINT('',(112.86473017497,-6.487447593068E-02));
#3030 = CARTESIAN_POINT('',(113.63468743245,-9.303440066231E-02));
#3031 = CARTESIAN_POINT('',(113.85221950441,-0.101205795329));
#3032 = CARTESIAN_POINT('',(114.06975016358,-0.109547886961));
#3033 = CARTESIAN_POINT('',(114.28728079272,-0.118017235512));
#3034 = CARTESIAN_POINT('',(114.50481281523,-0.126571678836));
#3035 = CARTESIAN_POINT('',(114.72234769515,-0.135170332692));
#3036 = CARTESIAN_POINT('',(115.92987225227,-0.182925603279));
#3037 = CARTESIAN_POINT('',(116.91995124654,-0.222173998622));
#3038 = CARTESIAN_POINT('',(117.91026841878,-0.25779646129));
#3039 = CARTESIAN_POINT('',(118.90089126125,-0.286674887656));
#3040 = CARTESIAN_POINT('',(119.89180376239,-0.306497247087));
#3041 = CARTESIAN_POINT('',(120.88289370963,-0.316134555628));
#3042 = CARTESIAN_POINT('',(122.85244316575,-0.315123926398));
#3043 = CARTESIAN_POINT('',(123.83095217141,-0.304731622868));
#3044 = CARTESIAN_POINT('',(124.80928048316,-0.28448658844));
#3045 = CARTESIAN_POINT('',(125.78732413411,-0.25553651451));
#3046 = CARTESIAN_POINT('',(126.76507108981,-0.220141837381));
#3047 = CARTESIAN_POINT('',(127.74258928889,-0.181322359541));
#3048 = CARTESIAN_POINT('',(129.24497004377,-0.121910871141));
#3049 = CARTESIAN_POINT('',(129.76989028378,-0.101199812817));
#3050 = CARTESIAN_POINT('',(130.29480942562,-8.109425301728E-02));
#3051 = CARTESIAN_POINT('',(130.81974867553,-6.219706155766E-02));
#3052 = CARTESIAN_POINT('',(131.3447220334,-4.515206358143E-02));
#3053 = CARTESIAN_POINT('',(131.86973606514,-3.063960842353E-02));
#3054 = CARTESIAN_POINT('',(132.635871278,-1.419861016572E-02));
#3055 = CARTESIAN_POINT('',(132.87695996099,-9.709322176612E-03));
#3056 = CARTESIAN_POINT('',(133.11805497453,-5.973344426073E-03));
#3057 = CARTESIAN_POINT('',(133.35915441771,-3.061348713301E-03));
#3058 = CARTESIAN_POINT('',(133.60025523827,-1.045608717926E-03));
#3059 = CARTESIAN_POINT('',(133.84135323265,0.));
#3060 = CARTESIAN_POINT('',(134.08244304596,0.));
#3061 = ( GEOMETRIC_REPRESENTATION_CONTEXT(2) 
PARAMETRIC_REPRESENTATION_CONTEXT() REPRESENTATION_CONTEXT('2D SPACE',''
  ) );
#3062 = PCURVE('',#3063,#3068);
#3063 = TOROIDAL_SURFACE('',#3064,34.925,8.);
#3064 = AXIS2_PLACEMENT_3D('',#3065,#3066,#3067);
#3065 = CARTESIAN_POINT('',(123.75743824457,174.,17.198498925933));
#3066 = DIRECTION('',(-0.,1.,0.));
#3067 = DIRECTION('',(1.,0.,0.));
#3068 = DEFINITIONAL_REPRESENTATION('',(#3069),#3108);
#3069 = B_SPLINE_CURVE_WITH_KNOTS('',7,(#3070,#3071,#3072,#3073,#3074,
    #3075,#3076,#3077,#3078,#3079,#3080,#3081,#3082,#3083,#3084,#3085,
    #3086,#3087,#3088,#3089,#3090,#3091,#3092,#3093,#3094,#3095,#3096,
    #3097,#3098,#3099,#3100,#3101,#3102,#3103,#3104,#3105,#3106,#3107),
  .UNSPECIFIED.,.F.,.F.,(8,6,6,6,6,6,8),(0.,0.157686045524,
    0.219780205198,0.502360514263,0.781358054532,0.931199415227,1.),
  .UNSPECIFIED.);
#3070 = CARTESIAN_POINT('',(-4.353512598189,1.570796326795));
#3071 = CARTESIAN_POINT('',(-4.368326005378,1.595055292621));
#3072 = CARTESIAN_POINT('',(-4.38333242326,1.618198160293));
#3073 = CARTESIAN_POINT('',(-4.398524360813,1.640219599483));
#3074 = CARTESIAN_POINT('',(-4.413893730895,1.66110704432));
#3075 = CARTESIAN_POINT('',(-4.429431907119,1.680842468991));
#3076 = CARTESIAN_POINT('',(-4.445129800562,1.699403935489));
#3077 = CARTESIAN_POINT('',(-4.467218698237,1.7236041674));
#3078 = CARTESIAN_POINT('',(-4.473482702535,1.730255544324));
#3079 = CARTESIAN_POINT('',(-4.479769369044,1.736719506454));
#3080 = CARTESIAN_POINT('',(-4.486078075635,1.742994470407));
#3081 = CARTESIAN_POINT('',(-4.492408178217,1.749078807231));
#3082 = CARTESIAN_POINT('',(-4.498759010739,1.754970842411));
#3083 = CARTESIAN_POINT('',(-4.534122687087,1.786599578048));
#3084 = CARTESIAN_POINT('',(-4.56353066531,1.808512367176));
#3085 = CARTESIAN_POINT('',(-4.593289135355,1.826247132665));
#3086 = CARTESIAN_POINT('',(-4.623321746887,1.839633418258));
#3087 = CARTESIAN_POINT('',(-4.653541450052,1.848528104154));
#3088 = CARTESIAN_POINT('',(-4.683853713155,1.852859745151));
#3089 = CARTESIAN_POINT('',(-4.744084394205,1.852405519284));
#3090 = CARTESIAN_POINT('',(-4.774004419431,1.847734544972));
#3091 = CARTESIAN_POINT('',(-4.803827698495,1.838620268208));
#3092 = CARTESIAN_POINT('',(-4.833463591544,1.825135171386));
#3093 = CARTESIAN_POINT('',(-4.862828724217,1.807418443578));
#3094 = CARTESIAN_POINT('',(-4.891849949171,1.785634270951));
#3095 = CARTESIAN_POINT('',(-4.935833662679,1.746134993305));
#3096 = CARTESIAN_POINT('',(-4.951084878442,1.731204734963));
#3097 = CARTESIAN_POINT('',(-4.966209451576,1.715169429369));
#3098 = CARTESIAN_POINT('',(-4.981198503412,1.698052160465));
#3099 = CARTESIAN_POINT('',(-4.996043753213,1.679874068961));
#3100 = CARTESIAN_POINT('',(-5.010737563708,1.660653023616));
#3101 = CARTESIAN_POINT('',(-5.031947015692,1.631104044452));
#3102 = CARTESIAN_POINT('',(-5.038587618204,1.621588750156));
#3103 = CARTESIAN_POINT('',(-5.045194101704,1.61185775013));
#3104 = CARTESIAN_POINT('',(-5.051765784197,1.601912179849));
#3105 = CARTESIAN_POINT('',(-5.058301994148,1.591752969758));
#3106 = CARTESIAN_POINT('',(-5.06480207048,1.581380845277));
#3107 = CARTESIAN_POINT('',(-5.071265362581,1.570796326795));
#3108 = ( GEOMETRIC_REPRESENTATION_CONTEXT(2) 
PARAMETRIC_REPRESENTATION_CONTEXT() REPRESENTATION_CONTEXT('2D SPACE',''
  ) );
#3109 = ORIENTED_EDGE('',*,*,#3110,.F.);
#3110 = EDGE_CURVE('',#3111,#2978,#3113,.T.);
#3111 = VERTEX_POINT('',#3112);
#3112 = CARTESIAN_POINT('',(48.139881290542,182.,-15.50150107406));
#3113 = SURFACE_CURVE('',#3114,(#3118,#3125),.PCURVE_S1.);
#3114 = LINE('',#3115,#3116);
#3115 = CARTESIAN_POINT('',(1.941438244575,182.,-15.50150107406));
#3116 = VECTOR('',#3117,1.);
#3117 = DIRECTION('',(1.,0.,0.));
#3118 = PCURVE('',#2019,#3119);
#3119 = DEFINITIONAL_REPRESENTATION('',(#3120),#3124);
#3120 = LINE('',#3121,#3122);
#3121 = CARTESIAN_POINT('',(0.,0.));
#3122 = VECTOR('',#3123,1.);
#3123 = DIRECTION('',(1.,0.));
#3124 = ( GEOMETRIC_REPRESENTATION_CONTEXT(2) 
PARAMETRIC_REPRESENTATION_CONTEXT() REPRESENTATION_CONTEXT('2D SPACE',''
  ) );
#3125 = PCURVE('',#3126,#3131);
#3126 = PLANE('',#3127);
#3127 = AXIS2_PLACEMENT_3D('',#3128,#3129,#3130);
#3128 = CARTESIAN_POINT('',(211.64143824457,182.,17.198498925933));
#3129 = DIRECTION('',(-0.,-1.,-0.));
#3130 = DIRECTION('',(0.,0.,-1.));
#3131 = DEFINITIONAL_REPRESENTATION('',(#3132),#3136);
#3132 = LINE('',#3133,#3134);
#3133 = CARTESIAN_POINT('',(32.7,-209.7));
#3134 = VECTOR('',#3135,1.);
#3135 = DIRECTION('',(0.,1.));
#3136 = ( GEOMETRIC_REPRESENTATION_CONTEXT(2) 
PARAMETRIC_REPRESENTATION_CONTEXT() REPRESENTATION_CONTEXT('2D SPACE',''
  ) );
#3137 = ORIENTED_EDGE('',*,*,#3138,.F.);
#3138 = EDGE_CURVE('',#2394,#3111,#3139,.T.);
#3139 = SURFACE_CURVE('',#3140,(#3179,#3221),.PCURVE_S1.);
#3140 = B_SPLINE_CURVE_WITH_KNOTS('',7,(#3141,#3142,#3143,#3144,#3145,
    #3146,#3147,#3148,#3149,#3150,#3151,#3152,#3153,#3154,#3155,#3156,
    #3157,#3158,#3159,#3160,#3161,#3162,#3163,#3164,#3165,#3166,#3167,
    #3168,#3169,#3170,#3171,#3172,#3173,#3174,#3175,#3176,#3177,#3178),
  .UNSPECIFIED.,.F.,.F.,(8,6,6,6,6,6,8),(0.,0.157686045524,
    0.219780205198,0.502360514263,0.781358054532,0.931199415227,1.),
  .UNSPECIFIED.);
#3141 = CARTESIAN_POINT('',(23.606995198606,182.,-15.50150107406));
#3142 = CARTESIAN_POINT('',(24.159555955325,182.,-15.50150107406));
#3143 = CARTESIAN_POINT('',(24.712151835271,181.99450738186,
    -15.50150107406));
#3144 = CARTESIAN_POINT('',(25.264730644162,181.98443174181,
    -15.50150107406));
#3145 = CARTESIAN_POINT('',(25.817261898861,181.97063551914,
    -15.50150107406));
#3146 = CARTESIAN_POINT('',(26.369736859674,181.95394020548,
    -15.50150107406));
#3147 = CARTESIAN_POINT('',(26.922168419545,181.93512552406,
    -15.50150107406));
#3148 = CARTESIAN_POINT('',(27.692125677031,181.90696559933,
    -15.50150107406));
#3149 = CARTESIAN_POINT('',(27.909657748987,181.89879420467,
    -15.50150107406));
#3150 = CARTESIAN_POINT('',(28.127188408155,181.89045211303,
    -15.50150107406));
#3151 = CARTESIAN_POINT('',(28.344719037296,181.88198276448,
    -15.50150107406));
#3152 = CARTESIAN_POINT('',(28.562251059809,181.87342832116,
    -15.50150107406));
#3153 = CARTESIAN_POINT('',(28.779785939725,181.8648296673,
    -15.50150107406));
#3154 = CARTESIAN_POINT('',(29.987310496846,181.81707439672,
    -15.50150107406));
#3155 = CARTESIAN_POINT('',(30.977389491127,181.77782600137,
    -15.50150107406));
#3156 = CARTESIAN_POINT('',(31.96770666335,181.74220353871,
    -15.50150107406));
#3157 = CARTESIAN_POINT('',(32.958329505842,181.71332511234,
    -15.50150107406));
#3158 = CARTESIAN_POINT('',(33.94924200696,181.69350275291,
    -15.50150107406));
#3159 = CARTESIAN_POINT('',(34.940331954208,181.68386544437,
    -15.50150107406));
#3160 = CARTESIAN_POINT('',(36.909881410333,181.6848760736,
    -15.50150107406));
#3161 = CARTESIAN_POINT('',(37.888390415981,181.69526837713,
    -15.50150107406));
#3162 = CARTESIAN_POINT('',(38.866718727755,181.71551341156,
    -15.50150107406));
#3163 = CARTESIAN_POINT('',(39.844762378674,181.74446348549,
    -15.50150107406));
#3164 = CARTESIAN_POINT('',(40.822509334397,181.77985816261,
    -15.50150107406));
#3165 = CARTESIAN_POINT('',(41.800027533465,181.81867764045,
    -15.50150107406));
#3166 = CARTESIAN_POINT('',(43.302408288353,181.87808912885,
    -15.50150107406));
#3167 = CARTESIAN_POINT('',(43.827328528357,181.89880018718,
    -15.50150107406));
#3168 = CARTESIAN_POINT('',(44.352247670195,181.91890574698,
    -15.50150107406));
#3169 = CARTESIAN_POINT('',(44.877186920109,181.93780293844,
    -15.50150107406));
#3170 = CARTESIAN_POINT('',(45.402160277975,181.95484793641,
    -15.50150107406));
#3171 = CARTESIAN_POINT('',(45.927174309718,181.96936039157,
    -15.50150107406));
#3172 = CARTESIAN_POINT('',(46.693309522576,181.98580138983,
    -15.50150107406));
#3173 = CARTESIAN_POINT('',(46.934398205564,181.99029067782,
    -15.50150107406));
#3174 = CARTESIAN_POINT('',(47.175493219109,181.99402665557,
    -15.50150107406));
#3175 = CARTESIAN_POINT('',(47.416592662286,181.99693865128,
    -15.50150107406));
#3176 = CARTESIAN_POINT('',(47.65769348285,181.99895439128,
    -15.50150107406));
#3177 = CARTESIAN_POINT('',(47.898791477233,182.,-15.50150107406));
#3178 = CARTESIAN_POINT('',(48.139881290544,182.,-15.50150107406));
#3179 = PCURVE('',#2019,#3180);
#3180 = DEFINITIONAL_REPRESENTATION('',(#3181),#3220);
#3181 = B_SPLINE_CURVE_WITH_KNOTS('',7,(#3182,#3183,#3184,#3185,#3186,
    #3187,#3188,#3189,#3190,#3191,#3192,#3193,#3194,#3195,#3196,#3197,
    #3198,#3199,#3200,#3201,#3202,#3203,#3204,#3205,#3206,#3207,#3208,
    #3209,#3210,#3211,#3212,#3213,#3214,#3215,#3216,#3217,#3218,#3219),
  .UNSPECIFIED.,.F.,.F.,(8,6,6,6,6,6,8),(0.,0.157686045524,
    0.219780205198,0.502360514263,0.781358054532,0.931199415227,1.),
  .UNSPECIFIED.);
#3182 = CARTESIAN_POINT('',(21.665556954031,0.));
#3183 = CARTESIAN_POINT('',(22.21811771075,0.));
#3184 = CARTESIAN_POINT('',(22.770713590696,-5.492618135969E-03));
#3185 = CARTESIAN_POINT('',(23.323292399587,-1.556825818263E-02));
#3186 = CARTESIAN_POINT('',(23.875823654286,-2.936448085183E-02));
#3187 = CARTESIAN_POINT('',(24.4282986151,-4.605979451822E-02));
#3188 = CARTESIAN_POINT('',(24.98073017497,-6.487447593067E-02));
#3189 = CARTESIAN_POINT('',(25.750687432456,-9.303440066231E-02));
#3190 = CARTESIAN_POINT('',(25.968219504412,-0.101205795329));
#3191 = CARTESIAN_POINT('',(26.18575016358,-0.109547886961));
#3192 = CARTESIAN_POINT('',(26.403280792722,-0.118017235512));
#3193 = CARTESIAN_POINT('',(26.620812815235,-0.126571678836));
#3194 = CARTESIAN_POINT('',(26.83834769515,-0.135170332692));
#3195 = CARTESIAN_POINT('',(28.045872252272,-0.182925603279));
#3196 = CARTESIAN_POINT('',(29.035951246553,-0.222173998622));
#3197 = CARTESIAN_POINT('',(30.026268418775,-0.257796461289));
#3198 = CARTESIAN_POINT('',(31.016891261268,-0.286674887656));
#3199 = CARTESIAN_POINT('',(32.007803762386,-0.306497247087));
#3200 = CARTESIAN_POINT('',(32.998893709633,-0.316134555628));
#3201 = CARTESIAN_POINT('',(34.968443165758,-0.315123926398));
#3202 = CARTESIAN_POINT('',(35.946952171407,-0.304731622868));
#3203 = CARTESIAN_POINT('',(36.92528048318,-0.284486588439));
#3204 = CARTESIAN_POINT('',(37.903324134099,-0.25553651451));
#3205 = CARTESIAN_POINT('',(38.881071089822,-0.220141837381));
#3206 = CARTESIAN_POINT('',(39.85858928889,-0.181322359541));
#3207 = CARTESIAN_POINT('',(41.360970043778,-0.121910871141));
#3208 = CARTESIAN_POINT('',(41.885890283782,-0.101199812817));
#3209 = CARTESIAN_POINT('',(42.41080942562,-8.109425301728E-02));
#3210 = CARTESIAN_POINT('',(42.935748675535,-6.219706155766E-02));
#3211 = CARTESIAN_POINT('',(43.4607220334,-4.515206358142E-02));
#3212 = CARTESIAN_POINT('',(43.985736065143,-3.063960842353E-02));
#3213 = CARTESIAN_POINT('',(44.751871278001,-1.419861016572E-02));
#3214 = CARTESIAN_POINT('',(44.99295996099,-9.709322176611E-03));
#3215 = CARTESIAN_POINT('',(45.234054974534,-5.973344426073E-03));
#3216 = CARTESIAN_POINT('',(45.475154417711,-3.061348713302E-03));
#3217 = CARTESIAN_POINT('',(45.716255238275,-1.045608717927E-03));
#3218 = CARTESIAN_POINT('',(45.957353232658,0.));
#3219 = CARTESIAN_POINT('',(46.198443045969,0.));
#3220 = ( GEOMETRIC_REPRESENTATION_CONTEXT(2) 
PARAMETRIC_REPRESENTATION_CONTEXT() REPRESENTATION_CONTEXT('2D SPACE',''
  ) );
#3221 = PCURVE('',#3222,#3227);
#3222 = TOROIDAL_SURFACE('',#3223,34.925,8.);
#3223 = AXIS2_PLACEMENT_3D('',#3224,#3225,#3226);
#3224 = CARTESIAN_POINT('',(35.873438244575,174.,17.198498925933));
#3225 = DIRECTION('',(-0.,1.,0.));
#3226 = DIRECTION('',(1.,0.,0.));
#3227 = DEFINITIONAL_REPRESENTATION('',(#3228),#3267);
#3228 = B_SPLINE_CURVE_WITH_KNOTS('',7,(#3229,#3230,#3231,#3232,#3233,
    #3234,#3235,#3236,#3237,#3238,#3239,#3240,#3241,#3242,#3243,#3244,
    #3245,#3246,#3247,#3248,#3249,#3250,#3251,#3252,#3253,#3254,#3255,
    #3256,#3257,#3258,#3259,#3260,#3261,#3262,#3263,#3264,#3265,#3266),
  .UNSPECIFIED.,.F.,.F.,(8,6,6,6,6,6,8),(0.,0.157686045524,
    0.219780205198,0.502360514263,0.781358054532,0.931199415227,1.),
  .UNSPECIFIED.);
#3229 = CARTESIAN_POINT('',(-4.353512598189,1.570796326795));
#3230 = CARTESIAN_POINT('',(-4.368326005378,1.595055292621));
#3231 = CARTESIAN_POINT('',(-4.38333242326,1.618198160293));
#3232 = CARTESIAN_POINT('',(-4.398524360813,1.640219599483));
#3233 = CARTESIAN_POINT('',(-4.413893730895,1.66110704432));
#3234 = CARTESIAN_POINT('',(-4.429431907119,1.680842468991));
#3235 = CARTESIAN_POINT('',(-4.445129800562,1.699403935489));
#3236 = CARTESIAN_POINT('',(-4.467218698237,1.7236041674));
#3237 = CARTESIAN_POINT('',(-4.473482702535,1.730255544324));
#3238 = CARTESIAN_POINT('',(-4.479769369044,1.736719506454));
#3239 = CARTESIAN_POINT('',(-4.486078075635,1.742994470407));
#3240 = CARTESIAN_POINT('',(-4.492408178217,1.749078807231));
#3241 = CARTESIAN_POINT('',(-4.498759010739,1.754970842411));
#3242 = CARTESIAN_POINT('',(-4.534122687087,1.786599578048));
#3243 = CARTESIAN_POINT('',(-4.56353066531,1.808512367176));
#3244 = CARTESIAN_POINT('',(-4.593289135355,1.826247132665));
#3245 = CARTESIAN_POINT('',(-4.623321746887,1.839633418258));
#3246 = CARTESIAN_POINT('',(-4.653541450051,1.848528104154));
#3247 = CARTESIAN_POINT('',(-4.683853713155,1.852859745151));
#3248 = CARTESIAN_POINT('',(-4.744084394205,1.852405519284));
#3249 = CARTESIAN_POINT('',(-4.774004419431,1.847734544972));
#3250 = CARTESIAN_POINT('',(-4.803827698496,1.838620268208));
#3251 = CARTESIAN_POINT('',(-4.833463591544,1.825135171386));
#3252 = CARTESIAN_POINT('',(-4.862828724217,1.807418443577));
#3253 = CARTESIAN_POINT('',(-4.891849949171,1.785634270951));
#3254 = CARTESIAN_POINT('',(-4.935833662679,1.746134993305));
#3255 = CARTESIAN_POINT('',(-4.951084878442,1.731204734963));
#3256 = CARTESIAN_POINT('',(-4.966209451576,1.715169429369));
#3257 = CARTESIAN_POINT('',(-4.981198503412,1.698052160465));
#3258 = CARTESIAN_POINT('',(-4.996043753213,1.679874068961));
#3259 = CARTESIAN_POINT('',(-5.010737563708,1.660653023616));
#3260 = CARTESIAN_POINT('',(-5.031947015692,1.631104044452));
#3261 = CARTESIAN_POINT('',(-5.038587618204,1.621588750156));
#3262 = CARTESIAN_POINT('',(-5.045194101704,1.61185775013));
#3263 = CARTESIAN_POINT('',(-5.051765784197,1.601912179849));
#3264 = CARTESIAN_POINT('',(-5.058301994148,1.591752969758));
#3265 = CARTESIAN_POINT('',(-5.06480207048,1.581380845277));
#3266 = CARTESIAN_POINT('',(-5.071265362581,1.570796326795));
#3267 = ( GEOMETRIC_REPRESENTATION_CONTEXT(2) 
PARAMETRIC_REPRESENTATION_CONTEXT() REPRESENTATION_CONTEXT('2D SPACE',''
  ) );
#3268 = ADVANCED_FACE('',(#3269),#2101,.F.);
#3269 = FACE_BOUND('',#3270,.F.);
#3270 = EDGE_LOOP('',(#3271,#3294,#3295,#3296,#3319,#3347,#3397));
#3271 = ORIENTED_EDGE('',*,*,#3272,.F.);
#3272 = EDGE_CURVE('',#2444,#3273,#3275,.T.);
#3273 = VERTEX_POINT('',#3274);
#3274 = CARTESIAN_POINT('',(421.34143824457,182.,8.929581161195));
#3275 = SURFACE_CURVE('',#3276,(#3280,#3287),.PCURVE_S1.);
#3276 = LINE('',#3277,#3278);
#3277 = CARTESIAN_POINT('',(421.34143824457,182.,-15.50150107406));
#3278 = VECTOR('',#3279,1.);
#3279 = DIRECTION('',(0.,0.,1.));
#3280 = PCURVE('',#2101,#3281);
#3281 = DEFINITIONAL_REPRESENTATION('',(#3282),#3286);
#3282 = LINE('',#3283,#3284);
#3283 = CARTESIAN_POINT('',(0.,0.));
#3284 = VECTOR('',#3285,1.);
#3285 = DIRECTION('',(1.,0.));
#3286 = ( GEOMETRIC_REPRESENTATION_CONTEXT(2) 
PARAMETRIC_REPRESENTATION_CONTEXT() REPRESENTATION_CONTEXT('2D SPACE',''
  ) );
#3287 = PCURVE('',#2482,#3288);
#3288 = DEFINITIONAL_REPRESENTATION('',(#3289),#3293);
#3289 = LINE('',#3290,#3291);
#3290 = CARTESIAN_POINT('',(32.7,209.7));
#3291 = VECTOR('',#3292,1.);
#3292 = DIRECTION('',(-1.,0.));
#3293 = ( GEOMETRIC_REPRESENTATION_CONTEXT(2) 
PARAMETRIC_REPRESENTATION_CONTEXT() REPRESENTATION_CONTEXT('2D SPACE',''
  ) );
#3294 = ORIENTED_EDGE('',*,*,#2443,.T.);
#3295 = ORIENTED_EDGE('',*,*,#2087,.T.);
#3296 = ORIENTED_EDGE('',*,*,#3297,.F.);
#3297 = EDGE_CURVE('',#3298,#2060,#3300,.T.);
#3298 = VERTEX_POINT('',#3299);
#3299 = CARTESIAN_POINT('',(421.34143824457,182.,49.898498925933));
#3300 = SURFACE_CURVE('',#3301,(#3305,#3312),.PCURVE_S1.);
#3301 = LINE('',#3302,#3303);
#3302 = CARTESIAN_POINT('',(421.34143824457,182.,49.898498925933));
#3303 = VECTOR('',#3304,1.);
#3304 = DIRECTION('',(0.,-1.,0.));
#3305 = PCURVE('',#2101,#3306);
#3306 = DEFINITIONAL_REPRESENTATION('',(#3307),#3311);
#3307 = LINE('',#3308,#3309);
#3308 = CARTESIAN_POINT('',(65.4,0.));
#3309 = VECTOR('',#3310,1.);
#3310 = DIRECTION('',(0.,-1.));
#3311 = ( GEOMETRIC_REPRESENTATION_CONTEXT(2) 
PARAMETRIC_REPRESENTATION_CONTEXT() REPRESENTATION_CONTEXT('2D SPACE',''
  ) );
#3312 = PCURVE('',#2075,#3313);
#3313 = DEFINITIONAL_REPRESENTATION('',(#3314),#3318);
#3314 = LINE('',#3315,#3316);
#3315 = CARTESIAN_POINT('',(0.,0.));
#3316 = VECTOR('',#3317,1.);
#3317 = DIRECTION('',(0.,-1.));
#3318 = ( GEOMETRIC_REPRESENTATION_CONTEXT(2) 
PARAMETRIC_REPRESENTATION_CONTEXT() REPRESENTATION_CONTEXT('2D SPACE',''
  ) );
#3319 = ORIENTED_EDGE('',*,*,#3320,.F.);
#3320 = EDGE_CURVE('',#3321,#3298,#3323,.T.);
#3321 = VERTEX_POINT('',#3322);
#3322 = CARTESIAN_POINT('',(421.34143824457,182.,25.46741669067));
#3323 = SURFACE_CURVE('',#3324,(#3328,#3335),.PCURVE_S1.);
#3324 = LINE('',#3325,#3326);
#3325 = CARTESIAN_POINT('',(421.34143824457,182.,-15.50150107406));
#3326 = VECTOR('',#3327,1.);
#3327 = DIRECTION('',(0.,0.,1.));
#3328 = PCURVE('',#2101,#3329);
#3329 = DEFINITIONAL_REPRESENTATION('',(#3330),#3334);
#3330 = LINE('',#3331,#3332);
#3331 = CARTESIAN_POINT('',(0.,0.));
#3332 = VECTOR('',#3333,1.);
#3333 = DIRECTION('',(1.,0.));
#3334 = ( GEOMETRIC_REPRESENTATION_CONTEXT(2) 
PARAMETRIC_REPRESENTATION_CONTEXT() REPRESENTATION_CONTEXT('2D SPACE',''
  ) );
#3335 = PCURVE('',#3336,#3341);
#3336 = PLANE('',#3337);
#3337 = AXIS2_PLACEMENT_3D('',#3338,#3339,#3340);
#3338 = CARTESIAN_POINT('',(211.64143824457,182.,17.198498925933));
#3339 = DIRECTION('',(-0.,-1.,-0.));
#3340 = DIRECTION('',(0.,0.,-1.));
#3341 = DEFINITIONAL_REPRESENTATION('',(#3342),#3346);
#3342 = LINE('',#3343,#3344);
#3343 = CARTESIAN_POINT('',(32.7,209.7));
#3344 = VECTOR('',#3345,1.);
#3345 = DIRECTION('',(-1.,0.));
#3346 = ( GEOMETRIC_REPRESENTATION_CONTEXT(2) 
PARAMETRIC_REPRESENTATION_CONTEXT() REPRESENTATION_CONTEXT('2D SPACE',''
  ) );
#3347 = ORIENTED_EDGE('',*,*,#3348,.T.);
#3348 = EDGE_CURVE('',#3321,#3349,#3351,.T.);
#3349 = VERTEX_POINT('',#3350);
#3350 = CARTESIAN_POINT('',(421.34143824457,181.93813271494,
    17.198498925933));
#3351 = SURFACE_CURVE('',#3352,(#3365,#3381),.PCURVE_S1.);
#3352 = B_SPLINE_CURVE_WITH_KNOTS('',6,(#3353,#3354,#3355,#3356,#3357,
    #3358,#3359,#3360,#3361,#3362,#3363,#3364),.UNSPECIFIED.,.F.,.F.,(7,
    5,7),(0.,0.415662344722,1.),.UNSPECIFIED.);
#3353 = CARTESIAN_POINT('',(421.34143824457,182.,25.467416690671));
#3354 = CARTESIAN_POINT('',(421.34143824457,182.,24.894697634927));
#3355 = CARTESIAN_POINT('',(421.34143824457,181.99724212146,
    24.321946622732));
#3356 = CARTESIAN_POINT('',(421.34143824457,181.99253644143,
    23.749175994692));
#3357 = CARTESIAN_POINT('',(421.34143824457,181.98660835792,
    23.17639104196));
#3358 = CARTESIAN_POINT('',(421.34143824457,181.98008763229,
    22.603590199307));
#3359 = CARTESIAN_POINT('',(421.34143824457,181.96423293518,
    21.225488554072));
#3360 = CARTESIAN_POINT('',(421.34143824457,181.95483107253,
    20.420169623897));
#3361 = CARTESIAN_POINT('',(421.34143824457,181.9467430027,
    19.614800270955));
#3362 = CARTESIAN_POINT('',(421.34143824457,181.94100250667,
    18.809384697043));
#3363 = CARTESIAN_POINT('',(421.34143824457,181.93813271494,
    18.003940477784));
#3364 = CARTESIAN_POINT('',(421.34143824457,181.93813271494,
    17.198498925933));
#3365 = PCURVE('',#2101,#3366);
#3366 = DEFINITIONAL_REPRESENTATION('',(#3367),#3380);
#3367 = B_SPLINE_CURVE_WITH_KNOTS('',6,(#3368,#3369,#3370,#3371,#3372,
    #3373,#3374,#3375,#3376,#3377,#3378,#3379),.UNSPECIFIED.,.F.,.F.,(7,
    5,7),(0.,0.415662344722,1.),.UNSPECIFIED.);
#3368 = CARTESIAN_POINT('',(40.968917764738,0.));
#3369 = CARTESIAN_POINT('',(40.396198708994,5.782411586589E-18));
#3370 = CARTESIAN_POINT('',(39.823447696799,-2.75787853382E-03));
#3371 = CARTESIAN_POINT('',(39.250677068759,-7.463558564425E-03));
#3372 = CARTESIAN_POINT('',(38.677892116027,-1.339164208046E-02));
#3373 = CARTESIAN_POINT('',(38.105091273374,-1.991236770064E-02));
#3374 = CARTESIAN_POINT('',(36.72698962814,-3.576706481523E-02));
#3375 = CARTESIAN_POINT('',(35.921670697965,-4.516892746181E-02));
#3376 = CARTESIAN_POINT('',(35.116301345022,-5.325699729364E-02));
#3377 = CARTESIAN_POINT('',(34.310885771111,-5.899749332593E-02));
#3378 = CARTESIAN_POINT('',(33.505441551851,-6.186728506006E-02));
#3379 = CARTESIAN_POINT('',(32.7,-6.186728506006E-02));
#3380 = ( GEOMETRIC_REPRESENTATION_CONTEXT(2) 
PARAMETRIC_REPRESENTATION_CONTEXT() REPRESENTATION_CONTEXT('2D SPACE',''
  ) );
#3381 = PCURVE('',#2580,#3382);
#3382 = DEFINITIONAL_REPRESENTATION('',(#3383),#3396);
#3383 = B_SPLINE_CURVE_WITH_KNOTS('',6,(#3384,#3385,#3386,#3387,#3388,
    #3389,#3390,#3391,#3392,#3393,#3394,#3395),.UNSPECIFIED.,.F.,.F.,(7,
    5,7),(0.,0.415662344722,1.),.UNSPECIFIED.);
#3384 = CARTESIAN_POINT('',(-0.239031877183,1.570796326795));
#3385 = CARTESIAN_POINT('',(-0.223099585008,1.587746100504));
#3386 = CARTESIAN_POINT('',(-0.207017946491,1.60336703989));
#3387 = CARTESIAN_POINT('',(-0.190799230448,1.617643968095));
#3388 = CARTESIAN_POINT('',(-0.174456840255,1.630557734616));
#3389 = CARTESIAN_POINT('',(-0.158005113495,1.642088140256));
#3390 = CARTESIAN_POINT('',(-0.118198784864,1.666455807789));
#3391 = CARTESIAN_POINT('',(-9.475230829255E-02,1.677924513218));
#3392 = CARTESIAN_POINT('',(-7.116196293507E-02,1.686571747691));
#3393 = CARTESIAN_POINT('',(-4.747394013169E-02,1.692352141944));
#3394 = CARTESIAN_POINT('',(-2.373693126994E-02,1.695242289735));
#3395 = CARTESIAN_POINT('',(0.,1.695242289735));
#3396 = ( GEOMETRIC_REPRESENTATION_CONTEXT(2) 
PARAMETRIC_REPRESENTATION_CONTEXT() REPRESENTATION_CONTEXT('2D SPACE',''
  ) );
#3397 = ORIENTED_EDGE('',*,*,#3398,.F.);
#3398 = EDGE_CURVE('',#3273,#3349,#3399,.T.);
#3399 = SURFACE_CURVE('',#3400,(#3413,#3429),.PCURVE_S1.);
#3400 = B_SPLINE_CURVE_WITH_KNOTS('',6,(#3401,#3402,#3403,#3404,#3405,
    #3406,#3407,#3408,#3409,#3410,#3411,#3412),.UNSPECIFIED.,.F.,.F.,(7,
    5,7),(0.,0.415662344722,1.),.UNSPECIFIED.);
#3401 = CARTESIAN_POINT('',(421.34143824457,182.,8.929581161194));
#3402 = CARTESIAN_POINT('',(421.34143824457,182.,9.502300216939));
#3403 = CARTESIAN_POINT('',(421.34143824457,181.99724212146,
    10.075051229133));
#3404 = CARTESIAN_POINT('',(421.34143824457,181.99253644143,
    10.647821857174));
#3405 = CARTESIAN_POINT('',(421.34143824457,181.98660835792,
    11.220606809906));
#3406 = CARTESIAN_POINT('',(421.34143824457,181.98008763229,
    11.793407652559));
#3407 = CARTESIAN_POINT('',(421.34143824457,181.96423293518,
    13.171509297793));
#3408 = CARTESIAN_POINT('',(421.34143824457,181.95483107253,
    13.976828227968));
#3409 = CARTESIAN_POINT('',(421.34143824457,181.9467430027,
    14.78219758091));
#3410 = CARTESIAN_POINT('',(421.34143824457,181.94100250667,
    15.587613154822));
#3411 = CARTESIAN_POINT('',(421.34143824457,181.93813271494,
    16.393057374081));
#3412 = CARTESIAN_POINT('',(421.34143824457,181.93813271494,
    17.198498925933));
#3413 = PCURVE('',#2101,#3414);
#3414 = DEFINITIONAL_REPRESENTATION('',(#3415),#3428);
#3415 = B_SPLINE_CURVE_WITH_KNOTS('',6,(#3416,#3417,#3418,#3419,#3420,
    #3421,#3422,#3423,#3424,#3425,#3426,#3427),.UNSPECIFIED.,.F.,.F.,(7,
    5,7),(0.,0.415662344722,1.),.UNSPECIFIED.);
#3416 = CARTESIAN_POINT('',(24.431082235262,0.));
#3417 = CARTESIAN_POINT('',(25.003801291006,5.782411586589E-18));
#3418 = CARTESIAN_POINT('',(25.5765523032,-2.75787853382E-03));
#3419 = CARTESIAN_POINT('',(26.149322931241,-7.463558564425E-03));
#3420 = CARTESIAN_POINT('',(26.722107883973,-1.339164208046E-02));
#3421 = CARTESIAN_POINT('',(27.294908726626,-1.991236770064E-02));
#3422 = CARTESIAN_POINT('',(28.67301037186,-3.576706481523E-02));
#3423 = CARTESIAN_POINT('',(29.478329302036,-4.51689274618E-02));
#3424 = CARTESIAN_POINT('',(30.283698654978,-5.325699729363E-02));
#3425 = CARTESIAN_POINT('',(31.08911422889,-5.899749332595E-02));
#3426 = CARTESIAN_POINT('',(31.894558448148,-6.186728506006E-02));
#3427 = CARTESIAN_POINT('',(32.7,-6.186728506006E-02));
#3428 = ( GEOMETRIC_REPRESENTATION_CONTEXT(2) 
PARAMETRIC_REPRESENTATION_CONTEXT() REPRESENTATION_CONTEXT('2D SPACE',''
  ) );
#3429 = PCURVE('',#2580,#3430);
#3430 = DEFINITIONAL_REPRESENTATION('',(#3431),#3444);
#3431 = B_SPLINE_CURVE_WITH_KNOTS('',6,(#3432,#3433,#3434,#3435,#3436,
    #3437,#3438,#3439,#3440,#3441,#3442,#3443),.UNSPECIFIED.,.F.,.F.,(7,
    5,7),(0.,0.415662344722,1.),.UNSPECIFIED.);
#3432 = CARTESIAN_POINT('',(-6.044153429997,1.570796326795));
#3433 = CARTESIAN_POINT('',(-6.060085722172,1.587746100504));
#3434 = CARTESIAN_POINT('',(-6.076167360688,1.60336703989));
#3435 = CARTESIAN_POINT('',(-6.092386076731,1.617643968095));
#3436 = CARTESIAN_POINT('',(-6.108728466925,1.630557734616));
#3437 = CARTESIAN_POINT('',(-6.125180193685,1.642088140256));
#3438 = CARTESIAN_POINT('',(-6.164986522316,1.666455807789));
#3439 = CARTESIAN_POINT('',(-6.188432998887,1.677924513218));
#3440 = CARTESIAN_POINT('',(-6.212023344245,1.686571747691));
#3441 = CARTESIAN_POINT('',(-6.235711367048,1.692352141944));
#3442 = CARTESIAN_POINT('',(-6.25944837591,1.695242289735));
#3443 = CARTESIAN_POINT('',(-6.28318530718,1.695242289735));
#3444 = ( GEOMETRIC_REPRESENTATION_CONTEXT(2) 
PARAMETRIC_REPRESENTATION_CONTEXT() REPRESENTATION_CONTEXT('2D SPACE',''
  ) );
#3445 = ADVANCED_FACE('',(#3446),#2075,.F.);
#3446 = FACE_BOUND('',#3447,.F.);
#3447 = EDGE_LOOP('',(#3448,#3471,#3472,#3473,#3496,#3524,#3652,#3675,
    #3803,#3826,#3954,#3977,#4105,#4128));
#3448 = ORIENTED_EDGE('',*,*,#3449,.F.);
#3449 = EDGE_CURVE('',#3298,#3450,#3452,.T.);
#3450 = VERTEX_POINT('',#3451);
#3451 = CARTESIAN_POINT('',(399.67588129054,182.,49.898498925933));
#3452 = SURFACE_CURVE('',#3453,(#3457,#3464),.PCURVE_S1.);
#3453 = LINE('',#3454,#3455);
#3454 = CARTESIAN_POINT('',(421.34143824457,182.,49.898498925933));
#3455 = VECTOR('',#3456,1.);
#3456 = DIRECTION('',(-1.,0.,0.));
#3457 = PCURVE('',#2075,#3458);
#3458 = DEFINITIONAL_REPRESENTATION('',(#3459),#3463);
#3459 = LINE('',#3460,#3461);
#3460 = CARTESIAN_POINT('',(0.,0.));
#3461 = VECTOR('',#3462,1.);
#3462 = DIRECTION('',(1.,0.));
#3463 = ( GEOMETRIC_REPRESENTATION_CONTEXT(2) 
PARAMETRIC_REPRESENTATION_CONTEXT() REPRESENTATION_CONTEXT('2D SPACE',''
  ) );
#3464 = PCURVE('',#3336,#3465);
#3465 = DEFINITIONAL_REPRESENTATION('',(#3466),#3470);
#3466 = LINE('',#3467,#3468);
#3467 = CARTESIAN_POINT('',(-32.7,209.7));
#3468 = VECTOR('',#3469,1.);
#3469 = DIRECTION('',(0.,-1.));
#3470 = ( GEOMETRIC_REPRESENTATION_CONTEXT(2) 
PARAMETRIC_REPRESENTATION_CONTEXT() REPRESENTATION_CONTEXT('2D SPACE',''
  ) );
#3471 = ORIENTED_EDGE('',*,*,#3297,.T.);
#3472 = ORIENTED_EDGE('',*,*,#2059,.T.);
#3473 = ORIENTED_EDGE('',*,*,#3474,.F.);
#3474 = EDGE_CURVE('',#3475,#2032,#3477,.T.);
#3475 = VERTEX_POINT('',#3476);
#3476 = CARTESIAN_POINT('',(1.941438244575,182.,49.898498925933));
#3477 = SURFACE_CURVE('',#3478,(#3482,#3489),.PCURVE_S1.);
#3478 = LINE('',#3479,#3480);
#3479 = CARTESIAN_POINT('',(1.941438244575,182.,49.898498925933));
#3480 = VECTOR('',#3481,1.);
#3481 = DIRECTION('',(0.,-1.,0.));
#3482 = PCURVE('',#2075,#3483);
#3483 = DEFINITIONAL_REPRESENTATION('',(#3484),#3488);
#3484 = LINE('',#3485,#3486);
#3485 = CARTESIAN_POINT('',(419.4,0.));
#3486 = VECTOR('',#3487,1.);
#3487 = DIRECTION('',(0.,-1.));
#3488 = ( GEOMETRIC_REPRESENTATION_CONTEXT(2) 
PARAMETRIC_REPRESENTATION_CONTEXT() REPRESENTATION_CONTEXT('2D SPACE',''
  ) );
#3489 = PCURVE('',#2047,#3490);
#3490 = DEFINITIONAL_REPRESENTATION('',(#3491),#3495);
#3491 = LINE('',#3492,#3493);
#3492 = CARTESIAN_POINT('',(0.,0.));
#3493 = VECTOR('',#3494,1.);
#3494 = DIRECTION('',(0.,-1.));
#3495 = ( GEOMETRIC_REPRESENTATION_CONTEXT(2) 
PARAMETRIC_REPRESENTATION_CONTEXT() REPRESENTATION_CONTEXT('2D SPACE',''
  ) );
#3496 = ORIENTED_EDGE('',*,*,#3497,.F.);
#3497 = EDGE_CURVE('',#3498,#3475,#3500,.T.);
#3498 = VERTEX_POINT('',#3499);
#3499 = CARTESIAN_POINT('',(23.606995198604,182.,49.898498925932));
#3500 = SURFACE_CURVE('',#3501,(#3505,#3512),.PCURVE_S1.);
#3501 = LINE('',#3502,#3503);
#3502 = CARTESIAN_POINT('',(421.34143824457,182.,49.898498925933));
#3503 = VECTOR('',#3504,1.);
#3504 = DIRECTION('',(-1.,0.,0.));
#3505 = PCURVE('',#2075,#3506);
#3506 = DEFINITIONAL_REPRESENTATION('',(#3507),#3511);
#3507 = LINE('',#3508,#3509);
#3508 = CARTESIAN_POINT('',(0.,0.));
#3509 = VECTOR('',#3510,1.);
#3510 = DIRECTION('',(1.,0.));
#3511 = ( GEOMETRIC_REPRESENTATION_CONTEXT(2) 
PARAMETRIC_REPRESENTATION_CONTEXT() REPRESENTATION_CONTEXT('2D SPACE',''
  ) );
#3512 = PCURVE('',#3513,#3518);
#3513 = PLANE('',#3514);
#3514 = AXIS2_PLACEMENT_3D('',#3515,#3516,#3517);
#3515 = CARTESIAN_POINT('',(211.64143824457,182.,17.198498925933));
#3516 = DIRECTION('',(-0.,-1.,-0.));
#3517 = DIRECTION('',(0.,0.,-1.));
#3518 = DEFINITIONAL_REPRESENTATION('',(#3519),#3523);
#3519 = LINE('',#3520,#3521);
#3520 = CARTESIAN_POINT('',(-32.7,209.7));
#3521 = VECTOR('',#3522,1.);
#3522 = DIRECTION('',(0.,-1.));
#3523 = ( GEOMETRIC_REPRESENTATION_CONTEXT(2) 
PARAMETRIC_REPRESENTATION_CONTEXT() REPRESENTATION_CONTEXT('2D SPACE',''
  ) );
#3524 = ORIENTED_EDGE('',*,*,#3525,.F.);
#3525 = EDGE_CURVE('',#3526,#3498,#3528,.T.);
#3526 = VERTEX_POINT('',#3527);
#3527 = CARTESIAN_POINT('',(48.139881290542,182.,49.898498925933));
#3528 = SURFACE_CURVE('',#3529,(#3568,#3610),.PCURVE_S1.);
#3529 = B_SPLINE_CURVE_WITH_KNOTS('',7,(#3530,#3531,#3532,#3533,#3534,
    #3535,#3536,#3537,#3538,#3539,#3540,#3541,#3542,#3543,#3544,#3545,
    #3546,#3547,#3548,#3549,#3550,#3551,#3552,#3553,#3554,#3555,#3556,
    #3557,#3558,#3559,#3560,#3561,#3562,#3563,#3564,#3565,#3566,#3567),
  .UNSPECIFIED.,.F.,.F.,(8,6,6,6,6,6,8),(0.,0.157686045524,
    0.219780205198,0.502360514263,0.781358054532,0.931199415227,1.),
  .UNSPECIFIED.);
#3530 = CARTESIAN_POINT('',(48.139881290543,182.,49.898498925933));
#3531 = CARTESIAN_POINT('',(47.587320533824,182.,49.898498925933));
#3532 = CARTESIAN_POINT('',(47.034724653878,181.99450738186,
    49.898498925933));
#3533 = CARTESIAN_POINT('',(46.482145844988,181.98443174181,
    49.898498925933));
#3534 = CARTESIAN_POINT('',(45.929614590288,181.97063551914,
    49.898498925933));
#3535 = CARTESIAN_POINT('',(45.377139629475,181.95394020548,
    49.898498925933));
#3536 = CARTESIAN_POINT('',(44.824708069604,181.93512552406,
    49.898498925933));
#3537 = CARTESIAN_POINT('',(44.054750812119,181.90696559933,
    49.898498925933));
#3538 = CARTESIAN_POINT('',(43.837218740162,181.89879420467,
    49.898498925933));
#3539 = CARTESIAN_POINT('',(43.619688080995,181.89045211303,
    49.898498925933));
#3540 = CARTESIAN_POINT('',(43.402157451853,181.88198276448,
    49.898498925933));
#3541 = CARTESIAN_POINT('',(43.18462542934,181.87342832116,
    49.898498925933));
#3542 = CARTESIAN_POINT('',(42.967090549425,181.8648296673,
    49.898498925933));
#3543 = CARTESIAN_POINT('',(41.759565992303,181.81707439672,
    49.898498925933));
#3544 = CARTESIAN_POINT('',(40.769486998023,181.77782600137,
    49.898498925933));
#3545 = CARTESIAN_POINT('',(39.779169825798,181.74220353871,
    49.898498925933));
#3546 = CARTESIAN_POINT('',(38.78854698331,181.71332511234,
    49.898498925933));
#3547 = CARTESIAN_POINT('',(37.797634482188,181.69350275291,
    49.898498925933));
#3548 = CARTESIAN_POINT('',(36.806544534943,181.68386544437,
    49.898498925933));
#3549 = CARTESIAN_POINT('',(34.836995078817,181.6848760736,
    49.898498925933));
#3550 = CARTESIAN_POINT('',(33.858486073169,181.69526837713,
    49.898498925933));
#3551 = CARTESIAN_POINT('',(32.880157761393,181.71551341156,
    49.898498925933));
#3552 = CARTESIAN_POINT('',(31.90211411048,181.74446348548,
    49.898498925933));
#3553 = CARTESIAN_POINT('',(30.924367154749,181.77985816261,
    49.898498925933));
#3554 = CARTESIAN_POINT('',(29.946848955686,181.81867764045,
    49.898498925933));
#3555 = CARTESIAN_POINT('',(28.444468200797,181.87808912885,
    49.898498925933));
#3556 = CARTESIAN_POINT('',(27.919547960792,181.89880018718,
    49.898498925933));
#3557 = CARTESIAN_POINT('',(27.394628818954,181.91890574698,
    49.898498925933));
#3558 = CARTESIAN_POINT('',(26.86968956904,181.93780293844,
    49.898498925933));
#3559 = CARTESIAN_POINT('',(26.344716211175,181.95484793641,
    49.898498925933));
#3560 = CARTESIAN_POINT('',(25.819702179431,181.96936039157,
    49.898498925933));
#3561 = CARTESIAN_POINT('',(25.053566966574,181.98580138983,
    49.898498925933));
#3562 = CARTESIAN_POINT('',(24.812478283585,181.99029067782,
    49.898498925933));
#3563 = CARTESIAN_POINT('',(24.571383270041,181.99402665557,
    49.898498925933));
#3564 = CARTESIAN_POINT('',(24.330283826863,181.99693865128,
    49.898498925933));
#3565 = CARTESIAN_POINT('',(24.089183006299,181.99895439128,
    49.898498925933));
#3566 = CARTESIAN_POINT('',(23.848085011917,182.,49.898498925933));
#3567 = CARTESIAN_POINT('',(23.606995198606,182.,49.898498925933));
#3568 = PCURVE('',#2075,#3569);
#3569 = DEFINITIONAL_REPRESENTATION('',(#3570),#3609);
#3570 = B_SPLINE_CURVE_WITH_KNOTS('',7,(#3571,#3572,#3573,#3574,#3575,
    #3576,#3577,#3578,#3579,#3580,#3581,#3582,#3583,#3584,#3585,#3586,
    #3587,#3588,#3589,#3590,#3591,#3592,#3593,#3594,#3595,#3596,#3597,
    #3598,#3599,#3600,#3601,#3602,#3603,#3604,#3605,#3606,#3607,#3608),
  .UNSPECIFIED.,.F.,.F.,(8,6,6,6,6,6,8),(0.,0.157686045524,
    0.219780205198,0.502360514263,0.781358054532,0.931199415227,1.),
  .UNSPECIFIED.);
#3571 = CARTESIAN_POINT('',(373.20155695403,0.));
#3572 = CARTESIAN_POINT('',(373.75411771075,0.));
#3573 = CARTESIAN_POINT('',(374.30671359069,-5.492618135958E-03));
#3574 = CARTESIAN_POINT('',(374.85929239958,-1.556825818264E-02));
#3575 = CARTESIAN_POINT('',(375.41182365428,-2.936448085184E-02));
#3576 = CARTESIAN_POINT('',(375.9642986151,-4.605979451821E-02));
#3577 = CARTESIAN_POINT('',(376.51673017497,-6.487447593067E-02));
#3578 = CARTESIAN_POINT('',(377.28668743245,-9.303440066231E-02));
#3579 = CARTESIAN_POINT('',(377.50421950441,-0.101205795329));
#3580 = CARTESIAN_POINT('',(377.72175016358,-0.109547886961));
#3581 = CARTESIAN_POINT('',(377.93928079272,-0.118017235512));
#3582 = CARTESIAN_POINT('',(378.15681281523,-0.126571678836));
#3583 = CARTESIAN_POINT('',(378.37434769515,-0.135170332692));
#3584 = CARTESIAN_POINT('',(379.58187225227,-0.182925603279));
#3585 = CARTESIAN_POINT('',(380.57195124655,-0.222173998622));
#3586 = CARTESIAN_POINT('',(381.56226841877,-0.257796461289));
#3587 = CARTESIAN_POINT('',(382.55289126126,-0.286674887656));
#3588 = CARTESIAN_POINT('',(383.54380376238,-0.306497247087));
#3589 = CARTESIAN_POINT('',(384.53489370963,-0.316134555628));
#3590 = CARTESIAN_POINT('',(386.50444316575,-0.315123926398));
#3591 = CARTESIAN_POINT('',(387.4829521714,-0.304731622868));
#3592 = CARTESIAN_POINT('',(388.46128048318,-0.284486588439));
#3593 = CARTESIAN_POINT('',(389.43932413409,-0.255536514511));
#3594 = CARTESIAN_POINT('',(390.41707108982,-0.220141837381));
#3595 = CARTESIAN_POINT('',(391.39458928888,-0.181322359541));
#3596 = CARTESIAN_POINT('',(392.89697004377,-0.121910871141));
#3597 = CARTESIAN_POINT('',(393.42189028378,-0.101199812817));
#3598 = CARTESIAN_POINT('',(393.94680942562,-8.109425301726E-02));
#3599 = CARTESIAN_POINT('',(394.47174867553,-6.219706155767E-02));
#3600 = CARTESIAN_POINT('',(394.9967220334,-4.515206358144E-02));
#3601 = CARTESIAN_POINT('',(395.52173606514,-3.063960842353E-02));
#3602 = CARTESIAN_POINT('',(396.287871278,-1.419861016572E-02));
#3603 = CARTESIAN_POINT('',(396.52895996099,-9.709322176614E-03));
#3604 = CARTESIAN_POINT('',(396.77005497453,-5.973344426076E-03));
#3605 = CARTESIAN_POINT('',(397.01115441771,-3.061348713305E-03));
#3606 = CARTESIAN_POINT('',(397.25225523827,-1.045608717928E-03));
#3607 = CARTESIAN_POINT('',(397.49335323265,0.));
#3608 = CARTESIAN_POINT('',(397.73444304596,0.));
#3609 = ( GEOMETRIC_REPRESENTATION_CONTEXT(2) 
PARAMETRIC_REPRESENTATION_CONTEXT() REPRESENTATION_CONTEXT('2D SPACE',''
  ) );
#3610 = PCURVE('',#3222,#3611);
#3611 = DEFINITIONAL_REPRESENTATION('',(#3612),#3651);
#3612 = B_SPLINE_CURVE_WITH_KNOTS('',7,(#3613,#3614,#3615,#3616,#3617,
    #3618,#3619,#3620,#3621,#3622,#3623,#3624,#3625,#3626,#3627,#3628,
    #3629,#3630,#3631,#3632,#3633,#3634,#3635,#3636,#3637,#3638,#3639,
    #3640,#3641,#3642,#3643,#3644,#3645,#3646,#3647,#3648,#3649,#3650),
  .UNSPECIFIED.,.F.,.F.,(8,6,6,6,6,6,8),(0.,0.157686045524,
    0.219780205198,0.502360514263,0.781358054532,0.931199415227,1.),
  .UNSPECIFIED.);
#3613 = CARTESIAN_POINT('',(-1.211919944599,1.570796326795));
#3614 = CARTESIAN_POINT('',(-1.226733351788,1.595055292621));
#3615 = CARTESIAN_POINT('',(-1.24173976967,1.618198160293));
#3616 = CARTESIAN_POINT('',(-1.256931707224,1.640219599483));
#3617 = CARTESIAN_POINT('',(-1.272301077306,1.66110704432));
#3618 = CARTESIAN_POINT('',(-1.287839253529,1.680842468991));
#3619 = CARTESIAN_POINT('',(-1.303537146972,1.699403935489));
#3620 = CARTESIAN_POINT('',(-1.325626044647,1.7236041674));
#3621 = CARTESIAN_POINT('',(-1.331890048945,1.730255544324));
#3622 = CARTESIAN_POINT('',(-1.338176715454,1.736719506454));
#3623 = CARTESIAN_POINT('',(-1.344485422045,1.742994470407));
#3624 = CARTESIAN_POINT('',(-1.350815524627,1.749078807231));
#3625 = CARTESIAN_POINT('',(-1.357166357149,1.754970842411));
#3626 = CARTESIAN_POINT('',(-1.392530033497,1.786599578048));
#3627 = CARTESIAN_POINT('',(-1.42193801172,1.808512367176));
#3628 = CARTESIAN_POINT('',(-1.451696481765,1.826247132665));
#3629 = CARTESIAN_POINT('',(-1.481729093297,1.839633418258));
#3630 = CARTESIAN_POINT('',(-1.511948796462,1.848528104154));
#3631 = CARTESIAN_POINT('',(-1.542261059565,1.852859745151));
#3632 = CARTESIAN_POINT('',(-1.602491740616,1.852405519284));
#3633 = CARTESIAN_POINT('',(-1.632411765841,1.847734544972));
#3634 = CARTESIAN_POINT('',(-1.662235044906,1.838620268208));
#3635 = CARTESIAN_POINT('',(-1.691870937954,1.825135171386));
#3636 = CARTESIAN_POINT('',(-1.721236070628,1.807418443577));
#3637 = CARTESIAN_POINT('',(-1.750257295581,1.785634270951));
#3638 = CARTESIAN_POINT('',(-1.794241009089,1.746134993305));
#3639 = CARTESIAN_POINT('',(-1.809492224852,1.731204734963));
#3640 = CARTESIAN_POINT('',(-1.824616797987,1.715169429369));
#3641 = CARTESIAN_POINT('',(-1.839605849823,1.698052160465));
#3642 = CARTESIAN_POINT('',(-1.854451099623,1.679874068961));
#3643 = CARTESIAN_POINT('',(-1.869144910118,1.660653023616));
#3644 = CARTESIAN_POINT('',(-1.890354362102,1.631104044452));
#3645 = CARTESIAN_POINT('',(-1.896994964614,1.621588750156));
#3646 = CARTESIAN_POINT('',(-1.903601448114,1.61185775013));
#3647 = CARTESIAN_POINT('',(-1.910173130608,1.601912179849));
#3648 = CARTESIAN_POINT('',(-1.916709340558,1.591752969758));
#3649 = CARTESIAN_POINT('',(-1.923209416891,1.581380845277));
#3650 = CARTESIAN_POINT('',(-1.929672708991,1.570796326795));
#3651 = ( GEOMETRIC_REPRESENTATION_CONTEXT(2) 
PARAMETRIC_REPRESENTATION_CONTEXT() REPRESENTATION_CONTEXT('2D SPACE',''
  ) );
#3652 = ORIENTED_EDGE('',*,*,#3653,.F.);
#3653 = EDGE_CURVE('',#3654,#3526,#3656,.T.);
#3654 = VERTEX_POINT('',#3655);
#3655 = CARTESIAN_POINT('',(111.4909951986,182.,49.898498925932));
#3656 = SURFACE_CURVE('',#3657,(#3661,#3668),.PCURVE_S1.);
#3657 = LINE('',#3658,#3659);
#3658 = CARTESIAN_POINT('',(421.34143824457,182.,49.898498925933));
#3659 = VECTOR('',#3660,1.);
#3660 = DIRECTION('',(-1.,0.,0.));
#3661 = PCURVE('',#2075,#3662);
#3662 = DEFINITIONAL_REPRESENTATION('',(#3663),#3667);
#3663 = LINE('',#3664,#3665);
#3664 = CARTESIAN_POINT('',(0.,0.));
#3665 = VECTOR('',#3666,1.);
#3666 = DIRECTION('',(1.,0.));
#3667 = ( GEOMETRIC_REPRESENTATION_CONTEXT(2) 
PARAMETRIC_REPRESENTATION_CONTEXT() REPRESENTATION_CONTEXT('2D SPACE',''
  ) );
#3668 = PCURVE('',#3126,#3669);
#3669 = DEFINITIONAL_REPRESENTATION('',(#3670),#3674);
#3670 = LINE('',#3671,#3672);
#3671 = CARTESIAN_POINT('',(-32.7,209.7));
#3672 = VECTOR('',#3673,1.);
#3673 = DIRECTION('',(0.,-1.));
#3674 = ( GEOMETRIC_REPRESENTATION_CONTEXT(2) 
PARAMETRIC_REPRESENTATION_CONTEXT() REPRESENTATION_CONTEXT('2D SPACE',''
  ) );
#3675 = ORIENTED_EDGE('',*,*,#3676,.F.);
#3676 = EDGE_CURVE('',#3677,#3654,#3679,.T.);
#3677 = VERTEX_POINT('',#3678);
#3678 = CARTESIAN_POINT('',(136.02388129054,182.,49.898498925933));
#3679 = SURFACE_CURVE('',#3680,(#3719,#3761),.PCURVE_S1.);
#3680 = B_SPLINE_CURVE_WITH_KNOTS('',7,(#3681,#3682,#3683,#3684,#3685,
    #3686,#3687,#3688,#3689,#3690,#3691,#3692,#3693,#3694,#3695,#3696,
    #3697,#3698,#3699,#3700,#3701,#3702,#3703,#3704,#3705,#3706,#3707,
    #3708,#3709,#3710,#3711,#3712,#3713,#3714,#3715,#3716,#3717,#3718),
  .UNSPECIFIED.,.F.,.F.,(8,6,6,6,6,6,8),(0.,0.157686045524,
    0.219780205198,0.502360514263,0.781358054533,0.931199415227,1.),
  .UNSPECIFIED.);
#3681 = CARTESIAN_POINT('',(136.02388129054,182.,49.898498925933));
#3682 = CARTESIAN_POINT('',(135.47132053382,182.,49.898498925933));
#3683 = CARTESIAN_POINT('',(134.91872465387,181.99450738186,
    49.898498925933));
#3684 = CARTESIAN_POINT('',(134.36614584498,181.98443174181,
    49.898498925933));
#3685 = CARTESIAN_POINT('',(133.81361459028,181.97063551914,
    49.898498925933));
#3686 = CARTESIAN_POINT('',(133.26113962947,181.95394020548,
    49.898498925933));
#3687 = CARTESIAN_POINT('',(132.7087080696,181.93512552406,
    49.898498925933));
#3688 = CARTESIAN_POINT('',(131.93875081211,181.90696559933,
    49.898498925933));
#3689 = CARTESIAN_POINT('',(131.72121874016,181.89879420467,
    49.898498925933));
#3690 = CARTESIAN_POINT('',(131.50368808099,181.89045211303,
    49.898498925933));
#3691 = CARTESIAN_POINT('',(131.28615745185,181.88198276448,
    49.898498925933));
#3692 = CARTESIAN_POINT('',(131.06862542934,181.87342832116,
    49.898498925933));
#3693 = CARTESIAN_POINT('',(130.85109054942,181.8648296673,
    49.898498925933));
#3694 = CARTESIAN_POINT('',(129.6435659923,181.81707439672,
    49.898498925933));
#3695 = CARTESIAN_POINT('',(128.65348699802,181.77782600137,
    49.898498925933));
#3696 = CARTESIAN_POINT('',(127.66316982578,181.74220353871,
    49.898498925933));
#3697 = CARTESIAN_POINT('',(126.67254698332,181.71332511234,
    49.898498925933));
#3698 = CARTESIAN_POINT('',(125.68163448218,181.69350275291,
    49.898498925933));
#3699 = CARTESIAN_POINT('',(124.69054453494,181.68386544437,
    49.898498925933));
#3700 = CARTESIAN_POINT('',(122.72099507881,181.6848760736,
    49.898498925933));
#3701 = CARTESIAN_POINT('',(121.74248607317,181.69526837713,
    49.898498925933));
#3702 = CARTESIAN_POINT('',(120.76415776139,181.71551341156,
    49.898498925933));
#3703 = CARTESIAN_POINT('',(119.78611411048,181.74446348548,
    49.898498925933));
#3704 = CARTESIAN_POINT('',(118.80836715474,181.77985816261,
    49.898498925933));
#3705 = CARTESIAN_POINT('',(117.83084895568,181.81867764045,
    49.898498925933));
#3706 = CARTESIAN_POINT('',(116.32846820079,181.87808912885,
    49.898498925933));
#3707 = CARTESIAN_POINT('',(115.80354796079,181.89880018718,
    49.898498925933));
#3708 = CARTESIAN_POINT('',(115.27862881895,181.91890574698,
    49.898498925933));
#3709 = CARTESIAN_POINT('',(114.75368956904,181.93780293844,
    49.898498925933));
#3710 = CARTESIAN_POINT('',(114.22871621117,181.95484793641,
    49.898498925933));
#3711 = CARTESIAN_POINT('',(113.70370217943,181.96936039157,
    49.898498925933));
#3712 = CARTESIAN_POINT('',(112.93756696657,181.98580138983,
    49.898498925933));
#3713 = CARTESIAN_POINT('',(112.69647828358,181.99029067782,
    49.898498925933));
#3714 = CARTESIAN_POINT('',(112.45538327004,181.99402665557,
    49.898498925933));
#3715 = CARTESIAN_POINT('',(112.21428382686,181.99693865128,
    49.898498925933));
#3716 = CARTESIAN_POINT('',(111.97318300629,181.99895439128,
    49.898498925933));
#3717 = CARTESIAN_POINT('',(111.73208501191,182.,49.898498925933));
#3718 = CARTESIAN_POINT('',(111.4909951986,182.,49.898498925933));
#3719 = PCURVE('',#2075,#3720);
#3720 = DEFINITIONAL_REPRESENTATION('',(#3721),#3760);
#3721 = B_SPLINE_CURVE_WITH_KNOTS('',7,(#3722,#3723,#3724,#3725,#3726,
    #3727,#3728,#3729,#3730,#3731,#3732,#3733,#3734,#3735,#3736,#3737,
    #3738,#3739,#3740,#3741,#3742,#3743,#3744,#3745,#3746,#3747,#3748,
    #3749,#3750,#3751,#3752,#3753,#3754,#3755,#3756,#3757,#3758,#3759),
  .UNSPECIFIED.,.F.,.F.,(8,6,6,6,6,6,8),(0.,0.157686045524,
    0.219780205198,0.502360514263,0.781358054533,0.931199415227,1.),
  .UNSPECIFIED.);
#3722 = CARTESIAN_POINT('',(285.31755695403,0.));
#3723 = CARTESIAN_POINT('',(285.87011771075,0.));
#3724 = CARTESIAN_POINT('',(286.42271359069,-5.492618135956E-03));
#3725 = CARTESIAN_POINT('',(286.97529239958,-1.556825818264E-02));
#3726 = CARTESIAN_POINT('',(287.52782365428,-2.936448085184E-02));
#3727 = CARTESIAN_POINT('',(288.0802986151,-4.605979451821E-02));
#3728 = CARTESIAN_POINT('',(288.63273017497,-6.487447593067E-02));
#3729 = CARTESIAN_POINT('',(289.40268743245,-9.303440066231E-02));
#3730 = CARTESIAN_POINT('',(289.62021950441,-0.101205795329));
#3731 = CARTESIAN_POINT('',(289.83775016358,-0.109547886961));
#3732 = CARTESIAN_POINT('',(290.05528079272,-0.118017235512));
#3733 = CARTESIAN_POINT('',(290.27281281523,-0.126571678836));
#3734 = CARTESIAN_POINT('',(290.49034769515,-0.135170332692));
#3735 = CARTESIAN_POINT('',(291.69787225227,-0.182925603279));
#3736 = CARTESIAN_POINT('',(292.68795124654,-0.222173998622));
#3737 = CARTESIAN_POINT('',(293.67826841878,-0.25779646129));
#3738 = CARTESIAN_POINT('',(294.66889126125,-0.286674887656));
#3739 = CARTESIAN_POINT('',(295.65980376239,-0.306497247087));
#3740 = CARTESIAN_POINT('',(296.65089370963,-0.316134555628));
#3741 = CARTESIAN_POINT('',(298.62044316575,-0.315123926398));
#3742 = CARTESIAN_POINT('',(299.5989521714,-0.304731622868));
#3743 = CARTESIAN_POINT('',(300.57728048318,-0.284486588439));
#3744 = CARTESIAN_POINT('',(301.55532413409,-0.255536514511));
#3745 = CARTESIAN_POINT('',(302.53307108982,-0.220141837381));
#3746 = CARTESIAN_POINT('',(303.51058928888,-0.181322359541));
#3747 = CARTESIAN_POINT('',(305.01297004377,-0.121910871141));
#3748 = CARTESIAN_POINT('',(305.53789028378,-0.101199812817));
#3749 = CARTESIAN_POINT('',(306.06280942562,-8.109425301727E-02));
#3750 = CARTESIAN_POINT('',(306.58774867553,-6.219706155767E-02));
#3751 = CARTESIAN_POINT('',(307.1127220334,-4.515206358144E-02));
#3752 = CARTESIAN_POINT('',(307.63773606514,-3.063960842353E-02));
#3753 = CARTESIAN_POINT('',(308.403871278,-1.419861016572E-02));
#3754 = CARTESIAN_POINT('',(308.64495996099,-9.709322176614E-03));
#3755 = CARTESIAN_POINT('',(308.88605497453,-5.973344426076E-03));
#3756 = CARTESIAN_POINT('',(309.12715441771,-3.061348713305E-03));
#3757 = CARTESIAN_POINT('',(309.36825523827,-1.045608717928E-03));
#3758 = CARTESIAN_POINT('',(309.60935323265,0.));
#3759 = CARTESIAN_POINT('',(309.85044304596,0.));
#3760 = ( GEOMETRIC_REPRESENTATION_CONTEXT(2) 
PARAMETRIC_REPRESENTATION_CONTEXT() REPRESENTATION_CONTEXT('2D SPACE',''
  ) );
#3761 = PCURVE('',#3063,#3762);
#3762 = DEFINITIONAL_REPRESENTATION('',(#3763),#3802);
#3763 = B_SPLINE_CURVE_WITH_KNOTS('',7,(#3764,#3765,#3766,#3767,#3768,
    #3769,#3770,#3771,#3772,#3773,#3774,#3775,#3776,#3777,#3778,#3779,
    #3780,#3781,#3782,#3783,#3784,#3785,#3786,#3787,#3788,#3789,#3790,
    #3791,#3792,#3793,#3794,#3795,#3796,#3797,#3798,#3799,#3800,#3801),
  .UNSPECIFIED.,.F.,.F.,(8,6,6,6,6,6,8),(0.,0.157686045524,
    0.219780205198,0.502360514263,0.781358054533,0.931199415227,1.),
  .UNSPECIFIED.);
#3764 = CARTESIAN_POINT('',(-1.211919944599,1.570796326795));
#3765 = CARTESIAN_POINT('',(-1.226733351788,1.595055292621));
#3766 = CARTESIAN_POINT('',(-1.24173976967,1.618198160293));
#3767 = CARTESIAN_POINT('',(-1.256931707224,1.640219599483));
#3768 = CARTESIAN_POINT('',(-1.272301077306,1.66110704432));
#3769 = CARTESIAN_POINT('',(-1.287839253529,1.680842468991));
#3770 = CARTESIAN_POINT('',(-1.303537146972,1.699403935489));
#3771 = CARTESIAN_POINT('',(-1.325626044647,1.7236041674));
#3772 = CARTESIAN_POINT('',(-1.331890048945,1.730255544324));
#3773 = CARTESIAN_POINT('',(-1.338176715454,1.736719506454));
#3774 = CARTESIAN_POINT('',(-1.344485422045,1.742994470407));
#3775 = CARTESIAN_POINT('',(-1.350815524627,1.749078807231));
#3776 = CARTESIAN_POINT('',(-1.357166357149,1.754970842411));
#3777 = CARTESIAN_POINT('',(-1.392530033497,1.786599578048));
#3778 = CARTESIAN_POINT('',(-1.42193801172,1.808512367176));
#3779 = CARTESIAN_POINT('',(-1.451696481765,1.826247132665));
#3780 = CARTESIAN_POINT('',(-1.481729093297,1.839633418258));
#3781 = CARTESIAN_POINT('',(-1.511948796462,1.848528104154));
#3782 = CARTESIAN_POINT('',(-1.542261059565,1.852859745151));
#3783 = CARTESIAN_POINT('',(-1.602491740616,1.852405519284));
#3784 = CARTESIAN_POINT('',(-1.632411765841,1.847734544972));
#3785 = CARTESIAN_POINT('',(-1.662235044906,1.838620268208));
#3786 = CARTESIAN_POINT('',(-1.691870937954,1.825135171386));
#3787 = CARTESIAN_POINT('',(-1.721236070628,1.807418443577));
#3788 = CARTESIAN_POINT('',(-1.750257295581,1.785634270951));
#3789 = CARTESIAN_POINT('',(-1.794241009089,1.746134993305));
#3790 = CARTESIAN_POINT('',(-1.809492224852,1.731204734963));
#3791 = CARTESIAN_POINT('',(-1.824616797987,1.715169429369));
#3792 = CARTESIAN_POINT('',(-1.839605849823,1.698052160465));
#3793 = CARTESIAN_POINT('',(-1.854451099623,1.679874068961));
#3794 = CARTESIAN_POINT('',(-1.869144910118,1.660653023616));
#3795 = CARTESIAN_POINT('',(-1.890354362102,1.631104044452));
#3796 = CARTESIAN_POINT('',(-1.896994964614,1.621588750156));
#3797 = CARTESIAN_POINT('',(-1.903601448114,1.61185775013));
#3798 = CARTESIAN_POINT('',(-1.910173130608,1.601912179849));
#3799 = CARTESIAN_POINT('',(-1.916709340558,1.591752969758));
#3800 = CARTESIAN_POINT('',(-1.923209416891,1.581380845277));
#3801 = CARTESIAN_POINT('',(-1.929672708991,1.570796326795));
#3802 = ( GEOMETRIC_REPRESENTATION_CONTEXT(2) 
PARAMETRIC_REPRESENTATION_CONTEXT() REPRESENTATION_CONTEXT('2D SPACE',''
  ) );
#3803 = ORIENTED_EDGE('',*,*,#3804,.F.);
#3804 = EDGE_CURVE('',#3805,#3677,#3807,.T.);
#3805 = VERTEX_POINT('',#3806);
#3806 = CARTESIAN_POINT('',(199.3749951986,182.,49.898498925932));
#3807 = SURFACE_CURVE('',#3808,(#3812,#3819),.PCURVE_S1.);
#3808 = LINE('',#3809,#3810);
#3809 = CARTESIAN_POINT('',(421.34143824457,182.,49.898498925933));
#3810 = VECTOR('',#3811,1.);
#3811 = DIRECTION('',(-1.,0.,0.));
#3812 = PCURVE('',#2075,#3813);
#3813 = DEFINITIONAL_REPRESENTATION('',(#3814),#3818);
#3814 = LINE('',#3815,#3816);
#3815 = CARTESIAN_POINT('',(0.,0.));
#3816 = VECTOR('',#3817,1.);
#3817 = DIRECTION('',(1.,0.));
#3818 = ( GEOMETRIC_REPRESENTATION_CONTEXT(2) 
PARAMETRIC_REPRESENTATION_CONTEXT() REPRESENTATION_CONTEXT('2D SPACE',''
  ) );
#3819 = PCURVE('',#2965,#3820);
#3820 = DEFINITIONAL_REPRESENTATION('',(#3821),#3825);
#3821 = LINE('',#3822,#3823);
#3822 = CARTESIAN_POINT('',(-32.7,209.7));
#3823 = VECTOR('',#3824,1.);
#3824 = DIRECTION('',(0.,-1.));
#3825 = ( GEOMETRIC_REPRESENTATION_CONTEXT(2) 
PARAMETRIC_REPRESENTATION_CONTEXT() REPRESENTATION_CONTEXT('2D SPACE',''
  ) );
#3826 = ORIENTED_EDGE('',*,*,#3827,.F.);
#3827 = EDGE_CURVE('',#3828,#3805,#3830,.T.);
#3828 = VERTEX_POINT('',#3829);
#3829 = CARTESIAN_POINT('',(223.90788129054,182.,49.898498925933));
#3830 = SURFACE_CURVE('',#3831,(#3870,#3912),.PCURVE_S1.);
#3831 = B_SPLINE_CURVE_WITH_KNOTS('',7,(#3832,#3833,#3834,#3835,#3836,
    #3837,#3838,#3839,#3840,#3841,#3842,#3843,#3844,#3845,#3846,#3847,
    #3848,#3849,#3850,#3851,#3852,#3853,#3854,#3855,#3856,#3857,#3858,
    #3859,#3860,#3861,#3862,#3863,#3864,#3865,#3866,#3867,#3868,#3869),
  .UNSPECIFIED.,.F.,.F.,(8,6,6,6,6,6,8),(0.,0.157686045524,
    0.219780205198,0.502360514263,0.781358054532,0.931199415227,1.),
  .UNSPECIFIED.);
#3832 = CARTESIAN_POINT('',(223.90788129054,182.,49.898498925933));
#3833 = CARTESIAN_POINT('',(223.35532053382,182.,49.898498925933));
#3834 = CARTESIAN_POINT('',(222.80272465387,181.99450738186,
    49.898498925933));
#3835 = CARTESIAN_POINT('',(222.25014584498,181.98443174181,
    49.898498925933));
#3836 = CARTESIAN_POINT('',(221.69761459028,181.97063551914,
    49.898498925933));
#3837 = CARTESIAN_POINT('',(221.14513962947,181.95394020548,
    49.898498925933));
#3838 = CARTESIAN_POINT('',(220.5927080696,181.93512552406,
    49.898498925933));
#3839 = CARTESIAN_POINT('',(219.82275081211,181.90696559933,
    49.898498925933));
#3840 = CARTESIAN_POINT('',(219.60521874016,181.89879420467,
    49.898498925933));
#3841 = CARTESIAN_POINT('',(219.38768808099,181.89045211303,
    49.898498925933));
#3842 = CARTESIAN_POINT('',(219.17015745185,181.88198276448,
    49.898498925933));
#3843 = CARTESIAN_POINT('',(218.95262542934,181.87342832116,
    49.898498925933));
#3844 = CARTESIAN_POINT('',(218.73509054942,181.8648296673,
    49.898498925933));
#3845 = CARTESIAN_POINT('',(217.5275659923,181.81707439672,
    49.898498925933));
#3846 = CARTESIAN_POINT('',(216.53748699802,181.77782600137,
    49.898498925933));
#3847 = CARTESIAN_POINT('',(215.54716982579,181.74220353871,
    49.898498925933));
#3848 = CARTESIAN_POINT('',(214.5565469833,181.71332511234,
    49.898498925933));
#3849 = CARTESIAN_POINT('',(213.56563448218,181.69350275291,
    49.898498925933));
#3850 = CARTESIAN_POINT('',(212.57454453494,181.68386544437,
    49.898498925933));
#3851 = CARTESIAN_POINT('',(210.60499507881,181.6848760736,
    49.898498925933));
#3852 = CARTESIAN_POINT('',(209.62648607317,181.69526837713,
    49.898498925933));
#3853 = CARTESIAN_POINT('',(208.64815776139,181.71551341156,
    49.898498925933));
#3854 = CARTESIAN_POINT('',(207.67011411047,181.74446348548,
    49.898498925933));
#3855 = CARTESIAN_POINT('',(206.69236715475,181.77985816261,
    49.898498925933));
#3856 = CARTESIAN_POINT('',(205.71484895568,181.81867764045,
    49.898498925933));
#3857 = CARTESIAN_POINT('',(204.21246820079,181.87808912885,
    49.898498925933));
#3858 = CARTESIAN_POINT('',(203.68754796079,181.89880018718,
    49.898498925933));
#3859 = CARTESIAN_POINT('',(203.16262881895,181.91890574698,
    49.898498925933));
#3860 = CARTESIAN_POINT('',(202.63768956904,181.93780293844,
    49.898498925933));
#3861 = CARTESIAN_POINT('',(202.11271621117,181.95484793641,
    49.898498925933));
#3862 = CARTESIAN_POINT('',(201.58770217943,181.96936039157,
    49.898498925933));
#3863 = CARTESIAN_POINT('',(200.82156696657,181.98580138983,
    49.898498925933));
#3864 = CARTESIAN_POINT('',(200.58047828358,181.99029067782,
    49.898498925933));
#3865 = CARTESIAN_POINT('',(200.33938327004,181.99402665557,
    49.898498925933));
#3866 = CARTESIAN_POINT('',(200.09828382686,181.99693865128,
    49.898498925933));
#3867 = CARTESIAN_POINT('',(199.85718300629,181.99895439128,
    49.898498925933));
#3868 = CARTESIAN_POINT('',(199.61608501191,182.,49.898498925933));
#3869 = CARTESIAN_POINT('',(199.3749951986,182.,49.898498925933));
#3870 = PCURVE('',#2075,#3871);
#3871 = DEFINITIONAL_REPRESENTATION('',(#3872),#3911);
#3872 = B_SPLINE_CURVE_WITH_KNOTS('',7,(#3873,#3874,#3875,#3876,#3877,
    #3878,#3879,#3880,#3881,#3882,#3883,#3884,#3885,#3886,#3887,#3888,
    #3889,#3890,#3891,#3892,#3893,#3894,#3895,#3896,#3897,#3898,#3899,
    #3900,#3901,#3902,#3903,#3904,#3905,#3906,#3907,#3908,#3909,#3910),
  .UNSPECIFIED.,.F.,.F.,(8,6,6,6,6,6,8),(0.,0.157686045524,
    0.219780205198,0.502360514263,0.781358054532,0.931199415227,1.),
  .UNSPECIFIED.);
#3873 = CARTESIAN_POINT('',(197.43355695403,0.));
#3874 = CARTESIAN_POINT('',(197.98611771075,0.));
#3875 = CARTESIAN_POINT('',(198.53871359069,-5.492618135959E-03));
#3876 = CARTESIAN_POINT('',(199.09129239958,-1.556825818264E-02));
#3877 = CARTESIAN_POINT('',(199.64382365428,-2.936448085183E-02));
#3878 = CARTESIAN_POINT('',(200.19629861509,-4.605979451821E-02));
#3879 = CARTESIAN_POINT('',(200.74873017497,-6.487447593068E-02));
#3880 = CARTESIAN_POINT('',(201.51868743245,-9.303440066231E-02));
#3881 = CARTESIAN_POINT('',(201.73621950441,-0.101205795329));
#3882 = CARTESIAN_POINT('',(201.95375016358,-0.109547886961));
#3883 = CARTESIAN_POINT('',(202.17128079272,-0.118017235512));
#3884 = CARTESIAN_POINT('',(202.38881281523,-0.126571678836));
#3885 = CARTESIAN_POINT('',(202.60634769515,-0.135170332692));
#3886 = CARTESIAN_POINT('',(203.81387225227,-0.182925603279));
#3887 = CARTESIAN_POINT('',(204.80395124655,-0.222173998622));
#3888 = CARTESIAN_POINT('',(205.79426841877,-0.25779646129));
#3889 = CARTESIAN_POINT('',(206.78489126126,-0.286674887656));
#3890 = CARTESIAN_POINT('',(207.77580376238,-0.306497247087));
#3891 = CARTESIAN_POINT('',(208.76689370963,-0.316134555628));
#3892 = CARTESIAN_POINT('',(210.73644316575,-0.315123926398));
#3893 = CARTESIAN_POINT('',(211.7149521714,-0.304731622868));
#3894 = CARTESIAN_POINT('',(212.69328048318,-0.284486588439));
#3895 = CARTESIAN_POINT('',(213.67132413409,-0.255536514511));
#3896 = CARTESIAN_POINT('',(214.64907108982,-0.220141837381));
#3897 = CARTESIAN_POINT('',(215.62658928888,-0.181322359541));
#3898 = CARTESIAN_POINT('',(217.12897004377,-0.121910871141));
#3899 = CARTESIAN_POINT('',(217.65389028378,-0.101199812817));
#3900 = CARTESIAN_POINT('',(218.17880942562,-8.109425301727E-02));
#3901 = CARTESIAN_POINT('',(218.70374867553,-6.219706155767E-02));
#3902 = CARTESIAN_POINT('',(219.2287220334,-4.515206358144E-02));
#3903 = CARTESIAN_POINT('',(219.75373606514,-3.063960842353E-02));
#3904 = CARTESIAN_POINT('',(220.519871278,-1.419861016572E-02));
#3905 = CARTESIAN_POINT('',(220.76095996099,-9.709322176613E-03));
#3906 = CARTESIAN_POINT('',(221.00205497453,-5.973344426076E-03));
#3907 = CARTESIAN_POINT('',(221.24315441771,-3.061348713305E-03));
#3908 = CARTESIAN_POINT('',(221.48425523827,-1.045608717928E-03));
#3909 = CARTESIAN_POINT('',(221.72535323265,0.));
#3910 = CARTESIAN_POINT('',(221.96644304596,0.));
#3911 = ( GEOMETRIC_REPRESENTATION_CONTEXT(2) 
PARAMETRIC_REPRESENTATION_CONTEXT() REPRESENTATION_CONTEXT('2D SPACE',''
  ) );
#3912 = PCURVE('',#2902,#3913);
#3913 = DEFINITIONAL_REPRESENTATION('',(#3914),#3953);
#3914 = B_SPLINE_CURVE_WITH_KNOTS('',7,(#3915,#3916,#3917,#3918,#3919,
    #3920,#3921,#3922,#3923,#3924,#3925,#3926,#3927,#3928,#3929,#3930,
    #3931,#3932,#3933,#3934,#3935,#3936,#3937,#3938,#3939,#3940,#3941,
    #3942,#3943,#3944,#3945,#3946,#3947,#3948,#3949,#3950,#3951,#3952),
  .UNSPECIFIED.,.F.,.F.,(8,6,6,6,6,6,8),(0.,0.157686045524,
    0.219780205198,0.502360514263,0.781358054532,0.931199415227,1.),
  .UNSPECIFIED.);
#3915 = CARTESIAN_POINT('',(-1.211919944599,1.570796326795));
#3916 = CARTESIAN_POINT('',(-1.226733351788,1.595055292621));
#3917 = CARTESIAN_POINT('',(-1.24173976967,1.618198160293));
#3918 = CARTESIAN_POINT('',(-1.256931707224,1.640219599483));
#3919 = CARTESIAN_POINT('',(-1.272301077306,1.66110704432));
#3920 = CARTESIAN_POINT('',(-1.287839253529,1.680842468991));
#3921 = CARTESIAN_POINT('',(-1.303537146972,1.699403935489));
#3922 = CARTESIAN_POINT('',(-1.325626044647,1.7236041674));
#3923 = CARTESIAN_POINT('',(-1.331890048945,1.730255544324));
#3924 = CARTESIAN_POINT('',(-1.338176715454,1.736719506454));
#3925 = CARTESIAN_POINT('',(-1.344485422045,1.742994470407));
#3926 = CARTESIAN_POINT('',(-1.350815524627,1.749078807231));
#3927 = CARTESIAN_POINT('',(-1.357166357149,1.754970842411));
#3928 = CARTESIAN_POINT('',(-1.392530033497,1.786599578048));
#3929 = CARTESIAN_POINT('',(-1.42193801172,1.808512367176));
#3930 = CARTESIAN_POINT('',(-1.451696481765,1.826247132665));
#3931 = CARTESIAN_POINT('',(-1.481729093297,1.839633418258));
#3932 = CARTESIAN_POINT('',(-1.511948796462,1.848528104154));
#3933 = CARTESIAN_POINT('',(-1.542261059565,1.852859745151));
#3934 = CARTESIAN_POINT('',(-1.602491740616,1.852405519284));
#3935 = CARTESIAN_POINT('',(-1.632411765841,1.847734544972));
#3936 = CARTESIAN_POINT('',(-1.662235044906,1.838620268208));
#3937 = CARTESIAN_POINT('',(-1.691870937954,1.825135171386));
#3938 = CARTESIAN_POINT('',(-1.721236070628,1.807418443577));
#3939 = CARTESIAN_POINT('',(-1.750257295581,1.785634270951));
#3940 = CARTESIAN_POINT('',(-1.794241009089,1.746134993305));
#3941 = CARTESIAN_POINT('',(-1.809492224852,1.731204734963));
#3942 = CARTESIAN_POINT('',(-1.824616797987,1.715169429369));
#3943 = CARTESIAN_POINT('',(-1.839605849823,1.698052160465));
#3944 = CARTESIAN_POINT('',(-1.854451099623,1.679874068961));
#3945 = CARTESIAN_POINT('',(-1.869144910118,1.660653023616));
#3946 = CARTESIAN_POINT('',(-1.890354362102,1.631104044452));
#3947 = CARTESIAN_POINT('',(-1.896994964614,1.621588750156));
#3948 = CARTESIAN_POINT('',(-1.903601448114,1.61185775013));
#3949 = CARTESIAN_POINT('',(-1.910173130608,1.601912179849));
#3950 = CARTESIAN_POINT('',(-1.916709340558,1.591752969758));
#3951 = CARTESIAN_POINT('',(-1.923209416891,1.581380845277));
#3952 = CARTESIAN_POINT('',(-1.929672708991,1.570796326795));
#3953 = ( GEOMETRIC_REPRESENTATION_CONTEXT(2) 
PARAMETRIC_REPRESENTATION_CONTEXT() REPRESENTATION_CONTEXT('2D SPACE',''
  ) );
#3954 = ORIENTED_EDGE('',*,*,#3955,.F.);
#3955 = EDGE_CURVE('',#3956,#3828,#3958,.T.);
#3956 = VERTEX_POINT('',#3957);
#3957 = CARTESIAN_POINT('',(287.2589951986,182.,49.898498925932));
#3958 = SURFACE_CURVE('',#3959,(#3963,#3970),.PCURVE_S1.);
#3959 = LINE('',#3960,#3961);
#3960 = CARTESIAN_POINT('',(421.34143824457,182.,49.898498925933));
#3961 = VECTOR('',#3962,1.);
#3962 = DIRECTION('',(-1.,0.,0.));
#3963 = PCURVE('',#2075,#3964);
#3964 = DEFINITIONAL_REPRESENTATION('',(#3965),#3969);
#3965 = LINE('',#3966,#3967);
#3966 = CARTESIAN_POINT('',(0.,0.));
#3967 = VECTOR('',#3968,1.);
#3968 = DIRECTION('',(1.,0.));
#3969 = ( GEOMETRIC_REPRESENTATION_CONTEXT(2) 
PARAMETRIC_REPRESENTATION_CONTEXT() REPRESENTATION_CONTEXT('2D SPACE',''
  ) );
#3970 = PCURVE('',#2804,#3971);
#3971 = DEFINITIONAL_REPRESENTATION('',(#3972),#3976);
#3972 = LINE('',#3973,#3974);
#3973 = CARTESIAN_POINT('',(-32.7,209.7));
#3974 = VECTOR('',#3975,1.);
#3975 = DIRECTION('',(0.,-1.));
#3976 = ( GEOMETRIC_REPRESENTATION_CONTEXT(2) 
PARAMETRIC_REPRESENTATION_CONTEXT() REPRESENTATION_CONTEXT('2D SPACE',''
  ) );
#3977 = ORIENTED_EDGE('',*,*,#3978,.F.);
#3978 = EDGE_CURVE('',#3979,#3956,#3981,.T.);
#3979 = VERTEX_POINT('',#3980);
#3980 = CARTESIAN_POINT('',(311.79188129054,182.,49.898498925933));
#3981 = SURFACE_CURVE('',#3982,(#4021,#4063),.PCURVE_S1.);
#3982 = B_SPLINE_CURVE_WITH_KNOTS('',7,(#3983,#3984,#3985,#3986,#3987,
    #3988,#3989,#3990,#3991,#3992,#3993,#3994,#3995,#3996,#3997,#3998,
    #3999,#4000,#4001,#4002,#4003,#4004,#4005,#4006,#4007,#4008,#4009,
    #4010,#4011,#4012,#4013,#4014,#4015,#4016,#4017,#4018,#4019,#4020),
  .UNSPECIFIED.,.F.,.F.,(8,6,6,6,6,6,8),(0.,0.157686045524,
    0.219780205198,0.502360514262,0.781358054532,0.931199415227,1.),
  .UNSPECIFIED.);
#3983 = CARTESIAN_POINT('',(311.79188129054,182.,49.898498925933));
#3984 = CARTESIAN_POINT('',(311.23932053382,182.,49.898498925933));
#3985 = CARTESIAN_POINT('',(310.68672465387,181.99450738186,
    49.898498925933));
#3986 = CARTESIAN_POINT('',(310.13414584498,181.98443174181,
    49.898498925933));
#3987 = CARTESIAN_POINT('',(309.58161459028,181.97063551914,
    49.898498925933));
#3988 = CARTESIAN_POINT('',(309.02913962947,181.95394020548,
    49.898498925933));
#3989 = CARTESIAN_POINT('',(308.4767080696,181.93512552406,
    49.898498925933));
#3990 = CARTESIAN_POINT('',(307.70675081211,181.90696559933,
    49.898498925933));
#3991 = CARTESIAN_POINT('',(307.48921874016,181.89879420467,
    49.898498925933));
#3992 = CARTESIAN_POINT('',(307.27168808099,181.89045211303,
    49.898498925933));
#3993 = CARTESIAN_POINT('',(307.05415745185,181.88198276448,
    49.898498925933));
#3994 = CARTESIAN_POINT('',(306.83662542934,181.87342832116,
    49.898498925933));
#3995 = CARTESIAN_POINT('',(306.61909054942,181.8648296673,
    49.898498925933));
#3996 = CARTESIAN_POINT('',(305.4115659923,181.81707439672,
    49.898498925933));
#3997 = CARTESIAN_POINT('',(304.42148699802,181.77782600137,
    49.898498925933));
#3998 = CARTESIAN_POINT('',(303.4311698258,181.74220353871,
    49.898498925933));
#3999 = CARTESIAN_POINT('',(302.4405469833,181.71332511234,
    49.898498925933));
#4000 = CARTESIAN_POINT('',(301.44963448219,181.69350275291,
    49.898498925933));
#4001 = CARTESIAN_POINT('',(300.45854453494,181.68386544437,
    49.898498925933));
#4002 = CARTESIAN_POINT('',(298.48899507881,181.6848760736,
    49.898498925933));
#4003 = CARTESIAN_POINT('',(297.51048607317,181.69526837713,
    49.898498925933));
#4004 = CARTESIAN_POINT('',(296.53215776139,181.71551341156,
    49.898498925933));
#4005 = CARTESIAN_POINT('',(295.55411411048,181.74446348548,
    49.898498925933));
#4006 = CARTESIAN_POINT('',(294.57636715475,181.77985816261,
    49.898498925933));
#4007 = CARTESIAN_POINT('',(293.59884895568,181.81867764045,
    49.898498925933));
#4008 = CARTESIAN_POINT('',(292.09646820079,181.87808912885,
    49.898498925933));
#4009 = CARTESIAN_POINT('',(291.57154796079,181.89880018718,
    49.898498925933));
#4010 = CARTESIAN_POINT('',(291.04662881895,181.91890574698,
    49.898498925933));
#4011 = CARTESIAN_POINT('',(290.52168956904,181.93780293844,
    49.898498925933));
#4012 = CARTESIAN_POINT('',(289.99671621117,181.95484793641,
    49.898498925933));
#4013 = CARTESIAN_POINT('',(289.47170217943,181.96936039157,
    49.898498925933));
#4014 = CARTESIAN_POINT('',(288.70556696657,181.98580138983,
    49.898498925933));
#4015 = CARTESIAN_POINT('',(288.46447828358,181.99029067782,
    49.898498925933));
#4016 = CARTESIAN_POINT('',(288.22338327004,181.99402665557,
    49.898498925933));
#4017 = CARTESIAN_POINT('',(287.98228382686,181.99693865128,
    49.898498925933));
#4018 = CARTESIAN_POINT('',(287.74118300629,181.99895439128,
    49.898498925933));
#4019 = CARTESIAN_POINT('',(287.50008501191,182.,49.898498925933));
#4020 = CARTESIAN_POINT('',(287.2589951986,182.,49.898498925933));
#4021 = PCURVE('',#2075,#4022);
#4022 = DEFINITIONAL_REPRESENTATION('',(#4023),#4062);
#4023 = B_SPLINE_CURVE_WITH_KNOTS('',7,(#4024,#4025,#4026,#4027,#4028,
    #4029,#4030,#4031,#4032,#4033,#4034,#4035,#4036,#4037,#4038,#4039,
    #4040,#4041,#4042,#4043,#4044,#4045,#4046,#4047,#4048,#4049,#4050,
    #4051,#4052,#4053,#4054,#4055,#4056,#4057,#4058,#4059,#4060,#4061),
  .UNSPECIFIED.,.F.,.F.,(8,6,6,6,6,6,8),(0.,0.157686045524,
    0.219780205198,0.502360514262,0.781358054532,0.931199415227,1.),
  .UNSPECIFIED.);
#4024 = CARTESIAN_POINT('',(109.54955695403,0.));
#4025 = CARTESIAN_POINT('',(110.10211771075,0.));
#4026 = CARTESIAN_POINT('',(110.65471359069,-5.492618135963E-03));
#4027 = CARTESIAN_POINT('',(111.20729239958,-1.556825818264E-02));
#4028 = CARTESIAN_POINT('',(111.75982365428,-2.936448085183E-02));
#4029 = CARTESIAN_POINT('',(112.31229861509,-4.605979451821E-02));
#4030 = CARTESIAN_POINT('',(112.86473017497,-6.487447593068E-02));
#4031 = CARTESIAN_POINT('',(113.63468743245,-9.303440066231E-02));
#4032 = CARTESIAN_POINT('',(113.85221950441,-0.101205795329));
#4033 = CARTESIAN_POINT('',(114.06975016358,-0.109547886961));
#4034 = CARTESIAN_POINT('',(114.28728079272,-0.118017235512));
#4035 = CARTESIAN_POINT('',(114.50481281523,-0.126571678836));
#4036 = CARTESIAN_POINT('',(114.72234769515,-0.135170332692));
#4037 = CARTESIAN_POINT('',(115.92987225227,-0.182925603279));
#4038 = CARTESIAN_POINT('',(116.91995124655,-0.222173998622));
#4039 = CARTESIAN_POINT('',(117.91026841877,-0.257796461289));
#4040 = CARTESIAN_POINT('',(118.90089126127,-0.286674887656));
#4041 = CARTESIAN_POINT('',(119.89180376238,-0.306497247087));
#4042 = CARTESIAN_POINT('',(120.88289370963,-0.316134555628));
#4043 = CARTESIAN_POINT('',(122.85244316575,-0.315123926398));
#4044 = CARTESIAN_POINT('',(123.8309521714,-0.304731622868));
#4045 = CARTESIAN_POINT('',(124.80928048318,-0.284486588439));
#4046 = CARTESIAN_POINT('',(125.78732413409,-0.255536514511));
#4047 = CARTESIAN_POINT('',(126.76507108982,-0.220141837381));
#4048 = CARTESIAN_POINT('',(127.74258928888,-0.181322359541));
#4049 = CARTESIAN_POINT('',(129.24497004377,-0.121910871141));
#4050 = CARTESIAN_POINT('',(129.76989028378,-0.101199812817));
#4051 = CARTESIAN_POINT('',(130.29480942562,-8.109425301726E-02));
#4052 = CARTESIAN_POINT('',(130.81974867553,-6.219706155767E-02));
#4053 = CARTESIAN_POINT('',(131.34472203339,-4.515206358145E-02));
#4054 = CARTESIAN_POINT('',(131.86973606514,-3.063960842352E-02));
#4055 = CARTESIAN_POINT('',(132.635871278,-1.419861016572E-02));
#4056 = CARTESIAN_POINT('',(132.87695996099,-9.709322176614E-03));
#4057 = CARTESIAN_POINT('',(133.11805497453,-5.973344426076E-03));
#4058 = CARTESIAN_POINT('',(133.35915441771,-3.061348713305E-03));
#4059 = CARTESIAN_POINT('',(133.60025523827,-1.045608717928E-03));
#4060 = CARTESIAN_POINT('',(133.84135323265,0.));
#4061 = CARTESIAN_POINT('',(134.08244304596,0.));
#4062 = ( GEOMETRIC_REPRESENTATION_CONTEXT(2) 
PARAMETRIC_REPRESENTATION_CONTEXT() REPRESENTATION_CONTEXT('2D SPACE',''
  ) );
#4063 = PCURVE('',#2741,#4064);
#4064 = DEFINITIONAL_REPRESENTATION('',(#4065),#4104);
#4065 = B_SPLINE_CURVE_WITH_KNOTS('',7,(#4066,#4067,#4068,#4069,#4070,
    #4071,#4072,#4073,#4074,#4075,#4076,#4077,#4078,#4079,#4080,#4081,
    #4082,#4083,#4084,#4085,#4086,#4087,#4088,#4089,#4090,#4091,#4092,
    #4093,#4094,#4095,#4096,#4097,#4098,#4099,#4100,#4101,#4102,#4103),
  .UNSPECIFIED.,.F.,.F.,(8,6,6,6,6,6,8),(0.,0.157686045524,
    0.219780205198,0.502360514262,0.781358054532,0.931199415227,1.),
  .UNSPECIFIED.);
#4066 = CARTESIAN_POINT('',(-1.211919944599,1.570796326795));
#4067 = CARTESIAN_POINT('',(-1.226733351788,1.595055292621));
#4068 = CARTESIAN_POINT('',(-1.24173976967,1.618198160293));
#4069 = CARTESIAN_POINT('',(-1.256931707224,1.640219599483));
#4070 = CARTESIAN_POINT('',(-1.272301077306,1.66110704432));
#4071 = CARTESIAN_POINT('',(-1.287839253529,1.680842468991));
#4072 = CARTESIAN_POINT('',(-1.303537146972,1.699403935489));
#4073 = CARTESIAN_POINT('',(-1.325626044647,1.7236041674));
#4074 = CARTESIAN_POINT('',(-1.331890048945,1.730255544324));
#4075 = CARTESIAN_POINT('',(-1.338176715454,1.736719506454));
#4076 = CARTESIAN_POINT('',(-1.344485422045,1.742994470407));
#4077 = CARTESIAN_POINT('',(-1.350815524627,1.749078807231));
#4078 = CARTESIAN_POINT('',(-1.357166357149,1.754970842411));
#4079 = CARTESIAN_POINT('',(-1.392530033497,1.786599578048));
#4080 = CARTESIAN_POINT('',(-1.42193801172,1.808512367176));
#4081 = CARTESIAN_POINT('',(-1.451696481765,1.826247132665));
#4082 = CARTESIAN_POINT('',(-1.481729093297,1.839633418258));
#4083 = CARTESIAN_POINT('',(-1.511948796462,1.848528104154));
#4084 = CARTESIAN_POINT('',(-1.542261059565,1.852859745151));
#4085 = CARTESIAN_POINT('',(-1.602491740616,1.852405519284));
#4086 = CARTESIAN_POINT('',(-1.632411765841,1.847734544972));
#4087 = CARTESIAN_POINT('',(-1.662235044906,1.838620268208));
#4088 = CARTESIAN_POINT('',(-1.691870937954,1.825135171386));
#4089 = CARTESIAN_POINT('',(-1.721236070628,1.807418443577));
#4090 = CARTESIAN_POINT('',(-1.750257295581,1.785634270951));
#4091 = CARTESIAN_POINT('',(-1.794241009089,1.746134993305));
#4092 = CARTESIAN_POINT('',(-1.809492224852,1.731204734963));
#4093 = CARTESIAN_POINT('',(-1.824616797987,1.715169429369));
#4094 = CARTESIAN_POINT('',(-1.839605849823,1.698052160465));
#4095 = CARTESIAN_POINT('',(-1.854451099623,1.679874068961));
#4096 = CARTESIAN_POINT('',(-1.869144910118,1.660653023616));
#4097 = CARTESIAN_POINT('',(-1.890354362102,1.631104044452));
#4098 = CARTESIAN_POINT('',(-1.896994964614,1.621588750156));
#4099 = CARTESIAN_POINT('',(-1.903601448114,1.61185775013));
#4100 = CARTESIAN_POINT('',(-1.910173130608,1.601912179849));
#4101 = CARTESIAN_POINT('',(-1.916709340558,1.591752969758));
#4102 = CARTESIAN_POINT('',(-1.923209416891,1.581380845277));
#4103 = CARTESIAN_POINT('',(-1.929672708991,1.570796326795));
#4104 = ( GEOMETRIC_REPRESENTATION_CONTEXT(2) 
PARAMETRIC_REPRESENTATION_CONTEXT() REPRESENTATION_CONTEXT('2D SPACE',''
  ) );
#4105 = ORIENTED_EDGE('',*,*,#4106,.F.);
#4106 = EDGE_CURVE('',#4107,#3979,#4109,.T.);
#4107 = VERTEX_POINT('',#4108);
#4108 = CARTESIAN_POINT('',(375.1429951986,182.,49.898498925933));
#4109 = SURFACE_CURVE('',#4110,(#4114,#4121),.PCURVE_S1.);
#4110 = LINE('',#4111,#4112);
#4111 = CARTESIAN_POINT('',(421.34143824457,182.,49.898498925933));
#4112 = VECTOR('',#4113,1.);
#4113 = DIRECTION('',(-1.,0.,0.));
#4114 = PCURVE('',#2075,#4115);
#4115 = DEFINITIONAL_REPRESENTATION('',(#4116),#4120);
#4116 = LINE('',#4117,#4118);
#4117 = CARTESIAN_POINT('',(0.,0.));
#4118 = VECTOR('',#4119,1.);
#4119 = DIRECTION('',(1.,0.));
#4120 = ( GEOMETRIC_REPRESENTATION_CONTEXT(2) 
PARAMETRIC_REPRESENTATION_CONTEXT() REPRESENTATION_CONTEXT('2D SPACE',''
  ) );
#4121 = PCURVE('',#2643,#4122);
#4122 = DEFINITIONAL_REPRESENTATION('',(#4123),#4127);
#4123 = LINE('',#4124,#4125);
#4124 = CARTESIAN_POINT('',(-32.7,209.7));
#4125 = VECTOR('',#4126,1.);
#4126 = DIRECTION('',(0.,-1.));
#4127 = ( GEOMETRIC_REPRESENTATION_CONTEXT(2) 
PARAMETRIC_REPRESENTATION_CONTEXT() REPRESENTATION_CONTEXT('2D SPACE',''
  ) );
#4128 = ORIENTED_EDGE('',*,*,#4129,.F.);
#4129 = EDGE_CURVE('',#3450,#4107,#4130,.T.);
#4130 = SURFACE_CURVE('',#4131,(#4170,#4212),.PCURVE_S1.);
#4131 = B_SPLINE_CURVE_WITH_KNOTS('',7,(#4132,#4133,#4134,#4135,#4136,
    #4137,#4138,#4139,#4140,#4141,#4142,#4143,#4144,#4145,#4146,#4147,
    #4148,#4149,#4150,#4151,#4152,#4153,#4154,#4155,#4156,#4157,#4158,
    #4159,#4160,#4161,#4162,#4163,#4164,#4165,#4166,#4167,#4168,#4169),
  .UNSPECIFIED.,.F.,.F.,(8,6,6,6,6,6,8),(0.,0.157686045524,
    0.219780205198,0.502360514262,0.781358054532,0.931199415227,1.),
  .UNSPECIFIED.);
#4132 = CARTESIAN_POINT('',(399.67588129054,182.,49.898498925933));
#4133 = CARTESIAN_POINT('',(399.12332053382,182.,49.898498925933));
#4134 = CARTESIAN_POINT('',(398.57072465387,181.99450738186,
    49.898498925933));
#4135 = CARTESIAN_POINT('',(398.01814584498,181.98443174181,
    49.898498925933));
#4136 = CARTESIAN_POINT('',(397.46561459028,181.97063551914,
    49.898498925933));
#4137 = CARTESIAN_POINT('',(396.91313962947,181.95394020548,
    49.898498925933));
#4138 = CARTESIAN_POINT('',(396.3607080696,181.93512552406,
    49.898498925933));
#4139 = CARTESIAN_POINT('',(395.59075081211,181.90696559933,
    49.898498925933));
#4140 = CARTESIAN_POINT('',(395.37321874016,181.89879420467,
    49.898498925933));
#4141 = CARTESIAN_POINT('',(395.15568808099,181.89045211303,
    49.898498925933));
#4142 = CARTESIAN_POINT('',(394.93815745185,181.88198276448,
    49.898498925933));
#4143 = CARTESIAN_POINT('',(394.72062542934,181.87342832116,
    49.898498925933));
#4144 = CARTESIAN_POINT('',(394.50309054942,181.8648296673,
    49.898498925933));
#4145 = CARTESIAN_POINT('',(393.2955659923,181.81707439672,
    49.898498925933));
#4146 = CARTESIAN_POINT('',(392.30548699802,181.77782600137,
    49.898498925933));
#4147 = CARTESIAN_POINT('',(391.3151698258,181.74220353871,
    49.898498925933));
#4148 = CARTESIAN_POINT('',(390.3245469833,181.71332511234,
    49.898498925933));
#4149 = CARTESIAN_POINT('',(389.33363448219,181.69350275291,
    49.898498925933));
#4150 = CARTESIAN_POINT('',(388.34254453494,181.68386544437,
    49.898498925933));
#4151 = CARTESIAN_POINT('',(386.37299507881,181.6848760736,
    49.898498925933));
#4152 = CARTESIAN_POINT('',(385.39448607317,181.69526837713,
    49.898498925933));
#4153 = CARTESIAN_POINT('',(384.41615776139,181.71551341156,
    49.898498925933));
#4154 = CARTESIAN_POINT('',(383.43811411048,181.74446348548,
    49.898498925933));
#4155 = CARTESIAN_POINT('',(382.46036715475,181.77985816261,
    49.898498925933));
#4156 = CARTESIAN_POINT('',(381.48284895568,181.81867764045,
    49.898498925933));
#4157 = CARTESIAN_POINT('',(379.98046820079,181.87808912885,
    49.898498925933));
#4158 = CARTESIAN_POINT('',(379.45554796079,181.89880018718,
    49.898498925933));
#4159 = CARTESIAN_POINT('',(378.93062881895,181.91890574698,
    49.898498925933));
#4160 = CARTESIAN_POINT('',(378.40568956904,181.93780293844,
    49.898498925933));
#4161 = CARTESIAN_POINT('',(377.88071621117,181.95484793641,
    49.898498925933));
#4162 = CARTESIAN_POINT('',(377.35570217943,181.96936039157,
    49.898498925933));
#4163 = CARTESIAN_POINT('',(376.58956696657,181.98580138983,
    49.898498925933));
#4164 = CARTESIAN_POINT('',(376.34847828358,181.99029067782,
    49.898498925933));
#4165 = CARTESIAN_POINT('',(376.10738327004,181.99402665557,
    49.898498925933));
#4166 = CARTESIAN_POINT('',(375.86628382686,181.99693865128,
    49.898498925933));
#4167 = CARTESIAN_POINT('',(375.62518300629,181.99895439128,
    49.898498925933));
#4168 = CARTESIAN_POINT('',(375.38408501191,182.,49.898498925933));
#4169 = CARTESIAN_POINT('',(375.1429951986,182.,49.898498925933));
#4170 = PCURVE('',#2075,#4171);
#4171 = DEFINITIONAL_REPRESENTATION('',(#4172),#4211);
#4172 = B_SPLINE_CURVE_WITH_KNOTS('',7,(#4173,#4174,#4175,#4176,#4177,
    #4178,#4179,#4180,#4181,#4182,#4183,#4184,#4185,#4186,#4187,#4188,
    #4189,#4190,#4191,#4192,#4193,#4194,#4195,#4196,#4197,#4198,#4199,
    #4200,#4201,#4202,#4203,#4204,#4205,#4206,#4207,#4208,#4209,#4210),
  .UNSPECIFIED.,.F.,.F.,(8,6,6,6,6,6,8),(0.,0.157686045524,
    0.219780205198,0.502360514262,0.781358054532,0.931199415227,1.),
  .UNSPECIFIED.);
#4173 = CARTESIAN_POINT('',(21.665556954031,0.));
#4174 = CARTESIAN_POINT('',(22.21811771075,0.));
#4175 = CARTESIAN_POINT('',(22.770713590696,-5.492618135963E-03));
#4176 = CARTESIAN_POINT('',(23.323292399587,-1.556825818264E-02));
#4177 = CARTESIAN_POINT('',(23.875823654286,-2.936448085183E-02));
#4178 = CARTESIAN_POINT('',(24.428298615099,-4.605979451821E-02));
#4179 = CARTESIAN_POINT('',(24.98073017497,-6.487447593068E-02));
#4180 = CARTESIAN_POINT('',(25.750687432456,-9.303440066231E-02));
#4181 = CARTESIAN_POINT('',(25.968219504412,-0.101205795329));
#4182 = CARTESIAN_POINT('',(26.18575016358,-0.109547886961));
#4183 = CARTESIAN_POINT('',(26.403280792722,-0.118017235512));
#4184 = CARTESIAN_POINT('',(26.620812815235,-0.126571678836));
#4185 = CARTESIAN_POINT('',(26.83834769515,-0.135170332692));
#4186 = CARTESIAN_POINT('',(28.045872252271,-0.182925603279));
#4187 = CARTESIAN_POINT('',(29.035951246554,-0.222173998622));
#4188 = CARTESIAN_POINT('',(30.026268418772,-0.257796461289));
#4189 = CARTESIAN_POINT('',(31.016891261271,-0.286674887656));
#4190 = CARTESIAN_POINT('',(32.007803762382,-0.306497247087));
#4191 = CARTESIAN_POINT('',(32.998893709633,-0.316134555628));
#4192 = CARTESIAN_POINT('',(34.968443165758,-0.315123926398));
#4193 = CARTESIAN_POINT('',(35.946952171404,-0.304731622868));
#4194 = CARTESIAN_POINT('',(36.925280483183,-0.284486588439));
#4195 = CARTESIAN_POINT('',(37.903324134095,-0.255536514511));
#4196 = CARTESIAN_POINT('',(38.881071089825,-0.220141837381));
#4197 = CARTESIAN_POINT('',(39.858589288889,-0.181322359541));
#4198 = CARTESIAN_POINT('',(41.360970043777,-0.121910871141));
#4199 = CARTESIAN_POINT('',(41.885890283783,-0.101199812817));
#4200 = CARTESIAN_POINT('',(42.41080942562,-8.109425301726E-02));
#4201 = CARTESIAN_POINT('',(42.935748675534,-6.219706155767E-02));
#4202 = CARTESIAN_POINT('',(43.460722033399,-4.515206358145E-02));
#4203 = CARTESIAN_POINT('',(43.985736065144,-3.063960842352E-02));
#4204 = CARTESIAN_POINT('',(44.751871278001,-1.419861016572E-02));
#4205 = CARTESIAN_POINT('',(44.992959960989,-9.709322176614E-03));
#4206 = CARTESIAN_POINT('',(45.234054974534,-5.973344426076E-03));
#4207 = CARTESIAN_POINT('',(45.475154417711,-3.061348713305E-03));
#4208 = CARTESIAN_POINT('',(45.716255238275,-1.045608717928E-03));
#4209 = CARTESIAN_POINT('',(45.957353232658,0.));
#4210 = CARTESIAN_POINT('',(46.198443045969,0.));
#4211 = ( GEOMETRIC_REPRESENTATION_CONTEXT(2) 
PARAMETRIC_REPRESENTATION_CONTEXT() REPRESENTATION_CONTEXT('2D SPACE',''
  ) );
#4212 = PCURVE('',#2580,#4213);
#4213 = DEFINITIONAL_REPRESENTATION('',(#4214),#4253);
#4214 = B_SPLINE_CURVE_WITH_KNOTS('',7,(#4215,#4216,#4217,#4218,#4219,
    #4220,#4221,#4222,#4223,#4224,#4225,#4226,#4227,#4228,#4229,#4230,
    #4231,#4232,#4233,#4234,#4235,#4236,#4237,#4238,#4239,#4240,#4241,
    #4242,#4243,#4244,#4245,#4246,#4247,#4248,#4249,#4250,#4251,#4252),
  .UNSPECIFIED.,.F.,.F.,(8,6,6,6,6,6,8),(0.,0.157686045524,
    0.219780205198,0.502360514262,0.781358054532,0.931199415227,1.),
  .UNSPECIFIED.);
#4215 = CARTESIAN_POINT('',(-1.211919944599,1.570796326795));
#4216 = CARTESIAN_POINT('',(-1.226733351788,1.595055292621));
#4217 = CARTESIAN_POINT('',(-1.24173976967,1.618198160293));
#4218 = CARTESIAN_POINT('',(-1.256931707224,1.640219599483));
#4219 = CARTESIAN_POINT('',(-1.272301077306,1.66110704432));
#4220 = CARTESIAN_POINT('',(-1.287839253529,1.680842468991));
#4221 = CARTESIAN_POINT('',(-1.303537146972,1.699403935489));
#4222 = CARTESIAN_POINT('',(-1.325626044647,1.7236041674));
#4223 = CARTESIAN_POINT('',(-1.331890048945,1.730255544324));
#4224 = CARTESIAN_POINT('',(-1.338176715454,1.736719506454));
#4225 = CARTESIAN_POINT('',(-1.344485422045,1.742994470407));
#4226 = CARTESIAN_POINT('',(-1.350815524627,1.749078807231));
#4227 = CARTESIAN_POINT('',(-1.357166357149,1.754970842411));
#4228 = CARTESIAN_POINT('',(-1.392530033497,1.786599578048));
#4229 = CARTESIAN_POINT('',(-1.42193801172,1.808512367176));
#4230 = CARTESIAN_POINT('',(-1.451696481765,1.826247132665));
#4231 = CARTESIAN_POINT('',(-1.481729093297,1.839633418258));
#4232 = CARTESIAN_POINT('',(-1.511948796462,1.848528104154));
#4233 = CARTESIAN_POINT('',(-1.542261059565,1.852859745151));
#4234 = CARTESIAN_POINT('',(-1.602491740616,1.852405519284));
#4235 = CARTESIAN_POINT('',(-1.632411765841,1.847734544972));
#4236 = CARTESIAN_POINT('',(-1.662235044906,1.838620268208));
#4237 = CARTESIAN_POINT('',(-1.691870937954,1.825135171386));
#4238 = CARTESIAN_POINT('',(-1.721236070628,1.807418443577));
#4239 = CARTESIAN_POINT('',(-1.750257295581,1.785634270951));
#4240 = CARTESIAN_POINT('',(-1.794241009089,1.746134993305));
#4241 = CARTESIAN_POINT('',(-1.809492224852,1.731204734963));
#4242 = CARTESIAN_POINT('',(-1.824616797987,1.715169429369));
#4243 = CARTESIAN_POINT('',(-1.839605849823,1.698052160465));
#4244 = CARTESIAN_POINT('',(-1.854451099623,1.679874068961));
#4245 = CARTESIAN_POINT('',(-1.869144910118,1.660653023616));
#4246 = CARTESIAN_POINT('',(-1.890354362102,1.631104044452));
#4247 = CARTESIAN_POINT('',(-1.896994964614,1.621588750156));
#4248 = CARTESIAN_POINT('',(-1.903601448114,1.61185775013));
#4249 = CARTESIAN_POINT('',(-1.910173130608,1.601912179849));
#4250 = CARTESIAN_POINT('',(-1.916709340558,1.591752969758));
#4251 = CARTESIAN_POINT('',(-1.923209416891,1.581380845277));
#4252 = CARTESIAN_POINT('',(-1.929672708991,1.570796326795));
#4253 = ( GEOMETRIC_REPRESENTATION_CONTEXT(2) 
PARAMETRIC_REPRESENTATION_CONTEXT() REPRESENTATION_CONTEXT('2D SPACE',''
  ) );
#4254 = ADVANCED_FACE('',(#4255),#2047,.F.);
#4255 = FACE_BOUND('',#4256,.F.);
#4256 = EDGE_LOOP('',(#4257,#4280,#4281,#4282,#4283,#4306));
#4257 = ORIENTED_EDGE('',*,*,#4258,.F.);
#4258 = EDGE_CURVE('',#3475,#4259,#4261,.T.);
#4259 = VERTEX_POINT('',#4260);
#4260 = CARTESIAN_POINT('',(1.941438244575,182.,25.467416690672));
#4261 = SURFACE_CURVE('',#4262,(#4266,#4273),.PCURVE_S1.);
#4262 = LINE('',#4263,#4264);
#4263 = CARTESIAN_POINT('',(1.941438244575,182.,49.898498925933));
#4264 = VECTOR('',#4265,1.);
#4265 = DIRECTION('',(0.,0.,-1.));
#4266 = PCURVE('',#2047,#4267);
#4267 = DEFINITIONAL_REPRESENTATION('',(#4268),#4272);
#4268 = LINE('',#4269,#4270);
#4269 = CARTESIAN_POINT('',(0.,0.));
#4270 = VECTOR('',#4271,1.);
#4271 = DIRECTION('',(1.,0.));
#4272 = ( GEOMETRIC_REPRESENTATION_CONTEXT(2) 
PARAMETRIC_REPRESENTATION_CONTEXT() REPRESENTATION_CONTEXT('2D SPACE',''
  ) );
#4273 = PCURVE('',#3513,#4274);
#4274 = DEFINITIONAL_REPRESENTATION('',(#4275),#4279);
#4275 = LINE('',#4276,#4277);
#4276 = CARTESIAN_POINT('',(-32.7,-209.7));
#4277 = VECTOR('',#4278,1.);
#4278 = DIRECTION('',(1.,0.));
#4279 = ( GEOMETRIC_REPRESENTATION_CONTEXT(2) 
PARAMETRIC_REPRESENTATION_CONTEXT() REPRESENTATION_CONTEXT('2D SPACE',''
  ) );
#4280 = ORIENTED_EDGE('',*,*,#3474,.T.);
#4281 = ORIENTED_EDGE('',*,*,#2031,.T.);
#4282 = ORIENTED_EDGE('',*,*,#2421,.F.);
#4283 = ORIENTED_EDGE('',*,*,#4284,.F.);
#4284 = EDGE_CURVE('',#4285,#2392,#4287,.T.);
#4285 = VERTEX_POINT('',#4286);
#4286 = CARTESIAN_POINT('',(1.941438244575,182.,8.929581161193));
#4287 = SURFACE_CURVE('',#4288,(#4292,#4299),.PCURVE_S1.);
#4288 = LINE('',#4289,#4290);
#4289 = CARTESIAN_POINT('',(1.941438244575,182.,49.898498925933));
#4290 = VECTOR('',#4291,1.);
#4291 = DIRECTION('',(0.,0.,-1.));
#4292 = PCURVE('',#2047,#4293);
#4293 = DEFINITIONAL_REPRESENTATION('',(#4294),#4298);
#4294 = LINE('',#4295,#4296);
#4295 = CARTESIAN_POINT('',(0.,0.));
#4296 = VECTOR('',#4297,1.);
#4297 = DIRECTION('',(1.,0.));
#4298 = ( GEOMETRIC_REPRESENTATION_CONTEXT(2) 
PARAMETRIC_REPRESENTATION_CONTEXT() REPRESENTATION_CONTEXT('2D SPACE',''
  ) );
#4299 = PCURVE('',#2409,#4300);
#4300 = DEFINITIONAL_REPRESENTATION('',(#4301),#4305);
#4301 = LINE('',#4302,#4303);
#4302 = CARTESIAN_POINT('',(-32.7,-209.7));
#4303 = VECTOR('',#4304,1.);
#4304 = DIRECTION('',(1.,0.));
#4305 = ( GEOMETRIC_REPRESENTATION_CONTEXT(2) 
PARAMETRIC_REPRESENTATION_CONTEXT() REPRESENTATION_CONTEXT('2D SPACE',''
  ) );
#4306 = ORIENTED_EDGE('',*,*,#4307,.F.);
#4307 = EDGE_CURVE('',#4259,#4285,#4308,.T.);
#4308 = SURFACE_CURVE('',#4309,(#4332,#4358),.PCURVE_S1.);
#4309 = B_SPLINE_CURVE_WITH_KNOTS('',6,(#4310,#4311,#4312,#4313,#4314,
    #4315,#4316,#4317,#4318,#4319,#4320,#4321,#4322,#4323,#4324,#4325,
    #4326,#4327,#4328,#4329,#4330,#4331),.UNSPECIFIED.,.F.,.F.,(7,5,5,5,
    7),(0.,0.207831157628,0.507632071183,0.791637088335,1.),
  .UNSPECIFIED.);
#4310 = CARTESIAN_POINT('',(1.941438244575,182.,25.467416690671));
#4311 = CARTESIAN_POINT('',(1.941438244575,182.,24.894697634926));
#4312 = CARTESIAN_POINT('',(1.941438244575,181.99724212146,
    24.321946622732));
#4313 = CARTESIAN_POINT('',(1.941438244575,181.99253644143,
    23.749175994692));
#4314 = CARTESIAN_POINT('',(1.941438244575,181.98660835792,
    23.17639104196));
#4315 = CARTESIAN_POINT('',(1.941438244575,181.98008763229,
    22.603590199306));
#4316 = CARTESIAN_POINT('',(1.941438244575,181.96399092569,
    21.20445291518));
#4317 = CARTESIAN_POINT('',(1.941438244575,181.95433979656,
    20.378095913778));
#4318 = CARTESIAN_POINT('',(1.941438244575,181.94611183493,
    19.551685687996));
#4319 = CARTESIAN_POINT('',(1.941438244575,181.9404124224,
    18.725227194538));
#4320 = CARTESIAN_POINT('',(1.941438244575,181.93777754404,
    17.898740013836));
#4321 = CARTESIAN_POINT('',(1.941438244575,181.93852636899,
    16.289323068212));
#4322 = CARTESIAN_POINT('',(1.941438244575,181.94160031222,15.5063876746
    ));
#4323 = CARTESIAN_POINT('',(1.941438244575,181.94734722747,
    14.723480554111));
#4324 = CARTESIAN_POINT('',(1.941438244575,181.95526284268,
    13.940617342323));
#4325 = CARTESIAN_POINT('',(1.941438244575,181.96438946662,
    13.157801622817));
#4326 = CARTESIAN_POINT('',(1.941438244575,181.98000418143,
    11.800734985152));
#4327 = CARTESIAN_POINT('',(1.941438244575,181.98654764239,
    11.226468505044));
#4328 = CARTESIAN_POINT('',(1.941438244575,181.99250028519,
    10.65221800738));
#4329 = CARTESIAN_POINT('',(1.941438244575,181.99722799294,
    10.077981895539));
#4330 = CARTESIAN_POINT('',(1.941438244575,182.,9.50376547742));
#4331 = CARTESIAN_POINT('',(1.941438244575,182.,8.929581161194));
#4332 = PCURVE('',#2047,#4333);
#4333 = DEFINITIONAL_REPRESENTATION('',(#4334),#4357);
#4334 = B_SPLINE_CURVE_WITH_KNOTS('',6,(#4335,#4336,#4337,#4338,#4339,
    #4340,#4341,#4342,#4343,#4344,#4345,#4346,#4347,#4348,#4349,#4350,
    #4351,#4352,#4353,#4354,#4355,#4356),.UNSPECIFIED.,.F.,.F.,(7,5,5,5,
    7),(0.,0.207831157628,0.507632071183,0.791637088335,1.),
  .UNSPECIFIED.);
#4335 = CARTESIAN_POINT('',(24.431082235262,0.));
#4336 = CARTESIAN_POINT('',(25.003801291006,5.782411586589E-18));
#4337 = CARTESIAN_POINT('',(25.576552303201,-2.75787853382E-03));
#4338 = CARTESIAN_POINT('',(26.149322931241,-7.463558564425E-03));
#4339 = CARTESIAN_POINT('',(26.722107883973,-1.339164208046E-02));
#4340 = CARTESIAN_POINT('',(27.294908726626,-1.991236770064E-02));
#4341 = CARTESIAN_POINT('',(28.694046010752,-3.600907431024E-02));
#4342 = CARTESIAN_POINT('',(29.520403012154,-4.56602034389E-02));
#4343 = CARTESIAN_POINT('',(30.346813237937,-5.38881650632E-02));
#4344 = CARTESIAN_POINT('',(31.173271731395,-5.958757759494E-02));
#4345 = CARTESIAN_POINT('',(31.999758912097,-6.22224559574E-02));
#4346 = CARTESIAN_POINT('',(33.60917585772,-6.147363100337E-02));
#4347 = CARTESIAN_POINT('',(34.392111251333,-5.839968777634E-02));
#4348 = CARTESIAN_POINT('',(35.175018371821,-5.265277252409E-02));
#4349 = CARTESIAN_POINT('',(35.957881583609,-4.473715731494E-02));
#4350 = CARTESIAN_POINT('',(36.740697303116,-3.561053337119E-02));
#4351 = CARTESIAN_POINT('',(38.097763940781,-1.999581856525E-02));
#4352 = CARTESIAN_POINT('',(38.672030420889,-1.345235760701E-02));
#4353 = CARTESIAN_POINT('',(39.246280918553,-7.499714809145E-03));
#4354 = CARTESIAN_POINT('',(39.820517030394,-2.772007053498E-03));
#4355 = CARTESIAN_POINT('',(40.394733448513,5.782411586589E-18));
#4356 = CARTESIAN_POINT('',(40.968917764738,0.));
#4357 = ( GEOMETRIC_REPRESENTATION_CONTEXT(2) 
PARAMETRIC_REPRESENTATION_CONTEXT() REPRESENTATION_CONTEXT('2D SPACE',''
  ) );
#4358 = PCURVE('',#3222,#4359);
#4359 = DEFINITIONAL_REPRESENTATION('',(#4360),#4383);
#4360 = B_SPLINE_CURVE_WITH_KNOTS('',6,(#4361,#4362,#4363,#4364,#4365,
    #4366,#4367,#4368,#4369,#4370,#4371,#4372,#4373,#4374,#4375,#4376,
    #4377,#4378,#4379,#4380,#4381,#4382),.UNSPECIFIED.,.F.,.F.,(7,5,5,5,
    7),(0.,0.207831157628,0.507632071183,0.791637088335,1.),
  .UNSPECIFIED.);
#4361 = CARTESIAN_POINT('',(-2.902560776407,1.570796326795));
#4362 = CARTESIAN_POINT('',(-2.918493068582,1.587746100504));
#4363 = CARTESIAN_POINT('',(-2.934574707098,1.60336703989));
#4364 = CARTESIAN_POINT('',(-2.950793423142,1.617643968095));
#4365 = CARTESIAN_POINT('',(-2.967135813335,1.630557734616));
#4366 = CARTESIAN_POINT('',(-2.983587540095,1.642088140256));
#4367 = CARTESIAN_POINT('',(-3.024001481058,1.666827761089));
#4368 = CARTESIAN_POINT('',(-3.048065427314,1.67852180202));
#4369 = CARTESIAN_POINT('',(-3.072279692315,1.68724363242));
#4370 = CARTESIAN_POINT('',(-3.096594254731,1.692944385899));
#4371 = CARTESIAN_POINT('',(-3.120956374239,1.695600052458));
#4372 = CARTESIAN_POINT('',(-3.168386371573,1.694845770402));
#4373 = CARTESIAN_POINT('',(-3.191454956711,1.691748029905));
#4374 = CARTESIAN_POINT('',(-3.21447374007,1.685921069155));
#4375 = CARTESIAN_POINT('',(-3.23739811406,1.677387408079));
#4376 = CARTESIAN_POINT('',(-3.260185739801,1.666188778647));
#4377 = CARTESIAN_POINT('',(-3.299387307648,1.642235548056));
#4378 = CARTESIAN_POINT('',(-3.315882246275,1.630689836245));
#4379 = CARTESIAN_POINT('',(-3.332267398861,1.61775352044));
#4380 = CARTESIAN_POINT('',(-3.348528312201,1.603446960878));
#4381 = CARTESIAN_POINT('',(-3.364651476975,1.58778946528));
#4382 = CARTESIAN_POINT('',(-3.380624530773,1.570796326795));
#4383 = ( GEOMETRIC_REPRESENTATION_CONTEXT(2) 
PARAMETRIC_REPRESENTATION_CONTEXT() REPRESENTATION_CONTEXT('2D SPACE',''
  ) );
#4384 = ADVANCED_FACE('',(#4385,#4388),#2156,.T.);
#4385 = FACE_BOUND('',#4386,.T.);
#4386 = EDGE_LOOP('',(#4387));
#4387 = ORIENTED_EDGE('',*,*,#2141,.T.);
#4388 = FACE_BOUND('',#4389,.T.);
#4389 = EDGE_LOOP('',(#4390));
#4390 = ORIENTED_EDGE('',*,*,#4391,.T.);
#4391 = EDGE_CURVE('',#4392,#4392,#4394,.T.);
#4392 = VERTEX_POINT('',#4393);
#4393 = CARTESIAN_POINT('',(62.798438244575,168.,17.198498925933));
#4394 = SURFACE_CURVE('',#4395,(#4400,#4411),.PCURVE_S1.);
#4395 = CIRCLE('',#4396,26.925);
#4396 = AXIS2_PLACEMENT_3D('',#4397,#4398,#4399);
#4397 = CARTESIAN_POINT('',(35.873438244575,168.,17.198498925933));
#4398 = DIRECTION('',(-0.,1.,0.));
#4399 = DIRECTION('',(1.,0.,0.));
#4400 = PCURVE('',#2156,#4401);
#4401 = DEFINITIONAL_REPRESENTATION('',(#4402),#4410);
#4402 = ( BOUNDED_CURVE() B_SPLINE_CURVE(2,(#4403,#4404,#4405,#4406,
#4407,#4408,#4409),.UNSPECIFIED.,.T.,.F.) B_SPLINE_CURVE_WITH_KNOTS((1,2
    ,2,2,2,1),(-2.094395102393,0.,2.094395102393,4.188790204786,
6.28318530718,8.377580409573),.UNSPECIFIED.) CURVE() 
GEOMETRIC_REPRESENTATION_ITEM() RATIONAL_B_SPLINE_CURVE((1.,0.5,1.,0.5,
1.,0.5,1.)) REPRESENTATION_ITEM('') );
#4403 = CARTESIAN_POINT('',(0.,26.925));
#4404 = CARTESIAN_POINT('',(46.635467993792,26.925));
#4405 = CARTESIAN_POINT('',(23.317733996896,-13.4625));
#4406 = CARTESIAN_POINT('',(6.594723013408E-15,-53.85));
#4407 = CARTESIAN_POINT('',(-23.31773399689,-13.4625));
#4408 = CARTESIAN_POINT('',(-46.63546799379,26.925));
#4409 = CARTESIAN_POINT('',(0.,26.925));
#4410 = ( GEOMETRIC_REPRESENTATION_CONTEXT(2) 
PARAMETRIC_REPRESENTATION_CONTEXT() REPRESENTATION_CONTEXT('2D SPACE',''
  ) );
#4411 = PCURVE('',#4412,#4417);
#4412 = CYLINDRICAL_SURFACE('',#4413,26.925);
#4413 = AXIS2_PLACEMENT_3D('',#4414,#4415,#4416);
#4414 = CARTESIAN_POINT('',(35.873438244575,182.,17.198498925933));
#4415 = DIRECTION('',(-0.,1.,-0.));
#4416 = DIRECTION('',(1.,0.,0.));
#4417 = DEFINITIONAL_REPRESENTATION('',(#4418),#4422);
#4418 = LINE('',#4419,#4420);
#4419 = CARTESIAN_POINT('',(-6.28318530718,-14.));
#4420 = VECTOR('',#4421,1.);
#4421 = DIRECTION('',(1.,-0.));
#4422 = ( GEOMETRIC_REPRESENTATION_CONTEXT(2) 
PARAMETRIC_REPRESENTATION_CONTEXT() REPRESENTATION_CONTEXT('2D SPACE',''
  ) );
#4423 = ADVANCED_FACE('',(#4424,#4427),#2211,.T.);
#4424 = FACE_BOUND('',#4425,.T.);
#4425 = EDGE_LOOP('',(#4426));
#4426 = ORIENTED_EDGE('',*,*,#2196,.T.);
#4427 = FACE_BOUND('',#4428,.T.);
#4428 = EDGE_LOOP('',(#4429));
#4429 = ORIENTED_EDGE('',*,*,#4430,.T.);
#4430 = EDGE_CURVE('',#4431,#4431,#4433,.T.);
#4431 = VERTEX_POINT('',#4432);
#4432 = CARTESIAN_POINT('',(150.68243824457,168.,17.198498925933));
#4433 = SURFACE_CURVE('',#4434,(#4439,#4450),.PCURVE_S1.);
#4434 = CIRCLE('',#4435,26.925);
#4435 = AXIS2_PLACEMENT_3D('',#4436,#4437,#4438);
#4436 = CARTESIAN_POINT('',(123.75743824457,168.,17.198498925933));
#4437 = DIRECTION('',(-0.,1.,0.));
#4438 = DIRECTION('',(1.,0.,0.));
#4439 = PCURVE('',#2211,#4440);
#4440 = DEFINITIONAL_REPRESENTATION('',(#4441),#4449);
#4441 = ( BOUNDED_CURVE() B_SPLINE_CURVE(2,(#4442,#4443,#4444,#4445,
#4446,#4447,#4448),.UNSPECIFIED.,.T.,.F.) B_SPLINE_CURVE_WITH_KNOTS((1,2
    ,2,2,2,1),(-2.094395102393,0.,2.094395102393,4.188790204786,
6.28318530718,8.377580409573),.UNSPECIFIED.) CURVE() 
GEOMETRIC_REPRESENTATION_ITEM() RATIONAL_B_SPLINE_CURVE((1.,0.5,1.,0.5,
1.,0.5,1.)) REPRESENTATION_ITEM('') );
#4442 = CARTESIAN_POINT('',(-3.552713678801E-15,26.925));
#4443 = CARTESIAN_POINT('',(46.635467993792,26.925));
#4444 = CARTESIAN_POINT('',(23.317733996896,-13.4625));
#4445 = CARTESIAN_POINT('',(3.042009334608E-15,-53.85));
#4446 = CARTESIAN_POINT('',(-23.31773399689,-13.4625));
#4447 = CARTESIAN_POINT('',(-46.63546799379,26.925));
#4448 = CARTESIAN_POINT('',(-3.552713678801E-15,26.925));
#4449 = ( GEOMETRIC_REPRESENTATION_CONTEXT(2) 
PARAMETRIC_REPRESENTATION_CONTEXT() REPRESENTATION_CONTEXT('2D SPACE',''
  ) );
#4450 = PCURVE('',#4451,#4456);
#4451 = CYLINDRICAL_SURFACE('',#4452,26.925);
#4452 = AXIS2_PLACEMENT_3D('',#4453,#4454,#4455);
#4453 = CARTESIAN_POINT('',(123.75743824457,182.,17.198498925933));
#4454 = DIRECTION('',(-0.,1.,-0.));
#4455 = DIRECTION('',(1.,0.,0.));
#4456 = DEFINITIONAL_REPRESENTATION('',(#4457),#4461);
#4457 = LINE('',#4458,#4459);
#4458 = CARTESIAN_POINT('',(-6.28318530718,-14.));
#4459 = VECTOR('',#4460,1.);
#4460 = DIRECTION('',(1.,-0.));
#4461 = ( GEOMETRIC_REPRESENTATION_CONTEXT(2) 
PARAMETRIC_REPRESENTATION_CONTEXT() REPRESENTATION_CONTEXT('2D SPACE',''
  ) );
#4462 = ADVANCED_FACE('',(#4463,#4466),#2266,.T.);
#4463 = FACE_BOUND('',#4464,.T.);
#4464 = EDGE_LOOP('',(#4465));
#4465 = ORIENTED_EDGE('',*,*,#2251,.T.);
#4466 = FACE_BOUND('',#4467,.T.);
#4467 = EDGE_LOOP('',(#4468));
#4468 = ORIENTED_EDGE('',*,*,#4469,.T.);
#4469 = EDGE_CURVE('',#4470,#4470,#4472,.T.);
#4470 = VERTEX_POINT('',#4471);
#4471 = CARTESIAN_POINT('',(238.56643824457,168.,17.198498925933));
#4472 = SURFACE_CURVE('',#4473,(#4478,#4489),.PCURVE_S1.);
#4473 = CIRCLE('',#4474,26.925);
#4474 = AXIS2_PLACEMENT_3D('',#4475,#4476,#4477);
#4475 = CARTESIAN_POINT('',(211.64143824457,168.,17.198498925933));
#4476 = DIRECTION('',(-0.,1.,0.));
#4477 = DIRECTION('',(1.,0.,0.));
#4478 = PCURVE('',#2266,#4479);
#4479 = DEFINITIONAL_REPRESENTATION('',(#4480),#4488);
#4480 = ( BOUNDED_CURVE() B_SPLINE_CURVE(2,(#4481,#4482,#4483,#4484,
#4485,#4486,#4487),.UNSPECIFIED.,.T.,.F.) B_SPLINE_CURVE_WITH_KNOTS((1,2
    ,2,2,2,1),(-2.094395102393,0.,2.094395102393,4.188790204786,
6.28318530718,8.377580409573),.UNSPECIFIED.) CURVE() 
GEOMETRIC_REPRESENTATION_ITEM() RATIONAL_B_SPLINE_CURVE((1.,0.5,1.,0.5,
1.,0.5,1.)) REPRESENTATION_ITEM('') );
#4481 = CARTESIAN_POINT('',(-3.552713678801E-15,26.925));
#4482 = CARTESIAN_POINT('',(46.635467993792,26.925));
#4483 = CARTESIAN_POINT('',(23.317733996896,-13.4625));
#4484 = CARTESIAN_POINT('',(3.042009334608E-15,-53.85));
#4485 = CARTESIAN_POINT('',(-23.31773399689,-13.4625));
#4486 = CARTESIAN_POINT('',(-46.63546799379,26.925));
#4487 = CARTESIAN_POINT('',(-3.552713678801E-15,26.925));
#4488 = ( GEOMETRIC_REPRESENTATION_CONTEXT(2) 
PARAMETRIC_REPRESENTATION_CONTEXT() REPRESENTATION_CONTEXT('2D SPACE',''
  ) );
#4489 = PCURVE('',#4490,#4495);
#4490 = CYLINDRICAL_SURFACE('',#4491,26.925);
#4491 = AXIS2_PLACEMENT_3D('',#4492,#4493,#4494);
#4492 = CARTESIAN_POINT('',(211.64143824457,182.,17.198498925933));
#4493 = DIRECTION('',(-0.,1.,-0.));
#4494 = DIRECTION('',(1.,0.,0.));
#4495 = DEFINITIONAL_REPRESENTATION('',(#4496),#4500);
#4496 = LINE('',#4497,#4498);
#4497 = CARTESIAN_POINT('',(-6.28318530718,-14.));
#4498 = VECTOR('',#4499,1.);
#4499 = DIRECTION('',(1.,-0.));
#4500 = ( GEOMETRIC_REPRESENTATION_CONTEXT(2) 
PARAMETRIC_REPRESENTATION_CONTEXT() REPRESENTATION_CONTEXT('2D SPACE',''
  ) );
#4501 = ADVANCED_FACE('',(#4502,#4505),#2321,.T.);
#4502 = FACE_BOUND('',#4503,.T.);
#4503 = EDGE_LOOP('',(#4504));
#4504 = ORIENTED_EDGE('',*,*,#2306,.T.);
#4505 = FACE_BOUND('',#4506,.T.);
#4506 = EDGE_LOOP('',(#4507));
#4507 = ORIENTED_EDGE('',*,*,#4508,.T.);
#4508 = EDGE_CURVE('',#4509,#4509,#4511,.T.);
#4509 = VERTEX_POINT('',#4510);
#4510 = CARTESIAN_POINT('',(326.45043824457,168.,17.198498925933));
#4511 = SURFACE_CURVE('',#4512,(#4517,#4528),.PCURVE_S1.);
#4512 = CIRCLE('',#4513,26.925);
#4513 = AXIS2_PLACEMENT_3D('',#4514,#4515,#4516);
#4514 = CARTESIAN_POINT('',(299.52543824457,168.,17.198498925933));
#4515 = DIRECTION('',(-0.,1.,0.));
#4516 = DIRECTION('',(1.,0.,0.));
#4517 = PCURVE('',#2321,#4518);
#4518 = DEFINITIONAL_REPRESENTATION('',(#4519),#4527);
#4519 = ( BOUNDED_CURVE() B_SPLINE_CURVE(2,(#4520,#4521,#4522,#4523,
#4524,#4525,#4526),.UNSPECIFIED.,.T.,.F.) B_SPLINE_CURVE_WITH_KNOTS((1,2
    ,2,2,2,1),(-2.094395102393,0.,2.094395102393,4.188790204786,
6.28318530718,8.377580409573),.UNSPECIFIED.) CURVE() 
GEOMETRIC_REPRESENTATION_ITEM() RATIONAL_B_SPLINE_CURVE((1.,0.5,1.,0.5,
1.,0.5,1.)) REPRESENTATION_ITEM('') );
#4520 = CARTESIAN_POINT('',(0.,26.925));
#4521 = CARTESIAN_POINT('',(46.635467993792,26.925));
#4522 = CARTESIAN_POINT('',(23.317733996896,-13.4625));
#4523 = CARTESIAN_POINT('',(6.594723013408E-15,-53.85));
#4524 = CARTESIAN_POINT('',(-23.31773399689,-13.4625));
#4525 = CARTESIAN_POINT('',(-46.63546799379,26.925));
#4526 = CARTESIAN_POINT('',(0.,26.925));
#4527 = ( GEOMETRIC_REPRESENTATION_CONTEXT(2) 
PARAMETRIC_REPRESENTATION_CONTEXT() REPRESENTATION_CONTEXT('2D SPACE',''
  ) );
#4528 = PCURVE('',#4529,#4534);
#4529 = CYLINDRICAL_SURFACE('',#4530,26.925);
#4530 = AXIS2_PLACEMENT_3D('',#4531,#4532,#4533);
#4531 = CARTESIAN_POINT('',(299.52543824457,182.,17.198498925933));
#4532 = DIRECTION('',(-0.,1.,-0.));
#4533 = DIRECTION('',(1.,0.,0.));
#4534 = DEFINITIONAL_REPRESENTATION('',(#4535),#4539);
#4535 = LINE('',#4536,#4537);
#4536 = CARTESIAN_POINT('',(-6.28318530718,-14.));
#4537 = VECTOR('',#4538,1.);
#4538 = DIRECTION('',(1.,-0.));
#4539 = ( GEOMETRIC_REPRESENTATION_CONTEXT(2) 
PARAMETRIC_REPRESENTATION_CONTEXT() REPRESENTATION_CONTEXT('2D SPACE',''
  ) );
#4540 = ADVANCED_FACE('',(#4541,#4544),#2376,.T.);
#4541 = FACE_BOUND('',#4542,.T.);
#4542 = EDGE_LOOP('',(#4543));
#4543 = ORIENTED_EDGE('',*,*,#2361,.T.);
#4544 = FACE_BOUND('',#4545,.T.);
#4545 = EDGE_LOOP('',(#4546));
#4546 = ORIENTED_EDGE('',*,*,#4547,.T.);
#4547 = EDGE_CURVE('',#4548,#4548,#4550,.T.);
#4548 = VERTEX_POINT('',#4549);
#4549 = CARTESIAN_POINT('',(414.33443824457,168.,17.198498925933));
#4550 = SURFACE_CURVE('',#4551,(#4556,#4567),.PCURVE_S1.);
#4551 = CIRCLE('',#4552,26.925);
#4552 = AXIS2_PLACEMENT_3D('',#4553,#4554,#4555);
#4553 = CARTESIAN_POINT('',(387.40943824457,168.,17.198498925933));
#4554 = DIRECTION('',(-0.,1.,0.));
#4555 = DIRECTION('',(1.,0.,0.));
#4556 = PCURVE('',#2376,#4557);
#4557 = DEFINITIONAL_REPRESENTATION('',(#4558),#4566);
#4558 = ( BOUNDED_CURVE() B_SPLINE_CURVE(2,(#4559,#4560,#4561,#4562,
#4563,#4564,#4565),.UNSPECIFIED.,.T.,.F.) B_SPLINE_CURVE_WITH_KNOTS((1,2
    ,2,2,2,1),(-2.094395102393,0.,2.094395102393,4.188790204786,
6.28318530718,8.377580409573),.UNSPECIFIED.) CURVE() 
GEOMETRIC_REPRESENTATION_ITEM() RATIONAL_B_SPLINE_CURVE((1.,0.5,1.,0.5,
1.,0.5,1.)) REPRESENTATION_ITEM('') );
#4559 = CARTESIAN_POINT('',(0.,26.925));
#4560 = CARTESIAN_POINT('',(46.635467993792,26.925));
#4561 = CARTESIAN_POINT('',(23.317733996896,-13.4625));
#4562 = CARTESIAN_POINT('',(6.594723013408E-15,-53.85));
#4563 = CARTESIAN_POINT('',(-23.31773399689,-13.4625));
#4564 = CARTESIAN_POINT('',(-46.63546799379,26.925));
#4565 = CARTESIAN_POINT('',(0.,26.925));
#4566 = ( GEOMETRIC_REPRESENTATION_CONTEXT(2) 
PARAMETRIC_REPRESENTATION_CONTEXT() REPRESENTATION_CONTEXT('2D SPACE',''
  ) );
#4567 = PCURVE('',#4568,#4573);
#4568 = CYLINDRICAL_SURFACE('',#4569,26.925);
#4569 = AXIS2_PLACEMENT_3D('',#4570,#4571,#4572);
#4570 = CARTESIAN_POINT('',(387.40943824457,182.,17.198498925933));
#4571 = DIRECTION('',(-0.,1.,-0.));
#4572 = DIRECTION('',(1.,0.,0.));
#4573 = DEFINITIONAL_REPRESENTATION('',(#4574),#4578);
#4574 = LINE('',#4575,#4576);
#4575 = CARTESIAN_POINT('',(-6.28318530718,-14.));
#4576 = VECTOR('',#4577,1.);
#4577 = DIRECTION('',(1.,-0.));
#4578 = ( GEOMETRIC_REPRESENTATION_CONTEXT(2) 
PARAMETRIC_REPRESENTATION_CONTEXT() REPRESENTATION_CONTEXT('2D SPACE',''
  ) );
#4579 = ADVANCED_FACE('',(#4580),#2409,.F.);
#4580 = FACE_BOUND('',#4581,.F.);
#4581 = EDGE_LOOP('',(#4582,#4583,#4605));
#4582 = ORIENTED_EDGE('',*,*,#2391,.T.);
#4583 = ORIENTED_EDGE('',*,*,#4584,.F.);
#4584 = EDGE_CURVE('',#4285,#2394,#4585,.T.);
#4585 = SURFACE_CURVE('',#4586,(#4591,#4598),.PCURVE_S1.);
#4586 = CIRCLE('',#4587,34.925);
#4587 = AXIS2_PLACEMENT_3D('',#4588,#4589,#4590);
#4588 = CARTESIAN_POINT('',(35.873438244575,182.,17.198498925933));
#4589 = DIRECTION('',(0.,-1.,-0.));
#4590 = DIRECTION('',(1.,0.,0.));
#4591 = PCURVE('',#2409,#4592);
#4592 = DEFINITIONAL_REPRESENTATION('',(#4593),#4597);
#4593 = CIRCLE('',#4594,34.925);
#4594 = AXIS2_PLACEMENT_2D('',#4595,#4596);
#4595 = CARTESIAN_POINT('',(3.552713678801E-15,-175.768));
#4596 = DIRECTION('',(0.,1.));
#4597 = ( GEOMETRIC_REPRESENTATION_CONTEXT(2) 
PARAMETRIC_REPRESENTATION_CONTEXT() REPRESENTATION_CONTEXT('2D SPACE',''
  ) );
#4598 = PCURVE('',#3222,#4599);
#4599 = DEFINITIONAL_REPRESENTATION('',(#4600),#4604);
#4600 = LINE('',#4601,#4602);
#4601 = CARTESIAN_POINT('',(-0.,1.570796326795));
#4602 = VECTOR('',#4603,1.);
#4603 = DIRECTION('',(-1.,0.));
#4604 = ( GEOMETRIC_REPRESENTATION_CONTEXT(2) 
PARAMETRIC_REPRESENTATION_CONTEXT() REPRESENTATION_CONTEXT('2D SPACE',''
  ) );
#4605 = ORIENTED_EDGE('',*,*,#4284,.T.);
#4606 = ADVANCED_FACE('',(#4607),#3222,.T.);
#4607 = FACE_BOUND('',#4608,.F.);
#4608 = EDGE_LOOP('',(#4609,#4633,#4634,#4656,#4657,#4658,#4659,#4681,
    #4703,#4725));
#4609 = ORIENTED_EDGE('',*,*,#4610,.T.);
#4610 = EDGE_CURVE('',#4611,#3526,#4613,.T.);
#4611 = VERTEX_POINT('',#4612);
#4612 = CARTESIAN_POINT('',(70.798438244575,182.,17.198498925933));
#4613 = SURFACE_CURVE('',#4614,(#4619,#4626),.PCURVE_S1.);
#4614 = CIRCLE('',#4615,34.925);
#4615 = AXIS2_PLACEMENT_3D('',#4616,#4617,#4618);
#4616 = CARTESIAN_POINT('',(35.873438244575,182.,17.198498925933));
#4617 = DIRECTION('',(0.,-1.,-0.));
#4618 = DIRECTION('',(1.,0.,0.));
#4619 = PCURVE('',#3222,#4620);
#4620 = DEFINITIONAL_REPRESENTATION('',(#4621),#4625);
#4621 = LINE('',#4622,#4623);
#4622 = CARTESIAN_POINT('',(-0.,1.570796326795));
#4623 = VECTOR('',#4624,1.);
#4624 = DIRECTION('',(-1.,0.));
#4625 = ( GEOMETRIC_REPRESENTATION_CONTEXT(2) 
PARAMETRIC_REPRESENTATION_CONTEXT() REPRESENTATION_CONTEXT('2D SPACE',''
  ) );
#4626 = PCURVE('',#3126,#4627);
#4627 = DEFINITIONAL_REPRESENTATION('',(#4628),#4632);
#4628 = CIRCLE('',#4629,34.925);
#4629 = AXIS2_PLACEMENT_2D('',#4630,#4631);
#4630 = CARTESIAN_POINT('',(3.552713678801E-15,-175.768));
#4631 = DIRECTION('',(0.,1.));
#4632 = ( GEOMETRIC_REPRESENTATION_CONTEXT(2) 
PARAMETRIC_REPRESENTATION_CONTEXT() REPRESENTATION_CONTEXT('2D SPACE',''
  ) );
#4633 = ORIENTED_EDGE('',*,*,#3525,.T.);
#4634 = ORIENTED_EDGE('',*,*,#4635,.T.);
#4635 = EDGE_CURVE('',#3498,#4259,#4636,.T.);
#4636 = SURFACE_CURVE('',#4637,(#4642,#4649),.PCURVE_S1.);
#4637 = CIRCLE('',#4638,34.925);
#4638 = AXIS2_PLACEMENT_3D('',#4639,#4640,#4641);
#4639 = CARTESIAN_POINT('',(35.873438244575,182.,17.198498925933));
#4640 = DIRECTION('',(0.,-1.,-0.));
#4641 = DIRECTION('',(1.,0.,0.));
#4642 = PCURVE('',#3222,#4643);
#4643 = DEFINITIONAL_REPRESENTATION('',(#4644),#4648);
#4644 = LINE('',#4645,#4646);
#4645 = CARTESIAN_POINT('',(-0.,1.570796326795));
#4646 = VECTOR('',#4647,1.);
#4647 = DIRECTION('',(-1.,0.));
#4648 = ( GEOMETRIC_REPRESENTATION_CONTEXT(2) 
PARAMETRIC_REPRESENTATION_CONTEXT() REPRESENTATION_CONTEXT('2D SPACE',''
  ) );
#4649 = PCURVE('',#3513,#4650);
#4650 = DEFINITIONAL_REPRESENTATION('',(#4651),#4655);
#4651 = CIRCLE('',#4652,34.925);
#4652 = AXIS2_PLACEMENT_2D('',#4653,#4654);
#4653 = CARTESIAN_POINT('',(3.552713678801E-15,-175.768));
#4654 = DIRECTION('',(0.,1.));
#4655 = ( GEOMETRIC_REPRESENTATION_CONTEXT(2) 
PARAMETRIC_REPRESENTATION_CONTEXT() REPRESENTATION_CONTEXT('2D SPACE',''
  ) );
#4656 = ORIENTED_EDGE('',*,*,#4307,.T.);
#4657 = ORIENTED_EDGE('',*,*,#4584,.T.);
#4658 = ORIENTED_EDGE('',*,*,#3138,.T.);
#4659 = ORIENTED_EDGE('',*,*,#4660,.T.);
#4660 = EDGE_CURVE('',#3111,#4611,#4661,.T.);
#4661 = SURFACE_CURVE('',#4662,(#4667,#4674),.PCURVE_S1.);
#4662 = CIRCLE('',#4663,34.925);
#4663 = AXIS2_PLACEMENT_3D('',#4664,#4665,#4666);
#4664 = CARTESIAN_POINT('',(35.873438244575,182.,17.198498925933));
#4665 = DIRECTION('',(0.,-1.,-0.));
#4666 = DIRECTION('',(1.,0.,0.));
#4667 = PCURVE('',#3222,#4668);
#4668 = DEFINITIONAL_REPRESENTATION('',(#4669),#4673);
#4669 = LINE('',#4670,#4671);
#4670 = CARTESIAN_POINT('',(-0.,1.570796326795));
#4671 = VECTOR('',#4672,1.);
#4672 = DIRECTION('',(-1.,0.));
#4673 = ( GEOMETRIC_REPRESENTATION_CONTEXT(2) 
PARAMETRIC_REPRESENTATION_CONTEXT() REPRESENTATION_CONTEXT('2D SPACE',''
  ) );
#4674 = PCURVE('',#3126,#4675);
#4675 = DEFINITIONAL_REPRESENTATION('',(#4676),#4680);
#4676 = CIRCLE('',#4677,34.925);
#4677 = AXIS2_PLACEMENT_2D('',#4678,#4679);
#4678 = CARTESIAN_POINT('',(3.552713678801E-15,-175.768));
#4679 = DIRECTION('',(0.,1.));
#4680 = ( GEOMETRIC_REPRESENTATION_CONTEXT(2) 
PARAMETRIC_REPRESENTATION_CONTEXT() REPRESENTATION_CONTEXT('2D SPACE',''
  ) );
#4681 = ORIENTED_EDGE('',*,*,#4682,.T.);
#4682 = EDGE_CURVE('',#4611,#4683,#4685,.T.);
#4683 = VERTEX_POINT('',#4684);
#4684 = CARTESIAN_POINT('',(62.798438244575,174.,17.198498925933));
#4685 = SEAM_CURVE('',#4686,(#4691,#4697),.PCURVE_S1.);
#4686 = CIRCLE('',#4687,8.);
#4687 = AXIS2_PLACEMENT_3D('',#4688,#4689,#4690);
#4688 = CARTESIAN_POINT('',(70.798438244575,174.,17.198498925933));
#4689 = DIRECTION('',(0.,-0.,1.));
#4690 = DIRECTION('',(1.,0.,0.));
#4691 = PCURVE('',#3222,#4692);
#4692 = DEFINITIONAL_REPRESENTATION('',(#4693),#4696);
#4693 = B_SPLINE_CURVE_WITH_KNOTS('',1,(#4694,#4695),.UNSPECIFIED.,.F.,
  .F.,(2,2),(1.570796326795,3.14159265359),.PIECEWISE_BEZIER_KNOTS.);
#4694 = CARTESIAN_POINT('',(0.,1.570796326795));
#4695 = CARTESIAN_POINT('',(0.,3.14159265359));
#4696 = ( GEOMETRIC_REPRESENTATION_CONTEXT(2) 
PARAMETRIC_REPRESENTATION_CONTEXT() REPRESENTATION_CONTEXT('2D SPACE',''
  ) );
#4697 = PCURVE('',#3222,#4698);
#4698 = DEFINITIONAL_REPRESENTATION('',(#4699),#4702);
#4699 = B_SPLINE_CURVE_WITH_KNOTS('',1,(#4700,#4701),.UNSPECIFIED.,.F.,
  .F.,(2,2),(1.570796326795,3.14159265359),.PIECEWISE_BEZIER_KNOTS.);
#4700 = CARTESIAN_POINT('',(-6.28318530718,1.570796326795));
#4701 = CARTESIAN_POINT('',(-6.28318530718,3.14159265359));
#4702 = ( GEOMETRIC_REPRESENTATION_CONTEXT(2) 
PARAMETRIC_REPRESENTATION_CONTEXT() REPRESENTATION_CONTEXT('2D SPACE',''
  ) );
#4703 = ORIENTED_EDGE('',*,*,#4704,.F.);
#4704 = EDGE_CURVE('',#4683,#4683,#4705,.T.);
#4705 = SURFACE_CURVE('',#4706,(#4711,#4718),.PCURVE_S1.);
#4706 = CIRCLE('',#4707,26.925);
#4707 = AXIS2_PLACEMENT_3D('',#4708,#4709,#4710);
#4708 = CARTESIAN_POINT('',(35.873438244575,174.,17.198498925933));
#4709 = DIRECTION('',(0.,-1.,-0.));
#4710 = DIRECTION('',(1.,0.,0.));
#4711 = PCURVE('',#3222,#4712);
#4712 = DEFINITIONAL_REPRESENTATION('',(#4713),#4717);
#4713 = LINE('',#4714,#4715);
#4714 = CARTESIAN_POINT('',(-0.,3.14159265359));
#4715 = VECTOR('',#4716,1.);
#4716 = DIRECTION('',(-1.,0.));
#4717 = ( GEOMETRIC_REPRESENTATION_CONTEXT(2) 
PARAMETRIC_REPRESENTATION_CONTEXT() REPRESENTATION_CONTEXT('2D SPACE',''
  ) );
#4718 = PCURVE('',#4412,#4719);
#4719 = DEFINITIONAL_REPRESENTATION('',(#4720),#4724);
#4720 = LINE('',#4721,#4722);
#4721 = CARTESIAN_POINT('',(-0.,-8.));
#4722 = VECTOR('',#4723,1.);
#4723 = DIRECTION('',(-1.,0.));
#4724 = ( GEOMETRIC_REPRESENTATION_CONTEXT(2) 
PARAMETRIC_REPRESENTATION_CONTEXT() REPRESENTATION_CONTEXT('2D SPACE',''
  ) );
#4725 = ORIENTED_EDGE('',*,*,#4682,.F.);
#4726 = ADVANCED_FACE('',(#4727),#3126,.F.);
#4727 = FACE_BOUND('',#4728,.F.);
#4728 = EDGE_LOOP('',(#4729,#4730,#4731,#4732,#4754));
#4729 = ORIENTED_EDGE('',*,*,#4610,.F.);
#4730 = ORIENTED_EDGE('',*,*,#4660,.F.);
#4731 = ORIENTED_EDGE('',*,*,#3110,.T.);
#4732 = ORIENTED_EDGE('',*,*,#4733,.F.);
#4733 = EDGE_CURVE('',#3654,#2978,#4734,.T.);
#4734 = SURFACE_CURVE('',#4735,(#4740,#4747),.PCURVE_S1.);
#4735 = CIRCLE('',#4736,34.925);
#4736 = AXIS2_PLACEMENT_3D('',#4737,#4738,#4739);
#4737 = CARTESIAN_POINT('',(123.75743824457,182.,17.198498925933));
#4738 = DIRECTION('',(0.,-1.,-0.));
#4739 = DIRECTION('',(1.,0.,0.));
#4740 = PCURVE('',#3126,#4741);
#4741 = DEFINITIONAL_REPRESENTATION('',(#4742),#4746);
#4742 = CIRCLE('',#4743,34.925);
#4743 = AXIS2_PLACEMENT_2D('',#4744,#4745);
#4744 = CARTESIAN_POINT('',(3.552713678801E-15,-87.884));
#4745 = DIRECTION('',(0.,1.));
#4746 = ( GEOMETRIC_REPRESENTATION_CONTEXT(2) 
PARAMETRIC_REPRESENTATION_CONTEXT() REPRESENTATION_CONTEXT('2D SPACE',''
  ) );
#4747 = PCURVE('',#3063,#4748);
#4748 = DEFINITIONAL_REPRESENTATION('',(#4749),#4753);
#4749 = LINE('',#4750,#4751);
#4750 = CARTESIAN_POINT('',(-0.,1.570796326795));
#4751 = VECTOR('',#4752,1.);
#4752 = DIRECTION('',(-1.,0.));
#4753 = ( GEOMETRIC_REPRESENTATION_CONTEXT(2) 
PARAMETRIC_REPRESENTATION_CONTEXT() REPRESENTATION_CONTEXT('2D SPACE',''
  ) );
#4754 = ORIENTED_EDGE('',*,*,#3653,.T.);
#4755 = ADVANCED_FACE('',(#4756),#3063,.T.);
#4756 = FACE_BOUND('',#4757,.F.);
#4757 = EDGE_LOOP('',(#4758,#4782,#4783,#4784,#4785,#4807,#4829,#4851));
#4758 = ORIENTED_EDGE('',*,*,#4759,.T.);
#4759 = EDGE_CURVE('',#4760,#3677,#4762,.T.);
#4760 = VERTEX_POINT('',#4761);
#4761 = CARTESIAN_POINT('',(158.68243824457,182.,17.198498925933));
#4762 = SURFACE_CURVE('',#4763,(#4768,#4775),.PCURVE_S1.);
#4763 = CIRCLE('',#4764,34.925);
#4764 = AXIS2_PLACEMENT_3D('',#4765,#4766,#4767);
#4765 = CARTESIAN_POINT('',(123.75743824457,182.,17.198498925933));
#4766 = DIRECTION('',(0.,-1.,-0.));
#4767 = DIRECTION('',(1.,0.,0.));
#4768 = PCURVE('',#3063,#4769);
#4769 = DEFINITIONAL_REPRESENTATION('',(#4770),#4774);
#4770 = LINE('',#4771,#4772);
#4771 = CARTESIAN_POINT('',(-0.,1.570796326795));
#4772 = VECTOR('',#4773,1.);
#4773 = DIRECTION('',(-1.,0.));
#4774 = ( GEOMETRIC_REPRESENTATION_CONTEXT(2) 
PARAMETRIC_REPRESENTATION_CONTEXT() REPRESENTATION_CONTEXT('2D SPACE',''
  ) );
#4775 = PCURVE('',#2965,#4776);
#4776 = DEFINITIONAL_REPRESENTATION('',(#4777),#4781);
#4777 = CIRCLE('',#4778,34.925);
#4778 = AXIS2_PLACEMENT_2D('',#4779,#4780);
#4779 = CARTESIAN_POINT('',(3.552713678801E-15,-87.884));
#4780 = DIRECTION('',(0.,1.));
#4781 = ( GEOMETRIC_REPRESENTATION_CONTEXT(2) 
PARAMETRIC_REPRESENTATION_CONTEXT() REPRESENTATION_CONTEXT('2D SPACE',''
  ) );
#4782 = ORIENTED_EDGE('',*,*,#3676,.T.);
#4783 = ORIENTED_EDGE('',*,*,#4733,.T.);
#4784 = ORIENTED_EDGE('',*,*,#2977,.T.);
#4785 = ORIENTED_EDGE('',*,*,#4786,.T.);
#4786 = EDGE_CURVE('',#2950,#4760,#4787,.T.);
#4787 = SURFACE_CURVE('',#4788,(#4793,#4800),.PCURVE_S1.);
#4788 = CIRCLE('',#4789,34.925);
#4789 = AXIS2_PLACEMENT_3D('',#4790,#4791,#4792);
#4790 = CARTESIAN_POINT('',(123.75743824457,182.,17.198498925933));
#4791 = DIRECTION('',(0.,-1.,-0.));
#4792 = DIRECTION('',(1.,0.,0.));
#4793 = PCURVE('',#3063,#4794);
#4794 = DEFINITIONAL_REPRESENTATION('',(#4795),#4799);
#4795 = LINE('',#4796,#4797);
#4796 = CARTESIAN_POINT('',(-0.,1.570796326795));
#4797 = VECTOR('',#4798,1.);
#4798 = DIRECTION('',(-1.,0.));
#4799 = ( GEOMETRIC_REPRESENTATION_CONTEXT(2) 
PARAMETRIC_REPRESENTATION_CONTEXT() REPRESENTATION_CONTEXT('2D SPACE',''
  ) );
#4800 = PCURVE('',#2965,#4801);
#4801 = DEFINITIONAL_REPRESENTATION('',(#4802),#4806);
#4802 = CIRCLE('',#4803,34.925);
#4803 = AXIS2_PLACEMENT_2D('',#4804,#4805);
#4804 = CARTESIAN_POINT('',(3.552713678801E-15,-87.884));
#4805 = DIRECTION('',(0.,1.));
#4806 = ( GEOMETRIC_REPRESENTATION_CONTEXT(2) 
PARAMETRIC_REPRESENTATION_CONTEXT() REPRESENTATION_CONTEXT('2D SPACE',''
  ) );
#4807 = ORIENTED_EDGE('',*,*,#4808,.T.);
#4808 = EDGE_CURVE('',#4760,#4809,#4811,.T.);
#4809 = VERTEX_POINT('',#4810);
#4810 = CARTESIAN_POINT('',(150.68243824457,174.,17.198498925933));
#4811 = SEAM_CURVE('',#4812,(#4817,#4823),.PCURVE_S1.);
#4812 = CIRCLE('',#4813,8.);
#4813 = AXIS2_PLACEMENT_3D('',#4814,#4815,#4816);
#4814 = CARTESIAN_POINT('',(158.68243824457,174.,17.198498925933));
#4815 = DIRECTION('',(0.,-0.,1.));
#4816 = DIRECTION('',(1.,0.,0.));
#4817 = PCURVE('',#3063,#4818);
#4818 = DEFINITIONAL_REPRESENTATION('',(#4819),#4822);
#4819 = B_SPLINE_CURVE_WITH_KNOTS('',1,(#4820,#4821),.UNSPECIFIED.,.F.,
  .F.,(2,2),(1.570796326795,3.14159265359),.PIECEWISE_BEZIER_KNOTS.);
#4820 = CARTESIAN_POINT('',(0.,1.570796326795));
#4821 = CARTESIAN_POINT('',(0.,3.14159265359));
#4822 = ( GEOMETRIC_REPRESENTATION_CONTEXT(2) 
PARAMETRIC_REPRESENTATION_CONTEXT() REPRESENTATION_CONTEXT('2D SPACE',''
  ) );
#4823 = PCURVE('',#3063,#4824);
#4824 = DEFINITIONAL_REPRESENTATION('',(#4825),#4828);
#4825 = B_SPLINE_CURVE_WITH_KNOTS('',1,(#4826,#4827),.UNSPECIFIED.,.F.,
  .F.,(2,2),(1.570796326795,3.14159265359),.PIECEWISE_BEZIER_KNOTS.);
#4826 = CARTESIAN_POINT('',(-6.28318530718,1.570796326795));
#4827 = CARTESIAN_POINT('',(-6.28318530718,3.14159265359));
#4828 = ( GEOMETRIC_REPRESENTATION_CONTEXT(2) 
PARAMETRIC_REPRESENTATION_CONTEXT() REPRESENTATION_CONTEXT('2D SPACE',''
  ) );
#4829 = ORIENTED_EDGE('',*,*,#4830,.F.);
#4830 = EDGE_CURVE('',#4809,#4809,#4831,.T.);
#4831 = SURFACE_CURVE('',#4832,(#4837,#4844),.PCURVE_S1.);
#4832 = CIRCLE('',#4833,26.925);
#4833 = AXIS2_PLACEMENT_3D('',#4834,#4835,#4836);
#4834 = CARTESIAN_POINT('',(123.75743824457,174.,17.198498925933));
#4835 = DIRECTION('',(0.,-1.,-0.));
#4836 = DIRECTION('',(1.,0.,0.));
#4837 = PCURVE('',#3063,#4838);
#4838 = DEFINITIONAL_REPRESENTATION('',(#4839),#4843);
#4839 = LINE('',#4840,#4841);
#4840 = CARTESIAN_POINT('',(-0.,3.14159265359));
#4841 = VECTOR('',#4842,1.);
#4842 = DIRECTION('',(-1.,0.));
#4843 = ( GEOMETRIC_REPRESENTATION_CONTEXT(2) 
PARAMETRIC_REPRESENTATION_CONTEXT() REPRESENTATION_CONTEXT('2D SPACE',''
  ) );
#4844 = PCURVE('',#4451,#4845);
#4845 = DEFINITIONAL_REPRESENTATION('',(#4846),#4850);
#4846 = LINE('',#4847,#4848);
#4847 = CARTESIAN_POINT('',(-0.,-8.));
#4848 = VECTOR('',#4849,1.);
#4849 = DIRECTION('',(-1.,0.));
#4850 = ( GEOMETRIC_REPRESENTATION_CONTEXT(2) 
PARAMETRIC_REPRESENTATION_CONTEXT() REPRESENTATION_CONTEXT('2D SPACE',''
  ) );
#4851 = ORIENTED_EDGE('',*,*,#4808,.F.);
#4852 = ADVANCED_FACE('',(#4853),#2965,.F.);
#4853 = FACE_BOUND('',#4854,.F.);
#4854 = EDGE_LOOP('',(#4855,#4856,#4857,#4858,#4859));
#4855 = ORIENTED_EDGE('',*,*,#3804,.T.);
#4856 = ORIENTED_EDGE('',*,*,#4759,.F.);
#4857 = ORIENTED_EDGE('',*,*,#4786,.F.);
#4858 = ORIENTED_EDGE('',*,*,#2949,.T.);
#4859 = ORIENTED_EDGE('',*,*,#4860,.F.);
#4860 = EDGE_CURVE('',#3805,#2817,#4861,.T.);
#4861 = SURFACE_CURVE('',#4862,(#4867,#4874),.PCURVE_S1.);
#4862 = CIRCLE('',#4863,34.925);
#4863 = AXIS2_PLACEMENT_3D('',#4864,#4865,#4866);
#4864 = CARTESIAN_POINT('',(211.64143824457,182.,17.198498925933));
#4865 = DIRECTION('',(0.,-1.,-0.));
#4866 = DIRECTION('',(1.,0.,0.));
#4867 = PCURVE('',#2965,#4868);
#4868 = DEFINITIONAL_REPRESENTATION('',(#4869),#4873);
#4869 = CIRCLE('',#4870,34.925);
#4870 = AXIS2_PLACEMENT_2D('',#4871,#4872);
#4871 = CARTESIAN_POINT('',(3.552713678801E-15,-5.684341886081E-14));
#4872 = DIRECTION('',(0.,1.));
#4873 = ( GEOMETRIC_REPRESENTATION_CONTEXT(2) 
PARAMETRIC_REPRESENTATION_CONTEXT() REPRESENTATION_CONTEXT('2D SPACE',''
  ) );
#4874 = PCURVE('',#2902,#4875);
#4875 = DEFINITIONAL_REPRESENTATION('',(#4876),#4880);
#4876 = LINE('',#4877,#4878);
#4877 = CARTESIAN_POINT('',(-0.,1.570796326795));
#4878 = VECTOR('',#4879,1.);
#4879 = DIRECTION('',(-1.,0.));
#4880 = ( GEOMETRIC_REPRESENTATION_CONTEXT(2) 
PARAMETRIC_REPRESENTATION_CONTEXT() REPRESENTATION_CONTEXT('2D SPACE',''
  ) );
#4881 = ADVANCED_FACE('',(#4882),#2902,.T.);
#4882 = FACE_BOUND('',#4883,.F.);
#4883 = EDGE_LOOP('',(#4884,#4908,#4909,#4910,#4911,#4933,#4955,#4977));
#4884 = ORIENTED_EDGE('',*,*,#4885,.T.);
#4885 = EDGE_CURVE('',#4886,#3828,#4888,.T.);
#4886 = VERTEX_POINT('',#4887);
#4887 = CARTESIAN_POINT('',(246.56643824457,182.,17.198498925933));
#4888 = SURFACE_CURVE('',#4889,(#4894,#4901),.PCURVE_S1.);
#4889 = CIRCLE('',#4890,34.925);
#4890 = AXIS2_PLACEMENT_3D('',#4891,#4892,#4893);
#4891 = CARTESIAN_POINT('',(211.64143824457,182.,17.198498925933));
#4892 = DIRECTION('',(0.,-1.,-0.));
#4893 = DIRECTION('',(1.,0.,0.));
#4894 = PCURVE('',#2902,#4895);
#4895 = DEFINITIONAL_REPRESENTATION('',(#4896),#4900);
#4896 = LINE('',#4897,#4898);
#4897 = CARTESIAN_POINT('',(-0.,1.570796326795));
#4898 = VECTOR('',#4899,1.);
#4899 = DIRECTION('',(-1.,0.));
#4900 = ( GEOMETRIC_REPRESENTATION_CONTEXT(2) 
PARAMETRIC_REPRESENTATION_CONTEXT() REPRESENTATION_CONTEXT('2D SPACE',''
  ) );
#4901 = PCURVE('',#2804,#4902);
#4902 = DEFINITIONAL_REPRESENTATION('',(#4903),#4907);
#4903 = CIRCLE('',#4904,34.925);
#4904 = AXIS2_PLACEMENT_2D('',#4905,#4906);
#4905 = CARTESIAN_POINT('',(3.552713678801E-15,-5.684341886081E-14));
#4906 = DIRECTION('',(0.,1.));
#4907 = ( GEOMETRIC_REPRESENTATION_CONTEXT(2) 
PARAMETRIC_REPRESENTATION_CONTEXT() REPRESENTATION_CONTEXT('2D SPACE',''
  ) );
#4908 = ORIENTED_EDGE('',*,*,#3827,.T.);
#4909 = ORIENTED_EDGE('',*,*,#4860,.T.);
#4910 = ORIENTED_EDGE('',*,*,#2816,.T.);
#4911 = ORIENTED_EDGE('',*,*,#4912,.T.);
#4912 = EDGE_CURVE('',#2789,#4886,#4913,.T.);
#4913 = SURFACE_CURVE('',#4914,(#4919,#4926),.PCURVE_S1.);
#4914 = CIRCLE('',#4915,34.925);
#4915 = AXIS2_PLACEMENT_3D('',#4916,#4917,#4918);
#4916 = CARTESIAN_POINT('',(211.64143824457,182.,17.198498925933));
#4917 = DIRECTION('',(0.,-1.,-0.));
#4918 = DIRECTION('',(1.,0.,0.));
#4919 = PCURVE('',#2902,#4920);
#4920 = DEFINITIONAL_REPRESENTATION('',(#4921),#4925);
#4921 = LINE('',#4922,#4923);
#4922 = CARTESIAN_POINT('',(-0.,1.570796326795));
#4923 = VECTOR('',#4924,1.);
#4924 = DIRECTION('',(-1.,0.));
#4925 = ( GEOMETRIC_REPRESENTATION_CONTEXT(2) 
PARAMETRIC_REPRESENTATION_CONTEXT() REPRESENTATION_CONTEXT('2D SPACE',''
  ) );
#4926 = PCURVE('',#2804,#4927);
#4927 = DEFINITIONAL_REPRESENTATION('',(#4928),#4932);
#4928 = CIRCLE('',#4929,34.925);
#4929 = AXIS2_PLACEMENT_2D('',#4930,#4931);
#4930 = CARTESIAN_POINT('',(3.552713678801E-15,-5.684341886081E-14));
#4931 = DIRECTION('',(0.,1.));
#4932 = ( GEOMETRIC_REPRESENTATION_CONTEXT(2) 
PARAMETRIC_REPRESENTATION_CONTEXT() REPRESENTATION_CONTEXT('2D SPACE',''
  ) );
#4933 = ORIENTED_EDGE('',*,*,#4934,.T.);
#4934 = EDGE_CURVE('',#4886,#4935,#4937,.T.);
#4935 = VERTEX_POINT('',#4936);
#4936 = CARTESIAN_POINT('',(238.56643824457,174.,17.198498925933));
#4937 = SEAM_CURVE('',#4938,(#4943,#4949),.PCURVE_S1.);
#4938 = CIRCLE('',#4939,8.);
#4939 = AXIS2_PLACEMENT_3D('',#4940,#4941,#4942);
#4940 = CARTESIAN_POINT('',(246.56643824457,174.,17.198498925933));
#4941 = DIRECTION('',(0.,-0.,1.));
#4942 = DIRECTION('',(1.,0.,0.));
#4943 = PCURVE('',#2902,#4944);
#4944 = DEFINITIONAL_REPRESENTATION('',(#4945),#4948);
#4945 = B_SPLINE_CURVE_WITH_KNOTS('',1,(#4946,#4947),.UNSPECIFIED.,.F.,
  .F.,(2,2),(1.570796326795,3.14159265359),.PIECEWISE_BEZIER_KNOTS.);
#4946 = CARTESIAN_POINT('',(0.,1.570796326795));
#4947 = CARTESIAN_POINT('',(0.,3.14159265359));
#4948 = ( GEOMETRIC_REPRESENTATION_CONTEXT(2) 
PARAMETRIC_REPRESENTATION_CONTEXT() REPRESENTATION_CONTEXT('2D SPACE',''
  ) );
#4949 = PCURVE('',#2902,#4950);
#4950 = DEFINITIONAL_REPRESENTATION('',(#4951),#4954);
#4951 = B_SPLINE_CURVE_WITH_KNOTS('',1,(#4952,#4953),.UNSPECIFIED.,.F.,
  .F.,(2,2),(1.570796326795,3.14159265359),.PIECEWISE_BEZIER_KNOTS.);
#4952 = CARTESIAN_POINT('',(-6.28318530718,1.570796326795));
#4953 = CARTESIAN_POINT('',(-6.28318530718,3.14159265359));
#4954 = ( GEOMETRIC_REPRESENTATION_CONTEXT(2) 
PARAMETRIC_REPRESENTATION_CONTEXT() REPRESENTATION_CONTEXT('2D SPACE',''
  ) );
#4955 = ORIENTED_EDGE('',*,*,#4956,.F.);
#4956 = EDGE_CURVE('',#4935,#4935,#4957,.T.);
#4957 = SURFACE_CURVE('',#4958,(#4963,#4970),.PCURVE_S1.);
#4958 = CIRCLE('',#4959,26.925);
#4959 = AXIS2_PLACEMENT_3D('',#4960,#4961,#4962);
#4960 = CARTESIAN_POINT('',(211.64143824457,174.,17.198498925933));
#4961 = DIRECTION('',(0.,-1.,-0.));
#4962 = DIRECTION('',(1.,0.,0.));
#4963 = PCURVE('',#2902,#4964);
#4964 = DEFINITIONAL_REPRESENTATION('',(#4965),#4969);
#4965 = LINE('',#4966,#4967);
#4966 = CARTESIAN_POINT('',(-0.,3.14159265359));
#4967 = VECTOR('',#4968,1.);
#4968 = DIRECTION('',(-1.,0.));
#4969 = ( GEOMETRIC_REPRESENTATION_CONTEXT(2) 
PARAMETRIC_REPRESENTATION_CONTEXT() REPRESENTATION_CONTEXT('2D SPACE',''
  ) );
#4970 = PCURVE('',#4490,#4971);
#4971 = DEFINITIONAL_REPRESENTATION('',(#4972),#4976);
#4972 = LINE('',#4973,#4974);
#4973 = CARTESIAN_POINT('',(-0.,-8.));
#4974 = VECTOR('',#4975,1.);
#4975 = DIRECTION('',(-1.,0.));
#4976 = ( GEOMETRIC_REPRESENTATION_CONTEXT(2) 
PARAMETRIC_REPRESENTATION_CONTEXT() REPRESENTATION_CONTEXT('2D SPACE',''
  ) );
#4977 = ORIENTED_EDGE('',*,*,#4934,.F.);
#4978 = ADVANCED_FACE('',(#4979),#2804,.F.);
#4979 = FACE_BOUND('',#4980,.F.);
#4980 = EDGE_LOOP('',(#4981,#4982,#4983,#4984,#4985));
#4981 = ORIENTED_EDGE('',*,*,#3955,.T.);
#4982 = ORIENTED_EDGE('',*,*,#4885,.F.);
#4983 = ORIENTED_EDGE('',*,*,#4912,.F.);
#4984 = ORIENTED_EDGE('',*,*,#2788,.T.);
#4985 = ORIENTED_EDGE('',*,*,#4986,.F.);
#4986 = EDGE_CURVE('',#3956,#2656,#4987,.T.);
#4987 = SURFACE_CURVE('',#4988,(#4993,#5000),.PCURVE_S1.);
#4988 = CIRCLE('',#4989,34.925);
#4989 = AXIS2_PLACEMENT_3D('',#4990,#4991,#4992);
#4990 = CARTESIAN_POINT('',(299.52543824457,182.,17.198498925933));
#4991 = DIRECTION('',(0.,-1.,-0.));
#4992 = DIRECTION('',(1.,0.,0.));
#4993 = PCURVE('',#2804,#4994);
#4994 = DEFINITIONAL_REPRESENTATION('',(#4995),#4999);
#4995 = CIRCLE('',#4996,34.925);
#4996 = AXIS2_PLACEMENT_2D('',#4997,#4998);
#4997 = CARTESIAN_POINT('',(3.552713678801E-15,87.884));
#4998 = DIRECTION('',(0.,1.));
#4999 = ( GEOMETRIC_REPRESENTATION_CONTEXT(2) 
PARAMETRIC_REPRESENTATION_CONTEXT() REPRESENTATION_CONTEXT('2D SPACE',''
  ) );
#5000 = PCURVE('',#2741,#5001);
#5001 = DEFINITIONAL_REPRESENTATION('',(#5002),#5006);
#5002 = LINE('',#5003,#5004);
#5003 = CARTESIAN_POINT('',(-0.,1.570796326795));
#5004 = VECTOR('',#5005,1.);
#5005 = DIRECTION('',(-1.,0.));
#5006 = ( GEOMETRIC_REPRESENTATION_CONTEXT(2) 
PARAMETRIC_REPRESENTATION_CONTEXT() REPRESENTATION_CONTEXT('2D SPACE',''
  ) );
#5007 = ADVANCED_FACE('',(#5008),#2741,.T.);
#5008 = FACE_BOUND('',#5009,.F.);
#5009 = EDGE_LOOP('',(#5010,#5034,#5035,#5036,#5037,#5059,#5081,#5103));
#5010 = ORIENTED_EDGE('',*,*,#5011,.T.);
#5011 = EDGE_CURVE('',#5012,#3979,#5014,.T.);
#5012 = VERTEX_POINT('',#5013);
#5013 = CARTESIAN_POINT('',(334.45043824457,182.,17.198498925933));
#5014 = SURFACE_CURVE('',#5015,(#5020,#5027),.PCURVE_S1.);
#5015 = CIRCLE('',#5016,34.925);
#5016 = AXIS2_PLACEMENT_3D('',#5017,#5018,#5019);
#5017 = CARTESIAN_POINT('',(299.52543824457,182.,17.198498925933));
#5018 = DIRECTION('',(0.,-1.,-0.));
#5019 = DIRECTION('',(1.,0.,0.));
#5020 = PCURVE('',#2741,#5021);
#5021 = DEFINITIONAL_REPRESENTATION('',(#5022),#5026);
#5022 = LINE('',#5023,#5024);
#5023 = CARTESIAN_POINT('',(-0.,1.570796326795));
#5024 = VECTOR('',#5025,1.);
#5025 = DIRECTION('',(-1.,0.));
#5026 = ( GEOMETRIC_REPRESENTATION_CONTEXT(2) 
PARAMETRIC_REPRESENTATION_CONTEXT() REPRESENTATION_CONTEXT('2D SPACE',''
  ) );
#5027 = PCURVE('',#2643,#5028);
#5028 = DEFINITIONAL_REPRESENTATION('',(#5029),#5033);
#5029 = CIRCLE('',#5030,34.925);
#5030 = AXIS2_PLACEMENT_2D('',#5031,#5032);
#5031 = CARTESIAN_POINT('',(3.552713678801E-15,87.884));
#5032 = DIRECTION('',(0.,1.));
#5033 = ( GEOMETRIC_REPRESENTATION_CONTEXT(2) 
PARAMETRIC_REPRESENTATION_CONTEXT() REPRESENTATION_CONTEXT('2D SPACE',''
  ) );
#5034 = ORIENTED_EDGE('',*,*,#3978,.T.);
#5035 = ORIENTED_EDGE('',*,*,#4986,.T.);
#5036 = ORIENTED_EDGE('',*,*,#2655,.T.);
#5037 = ORIENTED_EDGE('',*,*,#5038,.T.);
#5038 = EDGE_CURVE('',#2628,#5012,#5039,.T.);
#5039 = SURFACE_CURVE('',#5040,(#5045,#5052),.PCURVE_S1.);
#5040 = CIRCLE('',#5041,34.925);
#5041 = AXIS2_PLACEMENT_3D('',#5042,#5043,#5044);
#5042 = CARTESIAN_POINT('',(299.52543824457,182.,17.198498925933));
#5043 = DIRECTION('',(0.,-1.,-0.));
#5044 = DIRECTION('',(1.,0.,0.));
#5045 = PCURVE('',#2741,#5046);
#5046 = DEFINITIONAL_REPRESENTATION('',(#5047),#5051);
#5047 = LINE('',#5048,#5049);
#5048 = CARTESIAN_POINT('',(-0.,1.570796326795));
#5049 = VECTOR('',#5050,1.);
#5050 = DIRECTION('',(-1.,0.));
#5051 = ( GEOMETRIC_REPRESENTATION_CONTEXT(2) 
PARAMETRIC_REPRESENTATION_CONTEXT() REPRESENTATION_CONTEXT('2D SPACE',''
  ) );
#5052 = PCURVE('',#2643,#5053);
#5053 = DEFINITIONAL_REPRESENTATION('',(#5054),#5058);
#5054 = CIRCLE('',#5055,34.925);
#5055 = AXIS2_PLACEMENT_2D('',#5056,#5057);
#5056 = CARTESIAN_POINT('',(3.552713678801E-15,87.884));
#5057 = DIRECTION('',(0.,1.));
#5058 = ( GEOMETRIC_REPRESENTATION_CONTEXT(2) 
PARAMETRIC_REPRESENTATION_CONTEXT() REPRESENTATION_CONTEXT('2D SPACE',''
  ) );
#5059 = ORIENTED_EDGE('',*,*,#5060,.T.);
#5060 = EDGE_CURVE('',#5012,#5061,#5063,.T.);
#5061 = VERTEX_POINT('',#5062);
#5062 = CARTESIAN_POINT('',(326.45043824457,174.,17.198498925933));
#5063 = SEAM_CURVE('',#5064,(#5069,#5075),.PCURVE_S1.);
#5064 = CIRCLE('',#5065,8.);
#5065 = AXIS2_PLACEMENT_3D('',#5066,#5067,#5068);
#5066 = CARTESIAN_POINT('',(334.45043824457,174.,17.198498925933));
#5067 = DIRECTION('',(0.,-0.,1.));
#5068 = DIRECTION('',(1.,0.,0.));
#5069 = PCURVE('',#2741,#5070);
#5070 = DEFINITIONAL_REPRESENTATION('',(#5071),#5074);
#5071 = B_SPLINE_CURVE_WITH_KNOTS('',1,(#5072,#5073),.UNSPECIFIED.,.F.,
  .F.,(2,2),(1.570796326795,3.14159265359),.PIECEWISE_BEZIER_KNOTS.);
#5072 = CARTESIAN_POINT('',(0.,1.570796326795));
#5073 = CARTESIAN_POINT('',(0.,3.14159265359));
#5074 = ( GEOMETRIC_REPRESENTATION_CONTEXT(2) 
PARAMETRIC_REPRESENTATION_CONTEXT() REPRESENTATION_CONTEXT('2D SPACE',''
  ) );
#5075 = PCURVE('',#2741,#5076);
#5076 = DEFINITIONAL_REPRESENTATION('',(#5077),#5080);
#5077 = B_SPLINE_CURVE_WITH_KNOTS('',1,(#5078,#5079),.UNSPECIFIED.,.F.,
  .F.,(2,2),(1.570796326795,3.14159265359),.PIECEWISE_BEZIER_KNOTS.);
#5078 = CARTESIAN_POINT('',(-6.28318530718,1.570796326795));
#5079 = CARTESIAN_POINT('',(-6.28318530718,3.14159265359));
#5080 = ( GEOMETRIC_REPRESENTATION_CONTEXT(2) 
PARAMETRIC_REPRESENTATION_CONTEXT() REPRESENTATION_CONTEXT('2D SPACE',''
  ) );
#5081 = ORIENTED_EDGE('',*,*,#5082,.F.);
#5082 = EDGE_CURVE('',#5061,#5061,#5083,.T.);
#5083 = SURFACE_CURVE('',#5084,(#5089,#5096),.PCURVE_S1.);
#5084 = CIRCLE('',#5085,26.925);
#5085 = AXIS2_PLACEMENT_3D('',#5086,#5087,#5088);
#5086 = CARTESIAN_POINT('',(299.52543824457,174.,17.198498925933));
#5087 = DIRECTION('',(0.,-1.,-0.));
#5088 = DIRECTION('',(1.,0.,0.));
#5089 = PCURVE('',#2741,#5090);
#5090 = DEFINITIONAL_REPRESENTATION('',(#5091),#5095);
#5091 = LINE('',#5092,#5093);
#5092 = CARTESIAN_POINT('',(-0.,3.14159265359));
#5093 = VECTOR('',#5094,1.);
#5094 = DIRECTION('',(-1.,0.));
#5095 = ( GEOMETRIC_REPRESENTATION_CONTEXT(2) 
PARAMETRIC_REPRESENTATION_CONTEXT() REPRESENTATION_CONTEXT('2D SPACE',''
  ) );
#5096 = PCURVE('',#4529,#5097);
#5097 = DEFINITIONAL_REPRESENTATION('',(#5098),#5102);
#5098 = LINE('',#5099,#5100);
#5099 = CARTESIAN_POINT('',(-0.,-8.));
#5100 = VECTOR('',#5101,1.);
#5101 = DIRECTION('',(-1.,0.));
#5102 = ( GEOMETRIC_REPRESENTATION_CONTEXT(2) 
PARAMETRIC_REPRESENTATION_CONTEXT() REPRESENTATION_CONTEXT('2D SPACE',''
  ) );
#5103 = ORIENTED_EDGE('',*,*,#5060,.F.);
#5104 = ADVANCED_FACE('',(#5105),#2643,.F.);
#5105 = FACE_BOUND('',#5106,.F.);
#5106 = EDGE_LOOP('',(#5107,#5108,#5109,#5110,#5111));
#5107 = ORIENTED_EDGE('',*,*,#4106,.T.);
#5108 = ORIENTED_EDGE('',*,*,#5011,.F.);
#5109 = ORIENTED_EDGE('',*,*,#5038,.F.);
#5110 = ORIENTED_EDGE('',*,*,#2627,.T.);
#5111 = ORIENTED_EDGE('',*,*,#5112,.F.);
#5112 = EDGE_CURVE('',#4107,#2495,#5113,.T.);
#5113 = SURFACE_CURVE('',#5114,(#5119,#5126),.PCURVE_S1.);
#5114 = CIRCLE('',#5115,34.925);
#5115 = AXIS2_PLACEMENT_3D('',#5116,#5117,#5118);
#5116 = CARTESIAN_POINT('',(387.40943824457,182.,17.198498925933));
#5117 = DIRECTION('',(0.,-1.,-0.));
#5118 = DIRECTION('',(1.,0.,0.));
#5119 = PCURVE('',#2643,#5120);
#5120 = DEFINITIONAL_REPRESENTATION('',(#5121),#5125);
#5121 = CIRCLE('',#5122,34.925);
#5122 = AXIS2_PLACEMENT_2D('',#5123,#5124);
#5123 = CARTESIAN_POINT('',(3.552713678801E-15,175.768));
#5124 = DIRECTION('',(0.,1.));
#5125 = ( GEOMETRIC_REPRESENTATION_CONTEXT(2) 
PARAMETRIC_REPRESENTATION_CONTEXT() REPRESENTATION_CONTEXT('2D SPACE',''
  ) );
#5126 = PCURVE('',#2580,#5127);
#5127 = DEFINITIONAL_REPRESENTATION('',(#5128),#5132);
#5128 = LINE('',#5129,#5130);
#5129 = CARTESIAN_POINT('',(-0.,1.570796326795));
#5130 = VECTOR('',#5131,1.);
#5131 = DIRECTION('',(-1.,0.));
#5132 = ( GEOMETRIC_REPRESENTATION_CONTEXT(2) 
PARAMETRIC_REPRESENTATION_CONTEXT() REPRESENTATION_CONTEXT('2D SPACE',''
  ) );
#5133 = ADVANCED_FACE('',(#5134),#2580,.T.);
#5134 = FACE_BOUND('',#5135,.F.);
#5135 = EDGE_LOOP('',(#5136,#5137,#5159,#5160,#5161,#5162,#5184,#5185,
    #5207,#5229));
#5136 = ORIENTED_EDGE('',*,*,#3348,.F.);
#5137 = ORIENTED_EDGE('',*,*,#5138,.T.);
#5138 = EDGE_CURVE('',#3321,#3450,#5139,.T.);
#5139 = SURFACE_CURVE('',#5140,(#5145,#5152),.PCURVE_S1.);
#5140 = CIRCLE('',#5141,34.925);
#5141 = AXIS2_PLACEMENT_3D('',#5142,#5143,#5144);
#5142 = CARTESIAN_POINT('',(387.40943824457,182.,17.198498925933));
#5143 = DIRECTION('',(0.,-1.,-0.));
#5144 = DIRECTION('',(1.,0.,0.));
#5145 = PCURVE('',#2580,#5146);
#5146 = DEFINITIONAL_REPRESENTATION('',(#5147),#5151);
#5147 = LINE('',#5148,#5149);
#5148 = CARTESIAN_POINT('',(-0.,1.570796326795));
#5149 = VECTOR('',#5150,1.);
#5150 = DIRECTION('',(-1.,0.));
#5151 = ( GEOMETRIC_REPRESENTATION_CONTEXT(2) 
PARAMETRIC_REPRESENTATION_CONTEXT() REPRESENTATION_CONTEXT('2D SPACE',''
  ) );
#5152 = PCURVE('',#3336,#5153);
#5153 = DEFINITIONAL_REPRESENTATION('',(#5154),#5158);
#5154 = CIRCLE('',#5155,34.925);
#5155 = AXIS2_PLACEMENT_2D('',#5156,#5157);
#5156 = CARTESIAN_POINT('',(3.552713678801E-15,175.768));
#5157 = DIRECTION('',(0.,1.));
#5158 = ( GEOMETRIC_REPRESENTATION_CONTEXT(2) 
PARAMETRIC_REPRESENTATION_CONTEXT() REPRESENTATION_CONTEXT('2D SPACE',''
  ) );
#5159 = ORIENTED_EDGE('',*,*,#4129,.T.);
#5160 = ORIENTED_EDGE('',*,*,#5112,.T.);
#5161 = ORIENTED_EDGE('',*,*,#2494,.T.);
#5162 = ORIENTED_EDGE('',*,*,#5163,.T.);
#5163 = EDGE_CURVE('',#2467,#3273,#5164,.T.);
#5164 = SURFACE_CURVE('',#5165,(#5170,#5177),.PCURVE_S1.);
#5165 = CIRCLE('',#5166,34.925);
#5166 = AXIS2_PLACEMENT_3D('',#5167,#5168,#5169);
#5167 = CARTESIAN_POINT('',(387.40943824457,182.,17.198498925933));
#5168 = DIRECTION('',(0.,-1.,-0.));
#5169 = DIRECTION('',(1.,0.,0.));
#5170 = PCURVE('',#2580,#5171);
#5171 = DEFINITIONAL_REPRESENTATION('',(#5172),#5176);
#5172 = LINE('',#5173,#5174);
#5173 = CARTESIAN_POINT('',(-0.,1.570796326795));
#5174 = VECTOR('',#5175,1.);
#5175 = DIRECTION('',(-1.,0.));
#5176 = ( GEOMETRIC_REPRESENTATION_CONTEXT(2) 
PARAMETRIC_REPRESENTATION_CONTEXT() REPRESENTATION_CONTEXT('2D SPACE',''
  ) );
#5177 = PCURVE('',#2482,#5178);
#5178 = DEFINITIONAL_REPRESENTATION('',(#5179),#5183);
#5179 = CIRCLE('',#5180,34.925);
#5180 = AXIS2_PLACEMENT_2D('',#5181,#5182);
#5181 = CARTESIAN_POINT('',(3.552713678801E-15,175.768));
#5182 = DIRECTION('',(0.,1.));
#5183 = ( GEOMETRIC_REPRESENTATION_CONTEXT(2) 
PARAMETRIC_REPRESENTATION_CONTEXT() REPRESENTATION_CONTEXT('2D SPACE',''
  ) );
#5184 = ORIENTED_EDGE('',*,*,#3398,.T.);
#5185 = ORIENTED_EDGE('',*,*,#5186,.T.);
#5186 = EDGE_CURVE('',#3349,#5187,#5189,.T.);
#5187 = VERTEX_POINT('',#5188);
#5188 = CARTESIAN_POINT('',(414.33443824457,174.,17.198498925933));
#5189 = SEAM_CURVE('',#5190,(#5195,#5201),.PCURVE_S1.);
#5190 = CIRCLE('',#5191,8.);
#5191 = AXIS2_PLACEMENT_3D('',#5192,#5193,#5194);
#5192 = CARTESIAN_POINT('',(422.33443824457,174.,17.198498925933));
#5193 = DIRECTION('',(0.,-0.,1.));
#5194 = DIRECTION('',(1.,0.,0.));
#5195 = PCURVE('',#2580,#5196);
#5196 = DEFINITIONAL_REPRESENTATION('',(#5197),#5200);
#5197 = B_SPLINE_CURVE_WITH_KNOTS('',1,(#5198,#5199),.UNSPECIFIED.,.F.,
  .F.,(2,2),(1.570796326795,3.14159265359),.PIECEWISE_BEZIER_KNOTS.);
#5198 = CARTESIAN_POINT('',(0.,1.570796326795));
#5199 = CARTESIAN_POINT('',(0.,3.14159265359));
#5200 = ( GEOMETRIC_REPRESENTATION_CONTEXT(2) 
PARAMETRIC_REPRESENTATION_CONTEXT() REPRESENTATION_CONTEXT('2D SPACE',''
  ) );
#5201 = PCURVE('',#2580,#5202);
#5202 = DEFINITIONAL_REPRESENTATION('',(#5203),#5206);
#5203 = B_SPLINE_CURVE_WITH_KNOTS('',1,(#5204,#5205),.UNSPECIFIED.,.F.,
  .F.,(2,2),(1.570796326795,3.14159265359),.PIECEWISE_BEZIER_KNOTS.);
#5204 = CARTESIAN_POINT('',(-6.28318530718,1.570796326795));
#5205 = CARTESIAN_POINT('',(-6.28318530718,3.14159265359));
#5206 = ( GEOMETRIC_REPRESENTATION_CONTEXT(2) 
PARAMETRIC_REPRESENTATION_CONTEXT() REPRESENTATION_CONTEXT('2D SPACE',''
  ) );
#5207 = ORIENTED_EDGE('',*,*,#5208,.F.);
#5208 = EDGE_CURVE('',#5187,#5187,#5209,.T.);
#5209 = SURFACE_CURVE('',#5210,(#5215,#5222),.PCURVE_S1.);
#5210 = CIRCLE('',#5211,26.925);
#5211 = AXIS2_PLACEMENT_3D('',#5212,#5213,#5214);
#5212 = CARTESIAN_POINT('',(387.40943824457,174.,17.198498925933));
#5213 = DIRECTION('',(0.,-1.,-0.));
#5214 = DIRECTION('',(1.,0.,0.));
#5215 = PCURVE('',#2580,#5216);
#5216 = DEFINITIONAL_REPRESENTATION('',(#5217),#5221);
#5217 = LINE('',#5218,#5219);
#5218 = CARTESIAN_POINT('',(-0.,3.14159265359));
#5219 = VECTOR('',#5220,1.);
#5220 = DIRECTION('',(-1.,0.));
#5221 = ( GEOMETRIC_REPRESENTATION_CONTEXT(2) 
PARAMETRIC_REPRESENTATION_CONTEXT() REPRESENTATION_CONTEXT('2D SPACE',''
  ) );
#5222 = PCURVE('',#4568,#5223);
#5223 = DEFINITIONAL_REPRESENTATION('',(#5224),#5228);
#5224 = LINE('',#5225,#5226);
#5225 = CARTESIAN_POINT('',(-0.,-8.));
#5226 = VECTOR('',#5227,1.);
#5227 = DIRECTION('',(-1.,0.));
#5228 = ( GEOMETRIC_REPRESENTATION_CONTEXT(2) 
PARAMETRIC_REPRESENTATION_CONTEXT() REPRESENTATION_CONTEXT('2D SPACE',''
  ) );
#5229 = ORIENTED_EDGE('',*,*,#5186,.F.);
#5230 = ADVANCED_FACE('',(#5231),#2482,.F.);
#5231 = FACE_BOUND('',#5232,.F.);
#5232 = EDGE_LOOP('',(#5233,#5234,#5235));
#5233 = ORIENTED_EDGE('',*,*,#5163,.F.);
#5234 = ORIENTED_EDGE('',*,*,#2466,.T.);
#5235 = ORIENTED_EDGE('',*,*,#3272,.T.);
#5236 = ADVANCED_FACE('',(#5237),#3336,.F.);
#5237 = FACE_BOUND('',#5238,.F.);
#5238 = EDGE_LOOP('',(#5239,#5240,#5241));
#5239 = ORIENTED_EDGE('',*,*,#3449,.T.);
#5240 = ORIENTED_EDGE('',*,*,#5138,.F.);
#5241 = ORIENTED_EDGE('',*,*,#3320,.T.);
#5242 = ADVANCED_FACE('',(#5243),#3513,.F.);
#5243 = FACE_BOUND('',#5244,.F.);
#5244 = EDGE_LOOP('',(#5245,#5246,#5247));
#5245 = ORIENTED_EDGE('',*,*,#4635,.F.);
#5246 = ORIENTED_EDGE('',*,*,#3497,.T.);
#5247 = ORIENTED_EDGE('',*,*,#4258,.T.);
#5248 = ADVANCED_FACE('',(#5249),#4412,.F.);
#5249 = FACE_BOUND('',#5250,.T.);
#5250 = EDGE_LOOP('',(#5251,#5272,#5273,#5274));
#5251 = ORIENTED_EDGE('',*,*,#5252,.F.);
#5252 = EDGE_CURVE('',#4683,#4392,#5253,.T.);
#5253 = SEAM_CURVE('',#5254,(#5258,#5265),.PCURVE_S1.);
#5254 = LINE('',#5255,#5256);
#5255 = CARTESIAN_POINT('',(62.798438244575,182.,17.198498925933));
#5256 = VECTOR('',#5257,1.);
#5257 = DIRECTION('',(0.,-1.,0.));
#5258 = PCURVE('',#4412,#5259);
#5259 = DEFINITIONAL_REPRESENTATION('',(#5260),#5264);
#5260 = LINE('',#5261,#5262);
#5261 = CARTESIAN_POINT('',(-6.28318530718,0.));
#5262 = VECTOR('',#5263,1.);
#5263 = DIRECTION('',(-0.,-1.));
#5264 = ( GEOMETRIC_REPRESENTATION_CONTEXT(2) 
PARAMETRIC_REPRESENTATION_CONTEXT() REPRESENTATION_CONTEXT('2D SPACE',''
  ) );
#5265 = PCURVE('',#4412,#5266);
#5266 = DEFINITIONAL_REPRESENTATION('',(#5267),#5271);
#5267 = LINE('',#5268,#5269);
#5268 = CARTESIAN_POINT('',(-0.,0.));
#5269 = VECTOR('',#5270,1.);
#5270 = DIRECTION('',(-0.,-1.));
#5271 = ( GEOMETRIC_REPRESENTATION_CONTEXT(2) 
PARAMETRIC_REPRESENTATION_CONTEXT() REPRESENTATION_CONTEXT('2D SPACE',''
  ) );
#5272 = ORIENTED_EDGE('',*,*,#4704,.F.);
#5273 = ORIENTED_EDGE('',*,*,#5252,.T.);
#5274 = ORIENTED_EDGE('',*,*,#4391,.F.);
#5275 = ADVANCED_FACE('',(#5276),#4451,.F.);
#5276 = FACE_BOUND('',#5277,.T.);
#5277 = EDGE_LOOP('',(#5278,#5299,#5300,#5301));
#5278 = ORIENTED_EDGE('',*,*,#5279,.F.);
#5279 = EDGE_CURVE('',#4809,#4431,#5280,.T.);
#5280 = SEAM_CURVE('',#5281,(#5285,#5292),.PCURVE_S1.);
#5281 = LINE('',#5282,#5283);
#5282 = CARTESIAN_POINT('',(150.68243824457,182.,17.198498925933));
#5283 = VECTOR('',#5284,1.);
#5284 = DIRECTION('',(0.,-1.,0.));
#5285 = PCURVE('',#4451,#5286);
#5286 = DEFINITIONAL_REPRESENTATION('',(#5287),#5291);
#5287 = LINE('',#5288,#5289);
#5288 = CARTESIAN_POINT('',(-6.28318530718,0.));
#5289 = VECTOR('',#5290,1.);
#5290 = DIRECTION('',(-0.,-1.));
#5291 = ( GEOMETRIC_REPRESENTATION_CONTEXT(2) 
PARAMETRIC_REPRESENTATION_CONTEXT() REPRESENTATION_CONTEXT('2D SPACE',''
  ) );
#5292 = PCURVE('',#4451,#5293);
#5293 = DEFINITIONAL_REPRESENTATION('',(#5294),#5298);
#5294 = LINE('',#5295,#5296);
#5295 = CARTESIAN_POINT('',(-0.,0.));
#5296 = VECTOR('',#5297,1.);
#5297 = DIRECTION('',(-0.,-1.));
#5298 = ( GEOMETRIC_REPRESENTATION_CONTEXT(2) 
PARAMETRIC_REPRESENTATION_CONTEXT() REPRESENTATION_CONTEXT('2D SPACE',''
  ) );
#5299 = ORIENTED_EDGE('',*,*,#4830,.F.);
#5300 = ORIENTED_EDGE('',*,*,#5279,.T.);
#5301 = ORIENTED_EDGE('',*,*,#4430,.F.);
#5302 = ADVANCED_FACE('',(#5303),#4490,.F.);
#5303 = FACE_BOUND('',#5304,.T.);
#5304 = EDGE_LOOP('',(#5305,#5326,#5327,#5328));
#5305 = ORIENTED_EDGE('',*,*,#5306,.F.);
#5306 = EDGE_CURVE('',#4935,#4470,#5307,.T.);
#5307 = SEAM_CURVE('',#5308,(#5312,#5319),.PCURVE_S1.);
#5308 = LINE('',#5309,#5310);
#5309 = CARTESIAN_POINT('',(238.56643824457,182.,17.198498925933));
#5310 = VECTOR('',#5311,1.);
#5311 = DIRECTION('',(0.,-1.,0.));
#5312 = PCURVE('',#4490,#5313);
#5313 = DEFINITIONAL_REPRESENTATION('',(#5314),#5318);
#5314 = LINE('',#5315,#5316);
#5315 = CARTESIAN_POINT('',(-6.28318530718,0.));
#5316 = VECTOR('',#5317,1.);
#5317 = DIRECTION('',(-0.,-1.));
#5318 = ( GEOMETRIC_REPRESENTATION_CONTEXT(2) 
PARAMETRIC_REPRESENTATION_CONTEXT() REPRESENTATION_CONTEXT('2D SPACE',''
  ) );
#5319 = PCURVE('',#4490,#5320);
#5320 = DEFINITIONAL_REPRESENTATION('',(#5321),#5325);
#5321 = LINE('',#5322,#5323);
#5322 = CARTESIAN_POINT('',(-0.,0.));
#5323 = VECTOR('',#5324,1.);
#5324 = DIRECTION('',(-0.,-1.));
#5325 = ( GEOMETRIC_REPRESENTATION_CONTEXT(2) 
PARAMETRIC_REPRESENTATION_CONTEXT() REPRESENTATION_CONTEXT('2D SPACE',''
  ) );
#5326 = ORIENTED_EDGE('',*,*,#4956,.F.);
#5327 = ORIENTED_EDGE('',*,*,#5306,.T.);
#5328 = ORIENTED_EDGE('',*,*,#4469,.F.);
#5329 = ADVANCED_FACE('',(#5330),#4529,.F.);
#5330 = FACE_BOUND('',#5331,.T.);
#5331 = EDGE_LOOP('',(#5332,#5353,#5354,#5355));
#5332 = ORIENTED_EDGE('',*,*,#5333,.F.);
#5333 = EDGE_CURVE('',#5061,#4509,#5334,.T.);
#5334 = SEAM_CURVE('',#5335,(#5339,#5346),.PCURVE_S1.);
#5335 = LINE('',#5336,#5337);
#5336 = CARTESIAN_POINT('',(326.45043824457,182.,17.198498925933));
#5337 = VECTOR('',#5338,1.);
#5338 = DIRECTION('',(0.,-1.,0.));
#5339 = PCURVE('',#4529,#5340);
#5340 = DEFINITIONAL_REPRESENTATION('',(#5341),#5345);
#5341 = LINE('',#5342,#5343);
#5342 = CARTESIAN_POINT('',(-6.28318530718,0.));
#5343 = VECTOR('',#5344,1.);
#5344 = DIRECTION('',(-0.,-1.));
#5345 = ( GEOMETRIC_REPRESENTATION_CONTEXT(2) 
PARAMETRIC_REPRESENTATION_CONTEXT() REPRESENTATION_CONTEXT('2D SPACE',''
  ) );
#5346 = PCURVE('',#4529,#5347);
#5347 = DEFINITIONAL_REPRESENTATION('',(#5348),#5352);
#5348 = LINE('',#5349,#5350);
#5349 = CARTESIAN_POINT('',(-0.,0.));
#5350 = VECTOR('',#5351,1.);
#5351 = DIRECTION('',(-0.,-1.));
#5352 = ( GEOMETRIC_REPRESENTATION_CONTEXT(2) 
PARAMETRIC_REPRESENTATION_CONTEXT() REPRESENTATION_CONTEXT('2D SPACE',''
  ) );
#5353 = ORIENTED_EDGE('',*,*,#5082,.F.);
#5354 = ORIENTED_EDGE('',*,*,#5333,.T.);
#5355 = ORIENTED_EDGE('',*,*,#4508,.F.);
#5356 = ADVANCED_FACE('',(#5357),#4568,.F.);
#5357 = FACE_BOUND('',#5358,.T.);
#5358 = EDGE_LOOP('',(#5359,#5380,#5381,#5382));
#5359 = ORIENTED_EDGE('',*,*,#5360,.F.);
#5360 = EDGE_CURVE('',#5187,#4548,#5361,.T.);
#5361 = SEAM_CURVE('',#5362,(#5366,#5373),.PCURVE_S1.);
#5362 = LINE('',#5363,#5364);
#5363 = CARTESIAN_POINT('',(414.33443824457,182.,17.198498925933));
#5364 = VECTOR('',#5365,1.);
#5365 = DIRECTION('',(0.,-1.,0.));
#5366 = PCURVE('',#4568,#5367);
#5367 = DEFINITIONAL_REPRESENTATION('',(#5368),#5372);
#5368 = LINE('',#5369,#5370);
#5369 = CARTESIAN_POINT('',(-6.28318530718,0.));
#5370 = VECTOR('',#5371,1.);
#5371 = DIRECTION('',(-0.,-1.));
#5372 = ( GEOMETRIC_REPRESENTATION_CONTEXT(2) 
PARAMETRIC_REPRESENTATION_CONTEXT() REPRESENTATION_CONTEXT('2D SPACE',''
  ) );
#5373 = PCURVE('',#4568,#5374);
#5374 = DEFINITIONAL_REPRESENTATION('',(#5375),#5379);
#5375 = LINE('',#5376,#5377);
#5376 = CARTESIAN_POINT('',(-0.,0.));
#5377 = VECTOR('',#5378,1.);
#5378 = DIRECTION('',(-0.,-1.));
#5379 = ( GEOMETRIC_REPRESENTATION_CONTEXT(2) 
PARAMETRIC_REPRESENTATION_CONTEXT() REPRESENTATION_CONTEXT('2D SPACE',''
  ) );
#5380 = ORIENTED_EDGE('',*,*,#5208,.F.);
#5381 = ORIENTED_EDGE('',*,*,#5360,.T.);
#5382 = ORIENTED_EDGE('',*,*,#4547,.F.);
#5383 = ( GEOMETRIC_REPRESENTATION_CONTEXT(3) 
GLOBAL_UNCERTAINTY_ASSIGNED_CONTEXT((#5387)) 
GLOBAL_UNIT_ASSIGNED_CONTEXT((#5384,#5385,#5386)) REPRESENTATION_CONTEXT
('Context #1','3D Context with UNIT and UNCERTAINTY') );
#5384 = ( LENGTH_UNIT() NAMED_UNIT(*) SI_UNIT(.MILLI.,.METRE.) );
#5385 = ( NAMED_UNIT(*) PLANE_ANGLE_UNIT() SI_UNIT($,.RADIAN.) );
#5386 = ( NAMED_UNIT(*) SI_UNIT($,.STERADIAN.) SOLID_ANGLE_UNIT() );
#5387 = UNCERTAINTY_MEASURE_WITH_UNIT(LENGTH_MEASURE(2.E-07),#5384,
  'distance_accuracy_value','confusion accuracy');
#5388 = PRODUCT_RELATED_PRODUCT_CATEGORY('part',$,(#7));
ENDSEC;
END-ISO-10303-21;
