ISO-10303-21;
HEADER;
FILE_DESCRIPTION(('Open CASCADE Model'),'2;1');
FILE_NAME('Open CASCADE Shape Model','2026-10-04T18:34:10',('Author'),(
    'Open CASCADE'),'Open CASCADE STEP processor 7.9','Open CASCADE 7.9'
  ,'Unknown');
FILE_SCHEMA(('AUTOMOTIVE_DESIGN { 1 0 10303 214 1 1 1 1 }'));
ENDSEC;
DATA;
#1 = APPLICATION_PROTOCOL_DEFINITION('international standard',
  'automotive_design',2000,#2);
#2 = APPLICATION_CONTEXT(
  'core data for automotive mechanical design processes');
#3 = SHAPE_DEFINITION_REPRESENTATION(#4,#10);
#4 = PRODUCT_DEFINITION_SHAPE('','',#5);
#5 = PRODUCT_DEFINITION('design','',#6,#9);
#6 = PRODUCT_DEFINITION_FORMATION('','',#7);
#7 = PRODUCT('Open CASCADE STEP translator 7.9 4',
  'Open CASCADE STEP translator 7.9 4','',(#8));
#8 = PRODUCT_CONTEXT('',#2,'mechanical');
#9 = PRODUCT_DEFINITION_CONTEXT('part definition',#2,'design');
#10 = ADVANCED_BREP_SHAPE_REPRESENTATION('',(#11,#15),#3145);
#11 = AXIS2_PLACEMENT_3D('',#12,#13,#14);
#12 = CARTESIAN_POINT('',(0.,0.,0.));
#13 = DIRECTION('',(0.,0.,1.));
#14 = DIRECTION('',(1.,0.,-0.));
#15 = MANIFOLD_SOLID_BREP('',#16);
#16 = CLOSED_SHELL('',(#17,#1486,#1559,#1604,#1649,#1681,#1958,#2235,
    #2569,#2846,#3123));
#17 = ADVANCED_FACE('',(#18,#139,#397,#655,#970,#1228),#33,.T.);
#18 = FACE_BOUND('',#19,.F.);
#19 = EDGE_LOOP('',(#20,#56,#82,#115));
#20 = ORIENTED_EDGE('',*,*,#21,.F.);
#21 = EDGE_CURVE('',#22,#24,#26,.T.);
#22 = VERTEX_POINT('',#23);
#23 = CARTESIAN_POINT('',(-8.358561755425,190.,-12.80150107406));
#24 = VERTEX_POINT('',#25);
#25 = CARTESIAN_POINT('',(-8.358561755425,190.,47.198498925933));
#26 = SURFACE_CURVE('',#27,(#32,#44),.PCURVE_S1.);
#27 = CIRCLE('',#28,50.8);
#28 = AXIS2_PLACEMENT_3D('',#29,#30,#31);
#29 = CARTESIAN_POINT('',(-8.358561755425,230.99560952102,
    17.198498925933));
#30 = DIRECTION('',(1.,0.,0.));
#31 = DIRECTION('',(0.,-0.807000187422,-0.590551181102));
#32 = PCURVE('',#33,#38);
#33 = CYLINDRICAL_SURFACE('',#34,50.8);
#34 = AXIS2_PLACEMENT_3D('',#35,#36,#37);
#35 = CARTESIAN_POINT('',(-8.358561755425,230.99560952102,
    17.198498925933));
#36 = DIRECTION('',(-1.,-0.,-0.));
#37 = DIRECTION('',(0.,1.,0.));
#38 = DEFINITIONAL_REPRESENTATION('',(#39),#43);
#39 = LINE('',#40,#41);
#40 = CARTESIAN_POINT('',(-3.773334323789,0.));
#41 = VECTOR('',#42,1.);
#42 = DIRECTION('',(-1.,0.));
#43 = ( GEOMETRIC_REPRESENTATION_CONTEXT(2) 
PARAMETRIC_REPRESENTATION_CONTEXT() REPRESENTATION_CONTEXT('2D SPACE',''
  ) );
#44 = PCURVE('',#45,#50);
#45 = PLANE('',#46);
#46 = AXIS2_PLACEMENT_3D('',#47,#48,#49);
#47 = CARTESIAN_POINT('',(-8.358561755425,230.99560952102,
    17.198498925933));
#48 = DIRECTION('',(1.,0.,0.));
#49 = DIRECTION('',(-0.,0.,1.));
#50 = DEFINITIONAL_REPRESENTATION('',(#51),#55);
#51 = CIRCLE('',#52,50.8);
#52 = AXIS2_PLACEMENT_2D('',#53,#54);
#53 = CARTESIAN_POINT('',(-3.552713678801E-15,0.));
#54 = DIRECTION('',(-0.590551181102,0.807000187422));
#55 = ( GEOMETRIC_REPRESENTATION_CONTEXT(2) 
PARAMETRIC_REPRESENTATION_CONTEXT() REPRESENTATION_CONTEXT('2D SPACE',''
  ) );
#56 = ORIENTED_EDGE('',*,*,#57,.F.);
#57 = EDGE_CURVE('',#58,#22,#60,.T.);
#58 = VERTEX_POINT('',#59);
#59 = CARTESIAN_POINT('',(431.64143824457,190.,-12.80150107406));
#60 = SURFACE_CURVE('',#61,(#65,#71),.PCURVE_S1.);
#61 = LINE('',#62,#63);
#62 = CARTESIAN_POINT('',(-8.358561755425,190.,-12.80150107406));
#63 = VECTOR('',#64,1.);
#64 = DIRECTION('',(-1.,-0.,-0.));
#65 = PCURVE('',#33,#66);
#66 = DEFINITIONAL_REPRESENTATION('',(#67),#70);
#67 = B_SPLINE_CURVE_WITH_KNOTS('',1,(#68,#69),.UNSPECIFIED.,.F.,.F.,(2,
    2),(-440.,-0.),.PIECEWISE_BEZIER_KNOTS.);
#68 = CARTESIAN_POINT('',(-3.773334323789,-440.));
#69 = CARTESIAN_POINT('',(-3.773334323789,0.));
#70 = ( GEOMETRIC_REPRESENTATION_CONTEXT(2) 
PARAMETRIC_REPRESENTATION_CONTEXT() REPRESENTATION_CONTEXT('2D SPACE',''
  ) );
#71 = PCURVE('',#72,#77);
#72 = PLANE('',#73);
#73 = AXIS2_PLACEMENT_3D('',#74,#75,#76);
#74 = CARTESIAN_POINT('',(-9.358561755425,190.,-34.60150107406));
#75 = DIRECTION('',(0.,1.,0.));
#76 = DIRECTION('',(0.,0.,1.));
#77 = DEFINITIONAL_REPRESENTATION('',(#78),#81);
#78 = B_SPLINE_CURVE_WITH_KNOTS('',1,(#79,#80),.UNSPECIFIED.,.F.,.F.,(2,
    2),(-440.0000006,5.999999999062E-07),.PIECEWISE_BEZIER_KNOTS.);
#79 = CARTESIAN_POINT('',(21.8,441.0000006));
#80 = CARTESIAN_POINT('',(21.8,0.9999994));
#81 = ( GEOMETRIC_REPRESENTATION_CONTEXT(2) 
PARAMETRIC_REPRESENTATION_CONTEXT() REPRESENTATION_CONTEXT('2D SPACE',''
  ) );
#82 = ORIENTED_EDGE('',*,*,#83,.F.);
#83 = EDGE_CURVE('',#84,#58,#86,.T.);
#84 = VERTEX_POINT('',#85);
#85 = CARTESIAN_POINT('',(431.64143824457,190.,47.198498925933));
#86 = SURFACE_CURVE('',#87,(#92,#99),.PCURVE_S1.);
#87 = CIRCLE('',#88,50.8);
#88 = AXIS2_PLACEMENT_3D('',#89,#90,#91);
#89 = CARTESIAN_POINT('',(431.64143824457,230.99560952102,
    17.198498925933));
#90 = DIRECTION('',(-1.,0.,0.));
#91 = DIRECTION('',(0.,-0.807000187422,0.590551181102));
#92 = PCURVE('',#33,#93);
#93 = DEFINITIONAL_REPRESENTATION('',(#94),#98);
#94 = LINE('',#95,#96);
#95 = CARTESIAN_POINT('',(-8.79303629057,-440.));
#96 = VECTOR('',#97,1.);
#97 = DIRECTION('',(1.,-0.));
#98 = ( GEOMETRIC_REPRESENTATION_CONTEXT(2) 
PARAMETRIC_REPRESENTATION_CONTEXT() REPRESENTATION_CONTEXT('2D SPACE',''
  ) );
#99 = PCURVE('',#100,#105);
#100 = PLANE('',#101);
#101 = AXIS2_PLACEMENT_3D('',#102,#103,#104);
#102 = CARTESIAN_POINT('',(431.64143824457,230.99560952102,
    17.198498925933));
#103 = DIRECTION('',(1.,0.,0.));
#104 = DIRECTION('',(-0.,0.,1.));
#105 = DEFINITIONAL_REPRESENTATION('',(#106),#114);
#106 = ( BOUNDED_CURVE() B_SPLINE_CURVE(2,(#107,#108,#109,#110,#111,#112
,#113),.UNSPECIFIED.,.T.,.F.) B_SPLINE_CURVE_WITH_KNOTS((1,2,2,2,2,1),(
    -2.094395102393,0.,2.094395102393,4.188790204786,6.28318530718,
8.377580409573),.UNSPECIFIED.) CURVE() GEOMETRIC_REPRESENTATION_ITEM() 
RATIONAL_B_SPLINE_CURVE((1.,0.5,1.,0.5,1.,0.5,1.)) REPRESENTATION_ITEM(
  '') );
#107 = CARTESIAN_POINT('',(30.,40.995609521021));
#108 = CARTESIAN_POINT('',(101.00647857766,-10.96591470604));
#109 = CARTESIAN_POINT('',(20.503239288831,-46.47856687404));
#110 = CARTESIAN_POINT('',(-60.,-81.99121904204));
#111 = CARTESIAN_POINT('',(-50.50323928883,5.482957353023));
#112 = CARTESIAN_POINT('',(-41.00647857766,92.957133748087));
#113 = CARTESIAN_POINT('',(30.,40.995609521021));
#114 = ( GEOMETRIC_REPRESENTATION_CONTEXT(2) 
PARAMETRIC_REPRESENTATION_CONTEXT() REPRESENTATION_CONTEXT('2D SPACE',''
  ) );
#115 = ORIENTED_EDGE('',*,*,#116,.T.);
#116 = EDGE_CURVE('',#84,#24,#117,.T.);
#117 = SURFACE_CURVE('',#118,(#122,#128),.PCURVE_S1.);
#118 = LINE('',#119,#120);
#119 = CARTESIAN_POINT('',(-8.358561755425,190.,47.198498925933));
#120 = VECTOR('',#121,1.);
#121 = DIRECTION('',(-1.,-0.,-0.));
#122 = PCURVE('',#33,#123);
#123 = DEFINITIONAL_REPRESENTATION('',(#124),#127);
#124 = B_SPLINE_CURVE_WITH_KNOTS('',1,(#125,#126),.UNSPECIFIED.,.F.,.F.,
  (2,2),(-440.,0.),.PIECEWISE_BEZIER_KNOTS.);
#125 = CARTESIAN_POINT('',(-8.79303629057,-440.));
#126 = CARTESIAN_POINT('',(-8.79303629057,0.));
#127 = ( GEOMETRIC_REPRESENTATION_CONTEXT(2) 
PARAMETRIC_REPRESENTATION_CONTEXT() REPRESENTATION_CONTEXT('2D SPACE',''
  ) );
#128 = PCURVE('',#129,#134);
#129 = PLANE('',#130);
#130 = AXIS2_PLACEMENT_3D('',#131,#132,#133);
#131 = CARTESIAN_POINT('',(-9.358561755425,190.,-34.60150107406));
#132 = DIRECTION('',(0.,1.,0.));
#133 = DIRECTION('',(0.,0.,1.));
#134 = DEFINITIONAL_REPRESENTATION('',(#135),#138);
#135 = B_SPLINE_CURVE_WITH_KNOTS('',1,(#136,#137),.UNSPECIFIED.,.F.,.F.,
  (2,2),(-440.0000006,5.999999999062E-07),.PIECEWISE_BEZIER_KNOTS.);
#136 = CARTESIAN_POINT('',(81.8,441.0000006));
#137 = CARTESIAN_POINT('',(81.8,0.9999994));
#138 = ( GEOMETRIC_REPRESENTATION_CONTEXT(2) 
PARAMETRIC_REPRESENTATION_CONTEXT() REPRESENTATION_CONTEXT('2D SPACE',''
  ) );
#139 = FACE_BOUND('',#140,.F.);
#140 = EDGE_LOOP('',(#141));
#141 = ORIENTED_EDGE('',*,*,#142,.T.);
#142 = EDGE_CURVE('',#143,#143,#145,.T.);
#143 = VERTEX_POINT('',#144);
#144 = CARTESIAN_POINT('',(365.99143824457,230.99560952102,
    67.998498925933));
#145 = SURFACE_CURVE('',#146,(#226,#309),.PCURVE_S1.);
#146 = B_SPLINE_CURVE_WITH_KNOTS('',8,(#147,#148,#149,#150,#151,#152,
    #153,#154,#155,#156,#157,#158,#159,#160,#161,#162,#163,#164,#165,
    #166,#167,#168,#169,#170,#171,#172,#173,#174,#175,#176,#177,#178,
    #179,#180,#181,#182,#183,#184,#185,#186,#187,#188,#189,#190,#191,
    #192,#193,#194,#195,#196,#197,#198,#199,#200,#201,#202,#203,#204,
    #205,#206,#207,#208,#209,#210,#211,#212,#213,#214,#215,#216,#217,
    #218,#219,#220,#221,#222,#223,#224,#225),.UNSPECIFIED.,.T.,.F.,(9,7,
    7,7,7,7,7,7,7,7,7,9),(0.,4.871092673347E-02,0.122865038086,
    0.182102144508,0.249168645477,0.426222108433,0.548334545955,
    0.679238295393,0.819999132973,0.878553077819,0.951851990221,1.),
  .UNSPECIFIED.);
#147 = CARTESIAN_POINT('',(365.99143824457,230.99560952102,
    67.998498925933));
#148 = CARTESIAN_POINT('',(365.99143824457,231.19610494276,
    67.998498925933));
#149 = CARTESIAN_POINT('',(365.9808770391,231.39628477763,
    67.997594592012));
#150 = CARTESIAN_POINT('',(365.9598130154,231.59507596289,
    67.995790828569));
#151 = CARTESIAN_POINT('',(365.92847685011,231.79141767648,
    67.993119744715));
#152 = CARTESIAN_POINT('',(365.88726860707,231.98427911718,
    67.989639620636));
#153 = CARTESIAN_POINT('',(365.83675502868,232.17267703067,
    67.985431976693));
#154 = CARTESIAN_POINT('',(365.77766702077,232.3556929814,
    67.980596745271));
#155 = CARTESIAN_POINT('',(365.60925182021,232.80163436224,
    67.967099252545));
#156 = CARTESIAN_POINT('',(365.48983372999,233.05628955642,
    67.957759551766));
#157 = CARTESIAN_POINT('',(365.35492974705,233.2958414441,
    67.947551670363));
#158 = CARTESIAN_POINT('',(365.20665149632,233.51990095772,
    67.936791356548));
#159 = CARTESIAN_POINT('',(365.04695531461,233.72827293263,
    67.925770167903));
#160 = CARTESIAN_POINT('',(364.8776605215,233.92092717696,
    67.914745929145));
#161 = CARTESIAN_POINT('',(364.70046618754,234.09797214975,
    67.903938359196));
#162 = CARTESIAN_POINT('',(364.37037983435,234.38877064367,
    67.885215171055));
#163 = CARTESIAN_POINT('',(364.2194704099,234.50835557981,
    67.877138119969));
#164 = CARTESIAN_POINT('',(364.06483266526,234.6185974532,
    67.869382628157));
#165 = CARTESIAN_POINT('',(363.90698251773,234.71970661312,
    67.862019182738));
#166 = CARTESIAN_POINT('',(363.74636645455,234.81188650056,
    67.85510643504));
#167 = CARTESIAN_POINT('',(363.58337072472,234.89532778818,
    67.848692791568));
#168 = CARTESIAN_POINT('',(363.41833053071,234.97020252018,
    67.842818004973));
#169 = CARTESIAN_POINT('',(363.06270302864,235.11189746775,
    67.831510593512));
#170 = CARTESIAN_POINT('',(362.87162282905,235.1763450322,
    67.826239155171));
#171 = CARTESIAN_POINT('',(362.67875232844,235.23020417538,
    67.821748329807));
#172 = CARTESIAN_POINT('',(362.48449168574,235.27364325123,
    67.818074626518));
#173 = CARTESIAN_POINT('',(362.28919938001,235.30679333418,
    67.815244294653));
#174 = CARTESIAN_POINT('',(362.09320407848,235.32974581554,
    67.813274434786));
#175 = CARTESIAN_POINT('',(361.8968165047,235.34254999991,
    67.812174109667));
#176 = CARTESIAN_POINT('',(361.18165293463,235.35223487041,
    67.811341814555));
#177 = CARTESIAN_POINT('',(360.66418535035,235.28854064181,
    67.816814775423));
#178 = CARTESIAN_POINT('',(360.15193880002,235.15510652195,
    67.828317052336));
#179 = CARTESIAN_POINT('',(359.64967336598,234.94954008278,
    67.845545978576));
#180 = CARTESIAN_POINT('',(359.16461199226,234.66725525983,
    67.867834791824));
#181 = CARTESIAN_POINT('',(358.7079911189,234.3025487072,67.8938932459)
  );
#182 = CARTESIAN_POINT('',(358.29622391862,233.84948029206,
    67.921198770383));
#183 = CARTESIAN_POINT('',(357.72000910386,232.92980895207,
    67.96305428338));
#184 = CARTESIAN_POINT('',(357.51127838675,232.49956296321,
    67.97945543484));
#185 = CARTESIAN_POINT('',(357.35069583169,232.02415562231,
    67.993108602894));
#186 = CARTESIAN_POINT('',(357.25304206101,231.51762375061,
    68.001889041243));
#187 = CARTESIAN_POINT('',(357.226238585,230.99733391312,68.004245039699
    ));
#188 = CARTESIAN_POINT('',(357.27126684626,230.48179366144,
    68.000091500436));
#189 = CARTESIAN_POINT('',(357.38197983126,229.98857938199,
    67.990566389711));
#190 = CARTESIAN_POINT('',(357.71953976326,229.04348179167,
    67.963334053589));
#191 = CARTESIAN_POINT('',(357.95213086203,228.60284722963,
    67.945251427271));
#192 = CARTESIAN_POINT('',(358.22868559666,228.21276823582,
    67.925099885344));
#193 = CARTESIAN_POINT('',(358.53832166648,227.87305783672,
    67.904603281771));
#194 = CARTESIAN_POINT('',(358.87234550503,227.58236013897,
    67.885069229221));
#195 = CARTESIAN_POINT('',(359.22381994155,227.3387503325,
    67.867403827858));
#196 = CARTESIAN_POINT('',(359.58732708937,227.14005940226,
    67.852216954493));
#197 = CARTESIAN_POINT('',(360.35791702782,226.81678788455,
    67.826610506368));
#198 = CARTESIAN_POINT('',(360.7678751835,226.69821926288,
    67.816581551359));
#199 = CARTESIAN_POINT('',(361.18412650549,226.62650509916,
    67.810277359001));
#200 = CARTESIAN_POINT('',(361.60338440491,226.60036315777,
    67.807938793285));
#201 = CARTESIAN_POINT('',(362.02280964206,226.61932317556,
    67.809641080533));
#202 = CARTESIAN_POINT('',(362.43960048984,226.68373972373,
    67.815323318356));
#203 = CARTESIAN_POINT('',(362.85058099169,226.79480443,67.824766033157)
  );
#204 = CARTESIAN_POINT('',(363.418330541,227.02101652595,67.8428180053)
  );
#205 = CARTESIAN_POINT('',(363.58337071933,227.09589124952,
    67.84869279128));
#206 = CARTESIAN_POINT('',(363.74636644451,227.17933253626,
    67.855106434655));
#207 = CARTESIAN_POINT('',(363.90698251727,227.27151243057,
    67.862019182819));
#208 = CARTESIAN_POINT('',(364.06483267481,227.37262159586,
    67.86938262863));
#209 = CARTESIAN_POINT('',(364.21947041577,227.48286346492,
    67.877138120177));
#210 = CARTESIAN_POINT('',(364.37037982519,227.60244839029,
    67.885215170535));
#211 = CARTESIAN_POINT('',(364.70046618754,227.89324689228,
    67.903938359196));
#212 = CARTESIAN_POINT('',(364.8776605215,228.07029186507,
    67.914745929145));
#213 = CARTESIAN_POINT('',(365.04695531461,228.2629461094,
    67.925770167903));
#214 = CARTESIAN_POINT('',(365.20665149632,228.47131808431,
    67.936791356548));
#215 = CARTESIAN_POINT('',(365.35492974705,228.69537759793,
    67.947551670363));
#216 = CARTESIAN_POINT('',(365.48983372999,228.93492948561,
    67.957759551766));
#217 = CARTESIAN_POINT('',(365.60925182021,229.18958467979,
    67.967099252545));
#218 = CARTESIAN_POINT('',(365.77766542985,229.63552184809,
    67.980596617768));
#219 = CARTESIAN_POINT('',(365.83675394593,229.81853787419,
    67.98543188463));
#220 = CARTESIAN_POINT('',(365.88726880324,230.00693895361,
    67.989639634489));
#221 = CARTESIAN_POINT('',(365.92847810181,230.19980514141,
    67.993119850225));
#222 = CARTESIAN_POINT('',(365.95981452701,230.39615140649,
    67.995790957734));
#223 = CARTESIAN_POINT('',(365.9808779536,230.59494494935,
    67.997594669905));
#224 = CARTESIAN_POINT('',(365.99143824457,230.79512277498,
    67.998498925933));
#225 = CARTESIAN_POINT('',(365.99143824457,230.99560952102,
    67.998498925933));
#226 = PCURVE('',#33,#227);
#227 = DEFINITIONAL_REPRESENTATION('',(#228),#308);
#228 = B_SPLINE_CURVE_WITH_KNOTS('',8,(#229,#230,#231,#232,#233,#234,
    #235,#236,#237,#238,#239,#240,#241,#242,#243,#244,#245,#246,#247,
    #248,#249,#250,#251,#252,#253,#254,#255,#256,#257,#258,#259,#260,
    #261,#262,#263,#264,#265,#266,#267,#268,#269,#270,#271,#272,#273,
    #274,#275,#276,#277,#278,#279,#280,#281,#282,#283,#284,#285,#286,
    #287,#288,#289,#290,#291,#292,#293,#294,#295,#296,#297,#298,#299,
    #300,#301,#302,#303,#304,#305,#306,#307),.UNSPECIFIED.,.T.,.F.,(9,7,
    7,7,7,7,7,7,7,7,7,9),(0.,4.871092673347E-02,0.122865038086,
    0.182102144508,0.249168645477,0.426222108433,0.548334545955,
    0.679238295393,0.819999132973,0.878553077819,0.951851990221,1.),
  .UNSPECIFIED.);
#229 = CARTESIAN_POINT('',(-7.853981633974,-374.35));
#230 = CARTESIAN_POINT('',(-7.850034873704,-374.35));
#231 = CARTESIAN_POINT('',(-7.846094325701,-374.3394387945));
#232 = CARTESIAN_POINT('',(-7.842181019909,-374.3183747708));
#233 = CARTESIAN_POINT('',(-7.838315745593,-374.2870386055));
#234 = CARTESIAN_POINT('',(-7.834518713811,-374.2458303624));
#235 = CARTESIAN_POINT('',(-7.830809221089,-374.1953167841));
#236 = CARTESIAN_POINT('',(-7.827205314338,-374.1362287761));
#237 = CARTESIAN_POINT('',(-7.818422920613,-373.9678135756));
#238 = CARTESIAN_POINT('',(-7.813406755826,-373.8483954854));
#239 = CARTESIAN_POINT('',(-7.80868701903,-373.7134915024));
#240 = CARTESIAN_POINT('',(-7.804271431506,-373.5652132517));
#241 = CARTESIAN_POINT('',(-7.800163969603,-373.40551707));
#242 = CARTESIAN_POINT('',(-7.796365405818,-373.2362222769));
#243 = CARTESIAN_POINT('',(-7.792873800734,-373.0590279429));
#244 = CARTESIAN_POINT('',(-7.787137568039,-372.7289415897));
#245 = CARTESIAN_POINT('',(-7.784778181793,-372.5780321653));
#246 = CARTESIAN_POINT('',(-7.782602716307,-372.4233944206));
#247 = CARTESIAN_POINT('',(-7.78060711813,-372.2655442731));
#248 = CARTESIAN_POINT('',(-7.778787464702,-372.1049282099));
#249 = CARTESIAN_POINT('',(-7.777140077894,-371.9419324801));
#250 = CARTESIAN_POINT('',(-7.775661637557,-371.7768922861));
#251 = CARTESIAN_POINT('',(-7.772863499694,-371.421264784));
#252 = CARTESIAN_POINT('',(-7.771590612289,-371.2301845844));
#253 = CARTESIAN_POINT('',(-7.770526715907,-371.0373140838));
#254 = CARTESIAN_POINT('',(-7.769668564351,-370.8430534411));
#255 = CARTESIAN_POINT('',(-7.769013629323,-370.6477611354));
#256 = CARTESIAN_POINT('',(-7.76856014757,-370.4517658339));
#257 = CARTESIAN_POINT('',(-7.768307168026,-370.2553782601));
#258 = CARTESIAN_POINT('',(-7.768115818273,-369.54021469));
#259 = CARTESIAN_POINT('',(-7.769374260742,-369.0227471057));
#260 = CARTESIAN_POINT('',(-7.772010663365,-368.5105005554));
#261 = CARTESIAN_POINT('',(-7.776071409232,-368.0082351214));
#262 = CARTESIAN_POINT('',(-7.781645376532,-367.5231737476));
#263 = CARTESIAN_POINT('',(-7.788842424197,-367.0665528743));
#264 = CARTESIAN_POINT('',(-7.797776308026,-366.654785674));
#265 = CARTESIAN_POINT('',(-7.8158988139,-366.0785708592));
#266 = CARTESIAN_POINT('',(-7.824374142106,-365.8698401421));
#267 = CARTESIAN_POINT('',(-7.833735723805,-365.7092575871));
#268 = CARTESIAN_POINT('',(-7.843706946825,-365.6116038164));
#269 = CARTESIAN_POINT('',(-7.853947314732,-365.5848003404));
#270 = CARTESIAN_POINT('',(-7.864095005955,-365.6298286016));
#271 = CARTESIAN_POINT('',(-7.873805319015,-365.7405415866));
#272 = CARTESIAN_POINT('',(-7.892417323925,-366.0781015186));
#273 = CARTESIAN_POINT('',(-7.901097884544,-366.3106926174));
#274 = CARTESIAN_POINT('',(-7.908786213859,-366.587247352));
#275 = CARTESIAN_POINT('',(-7.915485210332,-366.8968834219));
#276 = CARTESIAN_POINT('',(-7.921220349195,-367.2309072604));
#277 = CARTESIAN_POINT('',(-7.926028339808,-367.5823816969));
#278 = CARTESIAN_POINT('',(-7.929950974208,-367.9458888447));
#279 = CARTESIAN_POINT('',(-7.936334519084,-368.7164787832));
#280 = CARTESIAN_POINT('',(-7.938676848647,-369.1264369389));
#281 = CARTESIAN_POINT('',(-7.940093988866,-369.5426882609));
#282 = CARTESIAN_POINT('',(-7.940610656471,-369.9619461603));
#283 = CARTESIAN_POINT('',(-7.940235919879,-370.3813713974));
#284 = CARTESIAN_POINT('',(-7.938962952258,-370.7981622452));
#285 = CARTESIAN_POINT('',(-7.936768780634,-371.2091427471));
#286 = CARTESIAN_POINT('',(-7.932301630311,-371.7768922964));
#287 = CARTESIAN_POINT('',(-7.930823190141,-371.9419324747));
#288 = CARTESIAN_POINT('',(-7.92917580335,-372.1049281999));
#289 = CARTESIAN_POINT('',(-7.927356149786,-372.2655442726));
#290 = CARTESIAN_POINT('',(-7.925360551504,-372.4233944302));
#291 = CARTESIAN_POINT('',(-7.923185086103,-372.5780321711));
#292 = CARTESIAN_POINT('',(-7.920825700069,-372.7289415806));
#293 = CARTESIAN_POINT('',(-7.915089467215,-373.0590279429));
#294 = CARTESIAN_POINT('',(-7.911597862131,-373.2362222769));
#295 = CARTESIAN_POINT('',(-7.907799298346,-373.40551707));
#296 = CARTESIAN_POINT('',(-7.903691836443,-373.5652132517));
#297 = CARTESIAN_POINT('',(-7.899276248919,-373.7134915024));
#298 = CARTESIAN_POINT('',(-7.894556512122,-373.8483954854));
#299 = CARTESIAN_POINT('',(-7.889540347336,-373.9678135756));
#300 = CARTESIAN_POINT('',(-7.880758036574,-374.1362271852));
#301 = CARTESIAN_POINT('',(-7.877154128316,-374.1953157013));
#302 = CARTESIAN_POINT('',(-7.873444573246,-374.2458305586));
#303 = CARTESIAN_POINT('',(-7.869647448007,-374.2870398572));
#304 = CARTESIAN_POINT('',(-7.865782084104,-374.3183762824));
#305 = CARTESIAN_POINT('',(-7.861868731912,-374.339439709));
#306 = CARTESIAN_POINT('',(-7.857928223463,-374.35));
#307 = CARTESIAN_POINT('',(-7.853981633974,-374.35));
#308 = ( GEOMETRIC_REPRESENTATION_CONTEXT(2) 
PARAMETRIC_REPRESENTATION_CONTEXT() REPRESENTATION_CONTEXT('2D SPACE',''
  ) );
#309 = PCURVE('',#310,#315);
#310 = CYLINDRICAL_SURFACE('',#311,4.35);
#311 = AXIS2_PLACEMENT_3D('',#312,#313,#314);
#312 = CARTESIAN_POINT('',(361.64143824457,230.99560952102,
    62.823498925933));
#313 = DIRECTION('',(-0.,-0.,-1.));
#314 = DIRECTION('',(1.,0.,0.));
#315 = DEFINITIONAL_REPRESENTATION('',(#316),#396);
#316 = B_SPLINE_CURVE_WITH_KNOTS('',8,(#317,#318,#319,#320,#321,#322,
    #323,#324,#325,#326,#327,#328,#329,#330,#331,#332,#333,#334,#335,
    #336,#337,#338,#339,#340,#341,#342,#343,#344,#345,#346,#347,#348,
    #349,#350,#351,#352,#353,#354,#355,#356,#357,#358,#359,#360,#361,
    #362,#363,#364,#365,#366,#367,#368,#369,#370,#371,#372,#373,#374,
    #375,#376,#377,#378,#379,#380,#381,#382,#383,#384,#385,#386,#387,
    #388,#389,#390,#391,#392,#393,#394,#395),.UNSPECIFIED.,.F.,.F.,(9,7,
    7,7,7,7,7,7,7,7,7,9),(0.,4.871092673347E-02,0.122865038086,
    0.182102144508,0.249168645477,0.426222108433,0.548334545955,
    0.679238295393,0.819999132973,0.878553077819,0.951851990221,1.),
  .UNSPECIFIED.);
#317 = CARTESIAN_POINT('',(0.,-5.175));
#318 = CARTESIAN_POINT('',(-4.609090154957E-02,-5.175));
#319 = CARTESIAN_POINT('',(-9.210925165868E-02,-5.174095666079));
#320 = CARTESIAN_POINT('',(-0.137957586878,-5.172291902636));
#321 = CARTESIAN_POINT('',(-0.183539234639,-5.169620818783));
#322 = CARTESIAN_POINT('',(-0.228754902036,-5.166140694703));
#323 = CARTESIAN_POINT('',(-0.273499280735,-5.16193305076));
#324 = CARTESIAN_POINT('',(-0.317657668005,-5.157097819339));
#325 = CARTESIAN_POINT('',(-0.427240138644,-5.143600326613));
#326 = CARTESIAN_POINT('',(-0.491705300616,-5.134260625833));
#327 = CARTESIAN_POINT('',(-0.554620579409,-5.12405274443));
#328 = CARTESIAN_POINT('',(-0.616078937948,-5.113292430616));
#329 = CARTESIAN_POINT('',(-0.676153447218,-5.10227124197));
#330 = CARTESIAN_POINT('',(-0.73490272741,-5.091247003212));
#331 = CARTESIAN_POINT('',(-0.792372195475,-5.080439433264));
#332 = CARTESIAN_POINT('',(-0.893500919749,-5.061716245122));
#333 = CARTESIAN_POINT('',(-0.937704608499,-5.053639194036));
#334 = CARTESIAN_POINT('',(-0.981269283842,-5.045883702224));
#335 = CARTESIAN_POINT('',(-1.024258158666,-5.038520256805));
#336 = CARTESIAN_POINT('',(-1.066731536645,-5.031607509108));
#337 = CARTESIAN_POINT('',(-1.108747788651,-5.025193865635));
#338 = CARTESIAN_POINT('',(-1.150364329175,-5.019319079041));
#339 = CARTESIAN_POINT('',(-1.238368093971,-5.00801166758));
#340 = CARTESIAN_POINT('',(-1.284658654726,-5.002740229238));
#341 = CARTESIAN_POINT('',(-1.330585864635,-4.998249403875));
#342 = CARTESIAN_POINT('',(-1.37622211369,-4.994575700585));
#343 = CARTESIAN_POINT('',(-1.421637693413,-4.991745368721));
#344 = CARTESIAN_POINT('',(-1.466901898016,-4.989775508853));
#345 = CARTESIAN_POINT('',(-1.512084125566,-4.988675183734));
#346 = CARTESIAN_POINT('',(-1.67650461848,-4.987842888622));
#347 = CARTESIAN_POINT('',(-1.795254115494,-4.99331584949));
#348 = CARTESIAN_POINT('',(-1.915166358,-5.004818126403));
#349 = CARTESIAN_POINT('',(-2.037650361205,-5.022047052643));
#350 = CARTESIAN_POINT('',(-2.164030390221,-5.044335865891));
#351 = CARTESIAN_POINT('',(-2.295710701705,-5.070394319967));
#352 = CARTESIAN_POINT('',(-2.43423059725,-5.09769984445));
#353 = CARTESIAN_POINT('',(-2.683718791695,-5.139555357447));
#354 = CARTESIAN_POINT('',(-2.793010586942,-5.155956508908));
#355 = CARTESIAN_POINT('',(-2.906830446272,-5.169609676961));
#356 = CARTESIAN_POINT('',(-3.02324961619,-5.178390115311));
#357 = CARTESIAN_POINT('',(-3.140764972788,-5.180746113766));
#358 = CARTESIAN_POINT('',(-3.25795776905,-5.176592574503));
#359 = CARTESIAN_POINT('',(-3.373295120937,-5.167067463778));
#360 = CARTESIAN_POINT('',(-3.604001259541,-5.139835127657));
#361 = CARTESIAN_POINT('',(-3.717380135647,-5.121752501338));
#362 = CARTESIAN_POINT('',(-3.825800383502,-5.101600959411));
#363 = CARTESIAN_POINT('',(-3.92997798411,-5.081104355838));
#364 = CARTESIAN_POINT('',(-4.030498097614,-5.061570303289));
#365 = CARTESIAN_POINT('',(-4.127881468055,-5.043904901925));
#366 = CARTESIAN_POINT('',(-4.222609376994,-5.02871802856));
#367 = CARTESIAN_POINT('',(-4.414713156061,-5.003111580435));
#368 = CARTESIAN_POINT('',(-4.512163357688,-4.993082625426));
#369 = CARTESIAN_POINT('',(-4.608283249063,-4.986778433068));
#370 = CARTESIAN_POINT('',(-4.703729673069,-4.984439867352));
#371 = CARTESIAN_POINT('',(-4.799128471101,-4.986142154601));
#372 = CARTESIAN_POINT('',(-4.895106810523,-4.991824392424));
#373 = CARTESIAN_POINT('',(-4.99232538471,-5.001267107224));
#374 = CARTESIAN_POINT('',(-5.132820980551,-5.019319079368));
#375 = CARTESIAN_POINT('',(-5.174437516934,-5.025193865347));
#376 = CARTESIAN_POINT('',(-5.216453767908,-5.031607508722));
#377 = CARTESIAN_POINT('',(-5.258927148624,-5.038520256886));
#378 = CARTESIAN_POINT('',(-5.301916026087,-5.045883702698));
#379 = CARTESIAN_POINT('',(-5.345480700168,-5.053639194244));
#380 = CARTESIAN_POINT('',(-5.389684384622,-5.061716244602));
#381 = CARTESIAN_POINT('',(-5.490813111704,-5.080439433264));
#382 = CARTESIAN_POINT('',(-5.54828257977,-5.091247003212));
#383 = CARTESIAN_POINT('',(-5.607031859961,-5.10227124197));
#384 = CARTESIAN_POINT('',(-5.667106369231,-5.113292430616));
#385 = CARTESIAN_POINT('',(-5.728564727771,-5.12405274443));
#386 = CARTESIAN_POINT('',(-5.791480006563,-5.134260625833));
#387 = CARTESIAN_POINT('',(-5.855945168536,-5.143600326613));
#388 = CARTESIAN_POINT('',(-5.965526604014,-5.157097691836));
#389 = CARTESIAN_POINT('',(-6.009685048673,-5.161932958697));
#390 = CARTESIAN_POINT('',(-6.054430203281,-5.166140708556));
#391 = CARTESIAN_POINT('',(-6.09964697629,-5.169620924293));
#392 = CARTESIAN_POINT('',(-6.145229654038,-5.172292031801));
#393 = CARTESIAN_POINT('',(-6.191078511739,-5.174095743972));
#394 = CARTESIAN_POINT('',(-6.237096400044,-5.175));
#395 = CARTESIAN_POINT('',(-6.28318530718,-5.175));
#396 = ( GEOMETRIC_REPRESENTATION_CONTEXT(2) 
PARAMETRIC_REPRESENTATION_CONTEXT() REPRESENTATION_CONTEXT('2D SPACE',''
  ) );
#397 = FACE_BOUND('',#398,.F.);
#398 = EDGE_LOOP('',(#399));
#399 = ORIENTED_EDGE('',*,*,#400,.T.);
#400 = EDGE_CURVE('',#401,#401,#403,.T.);
#401 = VERTEX_POINT('',#402);
#402 = CARTESIAN_POINT('',(290.99143824457,230.99560952102,
    67.998498925933));
#403 = SURFACE_CURVE('',#404,(#484,#567),.PCURVE_S1.);
#404 = B_SPLINE_CURVE_WITH_KNOTS('',8,(#405,#406,#407,#408,#409,#410,
    #411,#412,#413,#414,#415,#416,#417,#418,#419,#420,#421,#422,#423,
    #424,#425,#426,#427,#428,#429,#430,#431,#432,#433,#434,#435,#436,
    #437,#438,#439,#440,#441,#442,#443,#444,#445,#446,#447,#448,#449,
    #450,#451,#452,#453,#454,#455,#456,#457,#458,#459,#460,#461,#462,
    #463,#464,#465,#466,#467,#468,#469,#470,#471,#472,#473,#474,#475,
    #476,#477,#478,#479,#480,#481,#482,#483),.UNSPECIFIED.,.T.,.F.,(9,7,
    7,7,7,7,7,7,7,7,7,9),(0.,4.871092684073E-02,0.122865038356,
    0.182102144909,0.249168646026,0.426222109371,0.548334547165,
    0.679238296891,0.819999133101,0.878553077905,0.951851990255,1.),
  .UNSPECIFIED.);
#405 = CARTESIAN_POINT('',(290.99143824457,230.99560952102,
    67.998498925933));
#406 = CARTESIAN_POINT('',(290.99143824457,231.19610494276,
    67.998498925933));
#407 = CARTESIAN_POINT('',(290.9808770391,231.39628477763,
    67.997594592012));
#408 = CARTESIAN_POINT('',(290.9598130154,231.59507596289,
    67.995790828569));
#409 = CARTESIAN_POINT('',(290.92847685011,231.79141767648,
    67.993119744715));
#410 = CARTESIAN_POINT('',(290.88726860707,231.98427911718,
    67.989639620636));
#411 = CARTESIAN_POINT('',(290.83675502868,232.17267703067,
    67.985431976693));
#412 = CARTESIAN_POINT('',(290.77766702077,232.3556929814,
    67.980596745271));
#413 = CARTESIAN_POINT('',(290.60925182021,232.80163436224,
    67.967099252545));
#414 = CARTESIAN_POINT('',(290.48983372999,233.05628955642,
    67.957759551766));
#415 = CARTESIAN_POINT('',(290.35492974705,233.2958414441,
    67.947551670363));
#416 = CARTESIAN_POINT('',(290.20665149632,233.51990095772,
    67.936791356548));
#417 = CARTESIAN_POINT('',(290.04695531461,233.72827293263,
    67.925770167903));
#418 = CARTESIAN_POINT('',(289.8776605215,233.92092717696,
    67.914745929145));
#419 = CARTESIAN_POINT('',(289.70046618754,234.09797214975,
    67.903938359196));
#420 = CARTESIAN_POINT('',(289.37037983435,234.38877064367,
    67.885215171055));
#421 = CARTESIAN_POINT('',(289.2194704099,234.50835557981,
    67.877138119969));
#422 = CARTESIAN_POINT('',(289.06483266526,234.6185974532,
    67.869382628157));
#423 = CARTESIAN_POINT('',(288.90698251773,234.71970661312,
    67.862019182738));
#424 = CARTESIAN_POINT('',(288.74636645455,234.81188650056,
    67.85510643504));
#425 = CARTESIAN_POINT('',(288.58337072472,234.89532778818,
    67.848692791568));
#426 = CARTESIAN_POINT('',(288.41833053071,234.97020252018,
    67.842818004973));
#427 = CARTESIAN_POINT('',(288.06270302864,235.11189746775,
    67.831510593512));
#428 = CARTESIAN_POINT('',(287.87162282905,235.1763450322,
    67.826239155171));
#429 = CARTESIAN_POINT('',(287.67875232843,235.23020417538,
    67.821748329807));
#430 = CARTESIAN_POINT('',(287.48449168574,235.27364325123,
    67.818074626518));
#431 = CARTESIAN_POINT('',(287.28919938001,235.30679333418,
    67.815244294653));
#432 = CARTESIAN_POINT('',(287.09320407848,235.32974581554,
    67.813274434786));
#433 = CARTESIAN_POINT('',(286.8968165047,235.34254999991,
    67.812174109667));
#434 = CARTESIAN_POINT('',(286.18165293463,235.35223487041,
    67.811341814555));
#435 = CARTESIAN_POINT('',(285.66418535035,235.28854064181,
    67.816814775423));
#436 = CARTESIAN_POINT('',(285.15193880002,235.15510652194,
    67.828317052336));
#437 = CARTESIAN_POINT('',(284.64967336598,234.94954008278,
    67.845545978576));
#438 = CARTESIAN_POINT('',(284.16461199226,234.66725525983,
    67.867834791824));
#439 = CARTESIAN_POINT('',(283.7079911189,234.3025487072,67.8938932459)
  );
#440 = CARTESIAN_POINT('',(283.29622391862,233.84948029206,
    67.921198770383));
#441 = CARTESIAN_POINT('',(282.72000910385,232.92980895206,
    67.963054283381));
#442 = CARTESIAN_POINT('',(282.51127838676,232.49956296321,
    67.97945543484));
#443 = CARTESIAN_POINT('',(282.35069583169,232.02415562234,
    67.993108602894));
#444 = CARTESIAN_POINT('',(282.253042061,231.5176237506,68.001889041244)
  );
#445 = CARTESIAN_POINT('',(282.226238585,230.99733391312,68.004245039699
    ));
#446 = CARTESIAN_POINT('',(282.27126684627,230.48179366143,
    68.000091500435));
#447 = CARTESIAN_POINT('',(282.38197983125,229.988579382,67.990566389711
    ));
#448 = CARTESIAN_POINT('',(282.71953976326,229.04348179167,
    67.963334053589));
#449 = CARTESIAN_POINT('',(282.95213086203,228.60284722963,
    67.945251427271));
#450 = CARTESIAN_POINT('',(283.22868559666,228.21276823582,
    67.925099885344));
#451 = CARTESIAN_POINT('',(283.53832166648,227.87305783672,
    67.904603281771));
#452 = CARTESIAN_POINT('',(283.87234550503,227.58236013897,
    67.885069229221));
#453 = CARTESIAN_POINT('',(284.22381994155,227.3387503325,
    67.867403827858));
#454 = CARTESIAN_POINT('',(284.58732708937,227.14005940226,
    67.852216954493));
#455 = CARTESIAN_POINT('',(285.35791702305,226.81678788655,
    67.826610506526));
#456 = CARTESIAN_POINT('',(285.7678751976,226.69821925998,
    67.816581551129));
#457 = CARTESIAN_POINT('',(286.18412649117,226.62650509903,
    67.81027735899));
#458 = CARTESIAN_POINT('',(286.60338440376,226.60036316008,
    67.80793879347));
#459 = CARTESIAN_POINT('',(287.02280965623,226.6193231755,67.80964108053
    ));
#460 = CARTESIAN_POINT('',(287.439600478,226.68373972146,67.815323318173
    ));
#461 = CARTESIAN_POINT('',(287.85058099531,226.79480443145,
    67.824766033272));
#462 = CARTESIAN_POINT('',(288.418330541,227.02101652595,67.8428180053)
  );
#463 = CARTESIAN_POINT('',(288.58337071933,227.09589124952,
    67.84869279128));
#464 = CARTESIAN_POINT('',(288.74636644451,227.17933253626,
    67.855106434655));
#465 = CARTESIAN_POINT('',(288.90698251727,227.27151243057,
    67.862019182819));
#466 = CARTESIAN_POINT('',(289.06483267481,227.37262159586,
    67.86938262863));
#467 = CARTESIAN_POINT('',(289.21947041577,227.48286346491,
    67.877138120177));
#468 = CARTESIAN_POINT('',(289.37037982519,227.60244839029,
    67.885215170535));
#469 = CARTESIAN_POINT('',(289.70046618754,227.89324689228,
    67.903938359196));
#470 = CARTESIAN_POINT('',(289.8776605215,228.07029186507,
    67.914745929145));
#471 = CARTESIAN_POINT('',(290.04695531461,228.2629461094,
    67.925770167903));
#472 = CARTESIAN_POINT('',(290.20665149632,228.47131808431,
    67.936791356548));
#473 = CARTESIAN_POINT('',(290.35492974705,228.69537759793,
    67.947551670363));
#474 = CARTESIAN_POINT('',(290.48983372999,228.93492948561,
    67.957759551766));
#475 = CARTESIAN_POINT('',(290.60925182021,229.18958467979,
    67.967099252545));
#476 = CARTESIAN_POINT('',(290.77766542985,229.63552184809,
    67.980596617768));
#477 = CARTESIAN_POINT('',(290.83675394593,229.81853787419,
    67.98543188463));
#478 = CARTESIAN_POINT('',(290.88726880324,230.00693895361,
    67.989639634489));
#479 = CARTESIAN_POINT('',(290.92847810181,230.19980514141,
    67.993119850225));
#480 = CARTESIAN_POINT('',(290.95981452701,230.39615140649,
    67.995790957734));
#481 = CARTESIAN_POINT('',(290.9808779536,230.59494494935,
    67.997594669905));
#482 = CARTESIAN_POINT('',(290.99143824457,230.79512277498,
    67.998498925933));
#483 = CARTESIAN_POINT('',(290.99143824457,230.99560952102,
    67.998498925933));
#484 = PCURVE('',#33,#485);
#485 = DEFINITIONAL_REPRESENTATION('',(#486),#566);
#486 = B_SPLINE_CURVE_WITH_KNOTS('',8,(#487,#488,#489,#490,#491,#492,
    #493,#494,#495,#496,#497,#498,#499,#500,#501,#502,#503,#504,#505,
    #506,#507,#508,#509,#510,#511,#512,#513,#514,#515,#516,#517,#518,
    #519,#520,#521,#522,#523,#524,#525,#526,#527,#528,#529,#530,#531,
    #532,#533,#534,#535,#536,#537,#538,#539,#540,#541,#542,#543,#544,
    #545,#546,#547,#548,#549,#550,#551,#552,#553,#554,#555,#556,#557,
    #558,#559,#560,#561,#562,#563,#564,#565),.UNSPECIFIED.,.T.,.F.,(9,7,
    7,7,7,7,7,7,7,7,7,9),(0.,4.871092684073E-02,0.122865038356,
    0.182102144909,0.249168646026,0.426222109371,0.548334547165,
    0.679238296891,0.819999133101,0.878553077905,0.951851990255,1.),
  .UNSPECIFIED.);
#487 = CARTESIAN_POINT('',(-7.853981633974,-299.35));
#488 = CARTESIAN_POINT('',(-7.850034873704,-299.35));
#489 = CARTESIAN_POINT('',(-7.846094325701,-299.3394387945));
#490 = CARTESIAN_POINT('',(-7.842181019909,-299.3183747708));
#491 = CARTESIAN_POINT('',(-7.838315745593,-299.2870386055));
#492 = CARTESIAN_POINT('',(-7.834518713811,-299.2458303624));
#493 = CARTESIAN_POINT('',(-7.830809221089,-299.1953167841));
#494 = CARTESIAN_POINT('',(-7.827205314338,-299.1362287761));
#495 = CARTESIAN_POINT('',(-7.818422920613,-298.9678135756));
#496 = CARTESIAN_POINT('',(-7.813406755826,-298.8483954854));
#497 = CARTESIAN_POINT('',(-7.80868701903,-298.7134915024));
#498 = CARTESIAN_POINT('',(-7.804271431506,-298.5652132517));
#499 = CARTESIAN_POINT('',(-7.800163969603,-298.40551707));
#500 = CARTESIAN_POINT('',(-7.796365405818,-298.2362222769));
#501 = CARTESIAN_POINT('',(-7.792873800734,-298.0590279429));
#502 = CARTESIAN_POINT('',(-7.787137568039,-297.7289415897));
#503 = CARTESIAN_POINT('',(-7.784778181793,-297.5780321653));
#504 = CARTESIAN_POINT('',(-7.782602716307,-297.4233944206));
#505 = CARTESIAN_POINT('',(-7.78060711813,-297.2655442731));
#506 = CARTESIAN_POINT('',(-7.778787464702,-297.1049282099));
#507 = CARTESIAN_POINT('',(-7.777140077894,-296.9419324801));
#508 = CARTESIAN_POINT('',(-7.775661637557,-296.7768922861));
#509 = CARTESIAN_POINT('',(-7.772863499694,-296.421264784));
#510 = CARTESIAN_POINT('',(-7.771590612289,-296.2301845844));
#511 = CARTESIAN_POINT('',(-7.770526715907,-296.0373140838));
#512 = CARTESIAN_POINT('',(-7.769668564351,-295.8430534411));
#513 = CARTESIAN_POINT('',(-7.769013629323,-295.6477611354));
#514 = CARTESIAN_POINT('',(-7.76856014757,-295.4517658339));
#515 = CARTESIAN_POINT('',(-7.768307168026,-295.2553782601));
#516 = CARTESIAN_POINT('',(-7.768115818273,-294.54021469));
#517 = CARTESIAN_POINT('',(-7.769374260742,-294.0227471057));
#518 = CARTESIAN_POINT('',(-7.772010663365,-293.5105005554));
#519 = CARTESIAN_POINT('',(-7.776071409232,-293.0082351214));
#520 = CARTESIAN_POINT('',(-7.781645376532,-292.5231737476));
#521 = CARTESIAN_POINT('',(-7.788842424197,-292.0665528743));
#522 = CARTESIAN_POINT('',(-7.797776308026,-291.654785674));
#523 = CARTESIAN_POINT('',(-7.8158988139,-291.0785708592));
#524 = CARTESIAN_POINT('',(-7.824374142106,-290.8698401421));
#525 = CARTESIAN_POINT('',(-7.833735723805,-290.7092575871));
#526 = CARTESIAN_POINT('',(-7.843706946826,-290.6116038164));
#527 = CARTESIAN_POINT('',(-7.853947314732,-290.5848003404));
#528 = CARTESIAN_POINT('',(-7.864095005955,-290.6298286017));
#529 = CARTESIAN_POINT('',(-7.873805319015,-290.7405415866));
#530 = CARTESIAN_POINT('',(-7.892417323925,-291.0781015186));
#531 = CARTESIAN_POINT('',(-7.901097884544,-291.3106926174));
#532 = CARTESIAN_POINT('',(-7.908786213859,-291.587247352));
#533 = CARTESIAN_POINT('',(-7.915485210332,-291.8968834219));
#534 = CARTESIAN_POINT('',(-7.921220349195,-292.2309072604));
#535 = CARTESIAN_POINT('',(-7.926028339808,-292.5823816969));
#536 = CARTESIAN_POINT('',(-7.929950974208,-292.9458888447));
#537 = CARTESIAN_POINT('',(-7.936334519045,-293.7164787784));
#538 = CARTESIAN_POINT('',(-7.938676848704,-294.126436953));
#539 = CARTESIAN_POINT('',(-7.940093988868,-294.5426882466));
#540 = CARTESIAN_POINT('',(-7.940610656425,-294.9619461591));
#541 = CARTESIAN_POINT('',(-7.94023591988,-295.3813714116));
#542 = CARTESIAN_POINT('',(-7.938962952303,-295.7981622334));
#543 = CARTESIAN_POINT('',(-7.936768780605,-296.2091427507));
#544 = CARTESIAN_POINT('',(-7.932301630311,-296.7768922964));
#545 = CARTESIAN_POINT('',(-7.930823190141,-296.9419324747));
#546 = CARTESIAN_POINT('',(-7.92917580335,-297.1049281999));
#547 = CARTESIAN_POINT('',(-7.927356149786,-297.2655442726));
#548 = CARTESIAN_POINT('',(-7.925360551504,-297.4233944302));
#549 = CARTESIAN_POINT('',(-7.923185086103,-297.5780321711));
#550 = CARTESIAN_POINT('',(-7.920825700069,-297.7289415806));
#551 = CARTESIAN_POINT('',(-7.915089467215,-298.0590279429));
#552 = CARTESIAN_POINT('',(-7.911597862131,-298.2362222769));
#553 = CARTESIAN_POINT('',(-7.907799298346,-298.40551707));
#554 = CARTESIAN_POINT('',(-7.903691836443,-298.5652132517));
#555 = CARTESIAN_POINT('',(-7.899276248919,-298.7134915024));
#556 = CARTESIAN_POINT('',(-7.894556512122,-298.8483954854));
#557 = CARTESIAN_POINT('',(-7.889540347336,-298.9678135756));
#558 = CARTESIAN_POINT('',(-7.880758036574,-299.1362271852));
#559 = CARTESIAN_POINT('',(-7.877154128316,-299.1953157013));
#560 = CARTESIAN_POINT('',(-7.873444573246,-299.2458305586));
#561 = CARTESIAN_POINT('',(-7.869647448007,-299.2870398572));
#562 = CARTESIAN_POINT('',(-7.865782084104,-299.3183762824));
#563 = CARTESIAN_POINT('',(-7.861868731912,-299.339439709));
#564 = CARTESIAN_POINT('',(-7.857928223463,-299.35));
#565 = CARTESIAN_POINT('',(-7.853981633974,-299.35));
#566 = ( GEOMETRIC_REPRESENTATION_CONTEXT(2) 
PARAMETRIC_REPRESENTATION_CONTEXT() REPRESENTATION_CONTEXT('2D SPACE',''
  ) );
#567 = PCURVE('',#568,#573);
#568 = CYLINDRICAL_SURFACE('',#569,4.35);
#569 = AXIS2_PLACEMENT_3D('',#570,#571,#572);
#570 = CARTESIAN_POINT('',(286.64143824457,230.99560952102,
    62.823498925933));
#571 = DIRECTION('',(-0.,-0.,-1.));
#572 = DIRECTION('',(1.,0.,0.));
#573 = DEFINITIONAL_REPRESENTATION('',(#574),#654);
#574 = B_SPLINE_CURVE_WITH_KNOTS('',8,(#575,#576,#577,#578,#579,#580,
    #581,#582,#583,#584,#585,#586,#587,#588,#589,#590,#591,#592,#593,
    #594,#595,#596,#597,#598,#599,#600,#601,#602,#603,#604,#605,#606,
    #607,#608,#609,#610,#611,#612,#613,#614,#615,#616,#617,#618,#619,
    #620,#621,#622,#623,#624,#625,#626,#627,#628,#629,#630,#631,#632,
    #633,#634,#635,#636,#637,#638,#639,#640,#641,#642,#643,#644,#645,
    #646,#647,#648,#649,#650,#651,#652,#653),.UNSPECIFIED.,.F.,.F.,(9,7,
    7,7,7,7,7,7,7,7,7,9),(0.,4.871092684073E-02,0.122865038356,
    0.182102144909,0.249168646026,0.426222109371,0.548334547165,
    0.679238296891,0.819999133101,0.878553077905,0.951851990255,1.),
  .UNSPECIFIED.);
#575 = CARTESIAN_POINT('',(0.,-5.175));
#576 = CARTESIAN_POINT('',(-4.609090154957E-02,-5.175));
#577 = CARTESIAN_POINT('',(-9.210925165868E-02,-5.174095666079));
#578 = CARTESIAN_POINT('',(-0.137957586878,-5.172291902636));
#579 = CARTESIAN_POINT('',(-0.183539234639,-5.169620818783));
#580 = CARTESIAN_POINT('',(-0.228754902036,-5.166140694703));
#581 = CARTESIAN_POINT('',(-0.273499280735,-5.16193305076));
#582 = CARTESIAN_POINT('',(-0.317657668005,-5.157097819339));
#583 = CARTESIAN_POINT('',(-0.427240138644,-5.143600326613));
#584 = CARTESIAN_POINT('',(-0.491705300616,-5.134260625833));
#585 = CARTESIAN_POINT('',(-0.554620579409,-5.12405274443));
#586 = CARTESIAN_POINT('',(-0.616078937948,-5.113292430616));
#587 = CARTESIAN_POINT('',(-0.676153447218,-5.10227124197));
#588 = CARTESIAN_POINT('',(-0.73490272741,-5.091247003212));
#589 = CARTESIAN_POINT('',(-0.792372195475,-5.080439433264));
#590 = CARTESIAN_POINT('',(-0.893500919749,-5.061716245122));
#591 = CARTESIAN_POINT('',(-0.937704608499,-5.053639194036));
#592 = CARTESIAN_POINT('',(-0.981269283842,-5.045883702224));
#593 = CARTESIAN_POINT('',(-1.024258158666,-5.038520256805));
#594 = CARTESIAN_POINT('',(-1.066731536645,-5.031607509108));
#595 = CARTESIAN_POINT('',(-1.108747788651,-5.025193865635));
#596 = CARTESIAN_POINT('',(-1.150364329175,-5.019319079041));
#597 = CARTESIAN_POINT('',(-1.238368093971,-5.00801166758));
#598 = CARTESIAN_POINT('',(-1.284658654726,-5.002740229238));
#599 = CARTESIAN_POINT('',(-1.330585864635,-4.998249403875));
#600 = CARTESIAN_POINT('',(-1.37622211369,-4.994575700585));
#601 = CARTESIAN_POINT('',(-1.421637693413,-4.991745368721));
#602 = CARTESIAN_POINT('',(-1.466901898016,-4.989775508853));
#603 = CARTESIAN_POINT('',(-1.512084125566,-4.988675183734));
#604 = CARTESIAN_POINT('',(-1.67650461848,-4.987842888622));
#605 = CARTESIAN_POINT('',(-1.795254115494,-4.99331584949));
#606 = CARTESIAN_POINT('',(-1.915166358,-5.004818126403));
#607 = CARTESIAN_POINT('',(-2.037650361206,-5.022047052643));
#608 = CARTESIAN_POINT('',(-2.164030390221,-5.044335865891));
#609 = CARTESIAN_POINT('',(-2.295710701706,-5.070394319967));
#610 = CARTESIAN_POINT('',(-2.434230597249,-5.09769984445));
#611 = CARTESIAN_POINT('',(-2.683718791698,-5.139555357448));
#612 = CARTESIAN_POINT('',(-2.793010586941,-5.155956508907));
#613 = CARTESIAN_POINT('',(-2.906830446267,-5.169609676961));
#614 = CARTESIAN_POINT('',(-3.023249616194,-5.178390115312));
#615 = CARTESIAN_POINT('',(-3.140764972788,-5.180746113766));
#616 = CARTESIAN_POINT('',(-3.257957769053,-5.176592574503));
#617 = CARTESIAN_POINT('',(-3.373295120934,-5.167067463778));
#618 = CARTESIAN_POINT('',(-3.604001259541,-5.139835127657));
#619 = CARTESIAN_POINT('',(-3.717380135647,-5.121752501338));
#620 = CARTESIAN_POINT('',(-3.825800383502,-5.101600959411));
#621 = CARTESIAN_POINT('',(-3.92997798411,-5.081104355838));
#622 = CARTESIAN_POINT('',(-4.030498097614,-5.061570303289));
#623 = CARTESIAN_POINT('',(-4.127881468055,-5.043904901925));
#624 = CARTESIAN_POINT('',(-4.222609376994,-5.02871802856));
#625 = CARTESIAN_POINT('',(-4.414713154873,-5.003111580594));
#626 = CARTESIAN_POINT('',(-4.512163361151,-4.993082625197));
#627 = CARTESIAN_POINT('',(-4.608283245577,-4.986778433057));
#628 = CARTESIAN_POINT('',(-4.703729672784,-4.984439867537));
#629 = CARTESIAN_POINT('',(-4.799128474555,-4.986142154597));
#630 = CARTESIAN_POINT('',(-4.895106807625,-4.991824392241));
#631 = CARTESIAN_POINT('',(-4.992325385605,-5.001267107339));
#632 = CARTESIAN_POINT('',(-5.132820980551,-5.019319079368));
#633 = CARTESIAN_POINT('',(-5.174437516934,-5.025193865347));
#634 = CARTESIAN_POINT('',(-5.216453767908,-5.031607508722));
#635 = CARTESIAN_POINT('',(-5.258927148624,-5.038520256886));
#636 = CARTESIAN_POINT('',(-5.301916026087,-5.045883702698));
#637 = CARTESIAN_POINT('',(-5.345480700168,-5.053639194244));
#638 = CARTESIAN_POINT('',(-5.389684384622,-5.061716244602));
#639 = CARTESIAN_POINT('',(-5.490813111704,-5.080439433264));
#640 = CARTESIAN_POINT('',(-5.54828257977,-5.091247003212));
#641 = CARTESIAN_POINT('',(-5.607031859961,-5.10227124197));
#642 = CARTESIAN_POINT('',(-5.667106369231,-5.113292430616));
#643 = CARTESIAN_POINT('',(-5.728564727771,-5.12405274443));
#644 = CARTESIAN_POINT('',(-5.791480006563,-5.134260625833));
#645 = CARTESIAN_POINT('',(-5.855945168536,-5.143600326613));
#646 = CARTESIAN_POINT('',(-5.965526604014,-5.157097691836));
#647 = CARTESIAN_POINT('',(-6.009685048673,-5.161932958697));
#648 = CARTESIAN_POINT('',(-6.054430203281,-5.166140708556));
#649 = CARTESIAN_POINT('',(-6.09964697629,-5.169620924293));
#650 = CARTESIAN_POINT('',(-6.145229654038,-5.172292031801));
#651 = CARTESIAN_POINT('',(-6.191078511739,-5.174095743972));
#652 = CARTESIAN_POINT('',(-6.237096400044,-5.175));
#653 = CARTESIAN_POINT('',(-6.28318530718,-5.175));
#654 = ( GEOMETRIC_REPRESENTATION_CONTEXT(2) 
PARAMETRIC_REPRESENTATION_CONTEXT() REPRESENTATION_CONTEXT('2D SPACE',''
  ) );
#655 = FACE_BOUND('',#656,.F.);
#656 = EDGE_LOOP('',(#657));
#657 = ORIENTED_EDGE('',*,*,#658,.T.);
#658 = EDGE_CURVE('',#659,#659,#661,.T.);
#659 = VERTEX_POINT('',#660);
#660 = CARTESIAN_POINT('',(218.99143824457,230.99560952102,
    67.998498925933));
#661 = SURFACE_CURVE('',#662,(#761,#863),.PCURVE_S1.);
#662 = B_SPLINE_CURVE_WITH_KNOTS('',7,(#663,#664,#665,#666,#667,#668,
    #669,#670,#671,#672,#673,#674,#675,#676,#677,#678,#679,#680,#681,
    #682,#683,#684,#685,#686,#687,#688,#689,#690,#691,#692,#693,#694,
    #695,#696,#697,#698,#699,#700,#701,#702,#703,#704,#705,#706,#707,
    #708,#709,#710,#711,#712,#713,#714,#715,#716,#717,#718,#719,#720,
    #721,#722,#723,#724,#725,#726,#727,#728,#729,#730,#731,#732,#733,
    #734,#735,#736,#737,#738,#739,#740,#741,#742,#743,#744,#745,#746,
    #747,#748,#749,#750,#751,#752,#753,#754,#755,#756,#757,#758,#759,
    #760),.UNSPECIFIED.,.T.,.F.,(8,6,6,6,6,6,6,6,6,6,6,6,6,6,6,6,8),(0.,
    4.613124306914E-02,7.649322397148E-02,0.116339001588,0.149889649686,
    0.249354476226,0.347033226772,0.422591798115,0.501701978909,
    0.577869205001,0.680758006706,0.749896513045,0.823004869565,
    0.883796822572,0.923596102629,0.953922652976,1.),.UNSPECIFIED.);
#663 = CARTESIAN_POINT('',(218.99143824457,230.99560952102,
    67.998498925933));
#664 = CARTESIAN_POINT('',(218.99143824457,231.36566075395,
    67.998498925933));
#665 = CARTESIAN_POINT('',(218.96970198367,231.73506763894,
    67.995354071213));
#666 = CARTESIAN_POINT('',(218.92636616368,232.10122480334,
    67.989083834059));
#667 = CARTESIAN_POINT('',(218.86207893006,232.46156054027,
    67.979840039715));
#668 = CARTESIAN_POINT('',(218.77798971247,232.81360225518,
    67.967900997848));
#669 = CARTESIAN_POINT('',(218.67574162913,233.15504060788,
    67.953648369071));
#670 = CARTESIAN_POINT('',(218.47962184613,233.70016532135,
    67.926916088032));
#671 = CARTESIAN_POINT('',(218.39474330006,233.91129634024,
    67.915483370893));
#672 = CARTESIAN_POINT('',(218.30326941017,234.11695651028,
    67.903333070823));
#673 = CARTESIAN_POINT('',(218.20564374237,234.3169438745,
    67.890571668194));
#674 = CARTESIAN_POINT('',(218.10231502544,234.51108339271,
    67.87730577856));
#675 = CARTESIAN_POINT('',(217.99373734122,234.69922691865,
    67.863640263166));
#676 = CARTESIAN_POINT('',(217.73159223176,235.12013672802,
    67.831350677533));
#677 = CARTESIAN_POINT('',(217.57452830742,235.34854444356,
    67.812506420809));
#678 = CARTESIAN_POINT('',(217.41001773265,235.56650114463,
    67.793348751682));
#679 = CARTESIAN_POINT('',(217.23882846794,235.77407180616,
    67.77406495462));
#680 = CARTESIAN_POINT('',(217.06166335649,235.97135387412,
    67.754824329444));
#681 = CARTESIAN_POINT('',(216.87916623713,236.15846958259,
    67.735778104573));
#682 = CARTESIAN_POINT('',(216.53427114468,236.48466918347,
    67.701297922709));
#683 = CARTESIAN_POINT('',(216.37322062064,236.62670185474,
    67.685765480955));
#684 = CARTESIAN_POINT('',(216.20909001485,236.76176818075,
    67.670538232232));
#685 = CARTESIAN_POINT('',(216.04216551372,236.88997817798,
    67.655684210638));
#686 = CARTESIAN_POINT('',(215.87270603409,237.01143995586,
    67.641263806039));
#687 = CARTESIAN_POINT('',(215.70094329685,237.12625968931,
    67.627330292945));
#688 = CARTESIAN_POINT('',(215.01164942464,237.55555597455,
    67.574204686647));
#689 = CARTESIAN_POINT('',(214.47759755312,237.81921704911,
    67.539155124122));
#690 = CARTESIAN_POINT('',(213.93047046545,238.02800220445,
    67.510025342562));
#691 = CARTESIAN_POINT('',(213.37437929982,238.18394011819,
    67.487593905252));
#692 = CARTESIAN_POINT('',(212.8125352023,238.28847456452,
    67.472323475052));
#693 = CARTESIAN_POINT('',(212.24767492894,238.34234665283,
    67.464446282401));
#694 = CARTESIAN_POINT('',(211.12723401295,238.34858779708,
    67.463533694035));
#695 = CARTESIAN_POINT('',(210.57219586079,238.30275916879,
    67.470234730227));
#696 = CARTESIAN_POINT('',(210.01973290263,238.20811372737,
    67.484085871299));
#697 = CARTESIAN_POINT('',(209.47242818985,238.06401935336,
    67.50488791134));
#698 = CARTESIAN_POINT('',(208.93327030531,237.86919321369,
    67.532230004974));
#699 = CARTESIAN_POINT('',(208.40603475625,237.62179974925,
    67.565416532194));
#700 = CARTESIAN_POINT('',(207.50103404473,237.08576699982,
    67.632668909952));
#701 = CARTESIAN_POINT('',(207.11617728134,236.81898876386,
    67.664855014632));
#702 = CARTESIAN_POINT('',(206.74355745621,236.51809470926,
    67.699385385031));
#703 = CARTESIAN_POINT('',(206.38614017377,236.18187251826,
    67.735594856282));
#704 = CARTESIAN_POINT('',(206.0475836973,235.80913168289,
    67.772607117552));
#705 = CARTESIAN_POINT('',(205.73240029456,235.3988715245,67.80930343744
    ));
#706 = CARTESIAN_POINT('',(205.14650610242,234.48108322775,
    67.880973045109));
#707 = CARTESIAN_POINT('',(204.87502247899,233.96431386932,
    67.916219956749));
#708 = CARTESIAN_POINT('',(204.64431057884,233.40528198927,
    67.947821787146));
#709 = CARTESIAN_POINT('',(204.46444974845,232.81122673026,
    67.973434445407));
#710 = CARTESIAN_POINT('',(204.34296617279,232.19111929152,
    67.991045082408));
#711 = CARTESIAN_POINT('',(204.28474911133,231.55508255101,
    67.999466682634));
#712 = CARTESIAN_POINT('',(204.29877375834,230.2962348016,67.99743764931
    ));
#713 = CARTESIAN_POINT('',(204.36610548618,229.68614756483,
    67.987697331472));
#714 = CARTESIAN_POINT('',(204.49141178492,229.09267978202,
    67.969604711184));
#715 = CARTESIAN_POINT('',(204.66996182251,228.52451785119,
    67.944317161313));
#716 = CARTESIAN_POINT('',(204.8948931638,227.9893174049,67.913645421922
    ));
#717 = CARTESIAN_POINT('',(205.15728042214,227.49325811746,
    67.879655074599));
#718 = CARTESIAN_POINT('',(205.8364336799,226.42938187491,
    67.796577535714));
#719 = CARTESIAN_POINT('',(206.28036221468,225.88914679324,
    67.745729380555));
#720 = CARTESIAN_POINT('',(206.7638288772,225.41825523089,67.69522749453
    ));
#721 = CARTESIAN_POINT('',(207.2765165278,225.01365648469,
    67.647666369703));
#722 = CARTESIAN_POINT('',(207.81082303911,224.67202958372,
    67.604781197679));
#723 = CARTESIAN_POINT('',(208.36116440789,224.39040904498,
    67.567758850837));
#724 = CARTESIAN_POINT('',(209.30145126999,224.01618300895,
    67.516990983539));
#725 = CARTESIAN_POINT('',(209.68480423847,223.89187428926,
    67.499593216756));
#726 = CARTESIAN_POINT('',(210.07224458408,223.79305437707,
    67.485451957138));
#727 = CARTESIAN_POINT('',(210.4626143651,223.71925658565,
    67.474738106245));
#728 = CARTESIAN_POINT('',(210.85489508987,223.67016188008,
    67.467559322822));
#729 = CARTESIAN_POINT('',(211.24814524213,223.64560952102,
    67.463969181367));
#730 = CARTESIAN_POINT('',(212.05731365991,223.64560952102,
    67.463969181367));
#731 = CARTESIAN_POINT('',(212.47313197445,223.67306239609,
    67.467983450304));
#732 = CARTESIAN_POINT('',(212.88780282768,223.72795397388,
    67.476009860471));
#733 = CARTESIAN_POINT('',(213.30021703926,223.81048596745,
    67.487981569925));
#734 = CARTESIAN_POINT('',(213.70916370683,223.92105862905,
    67.503764196492));
#735 = CARTESIAN_POINT('',(214.11324653811,224.06025587101,
    67.523143001095));
#736 = CARTESIAN_POINT('',(214.8413774396,224.36901004452,
    67.564640171535));
#737 = CARTESIAN_POINT('',(215.16743546156,224.52949998838,
    67.585746783962));
#738 = CARTESIAN_POINT('',(215.48809116464,224.71076743072,
    67.608941241992));
#739 = CARTESIAN_POINT('',(215.80229035374,224.91337617125,
    67.633997576768));
#740 = CARTESIAN_POINT('',(216.10875454378,225.13795510106,
    67.660627792684));
#741 = CARTESIAN_POINT('',(216.40592854649,225.38516423952,
    67.688467133803));
#742 = CARTESIAN_POINT('',(216.87916623713,225.83274945944,
    67.735778104573));
#743 = CARTESIAN_POINT('',(217.06166335649,226.01986516791,
    67.754824329444));
#744 = CARTESIAN_POINT('',(217.23882846794,226.21714723587,
    67.77406495462));
#745 = CARTESIAN_POINT('',(217.41001773265,226.4247178974,
    67.793348751682));
#746 = CARTESIAN_POINT('',(217.57452830742,226.64267459847,
    67.812506420809));
#747 = CARTESIAN_POINT('',(217.73159223175,226.87108231401,
    67.831350677532));
#748 = CARTESIAN_POINT('',(217.99373734123,227.29199212339,
    67.863640263166));
#749 = CARTESIAN_POINT('',(218.10231502544,227.48013564932,
    67.87730577856));
#750 = CARTESIAN_POINT('',(218.20564374237,227.67427516753,
    67.890571668194));
#751 = CARTESIAN_POINT('',(218.30326941016,227.87426253175,
    67.903333070822));
#752 = CARTESIAN_POINT('',(218.39474330006,228.07992270179,
    67.915483370893));
#753 = CARTESIAN_POINT('',(218.47962184613,228.29105372069,
    67.926916088032));
#754 = CARTESIAN_POINT('',(218.67574146552,228.8361779794,67.95364834677
    ));
#755 = CARTESIAN_POINT('',(218.77798964936,229.17761645212,
    67.967900988319));
#756 = CARTESIAN_POINT('',(218.86207904011,229.52965870133,
    67.97984005498));
#757 = CARTESIAN_POINT('',(218.92636636644,229.88999512262,
    67.989083863278));
#758 = CARTESIAN_POINT('',(218.96970212962,230.25615277545,
    67.995354092374));
#759 = CARTESIAN_POINT('',(218.99143824457,230.62555953286,
    67.998498925933));
#760 = CARTESIAN_POINT('',(218.99143824457,230.99560952102,
    67.998498925933));
#761 = PCURVE('',#33,#762);
#762 = DEFINITIONAL_REPRESENTATION('',(#763),#862);
#763 = B_SPLINE_CURVE_WITH_KNOTS('',7,(#764,#765,#766,#767,#768,#769,
    #770,#771,#772,#773,#774,#775,#776,#777,#778,#779,#780,#781,#782,
    #783,#784,#785,#786,#787,#788,#789,#790,#791,#792,#793,#794,#795,
    #796,#797,#798,#799,#800,#801,#802,#803,#804,#805,#806,#807,#808,
    #809,#810,#811,#812,#813,#814,#815,#816,#817,#818,#819,#820,#821,
    #822,#823,#824,#825,#826,#827,#828,#829,#830,#831,#832,#833,#834,
    #835,#836,#837,#838,#839,#840,#841,#842,#843,#844,#845,#846,#847,
    #848,#849,#850,#851,#852,#853,#854,#855,#856,#857,#858,#859,#860,
    #861),.UNSPECIFIED.,.T.,.F.,(8,6,6,6,6,6,6,6,6,6,6,6,6,6,6,6,8),(0.,
    4.613124306914E-02,7.649322397148E-02,0.116339001588,0.149889649686,
    0.249354476226,0.347033226772,0.422591798115,0.501701978909,
    0.577869205001,0.680758006706,0.749896513045,0.823004869565,
    0.883796822572,0.923596102629,0.953922652976,1.),.UNSPECIFIED.);
#764 = CARTESIAN_POINT('',(-7.853981633974,-227.35));
#765 = CARTESIAN_POINT('',(-7.846697160885,-227.35));
#766 = CARTESIAN_POINT('',(-7.839425371449,-227.3282637391));
#767 = CARTESIAN_POINT('',(-7.832216923225,-227.2849279191));
#768 = CARTESIAN_POINT('',(-7.825121813833,-227.2206406854));
#769 = CARTESIAN_POINT('',(-7.818188222066,-227.1365514678));
#770 = CARTESIAN_POINT('',(-7.811461319373,-227.0343033845));
#771 = CARTESIAN_POINT('',(-7.80071762292,-226.8381836015));
#772 = CARTESIAN_POINT('',(-7.796555465863,-226.7533050554));
#773 = CARTESIAN_POINT('',(-7.792500054489,-226.6618311655));
#774 = CARTESIAN_POINT('',(-7.788555363581,-226.5642054978));
#775 = CARTESIAN_POINT('',(-7.784724865441,-226.4608767808));
#776 = CARTESIAN_POINT('',(-7.781011526587,-226.3522990966));
#777 = CARTESIAN_POINT('',(-7.772701555706,-226.0901539871));
#778 = CARTESIAN_POINT('',(-7.768190139103,-225.9330900628));
#779 = CARTESIAN_POINT('',(-7.763883205554,-225.768579488));
#780 = CARTESIAN_POINT('',(-7.759779656882,-225.5973902233));
#781 = CARTESIAN_POINT('',(-7.755877782859,-225.4202251119));
#782 = CARTESIAN_POINT('',(-7.752175398259,-225.2377279925));
#783 = CARTESIAN_POINT('',(-7.745718373393,-224.8928329001));
#784 = CARTESIAN_POINT('',(-7.742905804132,-224.731782376));
#785 = CARTESIAN_POINT('',(-7.740230197665,-224.5676517702));
#786 = CARTESIAN_POINT('',(-7.7376895165,-224.4007272691));
#787 = CARTESIAN_POINT('',(-7.735281757964,-224.2312677895));
#788 = CARTESIAN_POINT('',(-7.733004952041,-224.0595050522));
#789 = CARTESIAN_POINT('',(-7.724489775774,-223.37021118));
#790 = CARTESIAN_POINT('',(-7.719254150497,-222.8361593085));
#791 = CARTESIAN_POINT('',(-7.715104481873,-222.2890322208));
#792 = CARTESIAN_POINT('',(-7.712003243123,-221.7329410552));
#793 = CARTESIAN_POINT('',(-7.709923644117,-221.1710969577));
#794 = CARTESIAN_POINT('',(-7.708851891542,-220.6062366843));
#795 = CARTESIAN_POINT('',(-7.708727727933,-219.4857957683));
#796 = CARTESIAN_POINT('',(-7.709639460588,-218.9307576162));
#797 = CARTESIAN_POINT('',(-7.711522401124,-218.378294658));
#798 = CARTESIAN_POINT('',(-7.714388310511,-217.8309899452));
#799 = CARTESIAN_POINT('',(-7.718260986386,-217.2918320607));
#800 = CARTESIAN_POINT('',(-7.723174380658,-216.7645965116));
#801 = CARTESIAN_POINT('',(-7.733808930372,-215.8595958001));
#802 = CARTESIAN_POINT('',(-7.739098492778,-215.4747390367));
#803 = CARTESIAN_POINT('',(-7.745060311047,-215.1021192116));
#804 = CARTESIAN_POINT('',(-7.75171680111,-214.7447019292));
#805 = CARTESIAN_POINT('',(-7.759089805711,-214.4061454527));
#806 = CARTESIAN_POINT('',(-7.767197519573,-214.0909620499));
#807 = CARTESIAN_POINT('',(-7.785319219666,-213.5050678578));
#808 = CARTESIAN_POINT('',(-7.795514985259,-213.2335842344));
#809 = CARTESIAN_POINT('',(-7.806535888993,-213.0028723342));
#810 = CARTESIAN_POINT('',(-7.818238699948,-212.8230115038));
#811 = CARTESIAN_POINT('',(-7.830448243335,-212.7015279282));
#812 = CARTESIAN_POINT('',(-7.842968369651,-212.6433108667));
#813 = CARTESIAN_POINT('',(-7.867748869348,-212.6573355137));
#814 = CARTESIAN_POINT('',(-7.879758755131,-212.7246672416));
#815 = CARTESIAN_POINT('',(-7.891444678403,-212.8499735403));
#816 = CARTESIAN_POINT('',(-7.902638256953,-213.0285235779));
#817 = CARTESIAN_POINT('',(-7.913189898767,-213.2534549192));
#818 = CARTESIAN_POINT('',(-7.922977297858,-213.5158421775));
#819 = CARTESIAN_POINT('',(-7.943983499694,-214.1949954353));
#820 = CARTESIAN_POINT('',(-7.954663696961,-214.6389239701));
#821 = CARTESIAN_POINT('',(-7.96398535485,-215.1223906326));
#822 = CARTESIAN_POINT('',(-7.972004236375,-215.6350782832));
#823 = CARTESIAN_POINT('',(-7.978781758652,-216.1693847945));
#824 = CARTESIAN_POINT('',(-7.98437312183,-216.7197261633));
#825 = CARTESIAN_POINT('',(-7.991807254611,-217.6600130254));
#826 = CARTESIAN_POINT('',(-7.994278104377,-218.0433659939));
#827 = CARTESIAN_POINT('',(-7.996243185769,-218.4308063395));
#828 = CARTESIAN_POINT('',(-7.997711127202,-218.8211761205));
#829 = CARTESIAN_POINT('',(-7.998687835213,-219.2134568453));
#830 = CARTESIAN_POINT('',(-7.999176289102,-219.6067069975));
#831 = CARTESIAN_POINT('',(-7.999176289102,-220.4158754153));
#832 = CARTESIAN_POINT('',(-7.998630131206,-220.8316937298));
#833 = CARTESIAN_POINT('',(-7.997538098264,-221.2463645831));
#834 = CARTESIAN_POINT('',(-7.995896450097,-221.6587787946));
#835 = CARTESIAN_POINT('',(-7.99369777489,-222.0677254622));
#836 = CARTESIAN_POINT('',(-7.990931275903,-222.4718082935));
#837 = CARTESIAN_POINT('',(-7.984798788829,-223.199939195));
#838 = CARTESIAN_POINT('',(-7.981612349431,-223.5259972169));
#839 = CARTESIAN_POINT('',(-7.978015032357,-223.84665292));
#840 = CARTESIAN_POINT('',(-7.973996360115,-224.1608521091));
#841 = CARTESIAN_POINT('',(-7.969544657275,-224.4673162992));
#842 = CARTESIAN_POINT('',(-7.964647687075,-224.7644903019));
#843 = CARTESIAN_POINT('',(-7.95578786969,-225.2377279925));
#844 = CARTESIAN_POINT('',(-7.95208548509,-225.4202251119));
#845 = CARTESIAN_POINT('',(-7.948183611066,-225.5973902233));
#846 = CARTESIAN_POINT('',(-7.944080062395,-225.768579488));
#847 = CARTESIAN_POINT('',(-7.939773128846,-225.9330900628));
#848 = CARTESIAN_POINT('',(-7.935261712243,-226.0901539871));
#849 = CARTESIAN_POINT('',(-7.926951741362,-226.3522990966));
#850 = CARTESIAN_POINT('',(-7.923238402507,-226.4608767808));
#851 = CARTESIAN_POINT('',(-7.919407904368,-226.5642054977));
#852 = CARTESIAN_POINT('',(-7.91546321346,-226.6618311655));
#853 = CARTESIAN_POINT('',(-7.911407802086,-226.7533050554));
#854 = CARTESIAN_POINT('',(-7.907245645029,-226.8381836015));
#855 = CARTESIAN_POINT('',(-7.896501957538,-227.0343032209));
#856 = CARTESIAN_POINT('',(-7.889775052474,-227.1365514047));
#857 = CARTESIAN_POINT('',(-7.882841450179,-227.2206407955));
#858 = CARTESIAN_POINT('',(-7.875746327317,-227.2849281218));
#859 = CARTESIAN_POINT('',(-7.868537869485,-227.328263885));
#860 = CARTESIAN_POINT('',(-7.86126608256,-227.35));
#861 = CARTESIAN_POINT('',(-7.853981633974,-227.35));
#862 = ( GEOMETRIC_REPRESENTATION_CONTEXT(2) 
PARAMETRIC_REPRESENTATION_CONTEXT() REPRESENTATION_CONTEXT('2D SPACE',''
  ) );
#863 = PCURVE('',#864,#869);
#864 = CYLINDRICAL_SURFACE('',#865,7.35);
#865 = AXIS2_PLACEMENT_3D('',#866,#867,#868);
#866 = CARTESIAN_POINT('',(211.64143824457,230.99560952102,
    62.823498925933));
#867 = DIRECTION('',(-0.,-0.,-1.));
#868 = DIRECTION('',(1.,0.,0.));
#869 = DEFINITIONAL_REPRESENTATION('',(#870),#969);
#870 = B_SPLINE_CURVE_WITH_KNOTS('',7,(#871,#872,#873,#874,#875,#876,
    #877,#878,#879,#880,#881,#882,#883,#884,#885,#886,#887,#888,#889,
    #890,#891,#892,#893,#894,#895,#896,#897,#898,#899,#900,#901,#902,
    #903,#904,#905,#906,#907,#908,#909,#910,#911,#912,#913,#914,#915,
    #916,#917,#918,#919,#920,#921,#922,#923,#924,#925,#926,#927,#928,
    #929,#930,#931,#932,#933,#934,#935,#936,#937,#938,#939,#940,#941,
    #942,#943,#944,#945,#946,#947,#948,#949,#950,#951,#952,#953,#954,
    #955,#956,#957,#958,#959,#960,#961,#962,#963,#964,#965,#966,#967,
    #968),.UNSPECIFIED.,.F.,.F.,(8,6,6,6,6,6,6,6,6,6,6,6,6,6,6,6,8),(0.,
    4.613124306914E-02,7.649322397148E-02,0.116339001588,0.149889649686,
    0.249354476226,0.347033226772,0.422591798115,0.501701978909,
    0.577869205001,0.680758006706,0.749896513045,0.823004869565,
    0.883796822572,0.923596102629,0.953922652976,1.),.UNSPECIFIED.);
#871 = CARTESIAN_POINT('',(0.,-5.175));
#872 = CARTESIAN_POINT('',(-5.034710652194E-02,-5.175));
#873 = CARTESIAN_POINT('',(-0.100606543537,-5.17185514528));
#874 = CARTESIAN_POINT('',(-0.150632307248,-5.165584908127));
#875 = CARTESIAN_POINT('',(-0.200279623754,-5.156341113783));
#876 = CARTESIAN_POINT('',(-0.249396891835,-5.144402071916));
#877 = CARTESIAN_POINT('',(-0.297817623727,-5.130149443138));
#878 = CARTESIAN_POINT('',(-0.37663811099,-5.1034171621));
#879 = CARTESIAN_POINT('',(-0.40757673494,-5.091984444961));
#880 = CARTESIAN_POINT('',(-0.438168739694,-5.07983414489));
#881 = CARTESIAN_POINT('',(-0.468412898854,-5.067072742262));
#882 = CARTESIAN_POINT('',(-0.498306256178,-5.053806852627));
#883 = CARTESIAN_POINT('',(-0.527844106065,-5.040141337233));
#884 = CARTESIAN_POINT('',(-0.595309147296,-5.0078517516));
#885 = CARTESIAN_POINT('',(-0.632984503157,-4.989007494877));
#886 = CARTESIAN_POINT('',(-0.670080069891,-4.969849825749));
#887 = CARTESIAN_POINT('',(-0.706626788443,-4.950566028688));
#888 = CARTESIAN_POINT('',(-0.742653093748,-4.931325403511));
#889 = CARTESIAN_POINT('',(-0.778185496027,-4.912279178641));
#890 = CARTESIAN_POINT('',(-0.842773211868,-4.877798996777));
#891 = CARTESIAN_POINT('',(-0.871970982055,-4.862266555023));
#892 = CARTESIAN_POINT('',(-0.900863943051,-4.847039306299));
#893 = CARTESIAN_POINT('',(-0.929471994918,-4.832185284706));
#894 = CARTESIAN_POINT('',(-0.957814144121,-4.817764880107));
#895 = CARTESIAN_POINT('',(-0.98590918025,-4.803831367013));
#896 = CARTESIAN_POINT('',(-1.096391850111,-4.750705760714));
#897 = CARTESIAN_POINT('',(-1.177032836384,-4.71565619819));
#898 = CARTESIAN_POINT('',(-1.256155981455,-4.686526416629));
#899 = CARTESIAN_POINT('',(-1.334160888634,-4.664094979319));
#900 = CARTESIAN_POINT('',(-1.411422193005,-4.648824549119));
#901 = CARTESIAN_POINT('',(-1.488313923264,-4.640947356469));
#902 = CARTESIAN_POINT('',(-1.640757229148,-4.640034768103));
#903 = CARTESIAN_POINT('',(-1.716237029039,-4.646735804294));
#904 = CARTESIAN_POINT('',(-1.792031912334,-4.660586945366));
#905 = CARTESIAN_POINT('',(-1.86849332602,-4.681388985407));
#906 = CARTESIAN_POINT('',(-1.945973168157,-4.708731079041));
#907 = CARTESIAN_POINT('',(-2.024845631617,-4.741917606261));
#908 = CARTESIAN_POINT('',(-2.167952468556,-4.809169984019));
#909 = CARTESIAN_POINT('',(-2.231501727102,-4.841356088699));
#910 = CARTESIAN_POINT('',(-2.296380505265,-4.875886459098));
#911 = CARTESIAN_POINT('',(-2.362789426653,-4.912095930349));
#912 = CARTESIAN_POINT('',(-2.430938751674,-4.949108191619));
#913 = CARTESIAN_POINT('',(-2.50106133222,-4.985804511508));
#914 = CARTESIAN_POINT('',(-2.649205004021,-5.057474119177));
#915 = CARTESIAN_POINT('',(-2.728342659067,-5.092721030816));
#916 = CARTESIAN_POINT('',(-2.810052394782,-5.124322861213));
#917 = CARTESIAN_POINT('',(-2.893762104749,-5.149935519474));
#918 = CARTESIAN_POINT('',(-2.979026734061,-5.167546156475));
#919 = CARTESIAN_POINT('',(-3.065468689365,-5.175967756702));
#920 = CARTESIAN_POINT('',(-3.236751120699,-5.173938723378));
#921 = CARTESIAN_POINT('',(-3.319853055632,-5.164198405539));
#922 = CARTESIAN_POINT('',(-3.401750761767,-5.146105785252));
#923 = CARTESIAN_POINT('',(-3.482128161605,-5.12081823538));
#924 = CARTESIAN_POINT('',(-3.560607900439,-5.09014649599));
#925 = CARTESIAN_POINT('',(-3.636704595883,-5.056156148666));
#926 = CARTESIAN_POINT('',(-3.808428874206,-4.973078609781));
#927 = CARTESIAN_POINT('',(-3.902882052327,-4.922230454622));
#928 = CARTESIAN_POINT('',(-3.993846040894,-4.871728568597));
#929 = CARTESIAN_POINT('',(-4.081884066419,-4.82416744377));
#930 = CARTESIAN_POINT('',(-4.167526357752,-4.781282271746));
#931 = CARTESIAN_POINT('',(-4.251263715223,-4.744259924905));
#932 = CARTESIAN_POINT('',(-4.388953513069,-4.693492057606));
#933 = CARTESIAN_POINT('',(-4.44366748362,-4.676094290823));
#934 = CARTESIAN_POINT('',(-4.497892463282,-4.661953031206));
#935 = CARTESIAN_POINT('',(-4.551754600258,-4.651239180313));
#936 = CARTESIAN_POINT('',(-4.605376279754,-4.644060396889));
#937 = CARTESIAN_POINT('',(-4.658879728352,-4.640470255435));
#938 = CARTESIAN_POINT('',(-4.768970669546,-4.640470255435));
#939 = CARTESIAN_POINT('',(-4.825544629962,-4.644484524371));
#940 = CARTESIAN_POINT('',(-4.882258168245,-4.652510934538));
#941 = CARTESIAN_POINT('',(-4.939256370646,-4.664482643992));
#942 = CARTESIAN_POINT('',(-4.996684469692,-4.680265270559));
#943 = CARTESIAN_POINT('',(-5.054692659776,-4.699644075162));
#944 = CARTESIAN_POINT('',(-5.16229646249,-4.741141245602));
#945 = CARTESIAN_POINT('',(-5.21166206051,-4.762247858029));
#946 = CARTESIAN_POINT('',(-5.261645603395,-4.785442316059));
#947 = CARTESIAN_POINT('',(-5.312352513377,-4.810498650835));
#948 = CARTESIAN_POINT('',(-5.363891466231,-4.837128866751));
#949 = CARTESIAN_POINT('',(-5.416377670227,-4.86496820787));
#950 = CARTESIAN_POINT('',(-5.504999811152,-4.91227917864));
#951 = CARTESIAN_POINT('',(-5.540532213432,-4.931325403511));
#952 = CARTESIAN_POINT('',(-5.576558518737,-4.950566028688));
#953 = CARTESIAN_POINT('',(-5.613105237289,-4.969849825749));
#954 = CARTESIAN_POINT('',(-5.650200804022,-4.989007494877));
#955 = CARTESIAN_POINT('',(-5.687876159883,-5.0078517516));
#956 = CARTESIAN_POINT('',(-5.755341201116,-5.040141337234));
#957 = CARTESIAN_POINT('',(-5.784879051002,-5.053806852627));
#958 = CARTESIAN_POINT('',(-5.814772408325,-5.067072742261));
#959 = CARTESIAN_POINT('',(-5.845016567485,-5.07983414489));
#960 = CARTESIAN_POINT('',(-5.875608572239,-5.091984444961));
#961 = CARTESIAN_POINT('',(-5.906547196191,-5.1034171621));
#962 = CARTESIAN_POINT('',(-5.985367617699,-5.130149420838));
#963 = CARTESIAN_POINT('',(-6.033788369578,-5.144402062387));
#964 = CARTESIAN_POINT('',(-6.082905713326,-5.156341129047));
#965 = CARTESIAN_POINT('',(-6.132553122297,-5.165584937345));
#966 = CARTESIAN_POINT('',(-6.182578950355,-5.171855166441));
#967 = CARTESIAN_POINT('',(-6.232838370015,-5.175));
#968 = CARTESIAN_POINT('',(-6.28318530718,-5.175));
#969 = ( GEOMETRIC_REPRESENTATION_CONTEXT(2) 
PARAMETRIC_REPRESENTATION_CONTEXT() REPRESENTATION_CONTEXT('2D SPACE',''
  ) );
#970 = FACE_BOUND('',#971,.F.);
#971 = EDGE_LOOP('',(#972));
#972 = ORIENTED_EDGE('',*,*,#973,.T.);
#973 = EDGE_CURVE('',#974,#974,#976,.T.);
#974 = VERTEX_POINT('',#975);
#975 = CARTESIAN_POINT('',(140.99143824457,230.99560952102,
    67.998498925933));
#976 = SURFACE_CURVE('',#977,(#1057,#1140),.PCURVE_S1.);
#977 = B_SPLINE_CURVE_WITH_KNOTS('',8,(#978,#979,#980,#981,#982,#983,
    #984,#985,#986,#987,#988,#989,#990,#991,#992,#993,#994,#995,#996,
    #997,#998,#999,#1000,#1001,#1002,#1003,#1004,#1005,#1006,#1007,#1008
    ,#1009,#1010,#1011,#1012,#1013,#1014,#1015,#1016,#1017,#1018,#1019,
    #1020,#1021,#1022,#1023,#1024,#1025,#1026,#1027,#1028,#1029,#1030,
    #1031,#1032,#1033,#1034,#1035,#1036,#1037,#1038,#1039,#1040,#1041,
    #1042,#1043,#1044,#1045,#1046,#1047,#1048,#1049,#1050,#1051,#1052,
    #1053,#1054,#1055,#1056),.UNSPECIFIED.,.T.,.F.,(9,7,7,7,7,7,7,7,7,7,
    7,9),(0.,4.871092721298E-02,0.1228650393,0.18210214634,0.24916864348
    ,0.426222107429,0.54833454564,0.679238295812,0.819999132503,
    0.878553077506,0.951851990096,1.),.UNSPECIFIED.);
#978 = CARTESIAN_POINT('',(140.99143824457,230.99560952102,
    67.998498925933));
#979 = CARTESIAN_POINT('',(140.99143824457,231.19610494278,
    67.998498925933));
#980 = CARTESIAN_POINT('',(140.98087703909,231.39628477762,
    67.997594592012));
#981 = CARTESIAN_POINT('',(140.95981301541,231.59507596287,
    67.995790828569));
#982 = CARTESIAN_POINT('',(140.92847685011,231.79141767648,
    67.993119744715));
#983 = CARTESIAN_POINT('',(140.88726860706,231.9842791172,
    67.989639620636));
#984 = CARTESIAN_POINT('',(140.83675502867,232.17267703068,
    67.985431976692));
#985 = CARTESIAN_POINT('',(140.77766702077,232.35569298139,
    67.980596745272));
#986 = CARTESIAN_POINT('',(140.6092518202,232.80163436228,
    67.967099252544));
#987 = CARTESIAN_POINT('',(140.48983372996,233.05628955648,
    67.957759551763));
#988 = CARTESIAN_POINT('',(140.35492974704,233.29584144409,
    67.947551670363));
#989 = CARTESIAN_POINT('',(140.20665149636,233.51990095765,
    67.936791356552));
#990 = CARTESIAN_POINT('',(140.04695531467,233.72827293257,
    67.925770167907));
#991 = CARTESIAN_POINT('',(139.87766052151,233.92092717698,
    67.914745929145));
#992 = CARTESIAN_POINT('',(139.70046618745,234.09797214984,
    67.903938359191));
#993 = CARTESIAN_POINT('',(139.37037983435,234.38877064367,
    67.885215171055));
#994 = CARTESIAN_POINT('',(139.2194704099,234.50835557981,
    67.877138119969));
#995 = CARTESIAN_POINT('',(139.06483266526,234.6185974532,
    67.869382628157));
#996 = CARTESIAN_POINT('',(138.90698251773,234.71970661312,
    67.862019182738));
#997 = CARTESIAN_POINT('',(138.74636645455,234.81188650056,
    67.85510643504));
#998 = CARTESIAN_POINT('',(138.58337072472,234.89532778818,
    67.848692791568));
#999 = CARTESIAN_POINT('',(138.41833053071,234.97020252018,
    67.842818004973));
#1000 = CARTESIAN_POINT('',(138.06270304139,235.11189746266,
    67.831510593918));
#1001 = CARTESIAN_POINT('',(137.87162282168,235.17634503269,
    67.826239155129));
#1002 = CARTESIAN_POINT('',(137.67875231552,235.23020417914,
    67.821748329505));
#1003 = CARTESIAN_POINT('',(137.4844916856,235.27364325328,
    67.818074626354));
#1004 = CARTESIAN_POINT('',(137.28919939278,235.30679333266,
    67.815244294777));
#1005 = CARTESIAN_POINT('',(137.09320408605,235.32974581301,
    67.813274434989));
#1006 = CARTESIAN_POINT('',(136.89681649238,235.34255000008,
    67.812174109653));
#1007 = CARTESIAN_POINT('',(136.18165293463,235.35223487041,
    67.811341814555));
#1008 = CARTESIAN_POINT('',(135.66418535034,235.28854064181,
    67.816814775423));
#1009 = CARTESIAN_POINT('',(135.15193880003,235.15510652194,
    67.828317052336));
#1010 = CARTESIAN_POINT('',(134.64967336598,234.94954008278,
    67.845545978575));
#1011 = CARTESIAN_POINT('',(134.16461199226,234.66725525982,
    67.867834791824));
#1012 = CARTESIAN_POINT('',(133.70799111891,234.30254870721,
    67.8938932459));
#1013 = CARTESIAN_POINT('',(133.29622391862,233.84948029206,
    67.921198770383));
#1014 = CARTESIAN_POINT('',(132.72000910385,232.92980895207,
    67.963054283381));
#1015 = CARTESIAN_POINT('',(132.51127838676,232.49956296322,
    67.97945543484));
#1016 = CARTESIAN_POINT('',(132.35069583169,232.02415562233,
    67.993108602894));
#1017 = CARTESIAN_POINT('',(132.253042061,231.5176237506,68.001889041244
    ));
#1018 = CARTESIAN_POINT('',(132.226238585,230.99733391312,
    68.004245039699));
#1019 = CARTESIAN_POINT('',(132.27126684627,230.48179366143,
    68.000091500435));
#1020 = CARTESIAN_POINT('',(132.38197983125,229.988579382,
    67.990566389711));
#1021 = CARTESIAN_POINT('',(132.71953976326,229.04348179167,
    67.963334053589));
#1022 = CARTESIAN_POINT('',(132.95213086203,228.60284722963,
    67.945251427271));
#1023 = CARTESIAN_POINT('',(133.22868559666,228.21276823582,
    67.925099885344));
#1024 = CARTESIAN_POINT('',(133.53832166648,227.87305783672,
    67.904603281771));
#1025 = CARTESIAN_POINT('',(133.87234550503,227.58236013897,
    67.885069229221));
#1026 = CARTESIAN_POINT('',(134.22381994154,227.3387503325,
    67.867403827858));
#1027 = CARTESIAN_POINT('',(134.58732708937,227.14005940226,
    67.852216954493));
#1028 = CARTESIAN_POINT('',(135.35791702305,226.81678788655,
    67.826610506526));
#1029 = CARTESIAN_POINT('',(135.7678751976,226.69821925999,
    67.816581551129));
#1030 = CARTESIAN_POINT('',(136.18412649117,226.62650509903,
    67.81027735899));
#1031 = CARTESIAN_POINT('',(136.60338440376,226.60036316008,
    67.80793879347));
#1032 = CARTESIAN_POINT('',(137.02280965623,226.6193231755,
    67.80964108053));
#1033 = CARTESIAN_POINT('',(137.439600478,226.68373972146,
    67.815323318173));
#1034 = CARTESIAN_POINT('',(137.85058099531,226.79480443145,
    67.824766033272));
#1035 = CARTESIAN_POINT('',(138.418330541,227.02101652595,67.8428180053)
  );
#1036 = CARTESIAN_POINT('',(138.58337071933,227.09589124952,
    67.84869279128));
#1037 = CARTESIAN_POINT('',(138.74636644451,227.17933253626,
    67.855106434655));
#1038 = CARTESIAN_POINT('',(138.90698251727,227.27151243057,
    67.862019182819));
#1039 = CARTESIAN_POINT('',(139.06483267481,227.37262159586,
    67.86938262863));
#1040 = CARTESIAN_POINT('',(139.21947041577,227.48286346491,
    67.877138120177));
#1041 = CARTESIAN_POINT('',(139.37037982519,227.60244839029,
    67.885215170535));
#1042 = CARTESIAN_POINT('',(139.70046618752,227.89324689226,
    67.903938359195));
#1043 = CARTESIAN_POINT('',(139.87766052152,228.07029186508,
    67.914745929146));
#1044 = CARTESIAN_POINT('',(140.04695531463,228.26294610943,
    67.925770167904));
#1045 = CARTESIAN_POINT('',(140.20665149632,228.47131808432,
    67.936791356548));
#1046 = CARTESIAN_POINT('',(140.35492974703,228.6953775979,
    67.947551670361));
#1047 = CARTESIAN_POINT('',(140.48983372999,228.93492948558,
    67.957759551765));
#1048 = CARTESIAN_POINT('',(140.60925182023,229.18958467983,
    67.967099252546));
#1049 = CARTESIAN_POINT('',(140.77766542984,229.63552184807,
    67.980596617768));
#1050 = CARTESIAN_POINT('',(140.83675394593,229.8185378742,
    67.98543188463));
#1051 = CARTESIAN_POINT('',(140.88726880324,230.00693895363,
    67.989639634489));
#1052 = CARTESIAN_POINT('',(140.92847810181,230.19980514141,
    67.993119850225));
#1053 = CARTESIAN_POINT('',(140.959814527,230.39615140647,
    67.995790957733));
#1054 = CARTESIAN_POINT('',(140.9808779536,230.59494494934,
    67.997594669905));
#1055 = CARTESIAN_POINT('',(140.99143824457,230.795122775,
    67.998498925933));
#1056 = CARTESIAN_POINT('',(140.99143824457,230.99560952102,
    67.998498925933));
#1057 = PCURVE('',#33,#1058);
#1058 = DEFINITIONAL_REPRESENTATION('',(#1059),#1139);
#1059 = B_SPLINE_CURVE_WITH_KNOTS('',8,(#1060,#1061,#1062,#1063,#1064,
    #1065,#1066,#1067,#1068,#1069,#1070,#1071,#1072,#1073,#1074,#1075,
    #1076,#1077,#1078,#1079,#1080,#1081,#1082,#1083,#1084,#1085,#1086,
    #1087,#1088,#1089,#1090,#1091,#1092,#1093,#1094,#1095,#1096,#1097,
    #1098,#1099,#1100,#1101,#1102,#1103,#1104,#1105,#1106,#1107,#1108,
    #1109,#1110,#1111,#1112,#1113,#1114,#1115,#1116,#1117,#1118,#1119,
    #1120,#1121,#1122,#1123,#1124,#1125,#1126,#1127,#1128,#1129,#1130,
    #1131,#1132,#1133,#1134,#1135,#1136,#1137,#1138),.UNSPECIFIED.,.T.,
  .F.,(9,7,7,7,7,7,7,7,7,7,7,9),(0.,4.871092721298E-02,0.1228650393,
    0.18210214634,0.24916864348,0.426222107429,0.54833454564,
    0.679238295812,0.819999132503,0.878553077506,0.951851990096,1.),
  .UNSPECIFIED.);
#1060 = CARTESIAN_POINT('',(-7.853981633974,-149.35));
#1061 = CARTESIAN_POINT('',(-7.850034873704,-149.35));
#1062 = CARTESIAN_POINT('',(-7.846094325702,-149.3394387945));
#1063 = CARTESIAN_POINT('',(-7.842181019909,-149.3183747708));
#1064 = CARTESIAN_POINT('',(-7.838315745593,-149.2870386055));
#1065 = CARTESIAN_POINT('',(-7.83451871381,-149.2458303624));
#1066 = CARTESIAN_POINT('',(-7.830809221089,-149.1953167841));
#1067 = CARTESIAN_POINT('',(-7.827205314338,-149.1362287762));
#1068 = CARTESIAN_POINT('',(-7.818422920613,-148.9678135756));
#1069 = CARTESIAN_POINT('',(-7.813406755825,-148.8483954853));
#1070 = CARTESIAN_POINT('',(-7.80868701903,-148.7134915024));
#1071 = CARTESIAN_POINT('',(-7.804271431507,-148.5652132517));
#1072 = CARTESIAN_POINT('',(-7.800163969605,-148.4055170701));
#1073 = CARTESIAN_POINT('',(-7.796365405818,-148.2362222769));
#1074 = CARTESIAN_POINT('',(-7.792873800732,-148.0590279428));
#1075 = CARTESIAN_POINT('',(-7.787137568039,-147.7289415897));
#1076 = CARTESIAN_POINT('',(-7.784778181793,-147.5780321653));
#1077 = CARTESIAN_POINT('',(-7.782602716307,-147.4233944206));
#1078 = CARTESIAN_POINT('',(-7.78060711813,-147.2655442731));
#1079 = CARTESIAN_POINT('',(-7.778787464702,-147.1049282099));
#1080 = CARTESIAN_POINT('',(-7.777140077894,-146.9419324801));
#1081 = CARTESIAN_POINT('',(-7.775661637557,-146.7768922861));
#1082 = CARTESIAN_POINT('',(-7.772863499794,-146.4212647968));
#1083 = CARTESIAN_POINT('',(-7.77159061228,-146.2301845771));
#1084 = CARTESIAN_POINT('',(-7.770526715833,-146.0373140709));
#1085 = CARTESIAN_POINT('',(-7.76966856431,-145.843053441));
#1086 = CARTESIAN_POINT('',(-7.769013629353,-145.6477611482));
#1087 = CARTESIAN_POINT('',(-7.76856014762,-145.4517658414));
#1088 = CARTESIAN_POINT('',(-7.768307168023,-145.2553782478));
#1089 = CARTESIAN_POINT('',(-7.768115818273,-144.54021469));
#1090 = CARTESIAN_POINT('',(-7.769374260742,-144.0227471057));
#1091 = CARTESIAN_POINT('',(-7.772010663365,-143.5105005554));
#1092 = CARTESIAN_POINT('',(-7.776071409231,-143.0082351214));
#1093 = CARTESIAN_POINT('',(-7.781645376532,-142.5231737476));
#1094 = CARTESIAN_POINT('',(-7.788842424197,-142.0665528743));
#1095 = CARTESIAN_POINT('',(-7.797776308026,-141.654785674));
#1096 = CARTESIAN_POINT('',(-7.8158988139,-141.0785708592));
#1097 = CARTESIAN_POINT('',(-7.824374142106,-140.8698401421));
#1098 = CARTESIAN_POINT('',(-7.833735723805,-140.7092575871));
#1099 = CARTESIAN_POINT('',(-7.843706946826,-140.6116038164));
#1100 = CARTESIAN_POINT('',(-7.853947314732,-140.5848003404));
#1101 = CARTESIAN_POINT('',(-7.864095005955,-140.6298286017));
#1102 = CARTESIAN_POINT('',(-7.873805319015,-140.7405415866));
#1103 = CARTESIAN_POINT('',(-7.892417323925,-141.0781015186));
#1104 = CARTESIAN_POINT('',(-7.901097884544,-141.3106926174));
#1105 = CARTESIAN_POINT('',(-7.908786213859,-141.587247352));
#1106 = CARTESIAN_POINT('',(-7.915485210332,-141.8968834219));
#1107 = CARTESIAN_POINT('',(-7.921220349195,-142.2309072604));
#1108 = CARTESIAN_POINT('',(-7.926028339808,-142.5823816969));
#1109 = CARTESIAN_POINT('',(-7.929950974208,-142.9458888448));
#1110 = CARTESIAN_POINT('',(-7.936334519045,-143.7164787784));
#1111 = CARTESIAN_POINT('',(-7.938676848704,-144.126436953));
#1112 = CARTESIAN_POINT('',(-7.940093988868,-144.5426882466));
#1113 = CARTESIAN_POINT('',(-7.940610656425,-144.9619461591));
#1114 = CARTESIAN_POINT('',(-7.94023591988,-145.3813714116));
#1115 = CARTESIAN_POINT('',(-7.938962952303,-145.7981622334));
#1116 = CARTESIAN_POINT('',(-7.936768780605,-146.2091427507));
#1117 = CARTESIAN_POINT('',(-7.932301630311,-146.7768922964));
#1118 = CARTESIAN_POINT('',(-7.930823190141,-146.9419324747));
#1119 = CARTESIAN_POINT('',(-7.92917580335,-147.1049281999));
#1120 = CARTESIAN_POINT('',(-7.927356149786,-147.2655442726));
#1121 = CARTESIAN_POINT('',(-7.925360551504,-147.4233944302));
#1122 = CARTESIAN_POINT('',(-7.923185086103,-147.5780321711));
#1123 = CARTESIAN_POINT('',(-7.920825700069,-147.7289415806));
#1124 = CARTESIAN_POINT('',(-7.915089467216,-148.0590279429));
#1125 = CARTESIAN_POINT('',(-7.911597862131,-148.2362222769));
#1126 = CARTESIAN_POINT('',(-7.907799298345,-148.40551707));
#1127 = CARTESIAN_POINT('',(-7.903691836443,-148.5652132517));
#1128 = CARTESIAN_POINT('',(-7.899276248919,-148.7134915024));
#1129 = CARTESIAN_POINT('',(-7.894556512123,-148.8483954854));
#1130 = CARTESIAN_POINT('',(-7.889540347335,-148.9678135756));
#1131 = CARTESIAN_POINT('',(-7.880758036574,-149.1362271852));
#1132 = CARTESIAN_POINT('',(-7.877154128316,-149.1953157013));
#1133 = CARTESIAN_POINT('',(-7.873444573245,-149.2458305586));
#1134 = CARTESIAN_POINT('',(-7.869647448007,-149.2870398572));
#1135 = CARTESIAN_POINT('',(-7.865782084104,-149.3183762824));
#1136 = CARTESIAN_POINT('',(-7.861868731913,-149.339439709));
#1137 = CARTESIAN_POINT('',(-7.857928223463,-149.35));
#1138 = CARTESIAN_POINT('',(-7.853981633974,-149.35));
#1139 = ( GEOMETRIC_REPRESENTATION_CONTEXT(2) 
PARAMETRIC_REPRESENTATION_CONTEXT() REPRESENTATION_CONTEXT('2D SPACE',''
  ) );
#1140 = PCURVE('',#1141,#1146);
#1141 = CYLINDRICAL_SURFACE('',#1142,4.35);
#1142 = AXIS2_PLACEMENT_3D('',#1143,#1144,#1145);
#1143 = CARTESIAN_POINT('',(136.64143824457,230.99560952102,
    62.823498925933));
#1144 = DIRECTION('',(-0.,-0.,-1.));
#1145 = DIRECTION('',(1.,0.,0.));
#1146 = DEFINITIONAL_REPRESENTATION('',(#1147),#1227);
#1147 = B_SPLINE_CURVE_WITH_KNOTS('',8,(#1148,#1149,#1150,#1151,#1152,
    #1153,#1154,#1155,#1156,#1157,#1158,#1159,#1160,#1161,#1162,#1163,
    #1164,#1165,#1166,#1167,#1168,#1169,#1170,#1171,#1172,#1173,#1174,
    #1175,#1176,#1177,#1178,#1179,#1180,#1181,#1182,#1183,#1184,#1185,
    #1186,#1187,#1188,#1189,#1190,#1191,#1192,#1193,#1194,#1195,#1196,
    #1197,#1198,#1199,#1200,#1201,#1202,#1203,#1204,#1205,#1206,#1207,
    #1208,#1209,#1210,#1211,#1212,#1213,#1214,#1215,#1216,#1217,#1218,
    #1219,#1220,#1221,#1222,#1223,#1224,#1225,#1226),.UNSPECIFIED.,.F.,
  .F.,(9,7,7,7,7,7,7,7,7,7,7,9),(0.,4.871092721298E-02,0.1228650393,
    0.18210214634,0.24916864348,0.426222107429,0.54833454564,
    0.679238295812,0.819999132503,0.878553077506,0.951851990096,1.),
  .UNSPECIFIED.);
#1148 = CARTESIAN_POINT('',(0.,-5.175));
#1149 = CARTESIAN_POINT('',(-4.609090155407E-02,-5.175));
#1150 = CARTESIAN_POINT('',(-9.210925165609E-02,-5.174095666079));
#1151 = CARTESIAN_POINT('',(-0.137957586874,-5.172291902637));
#1152 = CARTESIAN_POINT('',(-0.183539234639,-5.169620818783));
#1153 = CARTESIAN_POINT('',(-0.22875490204,-5.166140694703));
#1154 = CARTESIAN_POINT('',(-0.273499280738,-5.16193305076));
#1155 = CARTESIAN_POINT('',(-0.317657668001,-5.157097819339));
#1156 = CARTESIAN_POINT('',(-0.427240138654,-5.143600326611));
#1157 = CARTESIAN_POINT('',(-0.491705300631,-5.134260625831));
#1158 = CARTESIAN_POINT('',(-0.554620579409,-5.12405274443));
#1159 = CARTESIAN_POINT('',(-0.61607893793,-5.113292430619));
#1160 = CARTESIAN_POINT('',(-0.676153447197,-5.102271241974));
#1161 = CARTESIAN_POINT('',(-0.734902727411,-5.091247003212));
#1162 = CARTESIAN_POINT('',(-0.792372195505,-5.080439433258));
#1163 = CARTESIAN_POINT('',(-0.893500919749,-5.061716245122));
#1164 = CARTESIAN_POINT('',(-0.937704608499,-5.053639194036));
#1165 = CARTESIAN_POINT('',(-0.981269283842,-5.045883702224));
#1166 = CARTESIAN_POINT('',(-1.024258158666,-5.038520256805));
#1167 = CARTESIAN_POINT('',(-1.066731536645,-5.031607509108));
#1168 = CARTESIAN_POINT('',(-1.108747788651,-5.025193865635));
#1169 = CARTESIAN_POINT('',(-1.150364329175,-5.019319079041));
#1170 = CARTESIAN_POINT('',(-1.238368090816,-5.008011667985));
#1171 = CARTESIAN_POINT('',(-1.284658656428,-5.002740229196));
#1172 = CARTESIAN_POINT('',(-1.330585867758,-4.998249403572));
#1173 = CARTESIAN_POINT('',(-1.376222113818,-4.994575700422));
#1174 = CARTESIAN_POINT('',(-1.421637690426,-4.991745368844));
#1175 = CARTESIAN_POINT('',(-1.466901896174,-4.989775509057));
#1176 = CARTESIAN_POINT('',(-1.512084128399,-4.98867518372));
#1177 = CARTESIAN_POINT('',(-1.676504618479,-4.987842888622));
#1178 = CARTESIAN_POINT('',(-1.795254115495,-4.99331584949));
#1179 = CARTESIAN_POINT('',(-1.915166357998,-5.004818126404));
#1180 = CARTESIAN_POINT('',(-2.037650361207,-5.022047052643));
#1181 = CARTESIAN_POINT('',(-2.164030390221,-5.044335865892));
#1182 = CARTESIAN_POINT('',(-2.295710701705,-5.070394319967));
#1183 = CARTESIAN_POINT('',(-2.43423059725,-5.09769984445));
#1184 = CARTESIAN_POINT('',(-2.683718791698,-5.139555357448));
#1185 = CARTESIAN_POINT('',(-2.793010586941,-5.155956508907));
#1186 = CARTESIAN_POINT('',(-2.906830446267,-5.169609676961));
#1187 = CARTESIAN_POINT('',(-3.023249616194,-5.178390115311));
#1188 = CARTESIAN_POINT('',(-3.140764972787,-5.180746113766));
#1189 = CARTESIAN_POINT('',(-3.257957769053,-5.176592574503));
#1190 = CARTESIAN_POINT('',(-3.373295120934,-5.167067463778));
#1191 = CARTESIAN_POINT('',(-3.604001259541,-5.139835127657));
#1192 = CARTESIAN_POINT('',(-3.717380135647,-5.121752501338));
#1193 = CARTESIAN_POINT('',(-3.825800383502,-5.101600959411));
#1194 = CARTESIAN_POINT('',(-3.92997798411,-5.081104355838));
#1195 = CARTESIAN_POINT('',(-4.030498097614,-5.061570303289));
#1196 = CARTESIAN_POINT('',(-4.127881468055,-5.043904901925));
#1197 = CARTESIAN_POINT('',(-4.222609376994,-5.02871802856));
#1198 = CARTESIAN_POINT('',(-4.414713154873,-5.003111580594));
#1199 = CARTESIAN_POINT('',(-4.512163361151,-4.993082625197));
#1200 = CARTESIAN_POINT('',(-4.608283245577,-4.986778433057));
#1201 = CARTESIAN_POINT('',(-4.703729672784,-4.984439867537));
#1202 = CARTESIAN_POINT('',(-4.799128474555,-4.986142154597));
#1203 = CARTESIAN_POINT('',(-4.895106807625,-4.991824392241));
#1204 = CARTESIAN_POINT('',(-4.992325385605,-5.001267107339));
#1205 = CARTESIAN_POINT('',(-5.132820980551,-5.019319079368));
#1206 = CARTESIAN_POINT('',(-5.174437516934,-5.025193865347));
#1207 = CARTESIAN_POINT('',(-5.216453767908,-5.031607508722));
#1208 = CARTESIAN_POINT('',(-5.258927148624,-5.038520256886));
#1209 = CARTESIAN_POINT('',(-5.301916026087,-5.045883702698));
#1210 = CARTESIAN_POINT('',(-5.345480700168,-5.053639194244));
#1211 = CARTESIAN_POINT('',(-5.389684384622,-5.061716244602));
#1212 = CARTESIAN_POINT('',(-5.490813111696,-5.080439433262));
#1213 = CARTESIAN_POINT('',(-5.548282579775,-5.091247003214));
#1214 = CARTESIAN_POINT('',(-5.607031859971,-5.102271241972));
#1215 = CARTESIAN_POINT('',(-5.667106369232,-5.113292430616));
#1216 = CARTESIAN_POINT('',(-5.728564727761,-5.124052744429));
#1217 = CARTESIAN_POINT('',(-5.791480006557,-5.134260625833));
#1218 = CARTESIAN_POINT('',(-5.855945168546,-5.143600326614));
#1219 = CARTESIAN_POINT('',(-5.965526604009,-5.157097691835));
#1220 = CARTESIAN_POINT('',(-6.009685048676,-5.161932958698));
#1221 = CARTESIAN_POINT('',(-6.054430203286,-5.166140708557));
#1222 = CARTESIAN_POINT('',(-6.099646976291,-5.169620924293));
#1223 = CARTESIAN_POINT('',(-6.145229654034,-5.172292031801));
#1224 = CARTESIAN_POINT('',(-6.191078511736,-5.174095743973));
#1225 = CARTESIAN_POINT('',(-6.237096400049,-5.175));
#1226 = CARTESIAN_POINT('',(-6.28318530718,-5.175));
#1227 = ( GEOMETRIC_REPRESENTATION_CONTEXT(2) 
PARAMETRIC_REPRESENTATION_CONTEXT() REPRESENTATION_CONTEXT('2D SPACE',''
  ) );
#1228 = FACE_BOUND('',#1229,.F.);
#1229 = EDGE_LOOP('',(#1230));
#1230 = ORIENTED_EDGE('',*,*,#1231,.T.);
#1231 = EDGE_CURVE('',#1232,#1232,#1234,.T.);
#1232 = VERTEX_POINT('',#1233);
#1233 = CARTESIAN_POINT('',(65.991438244575,230.99560952102,
    67.998498925933));
#1234 = SURFACE_CURVE('',#1235,(#1315,#1398),.PCURVE_S1.);
#1235 = B_SPLINE_CURVE_WITH_KNOTS('',8,(#1236,#1237,#1238,#1239,#1240,
    #1241,#1242,#1243,#1244,#1245,#1246,#1247,#1248,#1249,#1250,#1251,
    #1252,#1253,#1254,#1255,#1256,#1257,#1258,#1259,#1260,#1261,#1262,
    #1263,#1264,#1265,#1266,#1267,#1268,#1269,#1270,#1271,#1272,#1273,
    #1274,#1275,#1276,#1277,#1278,#1279,#1280,#1281,#1282,#1283,#1284,
    #1285,#1286,#1287,#1288,#1289,#1290,#1291,#1292,#1293,#1294,#1295,
    #1296,#1297,#1298,#1299,#1300,#1301,#1302,#1303,#1304,#1305,#1306,
    #1307,#1308,#1309,#1310,#1311,#1312,#1313,#1314),.UNSPECIFIED.,.T.,
  .F.,(9,7,7,7,7,7,7,7,7,7,7,9),(0.,4.87109267156E-02,0.122865038029,
    0.18210214443,0.249168645374,0.426222108269,0.548334545747,
    0.679238297407,0.819999133395,0.878553078107,0.951851990331,1.),
  .UNSPECIFIED.);
#1236 = CARTESIAN_POINT('',(65.991438244575,230.99560952102,
    67.998498925933));
#1237 = CARTESIAN_POINT('',(65.991438244575,231.19610494276,
    67.998498925933));
#1238 = CARTESIAN_POINT('',(65.980877039101,231.39628477763,
    67.997594592012));
#1239 = CARTESIAN_POINT('',(65.959813015408,231.59507596289,
    67.995790828569));
#1240 = CARTESIAN_POINT('',(65.928476850115,231.79141767647,
    67.993119744715));
#1241 = CARTESIAN_POINT('',(65.88726860707,231.98427911718,
    67.989639620636));
#1242 = CARTESIAN_POINT('',(65.836755028684,232.17267703067,
    67.985431976693));
#1243 = CARTESIAN_POINT('',(65.77766702077,232.3556929814,
    67.980596745271));
#1244 = CARTESIAN_POINT('',(65.609251820235,232.8016343622,
    67.967099252546));
#1245 = CARTESIAN_POINT('',(65.489833729991,233.05628955645,
    67.957759551765));
#1246 = CARTESIAN_POINT('',(65.354929747031,233.29584144413,
    67.947551670361));
#1247 = CARTESIAN_POINT('',(65.20665149632,233.51990095771,
    67.936791356548));
#1248 = CARTESIAN_POINT('',(65.046955314635,233.7282729326,
    67.925770167904));
#1249 = CARTESIAN_POINT('',(64.877660521529,233.92092717695,
    67.914745929146));
#1250 = CARTESIAN_POINT('',(64.70046618752,234.09797214978,
    67.903938359195));
#1251 = CARTESIAN_POINT('',(64.370379834357,234.38877064367,
    67.885215171055));
#1252 = CARTESIAN_POINT('',(64.219470409909,234.50835557981,
    67.877138119969));
#1253 = CARTESIAN_POINT('',(64.064832665267,234.6185974532,
    67.869382628157));
#1254 = CARTESIAN_POINT('',(63.906982517733,234.71970661312,
    67.862019182738));
#1255 = CARTESIAN_POINT('',(63.746366454558,234.81188650056,
    67.85510643504));
#1256 = CARTESIAN_POINT('',(63.583370724725,234.89532778818,
    67.848692791568));
#1257 = CARTESIAN_POINT('',(63.418330530718,234.97020252018,
    67.842818004973));
#1258 = CARTESIAN_POINT('',(63.062703028648,235.11189746775,
    67.831510593512));
#1259 = CARTESIAN_POINT('',(62.87162282905,235.1763450322,
    67.826239155171));
#1260 = CARTESIAN_POINT('',(62.67875232844,235.23020417538,
    67.821748329807));
#1261 = CARTESIAN_POINT('',(62.484491685749,235.27364325123,
    67.818074626518));
#1262 = CARTESIAN_POINT('',(62.289199380016,235.30679333418,
    67.815244294653));
#1263 = CARTESIAN_POINT('',(62.093204078484,235.32974581554,
    67.813274434786));
#1264 = CARTESIAN_POINT('',(61.896816504705,235.34254999991,
    67.812174109667));
#1265 = CARTESIAN_POINT('',(61.18165293462,235.35223487041,
    67.811341814555));
#1266 = CARTESIAN_POINT('',(60.664185350403,235.28854064181,
    67.816814775423));
#1267 = CARTESIAN_POINT('',(60.151938799956,235.15510652197,
    67.828317052335));
#1268 = CARTESIAN_POINT('',(59.649673366021,234.94954008273,
    67.845545978578));
#1269 = CARTESIAN_POINT('',(59.164611992275,234.66725525989,
    67.867834791821));
#1270 = CARTESIAN_POINT('',(58.707991118887,234.30254870716,
    67.893893245902));
#1271 = CARTESIAN_POINT('',(58.296223918634,233.84948029208,
    67.921198770382));
#1272 = CARTESIAN_POINT('',(57.720009103861,232.92980895207,
    67.96305428338));
#1273 = CARTESIAN_POINT('',(57.511278386756,232.49956296321,
    67.97945543484));
#1274 = CARTESIAN_POINT('',(57.350695831695,232.02415562232,
    67.993108602894));
#1275 = CARTESIAN_POINT('',(57.253042061011,231.5176237506,
    68.001889041243));
#1276 = CARTESIAN_POINT('',(57.226238585007,230.99733391313,
    68.004245039699));
#1277 = CARTESIAN_POINT('',(57.271266846269,230.48179366144,
    68.000091500435));
#1278 = CARTESIAN_POINT('',(57.381979831261,229.98857938199,
    67.990566389711));
#1279 = CARTESIAN_POINT('',(57.71953976629,229.04348178319,
    67.963334053345));
#1280 = CARTESIAN_POINT('',(57.952130849753,228.60284725158,
    67.945251428062));
#1281 = CARTESIAN_POINT('',(58.228685613087,228.21276821669,
    67.925099884476));
#1282 = CARTESIAN_POINT('',(58.538321664394,227.8730578325,
    67.904603281736));
#1283 = CARTESIAN_POINT('',(58.872345488742,227.58236015829,
    67.885069230088));
#1284 = CARTESIAN_POINT('',(59.223819958435,227.33875031977,
    67.867403827141));
#1285 = CARTESIAN_POINT('',(59.587327083304,227.14005940481,
    67.852216954694));
#1286 = CARTESIAN_POINT('',(60.357917023056,226.81678788655,
    67.826610506526));
#1287 = CARTESIAN_POINT('',(60.767875197605,226.69821925999,
    67.816581551129));
#1288 = CARTESIAN_POINT('',(61.184126491175,226.62650509903,
    67.81027735899));
#1289 = CARTESIAN_POINT('',(61.603384403762,226.60036316008,
    67.80793879347));
#1290 = CARTESIAN_POINT('',(62.022809656239,226.6193231755,
    67.80964108053));
#1291 = CARTESIAN_POINT('',(62.439600478007,226.68373972146,
    67.815323318173));
#1292 = CARTESIAN_POINT('',(62.850580995313,226.79480443145,
    67.824766033272));
#1293 = CARTESIAN_POINT('',(63.418330541006,227.02101652595,
    67.8428180053));
#1294 = CARTESIAN_POINT('',(63.583370719332,227.09589124952,
    67.84869279128));
#1295 = CARTESIAN_POINT('',(63.746366444511,227.17933253626,
    67.855106434655));
#1296 = CARTESIAN_POINT('',(63.906982517272,227.27151243057,
    67.862019182819));
#1297 = CARTESIAN_POINT('',(64.064832674813,227.37262159586,
    67.86938262863));
#1298 = CARTESIAN_POINT('',(64.219470415772,227.48286346491,
    67.877138120177));
#1299 = CARTESIAN_POINT('',(64.370379825191,227.60244839029,
    67.885215170535));
#1300 = CARTESIAN_POINT('',(64.70046618752,227.89324689226,
    67.903938359195));
#1301 = CARTESIAN_POINT('',(64.877660521529,228.07029186508,
    67.914745929146));
#1302 = CARTESIAN_POINT('',(65.046955314635,228.26294610943,
    67.925770167904));
#1303 = CARTESIAN_POINT('',(65.20665149632,228.47131808432,
    67.936791356548));
#1304 = CARTESIAN_POINT('',(65.354929747031,228.6953775979,
    67.947551670361));
#1305 = CARTESIAN_POINT('',(65.489833729991,228.93492948558,
    67.957759551765));
#1306 = CARTESIAN_POINT('',(65.609251820235,229.18958467983,
    67.967099252546));
#1307 = CARTESIAN_POINT('',(65.777665429851,229.63552184809,
    67.980596617768));
#1308 = CARTESIAN_POINT('',(65.836753945933,229.81853787419,
    67.98543188463));
#1309 = CARTESIAN_POINT('',(65.887268803244,230.00693895361,
    67.989639634489));
#1310 = CARTESIAN_POINT('',(65.928478101818,230.19980514141,
    67.993119850225));
#1311 = CARTESIAN_POINT('',(65.959814527012,230.39615140649,
    67.995790957734));
#1312 = CARTESIAN_POINT('',(65.980877953603,230.59494494935,
    67.997594669905));
#1313 = CARTESIAN_POINT('',(65.991438244575,230.79512277498,
    67.998498925933));
#1314 = CARTESIAN_POINT('',(65.991438244575,230.99560952102,
    67.998498925933));
#1315 = PCURVE('',#33,#1316);
#1316 = DEFINITIONAL_REPRESENTATION('',(#1317),#1397);
#1317 = B_SPLINE_CURVE_WITH_KNOTS('',8,(#1318,#1319,#1320,#1321,#1322,
    #1323,#1324,#1325,#1326,#1327,#1328,#1329,#1330,#1331,#1332,#1333,
    #1334,#1335,#1336,#1337,#1338,#1339,#1340,#1341,#1342,#1343,#1344,
    #1345,#1346,#1347,#1348,#1349,#1350,#1351,#1352,#1353,#1354,#1355,
    #1356,#1357,#1358,#1359,#1360,#1361,#1362,#1363,#1364,#1365,#1366,
    #1367,#1368,#1369,#1370,#1371,#1372,#1373,#1374,#1375,#1376,#1377,
    #1378,#1379,#1380,#1381,#1382,#1383,#1384,#1385,#1386,#1387,#1388,
    #1389,#1390,#1391,#1392,#1393,#1394,#1395,#1396),.UNSPECIFIED.,.T.,
  .F.,(9,7,7,7,7,7,7,7,7,7,7,9),(0.,4.87109267156E-02,0.122865038029,
    0.18210214443,0.249168645374,0.426222108269,0.548334545747,
    0.679238297407,0.819999133395,0.878553078107,0.951851990331,1.),
  .UNSPECIFIED.);
#1318 = CARTESIAN_POINT('',(-7.853981633974,-74.35));
#1319 = CARTESIAN_POINT('',(-7.850034873704,-74.35));
#1320 = CARTESIAN_POINT('',(-7.846094325701,-74.33943879452));
#1321 = CARTESIAN_POINT('',(-7.842181019909,-74.31837477083));
#1322 = CARTESIAN_POINT('',(-7.838315745593,-74.28703860554));
#1323 = CARTESIAN_POINT('',(-7.834518713811,-74.24583036249));
#1324 = CARTESIAN_POINT('',(-7.830809221089,-74.19531678411));
#1325 = CARTESIAN_POINT('',(-7.827205314338,-74.13622877619));
#1326 = CARTESIAN_POINT('',(-7.818422920614,-73.96781357566));
#1327 = CARTESIAN_POINT('',(-7.813406755826,-73.84839548541));
#1328 = CARTESIAN_POINT('',(-7.80868701903,-73.71349150245));
#1329 = CARTESIAN_POINT('',(-7.804271431506,-73.56521325174));
#1330 = CARTESIAN_POINT('',(-7.800163969604,-73.40551707006));
#1331 = CARTESIAN_POINT('',(-7.796365405818,-73.23622227695));
#1332 = CARTESIAN_POINT('',(-7.792873800733,-73.05902794294));
#1333 = CARTESIAN_POINT('',(-7.787137568039,-72.72894158978));
#1334 = CARTESIAN_POINT('',(-7.784778181793,-72.57803216533));
#1335 = CARTESIAN_POINT('',(-7.782602716307,-72.42339442069));
#1336 = CARTESIAN_POINT('',(-7.78060711813,-72.26554427315));
#1337 = CARTESIAN_POINT('',(-7.778787464702,-72.10492820998));
#1338 = CARTESIAN_POINT('',(-7.777140077894,-71.94193248015));
#1339 = CARTESIAN_POINT('',(-7.775661637557,-71.77689228614));
#1340 = CARTESIAN_POINT('',(-7.772863499694,-71.42126478407));
#1341 = CARTESIAN_POINT('',(-7.771590612289,-71.23018458447));
#1342 = CARTESIAN_POINT('',(-7.770526715907,-71.03731408386));
#1343 = CARTESIAN_POINT('',(-7.769668564351,-70.84305344117));
#1344 = CARTESIAN_POINT('',(-7.769013629323,-70.64776113544));
#1345 = CARTESIAN_POINT('',(-7.76856014757,-70.45176583391));
#1346 = CARTESIAN_POINT('',(-7.768307168026,-70.25537826013));
#1347 = CARTESIAN_POINT('',(-7.768115818273,-69.54021469004));
#1348 = CARTESIAN_POINT('',(-7.769374260742,-69.02274710582));
#1349 = CARTESIAN_POINT('',(-7.772010663365,-68.51050055538));
#1350 = CARTESIAN_POINT('',(-7.776071409233,-68.00823512144));
#1351 = CARTESIAN_POINT('',(-7.78164537653,-67.5231737477));
#1352 = CARTESIAN_POINT('',(-7.788842424198,-67.06655287431));
#1353 = CARTESIAN_POINT('',(-7.797776308026,-66.65478567405));
#1354 = CARTESIAN_POINT('',(-7.8158988139,-66.07857085928));
#1355 = CARTESIAN_POINT('',(-7.824374142107,-65.86984014218));
#1356 = CARTESIAN_POINT('',(-7.833735723805,-65.70925758711));
#1357 = CARTESIAN_POINT('',(-7.843706946826,-65.61160381644));
#1358 = CARTESIAN_POINT('',(-7.853947314731,-65.58480034043));
#1359 = CARTESIAN_POINT('',(-7.864095005955,-65.62982860169));
#1360 = CARTESIAN_POINT('',(-7.873805319015,-65.74054158668));
#1361 = CARTESIAN_POINT('',(-7.892417324092,-66.07810152171));
#1362 = CARTESIAN_POINT('',(-7.901097884112,-66.31069260517));
#1363 = CARTESIAN_POINT('',(-7.908786214236,-66.58724736851));
#1364 = CARTESIAN_POINT('',(-7.915485210415,-66.89688341982));
#1365 = CARTESIAN_POINT('',(-7.921220348814,-67.23090724416));
#1366 = CARTESIAN_POINT('',(-7.926028340059,-67.58238171386));
#1367 = CARTESIAN_POINT('',(-7.929950974158,-67.94588883872));
#1368 = CARTESIAN_POINT('',(-7.936334519045,-68.71647877848));
#1369 = CARTESIAN_POINT('',(-7.938676848704,-69.12643695303));
#1370 = CARTESIAN_POINT('',(-7.940093988868,-69.5426882466));
#1371 = CARTESIAN_POINT('',(-7.940610656425,-69.96194615918));
#1372 = CARTESIAN_POINT('',(-7.94023591988,-70.38137141166));
#1373 = CARTESIAN_POINT('',(-7.938962952303,-70.79816223343));
#1374 = CARTESIAN_POINT('',(-7.936768780605,-71.20914275073));
#1375 = CARTESIAN_POINT('',(-7.932301630311,-71.77689229643));
#1376 = CARTESIAN_POINT('',(-7.930823190141,-71.94193247475));
#1377 = CARTESIAN_POINT('',(-7.92917580335,-72.10492819993));
#1378 = CARTESIAN_POINT('',(-7.927356149786,-72.26554427269));
#1379 = CARTESIAN_POINT('',(-7.925360551504,-72.42339443023));
#1380 = CARTESIAN_POINT('',(-7.923185086103,-72.57803217119));
#1381 = CARTESIAN_POINT('',(-7.920825700069,-72.72894158061));
#1382 = CARTESIAN_POINT('',(-7.915089467216,-73.05902794294));
#1383 = CARTESIAN_POINT('',(-7.911597862131,-73.23622227695));
#1384 = CARTESIAN_POINT('',(-7.907799298345,-73.40551707006));
#1385 = CARTESIAN_POINT('',(-7.903691836443,-73.56521325174));
#1386 = CARTESIAN_POINT('',(-7.899276248919,-73.71349150245));
#1387 = CARTESIAN_POINT('',(-7.894556512123,-73.84839548541));
#1388 = CARTESIAN_POINT('',(-7.889540347335,-73.96781357566));
#1389 = CARTESIAN_POINT('',(-7.880758036574,-74.13622718527));
#1390 = CARTESIAN_POINT('',(-7.877154128316,-74.19531570135));
#1391 = CARTESIAN_POINT('',(-7.873444573246,-74.24583055866));
#1392 = CARTESIAN_POINT('',(-7.869647448007,-74.28703985724));
#1393 = CARTESIAN_POINT('',(-7.865782084104,-74.31837628243));
#1394 = CARTESIAN_POINT('',(-7.861868731912,-74.33943970902));
#1395 = CARTESIAN_POINT('',(-7.857928223463,-74.35));
#1396 = CARTESIAN_POINT('',(-7.853981633974,-74.35));
#1397 = ( GEOMETRIC_REPRESENTATION_CONTEXT(2) 
PARAMETRIC_REPRESENTATION_CONTEXT() REPRESENTATION_CONTEXT('2D SPACE',''
  ) );
#1398 = PCURVE('',#1399,#1404);
#1399 = CYLINDRICAL_SURFACE('',#1400,4.35);
#1400 = AXIS2_PLACEMENT_3D('',#1401,#1402,#1403);
#1401 = CARTESIAN_POINT('',(61.641438244575,230.99560952102,
    62.823498925933));
#1402 = DIRECTION('',(-0.,-0.,-1.));
#1403 = DIRECTION('',(1.,0.,0.));
#1404 = DEFINITIONAL_REPRESENTATION('',(#1405),#1485);
#1405 = B_SPLINE_CURVE_WITH_KNOTS('',8,(#1406,#1407,#1408,#1409,#1410,
    #1411,#1412,#1413,#1414,#1415,#1416,#1417,#1418,#1419,#1420,#1421,
    #1422,#1423,#1424,#1425,#1426,#1427,#1428,#1429,#1430,#1431,#1432,
    #1433,#1434,#1435,#1436,#1437,#1438,#1439,#1440,#1441,#1442,#1443,
    #1444,#1445,#1446,#1447,#1448,#1449,#1450,#1451,#1452,#1453,#1454,
    #1455,#1456,#1457,#1458,#1459,#1460,#1461,#1462,#1463,#1464,#1465,
    #1466,#1467,#1468,#1469,#1470,#1471,#1472,#1473,#1474,#1475,#1476,
    #1477,#1478,#1479,#1480,#1481,#1482,#1483,#1484),.UNSPECIFIED.,.F.,
  .F.,(9,7,7,7,7,7,7,7,7,7,7,9),(0.,4.87109267156E-02,0.122865038029,
    0.18210214443,0.249168645374,0.426222108269,0.548334545747,
    0.679238297407,0.819999133395,0.878553078107,0.951851990331,1.),
  .UNSPECIFIED.);
#1406 = CARTESIAN_POINT('',(0.,-5.175));
#1407 = CARTESIAN_POINT('',(-4.609090154965E-02,-5.175));
#1408 = CARTESIAN_POINT('',(-9.210925165865E-02,-5.174095666079));
#1409 = CARTESIAN_POINT('',(-0.137957586878,-5.172291902636));
#1410 = CARTESIAN_POINT('',(-0.183539234639,-5.169620818783));
#1411 = CARTESIAN_POINT('',(-0.228754902036,-5.166140694703));
#1412 = CARTESIAN_POINT('',(-0.273499280735,-5.16193305076));
#1413 = CARTESIAN_POINT('',(-0.317657668005,-5.157097819339));
#1414 = CARTESIAN_POINT('',(-0.427240138634,-5.143600326614));
#1415 = CARTESIAN_POINT('',(-0.491705300622,-5.134260625833));
#1416 = CARTESIAN_POINT('',(-0.554620579418,-5.124052744429));
#1417 = CARTESIAN_POINT('',(-0.616078937948,-5.113292430616));
#1418 = CARTESIAN_POINT('',(-0.676153447209,-5.102271241972));
#1419 = CARTESIAN_POINT('',(-0.734902727405,-5.091247003214));
#1420 = CARTESIAN_POINT('',(-0.792372195484,-5.080439433262));
#1421 = CARTESIAN_POINT('',(-0.893500919749,-5.061716245122));
#1422 = CARTESIAN_POINT('',(-0.937704608499,-5.053639194036));
#1423 = CARTESIAN_POINT('',(-0.981269283842,-5.045883702224));
#1424 = CARTESIAN_POINT('',(-1.024258158666,-5.038520256805));
#1425 = CARTESIAN_POINT('',(-1.066731536645,-5.031607509108));
#1426 = CARTESIAN_POINT('',(-1.108747788651,-5.025193865635));
#1427 = CARTESIAN_POINT('',(-1.150364329175,-5.019319079041));
#1428 = CARTESIAN_POINT('',(-1.238368093971,-5.00801166758));
#1429 = CARTESIAN_POINT('',(-1.284658654726,-5.002740229238));
#1430 = CARTESIAN_POINT('',(-1.330585864635,-4.998249403875));
#1431 = CARTESIAN_POINT('',(-1.37622211369,-4.994575700585));
#1432 = CARTESIAN_POINT('',(-1.421637693413,-4.991745368721));
#1433 = CARTESIAN_POINT('',(-1.466901898016,-4.989775508853));
#1434 = CARTESIAN_POINT('',(-1.512084125567,-4.988675183734));
#1435 = CARTESIAN_POINT('',(-1.676504618483,-4.987842888622));
#1436 = CARTESIAN_POINT('',(-1.795254115483,-4.993315849491));
#1437 = CARTESIAN_POINT('',(-1.915166358012,-5.004818126403));
#1438 = CARTESIAN_POINT('',(-2.037650361204,-5.022047052645));
#1439 = CARTESIAN_POINT('',(-2.164030390211,-5.044335865888));
#1440 = CARTESIAN_POINT('',(-2.295710701716,-5.070394319969));
#1441 = CARTESIAN_POINT('',(-2.434230597246,-5.097699844449));
#1442 = CARTESIAN_POINT('',(-2.683718791695,-5.139555357447));
#1443 = CARTESIAN_POINT('',(-2.793010586942,-5.155956508908));
#1444 = CARTESIAN_POINT('',(-2.90683044627,-5.169609676961));
#1445 = CARTESIAN_POINT('',(-3.023249616193,-5.178390115311));
#1446 = CARTESIAN_POINT('',(-3.140764972785,-5.180746113766));
#1447 = CARTESIAN_POINT('',(-3.257957769052,-5.176592574503));
#1448 = CARTESIAN_POINT('',(-3.373295120937,-5.167067463778));
#1449 = CARTESIAN_POINT('',(-3.604001261611,-5.139835127412));
#1450 = CARTESIAN_POINT('',(-3.717380129613,-5.12175250213));
#1451 = CARTESIAN_POINT('',(-3.82580038968,-5.101600958544));
#1452 = CARTESIAN_POINT('',(-3.929977984513,-5.081104355803));
#1453 = CARTESIAN_POINT('',(-4.030498091421,-5.061570304156));
#1454 = CARTESIAN_POINT('',(-4.127881473211,-5.043904901209));
#1455 = CARTESIAN_POINT('',(-4.222609375481,-5.028718028762));
#1456 = CARTESIAN_POINT('',(-4.414713154873,-5.003111580594));
#1457 = CARTESIAN_POINT('',(-4.512163361151,-4.993082625197));
#1458 = CARTESIAN_POINT('',(-4.608283245576,-4.986778433057));
#1459 = CARTESIAN_POINT('',(-4.703729672784,-4.984439867537));
#1460 = CARTESIAN_POINT('',(-4.799128474555,-4.986142154597));
#1461 = CARTESIAN_POINT('',(-4.895106807625,-4.991824392241));
#1462 = CARTESIAN_POINT('',(-4.992325385605,-5.001267107339));
#1463 = CARTESIAN_POINT('',(-5.132820980551,-5.019319079368));
#1464 = CARTESIAN_POINT('',(-5.174437516934,-5.025193865347));
#1465 = CARTESIAN_POINT('',(-5.216453767908,-5.031607508722));
#1466 = CARTESIAN_POINT('',(-5.258927148624,-5.038520256886));
#1467 = CARTESIAN_POINT('',(-5.301916026087,-5.045883702698));
#1468 = CARTESIAN_POINT('',(-5.345480700168,-5.053639194244));
#1469 = CARTESIAN_POINT('',(-5.389684384622,-5.061716244602));
#1470 = CARTESIAN_POINT('',(-5.490813111696,-5.080439433262));
#1471 = CARTESIAN_POINT('',(-5.548282579775,-5.091247003214));
#1472 = CARTESIAN_POINT('',(-5.607031859971,-5.102271241972));
#1473 = CARTESIAN_POINT('',(-5.667106369232,-5.113292430616));
#1474 = CARTESIAN_POINT('',(-5.728564727761,-5.124052744429));
#1475 = CARTESIAN_POINT('',(-5.791480006557,-5.134260625833));
#1476 = CARTESIAN_POINT('',(-5.855945168546,-5.143600326614));
#1477 = CARTESIAN_POINT('',(-5.965526604014,-5.157097691836));
#1478 = CARTESIAN_POINT('',(-6.009685048673,-5.161932958697));
#1479 = CARTESIAN_POINT('',(-6.054430203281,-5.166140708556));
#1480 = CARTESIAN_POINT('',(-6.09964697629,-5.169620924293));
#1481 = CARTESIAN_POINT('',(-6.145229654038,-5.172292031801));
#1482 = CARTESIAN_POINT('',(-6.191078511739,-5.174095743972));
#1483 = CARTESIAN_POINT('',(-6.237096400044,-5.175));
#1484 = CARTESIAN_POINT('',(-6.28318530718,-5.175));
#1485 = ( GEOMETRIC_REPRESENTATION_CONTEXT(2) 
PARAMETRIC_REPRESENTATION_CONTEXT() REPRESENTATION_CONTEXT('2D SPACE',''
  ) );
#1486 = ADVANCED_FACE('',(#1487),#45,.F.);
#1487 = FACE_BOUND('',#1488,.F.);
#1488 = EDGE_LOOP('',(#1489,#1490,#1511,#1540));
#1489 = ORIENTED_EDGE('',*,*,#21,.T.);
#1490 = ORIENTED_EDGE('',*,*,#1491,.F.);
#1491 = EDGE_CURVE('',#1492,#24,#1494,.T.);
#1492 = VERTEX_POINT('',#1493);
#1493 = CARTESIAN_POINT('',(-8.358561755425,190.,41.436911105776));
#1494 = SURFACE_CURVE('',#1495,(#1499,#1505),.PCURVE_S1.);
#1495 = LINE('',#1496,#1497);
#1496 = CARTESIAN_POINT('',(-8.358561755425,190.,-8.701501074067));
#1497 = VECTOR('',#1498,1.);
#1498 = DIRECTION('',(0.,0.,1.));
#1499 = PCURVE('',#45,#1500);
#1500 = DEFINITIONAL_REPRESENTATION('',(#1501),#1504);
#1501 = B_SPLINE_CURVE_WITH_KNOTS('',1,(#1502,#1503),.UNSPECIFIED.,.F.,
  .F.,(2,2),(-24.9,76.7),.PIECEWISE_BEZIER_KNOTS.);
#1502 = CARTESIAN_POINT('',(-50.8,40.995609521021));
#1503 = CARTESIAN_POINT('',(50.8,40.995609521021));
#1504 = ( GEOMETRIC_REPRESENTATION_CONTEXT(2) 
PARAMETRIC_REPRESENTATION_CONTEXT() REPRESENTATION_CONTEXT('2D SPACE',''
  ) );
#1505 = PCURVE('',#129,#1506);
#1506 = DEFINITIONAL_REPRESENTATION('',(#1507),#1510);
#1507 = B_SPLINE_CURVE_WITH_KNOTS('',1,(#1508,#1509),.UNSPECIFIED.,.F.,
  .F.,(2,2),(-24.9,76.7),.PIECEWISE_BEZIER_KNOTS.);
#1508 = CARTESIAN_POINT('',(1.,1.));
#1509 = CARTESIAN_POINT('',(102.6,1.));
#1510 = ( GEOMETRIC_REPRESENTATION_CONTEXT(2) 
PARAMETRIC_REPRESENTATION_CONTEXT() REPRESENTATION_CONTEXT('2D SPACE',''
  ) );
#1511 = ORIENTED_EDGE('',*,*,#1512,.F.);
#1512 = EDGE_CURVE('',#1513,#1492,#1515,.T.);
#1513 = VERTEX_POINT('',#1514);
#1514 = CARTESIAN_POINT('',(-8.358561755425,190.,-7.039913253911));
#1515 = SURFACE_CURVE('',#1516,(#1521,#1528),.PCURVE_S1.);
#1516 = CIRCLE('',#1517,47.625);
#1517 = AXIS2_PLACEMENT_3D('',#1518,#1519,#1520);
#1518 = CARTESIAN_POINT('',(-8.358561755425,230.99560952102,
    17.198498925933));
#1519 = DIRECTION('',(1.,0.,0.));
#1520 = DIRECTION('',(0.,-0.860800199916,-0.508943037897));
#1521 = PCURVE('',#45,#1522);
#1522 = DEFINITIONAL_REPRESENTATION('',(#1523),#1527);
#1523 = CIRCLE('',#1524,47.625);
#1524 = AXIS2_PLACEMENT_2D('',#1525,#1526);
#1525 = CARTESIAN_POINT('',(0.,-2.557953848736E-13));
#1526 = DIRECTION('',(-0.508943037897,0.860800199916));
#1527 = ( GEOMETRIC_REPRESENTATION_CONTEXT(2) 
PARAMETRIC_REPRESENTATION_CONTEXT() REPRESENTATION_CONTEXT('2D SPACE',''
  ) );
#1528 = PCURVE('',#1529,#1534);
#1529 = CYLINDRICAL_SURFACE('',#1530,47.625);
#1530 = AXIS2_PLACEMENT_3D('',#1531,#1532,#1533);
#1531 = CARTESIAN_POINT('',(-8.358561755425,230.99560952102,
    17.198498925933));
#1532 = DIRECTION('',(-1.,-0.,-0.));
#1533 = DIRECTION('',(0.,1.,0.));
#1534 = DEFINITIONAL_REPRESENTATION('',(#1535),#1539);
#1535 = LINE('',#1536,#1537);
#1536 = CARTESIAN_POINT('',(-3.675549114325,0.));
#1537 = VECTOR('',#1538,1.);
#1538 = DIRECTION('',(-1.,0.));
#1539 = ( GEOMETRIC_REPRESENTATION_CONTEXT(2) 
PARAMETRIC_REPRESENTATION_CONTEXT() REPRESENTATION_CONTEXT('2D SPACE',''
  ) );
#1540 = ORIENTED_EDGE('',*,*,#1541,.F.);
#1541 = EDGE_CURVE('',#22,#1513,#1542,.T.);
#1542 = SURFACE_CURVE('',#1543,(#1547,#1553),.PCURVE_S1.);
#1543 = LINE('',#1544,#1545);
#1544 = CARTESIAN_POINT('',(-8.358561755425,190.,-8.701501074067));
#1545 = VECTOR('',#1546,1.);
#1546 = DIRECTION('',(0.,0.,1.));
#1547 = PCURVE('',#45,#1548);
#1548 = DEFINITIONAL_REPRESENTATION('',(#1549),#1552);
#1549 = B_SPLINE_CURVE_WITH_KNOTS('',1,(#1550,#1551),.UNSPECIFIED.,.F.,
  .F.,(2,2),(-24.9,76.7),.PIECEWISE_BEZIER_KNOTS.);
#1550 = CARTESIAN_POINT('',(-50.8,40.995609521021));
#1551 = CARTESIAN_POINT('',(50.8,40.995609521021));
#1552 = ( GEOMETRIC_REPRESENTATION_CONTEXT(2) 
PARAMETRIC_REPRESENTATION_CONTEXT() REPRESENTATION_CONTEXT('2D SPACE',''
  ) );
#1553 = PCURVE('',#72,#1554);
#1554 = DEFINITIONAL_REPRESENTATION('',(#1555),#1558);
#1555 = B_SPLINE_CURVE_WITH_KNOTS('',1,(#1556,#1557),.UNSPECIFIED.,.F.,
  .F.,(2,2),(-24.9,76.7),.PIECEWISE_BEZIER_KNOTS.);
#1556 = CARTESIAN_POINT('',(1.,1.));
#1557 = CARTESIAN_POINT('',(102.6,1.));
#1558 = ( GEOMETRIC_REPRESENTATION_CONTEXT(2) 
PARAMETRIC_REPRESENTATION_CONTEXT() REPRESENTATION_CONTEXT('2D SPACE',''
  ) );
#1559 = ADVANCED_FACE('',(#1560),#72,.F.);
#1560 = FACE_BOUND('',#1561,.F.);
#1561 = EDGE_LOOP('',(#1562,#1583,#1584,#1585));
#1562 = ORIENTED_EDGE('',*,*,#1563,.F.);
#1563 = EDGE_CURVE('',#58,#1564,#1566,.T.);
#1564 = VERTEX_POINT('',#1565);
#1565 = CARTESIAN_POINT('',(431.64143824457,190.,-7.039913253911));
#1566 = SURFACE_CURVE('',#1567,(#1571,#1577),.PCURVE_S1.);
#1567 = LINE('',#1568,#1569);
#1568 = CARTESIAN_POINT('',(431.64143824457,190.,-8.701501074067));
#1569 = VECTOR('',#1570,1.);
#1570 = DIRECTION('',(0.,0.,1.));
#1571 = PCURVE('',#72,#1572);
#1572 = DEFINITIONAL_REPRESENTATION('',(#1573),#1576);
#1573 = B_SPLINE_CURVE_WITH_KNOTS('',1,(#1574,#1575),.UNSPECIFIED.,.F.,
  .F.,(2,2),(-24.9,76.7),.PIECEWISE_BEZIER_KNOTS.);
#1574 = CARTESIAN_POINT('',(1.,441.));
#1575 = CARTESIAN_POINT('',(102.6,441.));
#1576 = ( GEOMETRIC_REPRESENTATION_CONTEXT(2) 
PARAMETRIC_REPRESENTATION_CONTEXT() REPRESENTATION_CONTEXT('2D SPACE',''
  ) );
#1577 = PCURVE('',#100,#1578);
#1578 = DEFINITIONAL_REPRESENTATION('',(#1579),#1582);
#1579 = B_SPLINE_CURVE_WITH_KNOTS('',1,(#1580,#1581),.UNSPECIFIED.,.F.,
  .F.,(2,2),(-24.9,76.7),.PIECEWISE_BEZIER_KNOTS.);
#1580 = CARTESIAN_POINT('',(-50.8,40.995609521021));
#1581 = CARTESIAN_POINT('',(50.8,40.995609521021));
#1582 = ( GEOMETRIC_REPRESENTATION_CONTEXT(2) 
PARAMETRIC_REPRESENTATION_CONTEXT() REPRESENTATION_CONTEXT('2D SPACE',''
  ) );
#1583 = ORIENTED_EDGE('',*,*,#57,.T.);
#1584 = ORIENTED_EDGE('',*,*,#1541,.T.);
#1585 = ORIENTED_EDGE('',*,*,#1586,.F.);
#1586 = EDGE_CURVE('',#1564,#1513,#1587,.T.);
#1587 = SURFACE_CURVE('',#1588,(#1592,#1598),.PCURVE_S1.);
#1588 = LINE('',#1589,#1590);
#1589 = CARTESIAN_POINT('',(-8.358561755425,190.,-7.039913253911));
#1590 = VECTOR('',#1591,1.);
#1591 = DIRECTION('',(-1.,-0.,-0.));
#1592 = PCURVE('',#72,#1593);
#1593 = DEFINITIONAL_REPRESENTATION('',(#1594),#1597);
#1594 = B_SPLINE_CURVE_WITH_KNOTS('',1,(#1595,#1596),.UNSPECIFIED.,.F.,
  .F.,(2,2),(-440.0000006,5.999999999062E-07),.PIECEWISE_BEZIER_KNOTS.);
#1595 = CARTESIAN_POINT('',(27.561587820157,441.0000006));
#1596 = CARTESIAN_POINT('',(27.561587820157,0.9999994));
#1597 = ( GEOMETRIC_REPRESENTATION_CONTEXT(2) 
PARAMETRIC_REPRESENTATION_CONTEXT() REPRESENTATION_CONTEXT('2D SPACE',''
  ) );
#1598 = PCURVE('',#1529,#1599);
#1599 = DEFINITIONAL_REPRESENTATION('',(#1600),#1603);
#1600 = B_SPLINE_CURVE_WITH_KNOTS('',1,(#1601,#1602),.UNSPECIFIED.,.F.,
  .F.,(2,2),(-440.,-0.),.PIECEWISE_BEZIER_KNOTS.);
#1601 = CARTESIAN_POINT('',(-3.675549114325,-440.));
#1602 = CARTESIAN_POINT('',(-3.675549114325,0.));
#1603 = ( GEOMETRIC_REPRESENTATION_CONTEXT(2) 
PARAMETRIC_REPRESENTATION_CONTEXT() REPRESENTATION_CONTEXT('2D SPACE',''
  ) );
#1604 = ADVANCED_FACE('',(#1605),#129,.F.);
#1605 = FACE_BOUND('',#1606,.F.);
#1606 = EDGE_LOOP('',(#1607,#1608,#1629,#1648));
#1607 = ORIENTED_EDGE('',*,*,#116,.F.);
#1608 = ORIENTED_EDGE('',*,*,#1609,.F.);
#1609 = EDGE_CURVE('',#1610,#84,#1612,.T.);
#1610 = VERTEX_POINT('',#1611);
#1611 = CARTESIAN_POINT('',(431.64143824457,190.,41.436911105776));
#1612 = SURFACE_CURVE('',#1613,(#1617,#1623),.PCURVE_S1.);
#1613 = LINE('',#1614,#1615);
#1614 = CARTESIAN_POINT('',(431.64143824457,190.,-8.701501074067));
#1615 = VECTOR('',#1616,1.);
#1616 = DIRECTION('',(0.,0.,1.));
#1617 = PCURVE('',#129,#1618);
#1618 = DEFINITIONAL_REPRESENTATION('',(#1619),#1622);
#1619 = B_SPLINE_CURVE_WITH_KNOTS('',1,(#1620,#1621),.UNSPECIFIED.,.F.,
  .F.,(2,2),(-24.9,76.7),.PIECEWISE_BEZIER_KNOTS.);
#1620 = CARTESIAN_POINT('',(1.,441.));
#1621 = CARTESIAN_POINT('',(102.6,441.));
#1622 = ( GEOMETRIC_REPRESENTATION_CONTEXT(2) 
PARAMETRIC_REPRESENTATION_CONTEXT() REPRESENTATION_CONTEXT('2D SPACE',''
  ) );
#1623 = PCURVE('',#100,#1624);
#1624 = DEFINITIONAL_REPRESENTATION('',(#1625),#1628);
#1625 = B_SPLINE_CURVE_WITH_KNOTS('',1,(#1626,#1627),.UNSPECIFIED.,.F.,
  .F.,(2,2),(-24.9,76.7),.PIECEWISE_BEZIER_KNOTS.);
#1626 = CARTESIAN_POINT('',(-50.8,40.995609521021));
#1627 = CARTESIAN_POINT('',(50.8,40.995609521021));
#1628 = ( GEOMETRIC_REPRESENTATION_CONTEXT(2) 
PARAMETRIC_REPRESENTATION_CONTEXT() REPRESENTATION_CONTEXT('2D SPACE',''
  ) );
#1629 = ORIENTED_EDGE('',*,*,#1630,.T.);
#1630 = EDGE_CURVE('',#1610,#1492,#1631,.T.);
#1631 = SURFACE_CURVE('',#1632,(#1636,#1642),.PCURVE_S1.);
#1632 = LINE('',#1633,#1634);
#1633 = CARTESIAN_POINT('',(-8.358561755425,190.,41.436911105776));
#1634 = VECTOR('',#1635,1.);
#1635 = DIRECTION('',(-1.,-0.,-0.));
#1636 = PCURVE('',#129,#1637);
#1637 = DEFINITIONAL_REPRESENTATION('',(#1638),#1641);
#1638 = B_SPLINE_CURVE_WITH_KNOTS('',1,(#1639,#1640),.UNSPECIFIED.,.F.,
  .F.,(2,2),(-440.0000006,5.999999999062E-07),.PIECEWISE_BEZIER_KNOTS.);
#1639 = CARTESIAN_POINT('',(76.038412179843,441.0000006));
#1640 = CARTESIAN_POINT('',(76.038412179843,0.9999994));
#1641 = ( GEOMETRIC_REPRESENTATION_CONTEXT(2) 
PARAMETRIC_REPRESENTATION_CONTEXT() REPRESENTATION_CONTEXT('2D SPACE',''
  ) );
#1642 = PCURVE('',#1529,#1643);
#1643 = DEFINITIONAL_REPRESENTATION('',(#1644),#1647);
#1644 = B_SPLINE_CURVE_WITH_KNOTS('',1,(#1645,#1646),.UNSPECIFIED.,.F.,
  .F.,(2,2),(-440.,-0.),.PIECEWISE_BEZIER_KNOTS.);
#1645 = CARTESIAN_POINT('',(-8.890821500034,-440.));
#1646 = CARTESIAN_POINT('',(-8.890821500034,0.));
#1647 = ( GEOMETRIC_REPRESENTATION_CONTEXT(2) 
PARAMETRIC_REPRESENTATION_CONTEXT() REPRESENTATION_CONTEXT('2D SPACE',''
  ) );
#1648 = ORIENTED_EDGE('',*,*,#1491,.T.);
#1649 = ADVANCED_FACE('',(#1650),#100,.T.);
#1650 = FACE_BOUND('',#1651,.T.);
#1651 = EDGE_LOOP('',(#1652,#1653,#1654,#1655));
#1652 = ORIENTED_EDGE('',*,*,#1563,.F.);
#1653 = ORIENTED_EDGE('',*,*,#83,.F.);
#1654 = ORIENTED_EDGE('',*,*,#1609,.F.);
#1655 = ORIENTED_EDGE('',*,*,#1656,.T.);
#1656 = EDGE_CURVE('',#1610,#1564,#1657,.T.);
#1657 = SURFACE_CURVE('',#1658,(#1663,#1674),.PCURVE_S1.);
#1658 = CIRCLE('',#1659,47.625);
#1659 = AXIS2_PLACEMENT_3D('',#1660,#1661,#1662);
#1660 = CARTESIAN_POINT('',(431.64143824457,230.99560952102,
    17.198498925933));
#1661 = DIRECTION('',(-1.,0.,0.));
#1662 = DIRECTION('',(0.,-0.860800199916,0.508943037897));
#1663 = PCURVE('',#100,#1664);
#1664 = DEFINITIONAL_REPRESENTATION('',(#1665),#1673);
#1665 = ( BOUNDED_CURVE() B_SPLINE_CURVE(2,(#1666,#1667,#1668,#1669,
#1670,#1671,#1672),.UNSPECIFIED.,.T.,.F.) B_SPLINE_CURVE_WITH_KNOTS((1,2
    ,2,2,2,1),(-2.094395102393,0.,2.094395102393,4.188790204786,
6.28318530718,8.377580409573),.UNSPECIFIED.) CURVE() 
GEOMETRIC_REPRESENTATION_ITEM() RATIONAL_B_SPLINE_CURVE((1.,0.5,1.,0.5,
1.,0.5,1.)) REPRESENTATION_ITEM('') );
#1666 = CARTESIAN_POINT('',(24.238412179843,40.995609521021));
#1667 = CARTESIAN_POINT('',(95.244890757506,-0.986551869264));
#1668 = CARTESIAN_POINT('',(23.38403319891,-41.48888545565));
#1669 = CARTESIAN_POINT('',(-48.47682435968,-81.99121904204));
#1670 = CARTESIAN_POINT('',(-47.62244537875,0.493275934632));
#1671 = CARTESIAN_POINT('',(-46.76806639781,82.977770911306));
#1672 = CARTESIAN_POINT('',(24.238412179843,40.995609521021));
#1673 = ( GEOMETRIC_REPRESENTATION_CONTEXT(2) 
PARAMETRIC_REPRESENTATION_CONTEXT() REPRESENTATION_CONTEXT('2D SPACE',''
  ) );
#1674 = PCURVE('',#1529,#1675);
#1675 = DEFINITIONAL_REPRESENTATION('',(#1676),#1680);
#1676 = LINE('',#1677,#1678);
#1677 = CARTESIAN_POINT('',(-8.890821500034,-440.));
#1678 = VECTOR('',#1679,1.);
#1679 = DIRECTION('',(1.,-0.));
#1680 = ( GEOMETRIC_REPRESENTATION_CONTEXT(2) 
PARAMETRIC_REPRESENTATION_CONTEXT() REPRESENTATION_CONTEXT('2D SPACE',''
  ) );
#1681 = ADVANCED_FACE('',(#1682),#310,.F.);
#1682 = FACE_BOUND('',#1683,.T.);
#1683 = EDGE_LOOP('',(#1684,#1935,#1956,#1957));
#1684 = ORIENTED_EDGE('',*,*,#1685,.F.);
#1685 = EDGE_CURVE('',#1686,#1686,#1688,.T.);
#1686 = VERTEX_POINT('',#1687);
#1687 = CARTESIAN_POINT('',(365.99143824457,230.99560952102,
    64.823498925933));
#1688 = SURFACE_CURVE('',#1689,(#1769,#1852),.PCURVE_S1.);
#1689 = B_SPLINE_CURVE_WITH_KNOTS('',8,(#1690,#1691,#1692,#1693,#1694,
    #1695,#1696,#1697,#1698,#1699,#1700,#1701,#1702,#1703,#1704,#1705,
    #1706,#1707,#1708,#1709,#1710,#1711,#1712,#1713,#1714,#1715,#1716,
    #1717,#1718,#1719,#1720,#1721,#1722,#1723,#1724,#1725,#1726,#1727,
    #1728,#1729,#1730,#1731,#1732,#1733,#1734,#1735,#1736,#1737,#1738,
    #1739,#1740,#1741,#1742,#1743,#1744,#1745,#1746,#1747,#1748,#1749,
    #1750,#1751,#1752,#1753,#1754,#1755,#1756,#1757,#1758,#1759,#1760,
    #1761,#1762,#1763,#1764,#1765,#1766,#1767,#1768),.UNSPECIFIED.,.T.,
  .F.,(9,7,7,7,7,7,7,7,7,7,7,9),(0.,4.87110242537E-02,0.122873258001,
    0.182113804838,0.249177936329,0.426239592782,0.548351386154,
    0.679258444731,0.820002568381,0.878555048873,0.95185589947,1.),
  .UNSPECIFIED.);
#1690 = CARTESIAN_POINT('',(365.99143824457,230.99560952102,
    64.823498925933));
#1691 = CARTESIAN_POINT('',(365.99143824457,231.19611265479,
    64.823498925933));
#1692 = CARTESIAN_POINT('',(365.98087622663,231.3962987473,
    64.822534228754));
#1693 = CARTESIAN_POINT('',(365.95981084831,231.5950943906,
    64.820610090986));
#1694 = CARTESIAN_POINT('',(365.9284731475,231.79143840739,
    64.817760783233));
#1695 = CARTESIAN_POINT('',(365.88726365215,231.98429961388,
    64.814048489884));
#1696 = CARTESIAN_POINT('',(365.83674970422,232.17269432956,
    64.809560187286));
#1697 = CARTESIAN_POINT('',(365.77766299771,232.35570363393,
    64.804402500332));
#1698 = CARTESIAN_POINT('',(365.60924701518,232.80164708535,
    64.7900041992));
#1699 = CARTESIAN_POINT('',(365.48982501363,233.05630681883,
    64.780040691939));
#1700 = CARTESIAN_POINT('',(365.35491941829,233.29585755757,
    64.769150954243));
#1701 = CARTESIAN_POINT('',(365.20664220911,233.51991267255,
    64.7576717225));
#1702 = CARTESIAN_POINT('',(365.0469491924,233.72827921919,
    64.745913896366));
#1703 = CARTESIAN_POINT('',(364.87765840126,233.92092886874,
    64.734152403608));
#1704 = CARTESIAN_POINT('',(364.70046695817,234.09797147085,
    64.722621564338));
#1705 = CARTESIAN_POINT('',(364.37038676061,234.3887645418,
    64.702644830364));
#1706 = CARTESIAN_POINT('',(364.2194829573,234.50834578872,
    64.694026909046));
#1707 = CARTESIAN_POINT('',(364.06484910294,234.6185861092,
    64.685751735059));
#1708 = CARTESIAN_POINT('',(363.90700075647,234.71969551955,
    64.677894553254));
#1709 = CARTESIAN_POINT('',(363.7463841188,234.8118770837,
    64.670518000088));
#1710 = CARTESIAN_POINT('',(363.58338522914,234.89532106558,
    64.663673794763));
#1711 = CARTESIAN_POINT('',(363.41833916134,234.97019908142,
    64.657404430362));
#1712 = CARTESIAN_POINT('',(363.06271089619,235.11189433303,
    64.645337870839));
#1713 = CARTESIAN_POINT('',(362.87163569497,235.17634087838,
    64.639712511813));
#1714 = CARTESIAN_POINT('',(362.67876745394,235.23020036028,
    64.634919984305));
#1715 = CARTESIAN_POINT('',(362.48450662208,235.27364047454,
    64.630999347425));
#1716 = CARTESIAN_POINT('',(362.28921210882,235.30679176038,
    64.627978700167));
#1717 = CARTESIAN_POINT('',(362.09321313285,235.32974521998,
    64.625876358585));
#1718 = CARTESIAN_POINT('',(361.89682107091,235.34254993807,
    64.624702032968));
#1719 = CARTESIAN_POINT('',(361.18159854875,235.35223560691,
    64.623813726281));
#1720 = CARTESIAN_POINT('',(360.66408404353,235.2885271848,
    64.629655822026));
#1721 = CARTESIAN_POINT('',(360.15180810779,235.1550675849,
    64.64193356499));
#1722 = CARTESIAN_POINT('',(359.64953744555,234.94947321838,
    64.660322276481));
#1723 = CARTESIAN_POINT('',(359.16449582032,234.6671698268,
    64.684107945627));
#1724 = CARTESIAN_POINT('',(358.70791246936,234.30246496269,
    64.711911102089));
#1725 = CARTESIAN_POINT('',(358.29618901451,233.84942458312,
    64.741040364493));
#1726 = CARTESIAN_POINT('',(357.72004530005,232.92986672325,
    64.785687107112));
#1727 = CARTESIAN_POINT('',(357.51130857479,232.49964105338,
    64.803183250773));
#1728 = CARTESIAN_POINT('',(357.35070939359,232.02422909096,
    64.81774832759));
#1729 = CARTESIAN_POINT('',(357.25304245064,231.5176785977,
    64.827114887859));
#1730 = CARTESIAN_POINT('',(357.22623251535,230.99736478095,
    64.82962853126));
#1731 = CARTESIAN_POINT('',(357.27126235193,230.48180155822,
    64.82519821405));
#1732 = CARTESIAN_POINT('',(357.38198191902,229.98857353667,
    64.815037533405));
#1733 = CARTESIAN_POINT('',(357.71954286127,229.04347311788,
    64.785987959708));
#1734 = CARTESIAN_POINT('',(357.95213439309,228.60284478786,
    64.766698052964));
#1735 = CARTESIAN_POINT('',(358.22868192245,228.21277917519,
    64.745200526691));
#1736 = CARTESIAN_POINT('',(358.5383038992,227.87308167902,
    64.72333359913));
#1737 = CARTESIAN_POINT('',(358.87231180657,227.58239041166,
    64.702491834945));
#1738 = CARTESIAN_POINT('',(359.22377668403,227.33877742885,
    64.683641998305));
#1739 = CARTESIAN_POINT('',(359.58729109383,227.14007450282,
    64.667435267738));
#1740 = CARTESIAN_POINT('',(360.35789822649,226.81679577192,
    64.640109300019));
#1741 = CARTESIAN_POINT('',(360.76785082566,226.69822445423,
    64.629406369636));
#1742 = CARTESIAN_POINT('',(361.18410895573,226.62650458645,
    64.622677775691));
#1743 = CARTESIAN_POINT('',(361.60338133504,226.60035964822,
    64.620181608383));
#1744 = CARTESIAN_POINT('',(362.0228216296,226.6193216542,
    64.621998611147));
#1745 = CARTESIAN_POINT('',(362.43962083686,226.68374340846,
    64.628063420232));
#1746 = CARTESIAN_POINT('',(362.85059782928,226.79481113871,
    64.638140819315));
#1747 = CARTESIAN_POINT('',(363.41833917164,227.02101996471,
    64.657404430711));
#1748 = CARTESIAN_POINT('',(363.58338522374,227.09589797212,
    64.663673794456));
#1749 = CARTESIAN_POINT('',(363.74638410875,227.17934195311,
    64.670517999676));
#1750 = CARTESIAN_POINT('',(363.90700075601,227.27152352414,
    64.67789455334));
#1751 = CARTESIAN_POINT('',(364.06484911249,227.37263293987,
    64.685751735565));
#1752 = CARTESIAN_POINT('',(364.21948296317,227.482873256,
    64.694026909268));
#1753 = CARTESIAN_POINT('',(364.37038675143,227.60245449215,
    64.702644829809));
#1754 = CARTESIAN_POINT('',(364.70046695817,227.89324757118,
    64.722621564337));
#1755 = CARTESIAN_POINT('',(364.87765840126,228.07029017329,
    64.734152403608));
#1756 = CARTESIAN_POINT('',(365.0469491924,228.26293982284,
    64.745913896366));
#1757 = CARTESIAN_POINT('',(365.20664220911,228.47130636948,
    64.7576717225));
#1758 = CARTESIAN_POINT('',(365.35491941829,228.69536148446,
    64.769150954243));
#1759 = CARTESIAN_POINT('',(365.48982501363,228.9349122232,
    64.780040691939));
#1760 = CARTESIAN_POINT('',(365.60924701518,229.18957195668,
    64.7900041992));
#1761 = CARTESIAN_POINT('',(365.77766139943,229.63551117607,
    64.804402363692));
#1762 = CARTESIAN_POINT('',(365.83674861644,229.81852055622,
    64.809560088633));
#1763 = CARTESIAN_POINT('',(365.88726384861,230.00691845081,
    64.814048504675));
#1764 = CARTESIAN_POINT('',(365.92847440358,230.19978442278,
    64.817760896169));
#1765 = CARTESIAN_POINT('',(365.95981236522,230.39613300775,
    64.820610229246));
#1766 = CARTESIAN_POINT('',(365.98087714427,230.59493101667,
    64.82253431213));
#1767 = CARTESIAN_POINT('',(365.99143824457,230.79511509249,
    64.823498925933));
#1768 = CARTESIAN_POINT('',(365.99143824457,230.99560952102,
    64.823498925933));
#1769 = PCURVE('',#310,#1770);
#1770 = DEFINITIONAL_REPRESENTATION('',(#1771),#1851);
#1771 = B_SPLINE_CURVE_WITH_KNOTS('',8,(#1772,#1773,#1774,#1775,#1776,
    #1777,#1778,#1779,#1780,#1781,#1782,#1783,#1784,#1785,#1786,#1787,
    #1788,#1789,#1790,#1791,#1792,#1793,#1794,#1795,#1796,#1797,#1798,
    #1799,#1800,#1801,#1802,#1803,#1804,#1805,#1806,#1807,#1808,#1809,
    #1810,#1811,#1812,#1813,#1814,#1815,#1816,#1817,#1818,#1819,#1820,
    #1821,#1822,#1823,#1824,#1825,#1826,#1827,#1828,#1829,#1830,#1831,
    #1832,#1833,#1834,#1835,#1836,#1837,#1838,#1839,#1840,#1841,#1842,
    #1843,#1844,#1845,#1846,#1847,#1848,#1849,#1850),.UNSPECIFIED.,.F.,
  .F.,(9,7,7,7,7,7,7,7,7,7,7,9),(0.,4.87110242537E-02,0.122873258001,
    0.182113804838,0.249177936329,0.426239592782,0.548351386154,
    0.679258444731,0.820002568381,0.878555048873,0.95185589947,1.),
  .UNSPECIFIED.);
#1772 = CARTESIAN_POINT('',(0.,-2.));
#1773 = CARTESIAN_POINT('',(-4.609267443017E-02,-2.));
#1774 = CARTESIAN_POINT('',(-9.211246301781E-02,-1.999035302821));
#1775 = CARTESIAN_POINT('',(-0.137961840454,-1.997111165053));
#1776 = CARTESIAN_POINT('',(-0.183544059979,-1.9942618573));
#1777 = CARTESIAN_POINT('',(-0.228759734986,-1.990549563951));
#1778 = CARTESIAN_POINT('',(-0.273503433525,-1.986061261353));
#1779 = CARTESIAN_POINT('',(-0.317660285683,-1.9809035744));
#1780 = CARTESIAN_POINT('',(-0.427243265131,-1.966505273267));
#1781 = CARTESIAN_POINT('',(-0.491709721466,-1.956541766006));
#1782 = CARTESIAN_POINT('',(-0.554624945328,-1.94565202831));
#1783 = CARTESIAN_POINT('',(-0.616082350571,-1.934172796567));
#1784 = CARTESIAN_POINT('',(-0.676155455783,-1.922414970433));
#1785 = CARTESIAN_POINT('',(-0.734903349798,-1.910653477675));
#1786 = CARTESIAN_POINT('',(-0.792371959379,-1.899122638405));
#1787 = CARTESIAN_POINT('',(-0.893498797749,-1.879145904431));
#1788 = CARTESIAN_POINT('',(-0.937700956315,-1.870527983113));
#1789 = CARTESIAN_POINT('',(-0.981264704995,-1.862252809126));
#1790 = CARTESIAN_POINT('',(-1.024253265448,-1.854395627321));
#1791 = CARTESIAN_POINT('',(-1.066726946381,-1.847019074155));
#1792 = CARTESIAN_POINT('',(-1.108744119162,-1.840174868831));
#1793 = CARTESIAN_POINT('',(-1.150362193436,-1.833905504429));
#1794 = CARTESIAN_POINT('',(-1.238366147064,-1.821838944906));
#1795 = CARTESIAN_POINT('',(-1.284655553808,-1.81621358588));
#1796 = CARTESIAN_POINT('',(-1.330582290464,-1.811421058372));
#1797 = CARTESIAN_POINT('',(-1.376218632869,-1.807500421492));
#1798 = CARTESIAN_POINT('',(-1.421634752714,-1.804479774234));
#1799 = CARTESIAN_POINT('',(-1.466899815044,-1.802377432652));
#1800 = CARTESIAN_POINT('',(-1.512083075766,-1.801203107035));
#1801 = CARTESIAN_POINT('',(-1.676517122126,-1.800314800348));
#1802 = CARTESIAN_POINT('',(-1.795277359426,-1.806156896094));
#1803 = CARTESIAN_POINT('',(-1.915197095678,-1.818434639058));
#1804 = CARTESIAN_POINT('',(-2.037684296525,-1.836823350548));
#1805 = CARTESIAN_POINT('',(-2.164062711993,-1.860609019695));
#1806 = CARTESIAN_POINT('',(-2.295736616511,-1.888412176156));
#1807 = CARTESIAN_POINT('',(-2.434245709955,-1.91754143856));
#1808 = CARTESIAN_POINT('',(-2.683703119546,-1.96218818118));
#1809 = CARTESIAN_POINT('',(-2.792991692152,-1.97968432484));
#1810 = CARTESIAN_POINT('',(-2.90681372355,-1.994249401657));
#1811 = CARTESIAN_POINT('',(-3.023237298593,-2.003615961927));
#1812 = CARTESIAN_POINT('',(-3.140757915328,-2.006129605327));
#1813 = CARTESIAN_POINT('',(-3.257955709073,-2.001699288118));
#1814 = CARTESIAN_POINT('',(-3.373296547827,-1.991538607472));
#1815 = CARTESIAN_POINT('',(-3.604003376885,-1.962489033775));
#1816 = CARTESIAN_POINT('',(-3.717380937976,-1.943199127032));
#1817 = CARTESIAN_POINT('',(-3.825797865748,-1.921701600758));
#1818 = CARTESIAN_POINT('',(-3.929971344775,-1.899834673197));
#1819 = CARTESIAN_POINT('',(-4.030487907516,-1.878992909012));
#1820 = CARTESIAN_POINT('',(-4.12786988946,-1.860143072373));
#1821 = CARTESIAN_POINT('',(-4.222600403506,-1.843936341805));
#1822 = CARTESIAN_POINT('',(-4.414708468994,-1.816610374086));
#1823 = CARTESIAN_POINT('',(-4.512157732608,-1.805907443703));
#1824 = CARTESIAN_POINT('',(-4.608279361878,-1.799178849759));
#1825 = CARTESIAN_POINT('',(-4.703728985059,-1.796682682451));
#1826 = CARTESIAN_POINT('',(-4.799131089417,-1.798499685214));
#1827 = CARTESIAN_POINT('',(-4.8951114692,-1.8045644943));
#1828 = CARTESIAN_POINT('',(-4.992329551349,-1.814641893382));
#1829 = CARTESIAN_POINT('',(-5.132823116292,-1.833905504779));
#1830 = CARTESIAN_POINT('',(-5.174441186422,-1.840174868523));
#1831 = CARTESIAN_POINT('',(-5.216458358169,-1.847019073744));
#1832 = CARTESIAN_POINT('',(-5.258932041842,-1.854395627407));
#1833 = CARTESIAN_POINT('',(-5.301920604935,-1.862252809632));
#1834 = CARTESIAN_POINT('',(-5.345484352353,-1.870527983336));
#1835 = CARTESIAN_POINT('',(-5.38968650662,-1.879145903876));
#1836 = CARTESIAN_POINT('',(-5.490813347801,-1.899122638405));
#1837 = CARTESIAN_POINT('',(-5.548281957381,-1.910653477675));
#1838 = CARTESIAN_POINT('',(-5.607029851396,-1.922414970433));
#1839 = CARTESIAN_POINT('',(-5.667102956609,-1.934172796567));
#1840 = CARTESIAN_POINT('',(-5.728560361852,-1.94565202831));
#1841 = CARTESIAN_POINT('',(-5.791475585714,-1.956541766006));
#1842 = CARTESIAN_POINT('',(-5.855942042049,-1.966505273267));
#1843 = CARTESIAN_POINT('',(-5.965523981549,-1.980903437759));
#1844 = CARTESIAN_POINT('',(-6.009680891369,-1.986061162701));
#1845 = CARTESIAN_POINT('',(-6.054425369002,-1.990549578743));
#1846 = CARTESIAN_POINT('',(-6.099642153902,-1.994261970236));
#1847 = CARTESIAN_POINT('',(-6.145225407188,-1.997111303314));
#1848 = CARTESIAN_POINT('',(-6.191075308883,-1.999035386198));
#1849 = CARTESIAN_POINT('',(-6.237094633956,-2.));
#1850 = CARTESIAN_POINT('',(-6.28318530718,-2.));
#1851 = ( GEOMETRIC_REPRESENTATION_CONTEXT(2) 
PARAMETRIC_REPRESENTATION_CONTEXT() REPRESENTATION_CONTEXT('2D SPACE',''
  ) );
#1852 = PCURVE('',#1529,#1853);
#1853 = DEFINITIONAL_REPRESENTATION('',(#1854),#1934);
#1854 = B_SPLINE_CURVE_WITH_KNOTS('',8,(#1855,#1856,#1857,#1858,#1859,
    #1860,#1861,#1862,#1863,#1864,#1865,#1866,#1867,#1868,#1869,#1870,
    #1871,#1872,#1873,#1874,#1875,#1876,#1877,#1878,#1879,#1880,#1881,
    #1882,#1883,#1884,#1885,#1886,#1887,#1888,#1889,#1890,#1891,#1892,
    #1893,#1894,#1895,#1896,#1897,#1898,#1899,#1900,#1901,#1902,#1903,
    #1904,#1905,#1906,#1907,#1908,#1909,#1910,#1911,#1912,#1913,#1914,
    #1915,#1916,#1917,#1918,#1919,#1920,#1921,#1922,#1923,#1924,#1925,
    #1926,#1927,#1928,#1929,#1930,#1931,#1932,#1933),.UNSPECIFIED.,.T.,
  .F.,(9,7,7,7,7,7,7,7,7,7,7,9),(0.,4.87110242537E-02,0.122873258001,
    0.182113804838,0.249177936329,0.426239592782,0.548351386154,
    0.679258444731,0.820002568381,0.878555048873,0.95185589947,1.),
  .UNSPECIFIED.);
#1855 = CARTESIAN_POINT('',(-7.853981633974,-374.35));
#1856 = CARTESIAN_POINT('',(-7.84977159442,-374.35));
#1857 = CARTESIAN_POINT('',(-7.845568211813,-374.339437982));
#1858 = CARTESIAN_POINT('',(-7.841393911608,-374.3183726037));
#1859 = CARTESIAN_POINT('',(-7.837270862802,-374.2870349029));
#1860 = CARTESIAN_POINT('',(-7.833220620084,-374.2458254075));
#1861 = CARTESIAN_POINT('',(-7.829263766714,-374.1953114596));
#1862 = CARTESIAN_POINT('',(-7.82541955814,-374.1362247531));
#1863 = CARTESIAN_POINT('',(-7.816051036737,-373.9678087706));
#1864 = CARTESIAN_POINT('',(-7.810699884834,-373.848386769));
#1865 = CARTESIAN_POINT('',(-7.805664912454,-373.7134811737));
#1866 = CARTESIAN_POINT('',(-7.800954313537,-373.5652039645));
#1867 = CARTESIAN_POINT('',(-7.796572302582,-373.4055109478));
#1868 = CARTESIAN_POINT('',(-7.792519690544,-373.2362201566));
#1869 = CARTESIAN_POINT('',(-7.788794408185,-373.0590287135));
#1870 = CARTESIAN_POINT('',(-7.782674126015,-372.728948516));
#1871 = CARTESIAN_POINT('',(-7.780156735467,-372.5780447127));
#1872 = CARTESIAN_POINT('',(-7.777835482187,-372.4234108583));
#1873 = CARTESIAN_POINT('',(-7.775706062367,-372.2655625119));
#1874 = CARTESIAN_POINT('',(-7.773764312018,-372.1049458742));
#1875 = CARTESIAN_POINT('',(-7.772006327551,-371.9419469845));
#1876 = CARTESIAN_POINT('',(-7.77042858636,-371.7769009167));
#1877 = CARTESIAN_POINT('',(-7.767442589327,-371.4212726516));
#1878 = CARTESIAN_POINT('',(-7.76608423839,-371.2301974503));
#1879 = CARTESIAN_POINT('',(-7.764948864872,-371.0373292093));
#1880 = CARTESIAN_POINT('',(-7.764033030116,-370.8430683775));
#1881 = CARTESIAN_POINT('',(-7.76333405628,-370.6477738642));
#1882 = CARTESIAN_POINT('',(-7.762850076104,-370.4517748882));
#1883 = CARTESIAN_POINT('',(-7.762580082665,-370.2553828263));
#1884 = CARTESIAN_POINT('',(-7.762375855507,-369.5401603041));
#1885 = CARTESIAN_POINT('',(-7.76371917653,-369.0226457989));
#1886 = CARTESIAN_POINT('',(-7.766533318095,-368.5103698632));
#1887 = CARTESIAN_POINT('',(-7.770867462603,-368.0080992009));
#1888 = CARTESIAN_POINT('',(-7.776815955254,-367.5230575757));
#1889 = CARTESIAN_POINT('',(-7.784495391594,-367.0664742247));
#1890 = CARTESIAN_POINT('',(-7.794026518266,-366.6547507699));
#1891 = CARTESIAN_POINT('',(-7.813357564464,-366.0786070554));
#1892 = CARTESIAN_POINT('',(-7.822398359139,-365.8698703302));
#1893 = CARTESIAN_POINT('',(-7.832384609825,-365.709271149));
#1894 = CARTESIAN_POINT('',(-7.843020990021,-365.611604206));
#1895 = CARTESIAN_POINT('',(-7.853944323746,-365.5847942707));
#1896 = CARTESIAN_POINT('',(-7.864768901132,-365.6298241073));
#1897 = CARTESIAN_POINT('',(-7.875127058458,-365.7405436744));
#1898 = CARTESIAN_POINT('',(-7.894981058712,-366.0781046166));
#1899 = CARTESIAN_POINT('',(-7.90424117119,-366.3106961485));
#1900 = CARTESIAN_POINT('',(-7.91244318899,-366.5872436778));
#1901 = CARTESIAN_POINT('',(-7.919590249714,-366.8968656546));
#1902 = CARTESIAN_POINT('',(-7.925709474725,-367.2308735619));
#1903 = CARTESIAN_POINT('',(-7.930839912885,-367.5823384394));
#1904 = CARTESIAN_POINT('',(-7.935025991843,-367.9458528492));
#1905 = CARTESIAN_POINT('',(-7.941838203376,-368.7164599819));
#1906 = CARTESIAN_POINT('',(-7.944337972274,-369.126412581));
#1907 = CARTESIAN_POINT('',(-7.945850514159,-369.5426707111));
#1908 = CARTESIAN_POINT('',(-7.946401994724,-369.9619430904));
#1909 = CARTESIAN_POINT('',(-7.94600201057,-370.381383385));
#1910 = CARTESIAN_POINT('',(-7.944643339973,-370.7981825922));
#1911 = CARTESIAN_POINT('',(-7.942301664699,-371.2091595847));
#1912 = CARTESIAN_POINT('',(-7.937534681502,-371.776900927));
#1913 = CARTESIAN_POINT('',(-7.935956940489,-371.9419469791));
#1914 = CARTESIAN_POINT('',(-7.934198956041,-372.1049458641));
#1915 = CARTESIAN_POINT('',(-7.932257205547,-372.2655625114));
#1916 = CARTESIAN_POINT('',(-7.930127785614,-372.4234108679));
#1917 = CARTESIAN_POINT('',(-7.927806532425,-372.5780447185));
#1918 = CARTESIAN_POINT('',(-7.925289142104,-372.7289485068));
#1919 = CARTESIAN_POINT('',(-7.919168859764,-373.0590287135));
#1920 = CARTESIAN_POINT('',(-7.915443577405,-373.2362201566));
#1921 = CARTESIAN_POINT('',(-7.911390965367,-373.4055109478));
#1922 = CARTESIAN_POINT('',(-7.907008954412,-373.5652039645));
#1923 = CARTESIAN_POINT('',(-7.902298355495,-373.7134811737));
#1924 = CARTESIAN_POINT('',(-7.897263383115,-373.848386769));
#1925 = CARTESIAN_POINT('',(-7.891912231212,-373.9678087706));
#1926 = CARTESIAN_POINT('',(-7.882543798716,-374.1362231548));
#1927 = CARTESIAN_POINT('',(-7.878699588525,-374.1953103718));
#1928 = CARTESIAN_POINT('',(-7.874742668373,-374.245825604));
#1929 = CARTESIAN_POINT('',(-7.87069232558,-374.287036159));
#1930 = CARTESIAN_POINT('',(-7.866569180865,-374.3183741206));
#1931 = CARTESIAN_POINT('',(-7.862394831002,-374.3394388997));
#1932 = CARTESIAN_POINT('',(-7.858191490741,-374.35));
#1933 = CARTESIAN_POINT('',(-7.853981633974,-374.35));
#1934 = ( GEOMETRIC_REPRESENTATION_CONTEXT(2) 
PARAMETRIC_REPRESENTATION_CONTEXT() REPRESENTATION_CONTEXT('2D SPACE',''
  ) );
#1935 = ORIENTED_EDGE('',*,*,#1936,.T.);
#1936 = EDGE_CURVE('',#1686,#143,#1937,.T.);
#1937 = SEAM_CURVE('',#1938,(#1942,#1949),.PCURVE_S1.);
#1938 = LINE('',#1939,#1940);
#1939 = CARTESIAN_POINT('',(365.99143824457,230.99560952102,
    62.823498925933));
#1940 = VECTOR('',#1941,1.);
#1941 = DIRECTION('',(0.,0.,1.));
#1942 = PCURVE('',#310,#1943);
#1943 = DEFINITIONAL_REPRESENTATION('',(#1944),#1948);
#1944 = LINE('',#1945,#1946);
#1945 = CARTESIAN_POINT('',(-6.28318530718,0.));
#1946 = VECTOR('',#1947,1.);
#1947 = DIRECTION('',(-0.,-1.));
#1948 = ( GEOMETRIC_REPRESENTATION_CONTEXT(2) 
PARAMETRIC_REPRESENTATION_CONTEXT() REPRESENTATION_CONTEXT('2D SPACE',''
  ) );
#1949 = PCURVE('',#310,#1950);
#1950 = DEFINITIONAL_REPRESENTATION('',(#1951),#1955);
#1951 = LINE('',#1952,#1953);
#1952 = CARTESIAN_POINT('',(-0.,0.));
#1953 = VECTOR('',#1954,1.);
#1954 = DIRECTION('',(-0.,-1.));
#1955 = ( GEOMETRIC_REPRESENTATION_CONTEXT(2) 
PARAMETRIC_REPRESENTATION_CONTEXT() REPRESENTATION_CONTEXT('2D SPACE',''
  ) );
#1956 = ORIENTED_EDGE('',*,*,#142,.T.);
#1957 = ORIENTED_EDGE('',*,*,#1936,.F.);
#1958 = ADVANCED_FACE('',(#1959),#568,.F.);
#1959 = FACE_BOUND('',#1960,.T.);
#1960 = EDGE_LOOP('',(#1961,#2212,#2233,#2234));
#1961 = ORIENTED_EDGE('',*,*,#1962,.F.);
#1962 = EDGE_CURVE('',#1963,#1963,#1965,.T.);
#1963 = VERTEX_POINT('',#1964);
#1964 = CARTESIAN_POINT('',(290.99143824457,230.99560952102,
    64.823498925933));
#1965 = SURFACE_CURVE('',#1966,(#2046,#2129),.PCURVE_S1.);
#1966 = B_SPLINE_CURVE_WITH_KNOTS('',8,(#1967,#1968,#1969,#1970,#1971,
    #1972,#1973,#1974,#1975,#1976,#1977,#1978,#1979,#1980,#1981,#1982,
    #1983,#1984,#1985,#1986,#1987,#1988,#1989,#1990,#1991,#1992,#1993,
    #1994,#1995,#1996,#1997,#1998,#1999,#2000,#2001,#2002,#2003,#2004,
    #2005,#2006,#2007,#2008,#2009,#2010,#2011,#2012,#2013,#2014,#2015,
    #2016,#2017,#2018,#2019,#2020,#2021,#2022,#2023,#2024,#2025,#2026,
    #2027,#2028,#2029,#2030,#2031,#2032,#2033,#2034,#2035,#2036,#2037,
    #2038,#2039,#2040,#2041,#2042,#2043,#2044,#2045),.UNSPECIFIED.,.T.,
  .F.,(9,7,7,7,7,7,7,7,7,7,7,9),(0.,4.871102350566E-02,0.122873256131,
    0.182113805796,0.249177940858,0.426239596554,0.548351390067,
    0.679258446049,0.820002571376,0.878555048422,0.951855899291,1.),
  .UNSPECIFIED.);
#1967 = CARTESIAN_POINT('',(290.99143824457,230.99560952102,
    64.823498925933));
#1968 = CARTESIAN_POINT('',(290.99143824457,231.19611265479,
    64.823498925933));
#1969 = CARTESIAN_POINT('',(290.98087622663,231.3962987473,
    64.822534228754));
#1970 = CARTESIAN_POINT('',(290.95981084831,231.5950943906,
    64.820610090986));
#1971 = CARTESIAN_POINT('',(290.9284731475,231.79143840739,
    64.817760783233));
#1972 = CARTESIAN_POINT('',(290.88726365215,231.98429961388,
    64.814048489884));
#1973 = CARTESIAN_POINT('',(290.83674970422,232.17269432956,
    64.809560187286));
#1974 = CARTESIAN_POINT('',(290.77766299771,232.35570363393,
    64.804402500332));
#1975 = CARTESIAN_POINT('',(290.60924701515,232.80164708541,
    64.790004199198));
#1976 = CARTESIAN_POINT('',(290.48982501361,233.05630681885,
    64.780040691938));
#1977 = CARTESIAN_POINT('',(290.3549194183,233.29585755754,
    64.769150954244));
#1978 = CARTESIAN_POINT('',(290.20664220915,233.5199126725,
    64.757671722503));
#1979 = CARTESIAN_POINT('',(290.04694919243,233.72827921916,
    64.745913896368));
#1980 = CARTESIAN_POINT('',(289.87765840125,233.92092886876,
    64.734152403607));
#1981 = CARTESIAN_POINT('',(289.70046695812,234.09797147089,
    64.722621564334));
#1982 = CARTESIAN_POINT('',(289.37038675143,234.38876454988,
    64.702644829809));
#1983 = CARTESIAN_POINT('',(289.21948296317,234.50834578603,
    64.694026909268));
#1984 = CARTESIAN_POINT('',(289.06484911249,234.61858610216,
    64.685751735565));
#1985 = CARTESIAN_POINT('',(288.90700075601,234.71969551789,
    64.67789455334));
#1986 = CARTESIAN_POINT('',(288.74638410875,234.81187708892,
    64.670517999676));
#1987 = CARTESIAN_POINT('',(288.58338522374,234.89532106991,
    64.663673794456));
#1988 = CARTESIAN_POINT('',(288.41833917164,234.97019907732,
    64.657404430712));
#1989 = CARTESIAN_POINT('',(288.06271088349,235.11189433809,
    64.645337870408));
#1990 = CARTESIAN_POINT('',(287.87163570231,235.17634087789,
    64.639712511857));
#1991 = CARTESIAN_POINT('',(287.6787674668,235.23020035653,
    64.634919984626));
#1992 = CARTESIAN_POINT('',(287.48450662222,235.2736404725,
    64.630999347599));
#1993 = CARTESIAN_POINT('',(287.28921209609,235.30679176189,
    64.627978700036));
#1994 = CARTESIAN_POINT('',(287.0932131253,235.3297452225,
    64.625876358368));
#1995 = CARTESIAN_POINT('',(286.89682108319,235.34254993791,
    64.624702032983));
#1996 = CARTESIAN_POINT('',(286.1815985462,235.35223560695,
    64.623813726277));
#1997 = CARTESIAN_POINT('',(285.66408405506,235.28852718746,
    64.629655821874));
#1998 = CARTESIAN_POINT('',(285.15180808311,235.1550675742,
    64.641933565603));
#1999 = CARTESIAN_POINT('',(284.64953747615,234.94947323769,
    64.660322275398));
#2000 = CARTESIAN_POINT('',(284.16449579755,234.66716980738,
    64.684107946679));
#2001 = CARTESIAN_POINT('',(283.70791247902,234.30246497369,
    64.711911101521));
#2002 = CARTESIAN_POINT('',(283.29618901265,233.84942458017,
    64.741040364636));
#2003 = CARTESIAN_POINT('',(282.72004530005,232.92986672325,
    64.785687107112));
#2004 = CARTESIAN_POINT('',(282.51130857478,232.49964105338,
    64.803183250773));
#2005 = CARTESIAN_POINT('',(282.3507093936,232.02422909096,
    64.81774832759));
#2006 = CARTESIAN_POINT('',(282.25304245064,231.5176785977,
    64.827114887859));
#2007 = CARTESIAN_POINT('',(282.22623251535,230.99736478096,
    64.82962853126));
#2008 = CARTESIAN_POINT('',(282.27126235193,230.48180155822,
    64.82519821405));
#2009 = CARTESIAN_POINT('',(282.38198191902,229.98857353667,
    64.815037533405));
#2010 = CARTESIAN_POINT('',(282.7195428576,229.04347312814,
    64.785987960023));
#2011 = CARTESIAN_POINT('',(282.95213440796,228.6028447613,
    64.766698051942));
#2012 = CARTESIAN_POINT('',(283.22868190257,228.21277919835,
    64.745200527812));
#2013 = CARTESIAN_POINT('',(283.53830390173,227.87308168412,
    64.723333599175));
#2014 = CARTESIAN_POINT('',(283.87231182629,227.58239038828,
    64.702491833825));
#2015 = CARTESIAN_POINT('',(284.22377666359,227.33877744426,
    64.683641999231));
#2016 = CARTESIAN_POINT('',(284.58729110118,227.14007449973,
    64.667435267477));
#2017 = CARTESIAN_POINT('',(285.35789823126,226.81679576992,
    64.64010929985));
#2018 = CARTESIAN_POINT('',(285.76785081154,226.69822445712,
    64.629406369881));
#2019 = CARTESIAN_POINT('',(286.18410897006,226.62650458658,
    64.622677775703));
#2020 = CARTESIAN_POINT('',(286.60338133619,226.6003596459,
    64.620181608186));
#2021 = CARTESIAN_POINT('',(287.02282161541,226.61932165426,
    64.621998611151));
#2022 = CARTESIAN_POINT('',(287.4396208487,226.68374341074,
    64.628063420428));
#2023 = CARTESIAN_POINT('',(287.85059782566,226.79481113727,
    64.638140819192));
#2024 = CARTESIAN_POINT('',(288.41833916134,227.02101996061,
    64.657404430362));
#2025 = CARTESIAN_POINT('',(288.58338522914,227.09589797646,
    64.663673794763));
#2026 = CARTESIAN_POINT('',(288.7463841188,227.17934195833,
    64.670518000088));
#2027 = CARTESIAN_POINT('',(288.90700075647,227.27152352248,
    64.677894553254));
#2028 = CARTESIAN_POINT('',(289.06484910294,227.37263293283,
    64.685751735059));
#2029 = CARTESIAN_POINT('',(289.2194829573,227.48287325331,
    64.694026909046));
#2030 = CARTESIAN_POINT('',(289.37038676061,227.60245450023,
    64.702644830364));
#2031 = CARTESIAN_POINT('',(289.70046695817,227.89324757118,
    64.722621564337));
#2032 = CARTESIAN_POINT('',(289.87765840126,228.07029017329,
    64.734152403608));
#2033 = CARTESIAN_POINT('',(290.0469491924,228.26293982284,
    64.745913896366));
#2034 = CARTESIAN_POINT('',(290.20664220911,228.47130636948,
    64.7576717225));
#2035 = CARTESIAN_POINT('',(290.35491941829,228.69536148446,
    64.769150954243));
#2036 = CARTESIAN_POINT('',(290.48982501363,228.9349122232,
    64.780040691939));
#2037 = CARTESIAN_POINT('',(290.60924701518,229.18957195668,
    64.7900041992));
#2038 = CARTESIAN_POINT('',(290.77766139943,229.63551117607,
    64.804402363692));
#2039 = CARTESIAN_POINT('',(290.83674861644,229.81852055622,
    64.809560088633));
#2040 = CARTESIAN_POINT('',(290.88726384861,230.00691845081,
    64.814048504675));
#2041 = CARTESIAN_POINT('',(290.92847440358,230.19978442278,
    64.817760896169));
#2042 = CARTESIAN_POINT('',(290.95981236522,230.39613300775,
    64.820610229246));
#2043 = CARTESIAN_POINT('',(290.98087714427,230.59493101667,
    64.82253431213));
#2044 = CARTESIAN_POINT('',(290.99143824457,230.79511509249,
    64.823498925933));
#2045 = CARTESIAN_POINT('',(290.99143824457,230.99560952102,
    64.823498925933));
#2046 = PCURVE('',#568,#2047);
#2047 = DEFINITIONAL_REPRESENTATION('',(#2048),#2128);
#2048 = B_SPLINE_CURVE_WITH_KNOTS('',8,(#2049,#2050,#2051,#2052,#2053,
    #2054,#2055,#2056,#2057,#2058,#2059,#2060,#2061,#2062,#2063,#2064,
    #2065,#2066,#2067,#2068,#2069,#2070,#2071,#2072,#2073,#2074,#2075,
    #2076,#2077,#2078,#2079,#2080,#2081,#2082,#2083,#2084,#2085,#2086,
    #2087,#2088,#2089,#2090,#2091,#2092,#2093,#2094,#2095,#2096,#2097,
    #2098,#2099,#2100,#2101,#2102,#2103,#2104,#2105,#2106,#2107,#2108,
    #2109,#2110,#2111,#2112,#2113,#2114,#2115,#2116,#2117,#2118,#2119,
    #2120,#2121,#2122,#2123,#2124,#2125,#2126,#2127),.UNSPECIFIED.,.F.,
  .F.,(9,7,7,7,7,7,7,7,7,7,7,9),(0.,4.871102350566E-02,0.122873256131,
    0.182113805796,0.249177940858,0.426239596554,0.548351390067,
    0.679258446049,0.820002571376,0.878555048422,0.951855899291,1.),
  .UNSPECIFIED.);
#2049 = CARTESIAN_POINT('',(0.,-2.));
#2050 = CARTESIAN_POINT('',(-4.609267443017E-02,-2.));
#2051 = CARTESIAN_POINT('',(-9.211246301781E-02,-1.999035302821));
#2052 = CARTESIAN_POINT('',(-0.137961840454,-1.997111165053));
#2053 = CARTESIAN_POINT('',(-0.183544059979,-1.9942618573));
#2054 = CARTESIAN_POINT('',(-0.228759734986,-1.990549563951));
#2055 = CARTESIAN_POINT('',(-0.273503433525,-1.986061261353));
#2056 = CARTESIAN_POINT('',(-0.317660285683,-1.9809035744));
#2057 = CARTESIAN_POINT('',(-0.427243265146,-1.966505273265));
#2058 = CARTESIAN_POINT('',(-0.491709721472,-1.956541766005));
#2059 = CARTESIAN_POINT('',(-0.554624945321,-1.945652028311));
#2060 = CARTESIAN_POINT('',(-0.616082350558,-1.93417279657));
#2061 = CARTESIAN_POINT('',(-0.676155455775,-1.922414970435));
#2062 = CARTESIAN_POINT('',(-0.734903349803,-1.910653477674));
#2063 = CARTESIAN_POINT('',(-0.792371959394,-1.899122638402));
#2064 = CARTESIAN_POINT('',(-0.893498800559,-1.879145903876));
#2065 = CARTESIAN_POINT('',(-0.937700954827,-1.870527983336));
#2066 = CARTESIAN_POINT('',(-0.981264702244,-1.862252809632));
#2067 = CARTESIAN_POINT('',(-1.024253265338,-1.854395627407));
#2068 = CARTESIAN_POINT('',(-1.06672694901,-1.847019073744));
#2069 = CARTESIAN_POINT('',(-1.108744120757,-1.840174868523));
#2070 = CARTESIAN_POINT('',(-1.150362190888,-1.833905504779));
#2071 = CARTESIAN_POINT('',(-1.238366150207,-1.821838944475));
#2072 = CARTESIAN_POINT('',(-1.284655552112,-1.816213585925));
#2073 = CARTESIAN_POINT('',(-1.330582287352,-1.811421058694));
#2074 = CARTESIAN_POINT('',(-1.376218632743,-1.807500421666));
#2075 = CARTESIAN_POINT('',(-1.421634755691,-1.804479774103));
#2076 = CARTESIAN_POINT('',(-1.46689981688,-1.802377432436));
#2077 = CARTESIAN_POINT('',(-1.512083072944,-1.801203107051));
#2078 = CARTESIAN_POINT('',(-1.676517122714,-1.800314800345));
#2079 = CARTESIAN_POINT('',(-1.795277356488,-1.806156895941));
#2080 = CARTESIAN_POINT('',(-1.915197102509,-1.81843463967));
#2081 = CARTESIAN_POINT('',(-2.037684287349,-1.836823349466));
#2082 = CARTESIAN_POINT('',(-2.164062719465,-1.860609020746));
#2083 = CARTESIAN_POINT('',(-2.295736612966,-1.888412175588));
#2084 = CARTESIAN_POINT('',(-2.434245710758,-1.917541438704));
#2085 = CARTESIAN_POINT('',(-2.683703119546,-1.96218818118));
#2086 = CARTESIAN_POINT('',(-2.792991692152,-1.97968432484));
#2087 = CARTESIAN_POINT('',(-2.90681372355,-1.994249401657));
#2088 = CARTESIAN_POINT('',(-3.023237298592,-2.003615961927));
#2089 = CARTESIAN_POINT('',(-3.140757915328,-2.006129605327));
#2090 = CARTESIAN_POINT('',(-3.257955709073,-2.001699288118));
#2091 = CARTESIAN_POINT('',(-3.373296547827,-1.991538607472));
#2092 = CARTESIAN_POINT('',(-3.60400337438,-1.962489034091));
#2093 = CARTESIAN_POINT('',(-3.717380945278,-1.94319912601));
#2094 = CARTESIAN_POINT('',(-3.82579785827,-1.921701601879));
#2095 = CARTESIAN_POINT('',(-3.92997134429,-1.899834673242));
#2096 = CARTESIAN_POINT('',(-4.030487915012,-1.878992907893));
#2097 = CARTESIAN_POINT('',(-4.127869883218,-1.860143073299));
#2098 = CARTESIAN_POINT('',(-4.222600405338,-1.843936341545));
#2099 = CARTESIAN_POINT('',(-4.414708470184,-1.816610373917));
#2100 = CARTESIAN_POINT('',(-4.512157729141,-1.805907443949));
#2101 = CARTESIAN_POINT('',(-4.608279365368,-1.799178849771));
#2102 = CARTESIAN_POINT('',(-4.703728985344,-1.796682682253));
#2103 = CARTESIAN_POINT('',(-4.799131085959,-1.798499685218));
#2104 = CARTESIAN_POINT('',(-4.895111472101,-1.804564494495));
#2105 = CARTESIAN_POINT('',(-4.992329550452,-1.814641893259));
#2106 = CARTESIAN_POINT('',(-5.132823113744,-1.833905504429));
#2107 = CARTESIAN_POINT('',(-5.174441188018,-1.840174868831));
#2108 = CARTESIAN_POINT('',(-5.216458360798,-1.847019074155));
#2109 = CARTESIAN_POINT('',(-5.258932041731,-1.854395627321));
#2110 = CARTESIAN_POINT('',(-5.301920602185,-1.862252809126));
#2111 = CARTESIAN_POINT('',(-5.345484350865,-1.870527983113));
#2112 = CARTESIAN_POINT('',(-5.38968650943,-1.879145904431));
#2113 = CARTESIAN_POINT('',(-5.490813347801,-1.899122638405));
#2114 = CARTESIAN_POINT('',(-5.548281957381,-1.910653477675));
#2115 = CARTESIAN_POINT('',(-5.607029851396,-1.922414970433));
#2116 = CARTESIAN_POINT('',(-5.667102956609,-1.934172796567));
#2117 = CARTESIAN_POINT('',(-5.728560361852,-1.94565202831));
#2118 = CARTESIAN_POINT('',(-5.791475585714,-1.956541766006));
#2119 = CARTESIAN_POINT('',(-5.855942042049,-1.966505273267));
#2120 = CARTESIAN_POINT('',(-5.965523981549,-1.980903437759));
#2121 = CARTESIAN_POINT('',(-6.009680891369,-1.986061162701));
#2122 = CARTESIAN_POINT('',(-6.054425369002,-1.990549578743));
#2123 = CARTESIAN_POINT('',(-6.099642153902,-1.994261970236));
#2124 = CARTESIAN_POINT('',(-6.145225407188,-1.997111303314));
#2125 = CARTESIAN_POINT('',(-6.191075308883,-1.999035386198));
#2126 = CARTESIAN_POINT('',(-6.237094633956,-2.));
#2127 = CARTESIAN_POINT('',(-6.28318530718,-2.));
#2128 = ( GEOMETRIC_REPRESENTATION_CONTEXT(2) 
PARAMETRIC_REPRESENTATION_CONTEXT() REPRESENTATION_CONTEXT('2D SPACE',''
  ) );
#2129 = PCURVE('',#1529,#2130);
#2130 = DEFINITIONAL_REPRESENTATION('',(#2131),#2211);
#2131 = B_SPLINE_CURVE_WITH_KNOTS('',8,(#2132,#2133,#2134,#2135,#2136,
    #2137,#2138,#2139,#2140,#2141,#2142,#2143,#2144,#2145,#2146,#2147,
    #2148,#2149,#2150,#2151,#2152,#2153,#2154,#2155,#2156,#2157,#2158,
    #2159,#2160,#2161,#2162,#2163,#2164,#2165,#2166,#2167,#2168,#2169,
    #2170,#2171,#2172,#2173,#2174,#2175,#2176,#2177,#2178,#2179,#2180,
    #2181,#2182,#2183,#2184,#2185,#2186,#2187,#2188,#2189,#2190,#2191,
    #2192,#2193,#2194,#2195,#2196,#2197,#2198,#2199,#2200,#2201,#2202,
    #2203,#2204,#2205,#2206,#2207,#2208,#2209,#2210),.UNSPECIFIED.,.T.,
  .F.,(9,7,7,7,7,7,7,7,7,7,7,9),(0.,4.871102350566E-02,0.122873256131,
    0.182113805796,0.249177940858,0.426239596554,0.548351390067,
    0.679258446049,0.820002571376,0.878555048422,0.951855899291,1.),
  .UNSPECIFIED.);
#2132 = CARTESIAN_POINT('',(-7.853981633974,-299.35));
#2133 = CARTESIAN_POINT('',(-7.84977159442,-299.35));
#2134 = CARTESIAN_POINT('',(-7.845568211813,-299.339437982));
#2135 = CARTESIAN_POINT('',(-7.841393911608,-299.3183726037));
#2136 = CARTESIAN_POINT('',(-7.837270862802,-299.2870349029));
#2137 = CARTESIAN_POINT('',(-7.833220620084,-299.2458254075));
#2138 = CARTESIAN_POINT('',(-7.829263766714,-299.1953114596));
#2139 = CARTESIAN_POINT('',(-7.82541955814,-299.1362247531));
#2140 = CARTESIAN_POINT('',(-7.816051036735,-298.9678087705));
#2141 = CARTESIAN_POINT('',(-7.810699884834,-298.848386769));
#2142 = CARTESIAN_POINT('',(-7.805664912455,-298.7134811737));
#2143 = CARTESIAN_POINT('',(-7.800954313538,-298.5652039645));
#2144 = CARTESIAN_POINT('',(-7.796572302583,-298.4055109478));
#2145 = CARTESIAN_POINT('',(-7.792519690544,-298.2362201566));
#2146 = CARTESIAN_POINT('',(-7.788794408184,-298.0590287135));
#2147 = CARTESIAN_POINT('',(-7.782674125845,-297.7289485068));
#2148 = CARTESIAN_POINT('',(-7.780156735524,-297.5780447185));
#2149 = CARTESIAN_POINT('',(-7.777835482335,-297.4234108679));
#2150 = CARTESIAN_POINT('',(-7.775706062402,-297.2655625114));
#2151 = CARTESIAN_POINT('',(-7.773764311908,-297.1049458641));
#2152 = CARTESIAN_POINT('',(-7.77200632746,-296.9419469791));
#2153 = CARTESIAN_POINT('',(-7.770428586447,-296.776900927));
#2154 = CARTESIAN_POINT('',(-7.76744258922,-296.4212726389));
#2155 = CARTESIAN_POINT('',(-7.7660842384,-296.2301974577));
#2156 = CARTESIAN_POINT('',(-7.764948864951,-296.0373292222));
#2157 = CARTESIAN_POINT('',(-7.764033030159,-295.8430683776));
#2158 = CARTESIAN_POINT('',(-7.763334056249,-295.6477738515));
#2159 = CARTESIAN_POINT('',(-7.762850076051,-295.4517748807));
#2160 = CARTESIAN_POINT('',(-7.762580082668,-295.2553828386));
#2161 = CARTESIAN_POINT('',(-7.762375855506,-294.5401603016));
#2162 = CARTESIAN_POINT('',(-7.763719176474,-294.0226458104));
#2163 = CARTESIAN_POINT('',(-7.766533318319,-293.5103698385));
#2164 = CARTESIAN_POINT('',(-7.770867462197,-293.0080992315));
#2165 = CARTESIAN_POINT('',(-7.776815955662,-292.5230575529));
#2166 = CARTESIAN_POINT('',(-7.784495391363,-292.0664742344));
#2167 = CARTESIAN_POINT('',(-7.794026518329,-291.654750768));
#2168 = CARTESIAN_POINT('',(-7.813357564464,-291.0786070554));
#2169 = CARTESIAN_POINT('',(-7.822398359139,-290.8698703302));
#2170 = CARTESIAN_POINT('',(-7.832384609825,-290.709271149));
#2171 = CARTESIAN_POINT('',(-7.843020990021,-290.611604206));
#2172 = CARTESIAN_POINT('',(-7.853944323745,-290.5847942707));
#2173 = CARTESIAN_POINT('',(-7.864768901132,-290.6298241073));
#2174 = CARTESIAN_POINT('',(-7.875127058458,-290.7405436744));
#2175 = CARTESIAN_POINT('',(-7.894981058497,-291.078104613));
#2176 = CARTESIAN_POINT('',(-7.904241171748,-291.3106961633));
#2177 = CARTESIAN_POINT('',(-7.912443188503,-291.5872436579));
#2178 = CARTESIAN_POINT('',(-7.919590249607,-291.8968656571));
#2179 = CARTESIAN_POINT('',(-7.925709475217,-292.2308735817));
#2180 = CARTESIAN_POINT('',(-7.930839912561,-292.582338419));
#2181 = CARTESIAN_POINT('',(-7.935025991908,-292.9458528566));
#2182 = CARTESIAN_POINT('',(-7.941838203418,-293.7164599866));
#2183 = CARTESIAN_POINT('',(-7.944337972213,-294.1264125669));
#2184 = CARTESIAN_POINT('',(-7.945850514157,-294.5426707254));
#2185 = CARTESIAN_POINT('',(-7.946401994773,-294.9619430916));
#2186 = CARTESIAN_POINT('',(-7.946002010568,-295.3813833708));
#2187 = CARTESIAN_POINT('',(-7.944643339925,-295.7981826041));
#2188 = CARTESIAN_POINT('',(-7.942301664729,-296.209159581));
#2189 = CARTESIAN_POINT('',(-7.937534681589,-296.7769009167));
#2190 = CARTESIAN_POINT('',(-7.935956940398,-296.9419469845));
#2191 = CARTESIAN_POINT('',(-7.934198955931,-297.1049458742));
#2192 = CARTESIAN_POINT('',(-7.932257205582,-297.2655625119));
#2193 = CARTESIAN_POINT('',(-7.930127785762,-297.4234108583));
#2194 = CARTESIAN_POINT('',(-7.927806532482,-297.5780447127));
#2195 = CARTESIAN_POINT('',(-7.925289141934,-297.728948516));
#2196 = CARTESIAN_POINT('',(-7.919168859764,-298.0590287135));
#2197 = CARTESIAN_POINT('',(-7.915443577405,-298.2362201566));
#2198 = CARTESIAN_POINT('',(-7.911390965367,-298.4055109478));
#2199 = CARTESIAN_POINT('',(-7.907008954412,-298.5652039645));
#2200 = CARTESIAN_POINT('',(-7.902298355495,-298.7134811737));
#2201 = CARTESIAN_POINT('',(-7.897263383115,-298.848386769));
#2202 = CARTESIAN_POINT('',(-7.891912231212,-298.9678087706));
#2203 = CARTESIAN_POINT('',(-7.882543798716,-299.1362231548));
#2204 = CARTESIAN_POINT('',(-7.878699588525,-299.1953103718));
#2205 = CARTESIAN_POINT('',(-7.874742668373,-299.245825604));
#2206 = CARTESIAN_POINT('',(-7.87069232558,-299.287036159));
#2207 = CARTESIAN_POINT('',(-7.866569180865,-299.3183741206));
#2208 = CARTESIAN_POINT('',(-7.862394831002,-299.3394388997));
#2209 = CARTESIAN_POINT('',(-7.858191490741,-299.35));
#2210 = CARTESIAN_POINT('',(-7.853981633974,-299.35));
#2211 = ( GEOMETRIC_REPRESENTATION_CONTEXT(2) 
PARAMETRIC_REPRESENTATION_CONTEXT() REPRESENTATION_CONTEXT('2D SPACE',''
  ) );
#2212 = ORIENTED_EDGE('',*,*,#2213,.T.);
#2213 = EDGE_CURVE('',#1963,#401,#2214,.T.);
#2214 = SEAM_CURVE('',#2215,(#2219,#2226),.PCURVE_S1.);
#2215 = LINE('',#2216,#2217);
#2216 = CARTESIAN_POINT('',(290.99143824457,230.99560952102,
    62.823498925933));
#2217 = VECTOR('',#2218,1.);
#2218 = DIRECTION('',(0.,0.,1.));
#2219 = PCURVE('',#568,#2220);
#2220 = DEFINITIONAL_REPRESENTATION('',(#2221),#2225);
#2221 = LINE('',#2222,#2223);
#2222 = CARTESIAN_POINT('',(-6.28318530718,0.));
#2223 = VECTOR('',#2224,1.);
#2224 = DIRECTION('',(-0.,-1.));
#2225 = ( GEOMETRIC_REPRESENTATION_CONTEXT(2) 
PARAMETRIC_REPRESENTATION_CONTEXT() REPRESENTATION_CONTEXT('2D SPACE',''
  ) );
#2226 = PCURVE('',#568,#2227);
#2227 = DEFINITIONAL_REPRESENTATION('',(#2228),#2232);
#2228 = LINE('',#2229,#2230);
#2229 = CARTESIAN_POINT('',(-0.,0.));
#2230 = VECTOR('',#2231,1.);
#2231 = DIRECTION('',(-0.,-1.));
#2232 = ( GEOMETRIC_REPRESENTATION_CONTEXT(2) 
PARAMETRIC_REPRESENTATION_CONTEXT() REPRESENTATION_CONTEXT('2D SPACE',''
  ) );
#2233 = ORIENTED_EDGE('',*,*,#400,.T.);
#2234 = ORIENTED_EDGE('',*,*,#2213,.F.);
#2235 = ADVANCED_FACE('',(#2236),#864,.F.);
#2236 = FACE_BOUND('',#2237,.T.);
#2237 = EDGE_LOOP('',(#2238,#2546,#2567,#2568));
#2238 = ORIENTED_EDGE('',*,*,#2239,.F.);
#2239 = EDGE_CURVE('',#2240,#2240,#2242,.T.);
#2240 = VERTEX_POINT('',#2241);
#2241 = CARTESIAN_POINT('',(218.99143824457,230.99560952102,
    64.823498925933));
#2242 = SURFACE_CURVE('',#2243,(#2342,#2444),.PCURVE_S1.);
#2243 = B_SPLINE_CURVE_WITH_KNOTS('',7,(#2244,#2245,#2246,#2247,#2248,
    #2249,#2250,#2251,#2252,#2253,#2254,#2255,#2256,#2257,#2258,#2259,
    #2260,#2261,#2262,#2263,#2264,#2265,#2266,#2267,#2268,#2269,#2270,
    #2271,#2272,#2273,#2274,#2275,#2276,#2277,#2278,#2279,#2280,#2281,
    #2282,#2283,#2284,#2285,#2286,#2287,#2288,#2289,#2290,#2291,#2292,
    #2293,#2294,#2295,#2296,#2297,#2298,#2299,#2300,#2301,#2302,#2303,
    #2304,#2305,#2306,#2307,#2308,#2309,#2310,#2311,#2312,#2313,#2314,
    #2315,#2316,#2317,#2318,#2319,#2320,#2321,#2322,#2323,#2324,#2325,
    #2326,#2327,#2328,#2329,#2330,#2331,#2332,#2333,#2334,#2335,#2336,
    #2337,#2338,#2339,#2340,#2341),.UNSPECIFIED.,.T.,.F.,(8,6,6,6,6,6,6,
    6,6,6,6,6,6,6,6,6,8),(0.,4.612548954954E-02,7.649209820295E-02,
    0.116348335375,0.149905232437,0.249359221992,0.34702623439,
    0.422602294841,0.501709365952,0.577873672053,0.680777837671,
    0.749901596623,0.822994892599,0.883791817845,0.923600065842,
    0.953930111895,1.),.UNSPECIFIED.);
#2244 = CARTESIAN_POINT('',(218.99143824457,230.99560952102,
    64.823498925933));
#2245 = CARTESIAN_POINT('',(218.99143824457,231.3657007271,
    64.823498925933));
#2246 = CARTESIAN_POINT('',(218.96969728742,231.73513941282,
    64.820143688558));
#2247 = CARTESIAN_POINT('',(218.92635381836,232.10131727939,
    64.813454258157));
#2248 = CARTESIAN_POINT('',(218.86205867174,232.4616596312,
    64.803592831891));
#2249 = CARTESIAN_POINT('',(218.77796502084,232.81369064999,
    64.790856533493));
#2250 = CARTESIAN_POINT('',(218.67572120799,233.15509736945,
    64.775652827087));
#2251 = CARTESIAN_POINT('',(218.4796137138,233.70018792558,
    64.747135455977));
#2252 = CARTESIAN_POINT('',(218.39472883588,233.91133136711,
    64.73493726509));
#2253 = CARTESIAN_POINT('',(218.30325126923,234.11699544817,
    64.72197344644));
#2254 = CARTESIAN_POINT('',(218.20562511009,234.31697980399,
    64.708357557715));
#2255 = CARTESIAN_POINT('',(218.10229931972,234.51111090197,
    64.694203266105));
#2256 = CARTESIAN_POINT('',(217.99372794096,234.69924201205,
    64.679622348145));
#2257 = CARTESIAN_POINT('',(217.73158819437,235.1201432106,
    64.645166856592));
#2258 = CARTESIAN_POINT('',(217.57452297546,235.34855171659,
    64.625056876644));
#2259 = CARTESIAN_POINT('',(217.41001358668,235.56650587525,
    64.604611512066));
#2260 = CARTESIAN_POINT('',(217.23882712247,235.77407281454,
    64.584030422095));
#2261 = CARTESIAN_POINT('',(217.06166500256,235.97135187011,
    64.563494094563));
#2262 = CARTESIAN_POINT('',(216.87916913135,236.15846684526,
    64.543163777609));
#2263 = CARTESIAN_POINT('',(216.5342807255,236.48466012199,
    64.506357289138));
#2264 = CARTESIAN_POINT('',(216.3732377056,236.62668694722,
    64.489776456883));
#2265 = CARTESIAN_POINT('',(216.2091118523,236.7617506179,64.47352026201
    ));
#2266 = CARTESIAN_POINT('',(216.04218868304,236.88996102811,
    64.457661369911));
#2267 = CARTESIAN_POINT('',(215.87272644966,237.0114260763,
    64.442264322861));
#2268 = CARTESIAN_POINT('',(215.70095621021,237.12625164679,
    64.427386098907));
#2269 = CARTESIAN_POINT('',(215.01176328399,237.55548506227,
    64.370667215684));
#2270 = CARTESIAN_POINT('',(214.47778694053,237.81912955205,
    64.333239386309));
#2271 = CARTESIAN_POINT('',(213.93068814431,238.02793167378,
    64.302124237603));
#2272 = CARTESIAN_POINT('',(213.3745794706,238.18389947858,
    64.278158772862));
#2273 = CARTESIAN_POINT('',(212.81268227751,238.28846038507,
    64.261842173229));
#2274 = CARTESIAN_POINT('',(212.24774939213,238.34234623805,
    64.253425286202));
#2275 = CARTESIAN_POINT('',(211.12716711601,238.34858816971,
    64.25245029869));
#2276 = CARTESIAN_POINT('',(210.5720618739,238.30274812762,
    64.259610400412));
#2277 = CARTESIAN_POINT('',(210.01954843621,238.20807934711,
    64.27441046171));
#2278 = CARTESIAN_POINT('',(209.47222550665,238.06395769797,
    64.296635314542));
#2279 = CARTESIAN_POINT('',(208.93309218973,237.86911522761,
    64.32584158066));
#2280 = CARTESIAN_POINT('',(208.40592655709,237.62173566279,
    64.361281134877));
#2281 = CARTESIAN_POINT('',(207.50097895592,237.08573437066,
    64.433090705821));
#2282 = CARTESIAN_POINT('',(207.11610523727,236.81893525343,
    64.46745926922));
#2283 = CARTESIAN_POINT('',(206.74349275795,236.51803534109,
    64.504324845732));
#2284 = CARTESIAN_POINT('',(206.38609466302,236.18182133729,
    64.542976758296));
#2285 = CARTESIAN_POINT('',(206.04755913535,235.80909821403,
    64.582479915188));
#2286 = CARTESIAN_POINT('',(205.73239171453,235.39885808409,
    64.621641320708));
#2287 = CARTESIAN_POINT('',(205.14659620802,234.48122437587,
    64.698108154802));
#2288 = CARTESIAN_POINT('',(204.87513950437,233.96455221177,
    64.735711260089));
#2289 = CARTESIAN_POINT('',(204.64441676733,233.40557571421,
    64.769426229368));
#2290 = CARTESIAN_POINT('',(204.4645229953,232.81153229365,
    64.796752251732));
#2291 = CARTESIAN_POINT('',(204.34299737205,232.19138624934,
    64.815543339496));
#2292 = CARTESIAN_POINT('',(204.28474724184,231.5552503556,
    64.824531488441));
#2293 = CARTESIAN_POINT('',(204.29877556497,230.29607263926,
    64.822366618538));
#2294 = CARTESIAN_POINT('',(204.36614013322,229.68589171947,
    64.811971872544));
#2295 = CARTESIAN_POINT('',(204.49148574841,229.09238963587,
    64.792666927714));
#2296 = CARTESIAN_POINT('',(204.67006483973,228.52424191601,
    64.765687878794));
#2297 = CARTESIAN_POINT('',(204.89500334581,227.98909629085,
    64.732965306869));
#2298 = CARTESIAN_POINT('',(205.15736283625,227.49312901786,
    64.696702732662));
#2299 = CARTESIAN_POINT('',(205.83639557032,226.42944157258,
    64.608065174258));
#2300 = CARTESIAN_POINT('',(206.28027272869,225.88925667678,
    64.553802562243));
#2301 = CARTESIAN_POINT('',(206.76368457525,225.41839332582,
    64.499898906742));
#2302 = CARTESIAN_POINT('',(207.27633184422,225.01379275823,
    64.449121706632));
#2303 = CARTESIAN_POINT('',(207.81063410394,224.67213466996,
    64.403325308048));
#2304 = CARTESIAN_POINT('',(208.36103015943,224.3904624747,
    64.363780970301));
#2305 = CARTESIAN_POINT('',(209.30140443024,224.01620165076,
    64.309554751584));
#2306 = CARTESIAN_POINT('',(209.68473072874,223.89189653863,
    64.290972776135));
#2307 = CARTESIAN_POINT('',(210.07216363374,223.79307180101,
    64.275866806041));
#2308 = CARTESIAN_POINT('',(210.46254209946,223.71926634124,
    64.264420896922));
#2309 = CARTESIAN_POINT('',(210.85484298147,223.67016513492,
    64.256751207892));
#2310 = CARTESIAN_POINT('',(211.24811918288,223.64560952102,
    64.252915562418));
#2311 = CARTESIAN_POINT('',(212.05734425178,223.64560952102,
    64.252915562418));
#2312 = CARTESIAN_POINT('',(212.47319311498,223.67306643678,
    64.257204400994));
#2313 = CARTESIAN_POINT('',(212.88788749408,223.72796607551,
    64.265779804053));
#2314 = CARTESIAN_POINT('',(213.30031163061,223.81050755389,
    64.27856962335));
#2315 = CARTESIAN_POINT('',(213.70924925841,223.92108613872,
    64.295428863753));
#2316 = CARTESIAN_POINT('',(214.11330073833,224.06027885389,
    64.316126299949));
#2317 = CARTESIAN_POINT('',(214.84142751542,224.3690312785,
    64.360444882153));
#2318 = CARTESIAN_POINT('',(215.16751550641,224.52954066606,
    64.382988075559));
#2319 = CARTESIAN_POINT('',(215.48818241296,224.71082217265,
    64.407758375897));
#2320 = CARTESIAN_POINT('',(215.80237615576,224.91343635083,
    64.434513491342));
#2321 = CARTESIAN_POINT('',(216.1088210286,225.13800931078,
    64.462945138257));
#2322 = CARTESIAN_POINT('',(216.40596517377,225.38519888136,
    64.492663454275));
#2323 = CARTESIAN_POINT('',(216.87916912816,225.83275219376,
    64.543163777268));
#2324 = CARTESIAN_POINT('',(217.06166500541,226.01986717559,
    64.563494094906));
#2325 = CARTESIAN_POINT('',(217.23882712501,226.21714622996,
    64.584030422369));
#2326 = CARTESIAN_POINT('',(217.4100135846,226.42471316352,
    64.604611511794));
#2327 = CARTESIAN_POINT('',(217.57452297251,226.64266732194,
    64.625056876301));
#2328 = CARTESIAN_POINT('',(217.73158819693,226.87107583555,
    64.645166856928));
#2329 = CARTESIAN_POINT('',(217.99372794096,227.29197702998,
    64.679622348145));
#2330 = CARTESIAN_POINT('',(218.10229931972,227.48010814006,
    64.694203266105));
#2331 = CARTESIAN_POINT('',(218.20562511009,227.67423923804,
    64.708357557715));
#2332 = CARTESIAN_POINT('',(218.30325126923,227.87422359386,
    64.72197344644));
#2333 = CARTESIAN_POINT('',(218.39472883588,228.07988767493,
    64.734937265089));
#2334 = CARTESIAN_POINT('',(218.4796137138,228.29103111645,
    64.747135455977));
#2335 = CARTESIAN_POINT('',(218.67572104236,228.83612121221,
    64.775652803001));
#2336 = CARTESIAN_POINT('',(218.77796495681,229.17752805283,
    64.790856523185));
#2337 = CARTESIAN_POINT('',(218.86205878252,229.52955961085,
    64.803592848282));
#2338 = CARTESIAN_POINT('',(218.92635402261,229.88990265278,
    64.813454289554));
#2339 = CARTESIAN_POINT('',(218.96969743439,230.25608101146,
    64.820143711289));
#2340 = CARTESIAN_POINT('',(218.99143824457,230.62551956835,
    64.823498925933));
#2341 = CARTESIAN_POINT('',(218.99143824457,230.99560952102,
    64.823498925933));
#2342 = PCURVE('',#864,#2343);
#2343 = DEFINITIONAL_REPRESENTATION('',(#2344),#2443);
#2344 = B_SPLINE_CURVE_WITH_KNOTS('',7,(#2345,#2346,#2347,#2348,#2349,
    #2350,#2351,#2352,#2353,#2354,#2355,#2356,#2357,#2358,#2359,#2360,
    #2361,#2362,#2363,#2364,#2365,#2366,#2367,#2368,#2369,#2370,#2371,
    #2372,#2373,#2374,#2375,#2376,#2377,#2378,#2379,#2380,#2381,#2382,
    #2383,#2384,#2385,#2386,#2387,#2388,#2389,#2390,#2391,#2392,#2393,
    #2394,#2395,#2396,#2397,#2398,#2399,#2400,#2401,#2402,#2403,#2404,
    #2405,#2406,#2407,#2408,#2409,#2410,#2411,#2412,#2413,#2414,#2415,
    #2416,#2417,#2418,#2419,#2420,#2421,#2422,#2423,#2424,#2425,#2426,
    #2427,#2428,#2429,#2430,#2431,#2432,#2433,#2434,#2435,#2436,#2437,
    #2438,#2439,#2440,#2441,#2442),.UNSPECIFIED.,.F.,.F.,(8,6,6,6,6,6,6,
    6,6,6,6,6,6,6,6,6,8),(0.,4.612548954954E-02,7.649209820295E-02,
    0.116348335375,0.149905232437,0.249359221992,0.34702623439,
    0.422602294841,0.501709365952,0.577873672053,0.680777837671,
    0.749901596623,0.822994892599,0.883791817845,0.923600065842,
    0.953930111895,1.),.UNSPECIFIED.);
#2345 = CARTESIAN_POINT('',(0.,-2.));
#2346 = CARTESIAN_POINT('',(-5.035254504502E-02,-2.));
#2347 = CARTESIAN_POINT('',(-0.100616308525,-1.996644762625));
#2348 = CARTESIAN_POINT('',(-0.150644957024,-1.989955332224));
#2349 = CARTESIAN_POINT('',(-0.200293333081,-1.980093905959));
#2350 = CARTESIAN_POINT('',(-0.249409345649,-1.96735760756));
#2351 = CARTESIAN_POINT('',(-0.297825830976,-1.952153901154));
#2352 = CARTESIAN_POINT('',(-0.376641379373,-1.923636530044));
#2353 = CARTESIAN_POINT('',(-0.407581885452,-1.911438339157));
#2354 = CARTESIAN_POINT('',(-0.438174575656,-1.898474520508));
#2355 = CARTESIAN_POINT('',(-0.468418398408,-1.884858631783));
#2356 = CARTESIAN_POINT('',(-0.498310562958,-1.870704340172));
#2357 = CARTESIAN_POINT('',(-0.527846525293,-1.856123422212));
#2358 = CARTESIAN_POINT('',(-0.595310186349,-1.821667930659));
#2359 = CARTESIAN_POINT('',(-0.632985726793,-1.801557950711));
#2360 = CARTESIAN_POINT('',(-0.670080921688,-1.781112586133));
#2361 = CARTESIAN_POINT('',(-0.706627012338,-1.760531496162));
#2362 = CARTESIAN_POINT('',(-0.742652743863,-1.739995168631));
#2363 = CARTESIAN_POINT('',(-0.778184954034,-1.719664851676));
#2364 = CARTESIAN_POINT('',(-0.842771417688,-1.682858363205));
#2365 = CARTESIAN_POINT('',(-0.871967899583,-1.66627753095));
#2366 = CARTESIAN_POINT('',(-0.900860134889,-1.650021336078));
#2367 = CARTESIAN_POINT('',(-0.92946807774,-1.634162443978));
#2368 = CARTESIAN_POINT('',(-0.95781078808,-1.618765396928));
#2369 = CARTESIAN_POINT('',(-0.985907110447,-1.603887172974));
#2370 = CARTESIAN_POINT('',(-1.096373600296,-1.547168289751));
#2371 = CARTESIAN_POINT('',(-1.177004671051,-1.509740460376));
#2372 = CARTESIAN_POINT('',(-1.256125159378,-1.47862531167));
#2373 = CARTESIAN_POINT('',(-1.334133329807,-1.454659846929));
#2374 = CARTESIAN_POINT('',(-1.411402172626,-1.438343247297));
#2375 = CARTESIAN_POINT('',(-1.488303792061,-1.42992636027));
#2376 = CARTESIAN_POINT('',(-1.640766330913,-1.428951372758));
#2377 = CARTESIAN_POINT('',(-1.71625524967,-1.43611147448));
#2378 = CARTESIAN_POINT('',(-1.792057238327,-1.450911535778));
#2379 = CARTESIAN_POINT('',(-1.868521872747,-1.47313638861));
#2380 = CARTESIAN_POINT('',(-1.945999425898,-1.502342654727));
#2381 = CARTESIAN_POINT('',(-2.024862741039,-1.537782208944));
#2382 = CARTESIAN_POINT('',(-2.167961179694,-1.609591779889));
#2383 = CARTESIAN_POINT('',(-2.231513871381,-1.643960343288));
#2384 = CARTESIAN_POINT('',(-2.296392360332,-1.680825919799));
#2385 = CARTESIAN_POINT('',(-2.36279868496,-1.719477832364));
#2386 = CARTESIAN_POINT('',(-2.430944387463,-1.758980989256));
#2387 = CARTESIAN_POINT('',(-2.501063501686,-1.798142394776));
#2388 = CARTESIAN_POINT('',(-2.64918222077,-1.874609228869));
#2389 = CARTESIAN_POINT('',(-2.72830675945,-1.912212334156));
#2390 = CARTESIAN_POINT('',(-2.810010293263,-1.945927303435));
#2391 = CARTESIAN_POINT('',(-2.893719790149,-1.9732533258));
#2392 = CARTESIAN_POINT('',(-2.97899046348,-1.992044413564));
#2393 = CARTESIAN_POINT('',(-3.065445857392,-2.001032562508));
#2394 = CARTESIAN_POINT('',(-3.236773184972,-1.998867692605));
#2395 = CARTESIAN_POINT('',(-3.31988791438,-1.988472946611));
#2396 = CARTESIAN_POINT('',(-3.401791112575,-1.969168001782));
#2397 = CARTESIAN_POINT('',(-3.482167894112,-1.942188952861));
#2398 = CARTESIAN_POINT('',(-3.560641323453,-1.909466380936));
#2399 = CARTESIAN_POINT('',(-3.636725434336,-1.873203806729));
#2400 = CARTESIAN_POINT('',(-3.80841923818,-1.784566248325));
#2401 = CARTESIAN_POINT('',(-3.902862899765,-1.730303636311));
#2402 = CARTESIAN_POINT('',(-3.993819180899,-1.676399980809));
#2403 = CARTESIAN_POINT('',(-4.081853212672,-1.6256227807));
#2404 = CARTESIAN_POINT('',(-4.167497186979,-1.579826382115));
#2405 = CARTESIAN_POINT('',(-4.251244056708,-1.540282044368));
#2406 = CARTESIAN_POINT('',(-4.388946654147,-1.486055825651));
#2407 = CARTESIAN_POINT('',(-4.443657071801,-1.467473850203));
#2408 = CARTESIAN_POINT('',(-4.497881250824,-1.452367880109));
#2409 = CARTESIAN_POINT('',(-4.55174471845,-1.44092197099));
#2410 = CARTESIAN_POINT('',(-4.605369190167,-1.43325228196));
#2411 = CARTESIAN_POINT('',(-4.658876182876,-1.429416636486));
#2412 = CARTESIAN_POINT('',(-4.768974831705,-1.429416636486));
#2413 = CARTESIAN_POINT('',(-4.825552948416,-1.433705475061));
#2414 = CARTESIAN_POINT('',(-4.882269752781,-1.44228087812));
#2415 = CARTESIAN_POINT('',(-4.939269500944,-1.455070697418));
#2416 = CARTESIAN_POINT('',(-4.996696646948,-1.471929937821));
#2417 = CARTESIAN_POINT('',(-5.054700669531,-1.492627374016));
#2418 = CARTESIAN_POINT('',(-5.162303862737,-1.536945956221));
#2419 = CARTESIAN_POINT('',(-5.211674247162,-1.559489149626));
#2420 = CARTESIAN_POINT('',(-5.261660027335,-1.584259449964));
#2421 = CARTESIAN_POINT('',(-5.312366717302,-1.611014565409));
#2422 = CARTESIAN_POINT('',(-5.363903105811,-1.639446212325));
#2423 = CARTESIAN_POINT('',(-5.416384529333,-1.669164528343));
#2424 = CARTESIAN_POINT('',(-5.505000352549,-1.719664851336));
#2425 = CARTESIAN_POINT('',(-5.540532563952,-1.739995168973));
#2426 = CARTESIAN_POINT('',(-5.576558295323,-1.760531496437));
#2427 = CARTESIAN_POINT('',(-5.613104384964,-1.781112585861));
#2428 = CARTESIAN_POINT('',(-5.65019957976,-1.801557950368));
#2429 = CARTESIAN_POINT('',(-5.68787512149,-1.821667930996));
#2430 = CARTESIAN_POINT('',(-5.755338781887,-1.856123422212));
#2431 = CARTESIAN_POINT('',(-5.784874744221,-1.870704340172));
#2432 = CARTESIAN_POINT('',(-5.814766908772,-1.884858631782));
#2433 = CARTESIAN_POINT('',(-5.845010731524,-1.898474520508));
#2434 = CARTESIAN_POINT('',(-5.875603421727,-1.911438339157));
#2435 = CARTESIAN_POINT('',(-5.906543927807,-1.923636530044));
#2436 = CARTESIAN_POINT('',(-5.985359409637,-1.952153877069));
#2437 = CARTESIAN_POINT('',(-6.033775915148,-1.967357597252));
#2438 = CARTESIAN_POINT('',(-6.082892004081,-1.980093922349));
#2439 = CARTESIAN_POINT('',(-6.132540473382,-1.989955363621));
#2440 = CARTESIAN_POINT('',(-6.182569186712,-1.996644785356));
#2441 = CARTESIAN_POINT('',(-6.232832932667,-2.));
#2442 = CARTESIAN_POINT('',(-6.28318530718,-2.));
#2443 = ( GEOMETRIC_REPRESENTATION_CONTEXT(2) 
PARAMETRIC_REPRESENTATION_CONTEXT() REPRESENTATION_CONTEXT('2D SPACE',''
  ) );
#2444 = PCURVE('',#1529,#2445);
#2445 = DEFINITIONAL_REPRESENTATION('',(#2446),#2545);
#2446 = B_SPLINE_CURVE_WITH_KNOTS('',7,(#2447,#2448,#2449,#2450,#2451,
    #2452,#2453,#2454,#2455,#2456,#2457,#2458,#2459,#2460,#2461,#2462,
    #2463,#2464,#2465,#2466,#2467,#2468,#2469,#2470,#2471,#2472,#2473,
    #2474,#2475,#2476,#2477,#2478,#2479,#2480,#2481,#2482,#2483,#2484,
    #2485,#2486,#2487,#2488,#2489,#2490,#2491,#2492,#2493,#2494,#2495,
    #2496,#2497,#2498,#2499,#2500,#2501,#2502,#2503,#2504,#2505,#2506,
    #2507,#2508,#2509,#2510,#2511,#2512,#2513,#2514,#2515,#2516,#2517,
    #2518,#2519,#2520,#2521,#2522,#2523,#2524,#2525,#2526,#2527,#2528,
    #2529,#2530,#2531,#2532,#2533,#2534,#2535,#2536,#2537,#2538,#2539,
    #2540,#2541,#2542,#2543,#2544),.UNSPECIFIED.,.T.,.F.,(8,6,6,6,6,6,6,
    6,6,6,6,6,6,6,6,6,8),(0.,4.612548954954E-02,7.649209820295E-02,
    0.116348335375,0.149905232437,0.249359221992,0.34702623439,
    0.422602294841,0.501709365952,0.577873672053,0.680777837671,
    0.749901596623,0.822994892599,0.883791817845,0.923600065842,
    0.953930111895,1.),.UNSPECIFIED.);
#2447 = CARTESIAN_POINT('',(-7.853981633974,-227.35));
#2448 = CARTESIAN_POINT('',(-7.846210690015,-227.35));
#2449 = CARTESIAN_POINT('',(-7.838453446832,-227.3282590428));
#2450 = CARTESIAN_POINT('',(-7.83076390786,-227.2849155737));
#2451 = CARTESIAN_POINT('',(-7.823195374492,-227.2206204271));
#2452 = CARTESIAN_POINT('',(-7.815799232485,-227.1365267762));
#2453 = CARTESIAN_POINT('',(-7.808623698687,-227.0342829634));
#2454 = CARTESIAN_POINT('',(-7.797162575021,-226.8381754692));
#2455 = CARTESIAN_POINT('',(-7.792721790359,-226.7532905913));
#2456 = CARTESIAN_POINT('',(-7.788394906529,-226.6618130246));
#2457 = CARTESIAN_POINT('',(-7.784186129688,-226.5641868655));
#2458 = CARTESIAN_POINT('',(-7.780099135789,-226.4608610751));
#2459 = CARTESIAN_POINT('',(-7.776137066644,-226.3522896963));
#2460 = CARTESIAN_POINT('',(-7.767269683373,-226.0901499497));
#2461 = CARTESIAN_POINT('',(-7.762455242094,-225.9330847308));
#2462 = CARTESIAN_POINT('',(-7.757858800507,-225.7685753421));
#2463 = CARTESIAN_POINT('',(-7.753479168314,-225.5973888779));
#2464 = CARTESIAN_POINT('',(-7.749314511916,-225.4202267579));
#2465 = CARTESIAN_POINT('',(-7.745362499762,-225.2377308867));
#2466 = CARTESIAN_POINT('',(-7.738469832773,-224.8928424809));
#2467 = CARTESIAN_POINT('',(-7.735467410723,-224.731799461));
#2468 = CARTESIAN_POINT('',(-7.732610988177,-224.5676736077));
#2469 = CARTESIAN_POINT('',(-7.729898413341,-224.4007504384));
#2470 = CARTESIAN_POINT('',(-7.727327573105,-224.231288205));
#2471 = CARTESIAN_POINT('',(-7.724896390146,-224.0595179656));
#2472 = CARTESIAN_POINT('',(-7.715805269649,-223.3703250394));
#2473 = CARTESIAN_POINT('',(-7.710214179568,-222.8363486959));
#2474 = CARTESIAN_POINT('',(-7.70578157423,-222.2892498997));
#2475 = CARTESIAN_POINT('',(-7.702468226672,-221.733141226));
#2476 = CARTESIAN_POINT('',(-7.70024615793,-221.1712440329));
#2477 = CARTESIAN_POINT('',(-7.699100974944,-220.6063111475));
#2478 = CARTESIAN_POINT('',(-7.698968321523,-219.4857288714));
#2479 = CARTESIAN_POINT('',(-7.699942514624,-218.9306236293));
#2480 = CARTESIAN_POINT('',(-7.701954449965,-218.3781101916));
#2481 = CARTESIAN_POINT('',(-7.705016397413,-217.830787262));
#2482 = CARTESIAN_POINT('',(-7.709153201975,-217.2916539451));
#2483 = CARTESIAN_POINT('',(-7.714400339563,-216.7644883125));
#2484 = CARTESIAN_POINT('',(-7.725755513575,-215.8595407113));
#2485 = CARTESIAN_POINT('',(-7.731403811495,-215.4746669926));
#2486 = CARTESIAN_POINT('',(-7.737768957708,-215.1020545133));
#2487 = CARTESIAN_POINT('',(-7.744874668042,-214.7446564184));
#2488 = CARTESIAN_POINT('',(-7.752744102311,-214.4061208907));
#2489 = CARTESIAN_POINT('',(-7.761396600266,-214.0909534699));
#2490 = CARTESIAN_POINT('',(-7.780731281725,-213.5051579634));
#2491 = CARTESIAN_POINT('',(-7.791608135354,-213.2337012597));
#2492 = CARTESIAN_POINT('',(-7.803365011393,-213.0029785227));
#2493 = CARTESIAN_POINT('',(-7.815849060557,-212.8230847507));
#2494 = CARTESIAN_POINT('',(-7.828873784549,-212.7015591274));
#2495 = CARTESIAN_POINT('',(-7.84223062626,-212.6433089972));
#2496 = CARTESIAN_POINT('',(-7.868670092451,-212.6573373204));
#2497 = CARTESIAN_POINT('',(-7.881482647828,-212.7247018886));
#2498 = CARTESIAN_POINT('',(-7.893948868407,-212.8500475038));
#2499 = CARTESIAN_POINT('',(-7.905889756888,-213.0286265951));
#2500 = CARTESIAN_POINT('',(-7.917146078045,-213.2535651012));
#2501 = CARTESIAN_POINT('',(-7.927587347993,-213.5159245916));
#2502 = CARTESIAN_POINT('',(-7.949999403851,-214.1949573257));
#2503 = CARTESIAN_POINT('',(-7.961397307414,-214.6388344841));
#2504 = CARTESIAN_POINT('',(-7.971347538482,-215.1222463306));
#2505 = CARTESIAN_POINT('',(-7.979909120708,-215.6348935996));
#2506 = CARTESIAN_POINT('',(-7.987146964921,-216.1691958593));
#2507 = CARTESIAN_POINT('',(-7.993119285628,-216.7195919148));
#2508 = CARTESIAN_POINT('',(-8.001059838021,-217.6599661856));
#2509 = CARTESIAN_POINT('',(-8.003698894233,-218.0432924841));
#2510 = CARTESIAN_POINT('',(-8.005798045069,-218.4307253891));
#2511 = CARTESIAN_POINT('',(-8.007366290519,-218.8211038548));
#2512 = CARTESIAN_POINT('',(-8.008409788445,-219.2134047369));
#2513 = CARTESIAN_POINT('',(-8.008931644237,-219.6066809383));
#2514 = CARTESIAN_POINT('',(-8.008931644237,-220.4159060072));
#2515 = CARTESIAN_POINT('',(-8.008348129934,-220.8317548704));
#2516 = CARTESIAN_POINT('',(-8.007181404023,-221.2464492495));
#2517 = CARTESIAN_POINT('',(-8.005427567555,-221.658873386));
#2518 = CARTESIAN_POINT('',(-8.003078892076,-222.0678110138));
#2519 = CARTESIAN_POINT('',(-8.000124113397,-222.4718624937));
#2520 = CARTESIAN_POINT('',(-7.993574675698,-223.1999892708));
#2521 = CARTESIAN_POINT('',(-7.990171340418,-223.5260772618));
#2522 = CARTESIAN_POINT('',(-7.986329574732,-223.8467441683));
#2523 = CARTESIAN_POINT('',(-7.982038364782,-224.1609379111));
#2524 = CARTESIAN_POINT('',(-7.97728542075,-224.467382784));
#2525 = CARTESIAN_POINT('',(-7.972057848339,-224.7645269291));
#2526 = CARTESIAN_POINT('',(-7.962600768251,-225.2377308835));
#2527 = CARTESIAN_POINT('',(-7.958648755955,-225.4202267608));
#2528 = CARTESIAN_POINT('',(-7.954484099583,-225.5973888804));
#2529 = CARTESIAN_POINT('',(-7.950104467511,-225.76857534));
#2530 = CARTESIAN_POINT('',(-7.945508025929,-225.9330847279));
#2531 = CARTESIAN_POINT('',(-7.94069358449,-226.0901499523));
#2532 = CARTESIAN_POINT('',(-7.931826201305,-226.3522896963));
#2533 = CARTESIAN_POINT('',(-7.92786413216,-226.4608610751));
#2534 = CARTESIAN_POINT('',(-7.923777138261,-226.5641868655));
#2535 = CARTESIAN_POINT('',(-7.91956836142,-226.6618130246));
#2536 = CARTESIAN_POINT('',(-7.91524147759,-226.7532905913));
#2537 = CARTESIAN_POINT('',(-7.910800692928,-226.8381754692));
#2538 = CARTESIAN_POINT('',(-7.899339578942,-227.0342827977));
#2539 = CARTESIAN_POINT('',(-7.892164042588,-227.1365267122));
#2540 = CARTESIAN_POINT('',(-7.884767889247,-227.2206205379));
#2541 = CARTESIAN_POINT('',(-7.877199341391,-227.284915778));
#2542 = CARTESIAN_POINT('',(-7.869509792094,-227.3282591898));
#2543 = CARTESIAN_POINT('',(-7.861752551616,-227.35));
#2544 = CARTESIAN_POINT('',(-7.853981633974,-227.35));
#2545 = ( GEOMETRIC_REPRESENTATION_CONTEXT(2) 
PARAMETRIC_REPRESENTATION_CONTEXT() REPRESENTATION_CONTEXT('2D SPACE',''
  ) );
#2546 = ORIENTED_EDGE('',*,*,#2547,.T.);
#2547 = EDGE_CURVE('',#2240,#659,#2548,.T.);
#2548 = SEAM_CURVE('',#2549,(#2553,#2560),.PCURVE_S1.);
#2549 = LINE('',#2550,#2551);
#2550 = CARTESIAN_POINT('',(218.99143824457,230.99560952102,
    62.823498925933));
#2551 = VECTOR('',#2552,1.);
#2552 = DIRECTION('',(0.,0.,1.));
#2553 = PCURVE('',#864,#2554);
#2554 = DEFINITIONAL_REPRESENTATION('',(#2555),#2559);
#2555 = LINE('',#2556,#2557);
#2556 = CARTESIAN_POINT('',(-6.28318530718,0.));
#2557 = VECTOR('',#2558,1.);
#2558 = DIRECTION('',(-0.,-1.));
#2559 = ( GEOMETRIC_REPRESENTATION_CONTEXT(2) 
PARAMETRIC_REPRESENTATION_CONTEXT() REPRESENTATION_CONTEXT('2D SPACE',''
  ) );
#2560 = PCURVE('',#864,#2561);
#2561 = DEFINITIONAL_REPRESENTATION('',(#2562),#2566);
#2562 = LINE('',#2563,#2564);
#2563 = CARTESIAN_POINT('',(-0.,0.));
#2564 = VECTOR('',#2565,1.);
#2565 = DIRECTION('',(-0.,-1.));
#2566 = ( GEOMETRIC_REPRESENTATION_CONTEXT(2) 
PARAMETRIC_REPRESENTATION_CONTEXT() REPRESENTATION_CONTEXT('2D SPACE',''
  ) );
#2567 = ORIENTED_EDGE('',*,*,#658,.T.);
#2568 = ORIENTED_EDGE('',*,*,#2547,.F.);
#2569 = ADVANCED_FACE('',(#2570),#1141,.F.);
#2570 = FACE_BOUND('',#2571,.T.);
#2571 = EDGE_LOOP('',(#2572,#2823,#2844,#2845));
#2572 = ORIENTED_EDGE('',*,*,#2573,.F.);
#2573 = EDGE_CURVE('',#2574,#2574,#2576,.T.);
#2574 = VERTEX_POINT('',#2575);
#2575 = CARTESIAN_POINT('',(140.99143824457,230.99560952102,
    64.823498925933));
#2576 = SURFACE_CURVE('',#2577,(#2657,#2740),.PCURVE_S1.);
#2577 = B_SPLINE_CURVE_WITH_KNOTS('',8,(#2578,#2579,#2580,#2581,#2582,
    #2583,#2584,#2585,#2586,#2587,#2588,#2589,#2590,#2591,#2592,#2593,
    #2594,#2595,#2596,#2597,#2598,#2599,#2600,#2601,#2602,#2603,#2604,
    #2605,#2606,#2607,#2608,#2609,#2610,#2611,#2612,#2613,#2614,#2615,
    #2616,#2617,#2618,#2619,#2620,#2621,#2622,#2623,#2624,#2625,#2626,
    #2627,#2628,#2629,#2630,#2631,#2632,#2633,#2634,#2635,#2636,#2637,
    #2638,#2639,#2640,#2641,#2642,#2643,#2644,#2645,#2646,#2647,#2648,
    #2649,#2650,#2651,#2652,#2653,#2654,#2655,#2656),.UNSPECIFIED.,.T.,
  .F.,(9,7,7,7,7,7,7,7,7,7,7,9),(0.,4.871102406562E-02,0.122873257533,
    0.182113804154,0.249177935399,0.426239592071,0.548351386262,
    0.679258442969,0.820002567395,0.87855504821,0.951855899199,1.),
  .UNSPECIFIED.);
#2578 = CARTESIAN_POINT('',(140.99143824457,230.99560952102,
    64.823498925933));
#2579 = CARTESIAN_POINT('',(140.99143824457,231.19611265479,
    64.823498925933));
#2580 = CARTESIAN_POINT('',(140.98087622663,231.3962987473,
    64.822534228754));
#2581 = CARTESIAN_POINT('',(140.95981084831,231.5950943906,
    64.820610090986));
#2582 = CARTESIAN_POINT('',(140.9284731475,231.79143840739,
    64.817760783233));
#2583 = CARTESIAN_POINT('',(140.88726365215,231.98429961388,
    64.814048489884));
#2584 = CARTESIAN_POINT('',(140.83674970422,232.17269432956,
    64.809560187286));
#2585 = CARTESIAN_POINT('',(140.77766299771,232.35570363393,
    64.804402500332));
#2586 = CARTESIAN_POINT('',(140.60924701517,232.80164708537,
    64.790004199199));
#2587 = CARTESIAN_POINT('',(140.48982501362,233.05630681884,
    64.780040691938));
#2588 = CARTESIAN_POINT('',(140.35491941829,233.29585755756,
    64.769150954243));
#2589 = CARTESIAN_POINT('',(140.20664220913,233.51991267253,
    64.757671722501));
#2590 = CARTESIAN_POINT('',(140.04694919241,233.72827921918,
    64.745913896367));
#2591 = CARTESIAN_POINT('',(139.87765840126,233.92092886874,
    64.734152403607));
#2592 = CARTESIAN_POINT('',(139.70046695815,234.09797147087,
    64.722621564336));
#2593 = CARTESIAN_POINT('',(139.37038676061,234.3887645418,
    64.702644830364));
#2594 = CARTESIAN_POINT('',(139.2194829573,234.50834578872,
    64.694026909046));
#2595 = CARTESIAN_POINT('',(139.06484910294,234.6185861092,
    64.685751735059));
#2596 = CARTESIAN_POINT('',(138.90700075647,234.71969551955,
    64.677894553254));
#2597 = CARTESIAN_POINT('',(138.7463841188,234.8118770837,
    64.670518000088));
#2598 = CARTESIAN_POINT('',(138.58338522914,234.89532106558,
    64.663673794763));
#2599 = CARTESIAN_POINT('',(138.41833916134,234.97019908142,
    64.657404430362));
#2600 = CARTESIAN_POINT('',(138.06271089619,235.11189433303,
    64.645337870839));
#2601 = CARTESIAN_POINT('',(137.87163569497,235.17634087838,
    64.639712511813));
#2602 = CARTESIAN_POINT('',(137.67876745394,235.23020036028,
    64.634919984305));
#2603 = CARTESIAN_POINT('',(137.48450662208,235.27364047454,
    64.630999347425));
#2604 = CARTESIAN_POINT('',(137.28921210882,235.30679176038,
    64.627978700167));
#2605 = CARTESIAN_POINT('',(137.09321313285,235.32974521998,
    64.625876358585));
#2606 = CARTESIAN_POINT('',(136.89682107091,235.34254993807,
    64.624702032968));
#2607 = CARTESIAN_POINT('',(136.18159854621,235.35223560695,
    64.623813726277));
#2608 = CARTESIAN_POINT('',(135.66408405501,235.28852718747,
    64.629655821874));
#2609 = CARTESIAN_POINT('',(135.15180808317,235.15506757418,
    64.641933565603));
#2610 = CARTESIAN_POINT('',(134.64953747611,234.94947323774,
    64.660322275396));
#2611 = CARTESIAN_POINT('',(134.16449579754,234.66716980732,
    64.684107946682));
#2612 = CARTESIAN_POINT('',(133.70791247904,234.30246497373,
    64.711911101519));
#2613 = CARTESIAN_POINT('',(133.29618901264,233.84942458015,
    64.741040364637));
#2614 = CARTESIAN_POINT('',(132.72004530005,232.92986672325,
    64.785687107112));
#2615 = CARTESIAN_POINT('',(132.51130857478,232.49964105338,
    64.803183250773));
#2616 = CARTESIAN_POINT('',(132.3507093936,232.02422909095,
    64.81774832759));
#2617 = CARTESIAN_POINT('',(132.25304245064,231.5176785977,
    64.827114887859));
#2618 = CARTESIAN_POINT('',(132.22623251536,230.99736478095,
    64.829628531259));
#2619 = CARTESIAN_POINT('',(132.27126235193,230.48180155823,
    64.82519821405));
#2620 = CARTESIAN_POINT('',(132.38198191902,229.98857353667,
    64.815037533405));
#2621 = CARTESIAN_POINT('',(132.7195428576,229.04347312814,
    64.785987960023));
#2622 = CARTESIAN_POINT('',(132.95213440796,228.60284476129,
    64.766698051942));
#2623 = CARTESIAN_POINT('',(133.22868190257,228.21277919835,
    64.745200527812));
#2624 = CARTESIAN_POINT('',(133.53830390173,227.87308168412,
    64.723333599175));
#2625 = CARTESIAN_POINT('',(133.87231182629,227.58239038828,
    64.702491833825));
#2626 = CARTESIAN_POINT('',(134.22377666359,227.33877744426,
    64.683641999231));
#2627 = CARTESIAN_POINT('',(134.58729110118,227.14007449973,
    64.667435267477));
#2628 = CARTESIAN_POINT('',(135.35789822649,226.81679577192,
    64.640109300019));
#2629 = CARTESIAN_POINT('',(135.76785082566,226.69822445423,
    64.629406369636));
#2630 = CARTESIAN_POINT('',(136.18410895573,226.62650458645,
    64.622677775691));
#2631 = CARTESIAN_POINT('',(136.60338133504,226.60035964822,
    64.620181608383));
#2632 = CARTESIAN_POINT('',(137.0228216296,226.6193216542,
    64.621998611147));
#2633 = CARTESIAN_POINT('',(137.43962083685,226.68374340846,
    64.628063420232));
#2634 = CARTESIAN_POINT('',(137.85059782928,226.79481113871,
    64.638140819315));
#2635 = CARTESIAN_POINT('',(138.41833917164,227.02101996471,
    64.657404430711));
#2636 = CARTESIAN_POINT('',(138.58338522374,227.09589797212,
    64.663673794456));
#2637 = CARTESIAN_POINT('',(138.74638410875,227.17934195311,
    64.670517999676));
#2638 = CARTESIAN_POINT('',(138.90700075601,227.27152352414,
    64.67789455334));
#2639 = CARTESIAN_POINT('',(139.06484911249,227.37263293987,
    64.685751735565));
#2640 = CARTESIAN_POINT('',(139.21948296317,227.482873256,
    64.694026909268));
#2641 = CARTESIAN_POINT('',(139.37038675143,227.60245449215,
    64.702644829809));
#2642 = CARTESIAN_POINT('',(139.70046695814,227.89324757116,
    64.722621564336));
#2643 = CARTESIAN_POINT('',(139.87765840128,228.07029017331,
    64.734152403609));
#2644 = CARTESIAN_POINT('',(140.04694919242,228.26293982287,
    64.745913896367));
#2645 = CARTESIAN_POINT('',(140.20664220911,228.47130636949,
    64.7576717225));
#2646 = CARTESIAN_POINT('',(140.35491941827,228.69536148443,
    64.769150954241));
#2647 = CARTESIAN_POINT('',(140.48982501362,228.93491222317,
    64.780040691938));
#2648 = CARTESIAN_POINT('',(140.60924701519,229.18957195672,
    64.790004199201));
#2649 = CARTESIAN_POINT('',(140.77766139944,229.63551117609,
    64.804402363692));
#2650 = CARTESIAN_POINT('',(140.83674861644,229.81852055621,
    64.809560088633));
#2651 = CARTESIAN_POINT('',(140.8872638486,230.00691845079,
    64.814048504675));
#2652 = CARTESIAN_POINT('',(140.92847440358,230.19978442278,
    64.817760896169));
#2653 = CARTESIAN_POINT('',(140.95981236522,230.39613300777,
    64.820610229246));
#2654 = CARTESIAN_POINT('',(140.98087714427,230.59493101668,
    64.82253431213));
#2655 = CARTESIAN_POINT('',(140.99143824457,230.79511509247,
    64.823498925933));
#2656 = CARTESIAN_POINT('',(140.99143824457,230.99560952102,
    64.823498925933));
#2657 = PCURVE('',#1141,#2658);
#2658 = DEFINITIONAL_REPRESENTATION('',(#2659),#2739);
#2659 = B_SPLINE_CURVE_WITH_KNOTS('',8,(#2660,#2661,#2662,#2663,#2664,
    #2665,#2666,#2667,#2668,#2669,#2670,#2671,#2672,#2673,#2674,#2675,
    #2676,#2677,#2678,#2679,#2680,#2681,#2682,#2683,#2684,#2685,#2686,
    #2687,#2688,#2689,#2690,#2691,#2692,#2693,#2694,#2695,#2696,#2697,
    #2698,#2699,#2700,#2701,#2702,#2703,#2704,#2705,#2706,#2707,#2708,
    #2709,#2710,#2711,#2712,#2713,#2714,#2715,#2716,#2717,#2718,#2719,
    #2720,#2721,#2722,#2723,#2724,#2725,#2726,#2727,#2728,#2729,#2730,
    #2731,#2732,#2733,#2734,#2735,#2736,#2737,#2738),.UNSPECIFIED.,.F.,
  .F.,(9,7,7,7,7,7,7,7,7,7,7,9),(0.,4.871102406562E-02,0.122873257533,
    0.182113804154,0.249177935399,0.426239592071,0.548351386262,
    0.679258442969,0.820002567395,0.87855504821,0.951855899199,1.),
  .UNSPECIFIED.);
#2660 = CARTESIAN_POINT('',(0.,-2.));
#2661 = CARTESIAN_POINT('',(-4.609267443028E-02,-2.));
#2662 = CARTESIAN_POINT('',(-9.211246301776E-02,-1.999035302821));
#2663 = CARTESIAN_POINT('',(-0.137961840454,-1.997111165053));
#2664 = CARTESIAN_POINT('',(-0.183544059979,-1.9942618573));
#2665 = CARTESIAN_POINT('',(-0.228759734986,-1.990549563951));
#2666 = CARTESIAN_POINT('',(-0.273503433525,-1.986061261353));
#2667 = CARTESIAN_POINT('',(-0.317660285683,-1.9809035744));
#2668 = CARTESIAN_POINT('',(-0.427243265137,-1.966505273266));
#2669 = CARTESIAN_POINT('',(-0.491709721468,-1.956541766006));
#2670 = CARTESIAN_POINT('',(-0.554624945325,-1.945652028311));
#2671 = CARTESIAN_POINT('',(-0.616082350566,-1.934172796568));
#2672 = CARTESIAN_POINT('',(-0.67615545578,-1.922414970434));
#2673 = CARTESIAN_POINT('',(-0.7349033498,-1.910653477675));
#2674 = CARTESIAN_POINT('',(-0.792371959385,-1.899122638404));
#2675 = CARTESIAN_POINT('',(-0.893498797749,-1.879145904431));
#2676 = CARTESIAN_POINT('',(-0.937700956315,-1.870527983113));
#2677 = CARTESIAN_POINT('',(-0.981264704995,-1.862252809126));
#2678 = CARTESIAN_POINT('',(-1.024253265448,-1.854395627321));
#2679 = CARTESIAN_POINT('',(-1.066726946381,-1.847019074155));
#2680 = CARTESIAN_POINT('',(-1.108744119162,-1.840174868831));
#2681 = CARTESIAN_POINT('',(-1.150362193436,-1.833905504429));
#2682 = CARTESIAN_POINT('',(-1.238366147064,-1.821838944906));
#2683 = CARTESIAN_POINT('',(-1.284655553808,-1.81621358588));
#2684 = CARTESIAN_POINT('',(-1.330582290464,-1.811421058372));
#2685 = CARTESIAN_POINT('',(-1.376218632869,-1.807500421492));
#2686 = CARTESIAN_POINT('',(-1.421634752714,-1.804479774234));
#2687 = CARTESIAN_POINT('',(-1.466899815044,-1.802377432652));
#2688 = CARTESIAN_POINT('',(-1.512083075766,-1.801203107035));
#2689 = CARTESIAN_POINT('',(-1.676517122711,-1.800314800345));
#2690 = CARTESIAN_POINT('',(-1.795277356499,-1.806156895941));
#2691 = CARTESIAN_POINT('',(-1.915197102496,-1.818434639671));
#2692 = CARTESIAN_POINT('',(-2.037684287351,-1.836823349463));
#2693 = CARTESIAN_POINT('',(-2.164062719475,-1.860609020749));
#2694 = CARTESIAN_POINT('',(-2.295736612956,-1.888412175586));
#2695 = CARTESIAN_POINT('',(-2.434245710761,-1.917541438704));
#2696 = CARTESIAN_POINT('',(-2.683703119546,-1.96218818118));
#2697 = CARTESIAN_POINT('',(-2.792991692152,-1.97968432484));
#2698 = CARTESIAN_POINT('',(-2.906813723549,-1.994249401657));
#2699 = CARTESIAN_POINT('',(-3.023237298593,-2.003615961927));
#2700 = CARTESIAN_POINT('',(-3.140757915328,-2.006129605327));
#2701 = CARTESIAN_POINT('',(-3.257955709073,-2.001699288118));
#2702 = CARTESIAN_POINT('',(-3.373296547827,-1.991538607472));
#2703 = CARTESIAN_POINT('',(-3.60400337438,-1.962489034091));
#2704 = CARTESIAN_POINT('',(-3.717380945278,-1.94319912601));
#2705 = CARTESIAN_POINT('',(-3.82579785827,-1.921701601879));
#2706 = CARTESIAN_POINT('',(-3.92997134429,-1.899834673242));
#2707 = CARTESIAN_POINT('',(-4.030487915012,-1.878992907893));
#2708 = CARTESIAN_POINT('',(-4.127869883218,-1.860143073299));
#2709 = CARTESIAN_POINT('',(-4.222600405338,-1.843936341545));
#2710 = CARTESIAN_POINT('',(-4.414708468995,-1.816610374086));
#2711 = CARTESIAN_POINT('',(-4.512157732607,-1.805907443704));
#2712 = CARTESIAN_POINT('',(-4.608279361878,-1.799178849758));
#2713 = CARTESIAN_POINT('',(-4.703728985059,-1.796682682451));
#2714 = CARTESIAN_POINT('',(-4.799131089417,-1.798499685214));
#2715 = CARTESIAN_POINT('',(-4.8951114692,-1.804564494299));
#2716 = CARTESIAN_POINT('',(-4.992329551349,-1.814641893382));
#2717 = CARTESIAN_POINT('',(-5.132823116292,-1.833905504779));
#2718 = CARTESIAN_POINT('',(-5.174441186422,-1.840174868523));
#2719 = CARTESIAN_POINT('',(-5.216458358169,-1.847019073744));
#2720 = CARTESIAN_POINT('',(-5.258932041842,-1.854395627407));
#2721 = CARTESIAN_POINT('',(-5.301920604935,-1.862252809632));
#2722 = CARTESIAN_POINT('',(-5.345484352353,-1.870527983336));
#2723 = CARTESIAN_POINT('',(-5.38968650662,-1.879145903876));
#2724 = CARTESIAN_POINT('',(-5.490813347792,-1.899122638403));
#2725 = CARTESIAN_POINT('',(-5.548281957386,-1.910653477676));
#2726 = CARTESIAN_POINT('',(-5.607029851405,-1.922414970435));
#2727 = CARTESIAN_POINT('',(-5.667102956609,-1.934172796567));
#2728 = CARTESIAN_POINT('',(-5.728560361842,-1.945652028309));
#2729 = CARTESIAN_POINT('',(-5.791475585708,-1.956541766006));
#2730 = CARTESIAN_POINT('',(-5.855942042059,-1.966505273268));
#2731 = CARTESIAN_POINT('',(-5.965523981554,-1.98090343776));
#2732 = CARTESIAN_POINT('',(-6.009680891367,-1.9860611627));
#2733 = CARTESIAN_POINT('',(-6.054425368998,-1.990549578742));
#2734 = CARTESIAN_POINT('',(-6.099642153902,-1.994261970237));
#2735 = CARTESIAN_POINT('',(-6.145225407193,-1.997111303314));
#2736 = CARTESIAN_POINT('',(-6.191075308885,-1.999035386197));
#2737 = CARTESIAN_POINT('',(-6.237094633951,-2.));
#2738 = CARTESIAN_POINT('',(-6.28318530718,-2.));
#2739 = ( GEOMETRIC_REPRESENTATION_CONTEXT(2) 
PARAMETRIC_REPRESENTATION_CONTEXT() REPRESENTATION_CONTEXT('2D SPACE',''
  ) );
#2740 = PCURVE('',#1529,#2741);
#2741 = DEFINITIONAL_REPRESENTATION('',(#2742),#2822);
#2742 = B_SPLINE_CURVE_WITH_KNOTS('',8,(#2743,#2744,#2745,#2746,#2747,
    #2748,#2749,#2750,#2751,#2752,#2753,#2754,#2755,#2756,#2757,#2758,
    #2759,#2760,#2761,#2762,#2763,#2764,#2765,#2766,#2767,#2768,#2769,
    #2770,#2771,#2772,#2773,#2774,#2775,#2776,#2777,#2778,#2779,#2780,
    #2781,#2782,#2783,#2784,#2785,#2786,#2787,#2788,#2789,#2790,#2791,
    #2792,#2793,#2794,#2795,#2796,#2797,#2798,#2799,#2800,#2801,#2802,
    #2803,#2804,#2805,#2806,#2807,#2808,#2809,#2810,#2811,#2812,#2813,
    #2814,#2815,#2816,#2817,#2818,#2819,#2820,#2821),.UNSPECIFIED.,.T.,
  .F.,(9,7,7,7,7,7,7,7,7,7,7,9),(0.,4.871102406562E-02,0.122873257533,
    0.182113804154,0.249177935399,0.426239592071,0.548351386262,
    0.679258442969,0.820002567395,0.87855504821,0.951855899199,1.),
  .UNSPECIFIED.);
#2743 = CARTESIAN_POINT('',(-7.853981633974,-149.35));
#2744 = CARTESIAN_POINT('',(-7.84977159442,-149.35));
#2745 = CARTESIAN_POINT('',(-7.845568211813,-149.339437982));
#2746 = CARTESIAN_POINT('',(-7.841393911608,-149.3183726037));
#2747 = CARTESIAN_POINT('',(-7.837270862802,-149.2870349029));
#2748 = CARTESIAN_POINT('',(-7.833220620084,-149.2458254075));
#2749 = CARTESIAN_POINT('',(-7.829263766714,-149.1953114596));
#2750 = CARTESIAN_POINT('',(-7.82541955814,-149.1362247531));
#2751 = CARTESIAN_POINT('',(-7.816051036736,-148.9678087705));
#2752 = CARTESIAN_POINT('',(-7.810699884834,-148.848386769));
#2753 = CARTESIAN_POINT('',(-7.805664912454,-148.7134811737));
#2754 = CARTESIAN_POINT('',(-7.800954313538,-148.5652039645));
#2755 = CARTESIAN_POINT('',(-7.796572302583,-148.4055109478));
#2756 = CARTESIAN_POINT('',(-7.792519690544,-148.2362201566));
#2757 = CARTESIAN_POINT('',(-7.788794408184,-148.0590287135));
#2758 = CARTESIAN_POINT('',(-7.782674126015,-147.728948516));
#2759 = CARTESIAN_POINT('',(-7.780156735467,-147.5780447127));
#2760 = CARTESIAN_POINT('',(-7.777835482187,-147.4234108583));
#2761 = CARTESIAN_POINT('',(-7.775706062367,-147.2655625119));
#2762 = CARTESIAN_POINT('',(-7.773764312018,-147.1049458742));
#2763 = CARTESIAN_POINT('',(-7.772006327551,-146.9419469845));
#2764 = CARTESIAN_POINT('',(-7.77042858636,-146.7769009167));
#2765 = CARTESIAN_POINT('',(-7.767442589327,-146.4212726516));
#2766 = CARTESIAN_POINT('',(-7.76608423839,-146.2301974503));
#2767 = CARTESIAN_POINT('',(-7.764948864872,-146.0373292093));
#2768 = CARTESIAN_POINT('',(-7.764033030116,-145.8430683775));
#2769 = CARTESIAN_POINT('',(-7.76333405628,-145.6477738642));
#2770 = CARTESIAN_POINT('',(-7.762850076104,-145.4517748882));
#2771 = CARTESIAN_POINT('',(-7.762580082665,-145.2553828263));
#2772 = CARTESIAN_POINT('',(-7.762375855506,-144.5401603016));
#2773 = CARTESIAN_POINT('',(-7.763719176474,-144.0226458104));
#2774 = CARTESIAN_POINT('',(-7.76653331832,-143.5103698386));
#2775 = CARTESIAN_POINT('',(-7.770867462196,-143.0080992315));
#2776 = CARTESIAN_POINT('',(-7.776815955663,-142.5230575529));
#2777 = CARTESIAN_POINT('',(-7.784495391362,-142.0664742344));
#2778 = CARTESIAN_POINT('',(-7.794026518329,-141.654750768));
#2779 = CARTESIAN_POINT('',(-7.813357564464,-141.0786070554));
#2780 = CARTESIAN_POINT('',(-7.822398359139,-140.8698703302));
#2781 = CARTESIAN_POINT('',(-7.832384609825,-140.709271149));
#2782 = CARTESIAN_POINT('',(-7.843020990021,-140.611604206));
#2783 = CARTESIAN_POINT('',(-7.853944323745,-140.5847942707));
#2784 = CARTESIAN_POINT('',(-7.864768901132,-140.6298241073));
#2785 = CARTESIAN_POINT('',(-7.875127058458,-140.7405436744));
#2786 = CARTESIAN_POINT('',(-7.894981058497,-141.078104613));
#2787 = CARTESIAN_POINT('',(-7.904241171748,-141.3106961633));
#2788 = CARTESIAN_POINT('',(-7.912443188503,-141.5872436579));
#2789 = CARTESIAN_POINT('',(-7.919590249607,-141.8968656571));
#2790 = CARTESIAN_POINT('',(-7.925709475217,-142.2308735817));
#2791 = CARTESIAN_POINT('',(-7.930839912561,-142.582338419));
#2792 = CARTESIAN_POINT('',(-7.935025991908,-142.9458528566));
#2793 = CARTESIAN_POINT('',(-7.941838203376,-143.7164599819));
#2794 = CARTESIAN_POINT('',(-7.944337972274,-144.126412581));
#2795 = CARTESIAN_POINT('',(-7.945850514159,-144.5426707111));
#2796 = CARTESIAN_POINT('',(-7.946401994724,-144.9619430904));
#2797 = CARTESIAN_POINT('',(-7.94600201057,-145.381383385));
#2798 = CARTESIAN_POINT('',(-7.944643339973,-145.7981825922));
#2799 = CARTESIAN_POINT('',(-7.942301664699,-146.2091595847));
#2800 = CARTESIAN_POINT('',(-7.937534681502,-146.776900927));
#2801 = CARTESIAN_POINT('',(-7.935956940489,-146.9419469791));
#2802 = CARTESIAN_POINT('',(-7.934198956041,-147.1049458641));
#2803 = CARTESIAN_POINT('',(-7.932257205547,-147.2655625114));
#2804 = CARTESIAN_POINT('',(-7.930127785614,-147.4234108679));
#2805 = CARTESIAN_POINT('',(-7.927806532425,-147.5780447185));
#2806 = CARTESIAN_POINT('',(-7.925289142104,-147.7289485068));
#2807 = CARTESIAN_POINT('',(-7.919168859765,-148.0590287135));
#2808 = CARTESIAN_POINT('',(-7.915443577405,-148.2362201567));
#2809 = CARTESIAN_POINT('',(-7.911390965366,-148.4055109478));
#2810 = CARTESIAN_POINT('',(-7.907008954412,-148.5652039645));
#2811 = CARTESIAN_POINT('',(-7.902298355496,-148.7134811736));
#2812 = CARTESIAN_POINT('',(-7.897263383116,-148.848386769));
#2813 = CARTESIAN_POINT('',(-7.891912231212,-148.9678087706));
#2814 = CARTESIAN_POINT('',(-7.882543798716,-149.1362231548));
#2815 = CARTESIAN_POINT('',(-7.878699588525,-149.1953103718));
#2816 = CARTESIAN_POINT('',(-7.874742668373,-149.245825604));
#2817 = CARTESIAN_POINT('',(-7.87069232558,-149.287036159));
#2818 = CARTESIAN_POINT('',(-7.866569180864,-149.3183741206));
#2819 = CARTESIAN_POINT('',(-7.862394831002,-149.3394388997));
#2820 = CARTESIAN_POINT('',(-7.858191490742,-149.35));
#2821 = CARTESIAN_POINT('',(-7.853981633974,-149.35));
#2822 = ( GEOMETRIC_REPRESENTATION_CONTEXT(2) 
PARAMETRIC_REPRESENTATION_CONTEXT() REPRESENTATION_CONTEXT('2D SPACE',''
  ) );
#2823 = ORIENTED_EDGE('',*,*,#2824,.T.);
#2824 = EDGE_CURVE('',#2574,#974,#2825,.T.);
#2825 = SEAM_CURVE('',#2826,(#2830,#2837),.PCURVE_S1.);
#2826 = LINE('',#2827,#2828);
#2827 = CARTESIAN_POINT('',(140.99143824457,230.99560952102,
    62.823498925933));
#2828 = VECTOR('',#2829,1.);
#2829 = DIRECTION('',(0.,0.,1.));
#2830 = PCURVE('',#1141,#2831);
#2831 = DEFINITIONAL_REPRESENTATION('',(#2832),#2836);
#2832 = LINE('',#2833,#2834);
#2833 = CARTESIAN_POINT('',(-6.28318530718,0.));
#2834 = VECTOR('',#2835,1.);
#2835 = DIRECTION('',(-0.,-1.));
#2836 = ( GEOMETRIC_REPRESENTATION_CONTEXT(2) 
PARAMETRIC_REPRESENTATION_CONTEXT() REPRESENTATION_CONTEXT('2D SPACE',''
  ) );
#2837 = PCURVE('',#1141,#2838);
#2838 = DEFINITIONAL_REPRESENTATION('',(#2839),#2843);
#2839 = LINE('',#2840,#2841);
#2840 = CARTESIAN_POINT('',(-0.,0.));
#2841 = VECTOR('',#2842,1.);
#2842 = DIRECTION('',(-0.,-1.));
#2843 = ( GEOMETRIC_REPRESENTATION_CONTEXT(2) 
PARAMETRIC_REPRESENTATION_CONTEXT() REPRESENTATION_CONTEXT('2D SPACE',''
  ) );
#2844 = ORIENTED_EDGE('',*,*,#973,.T.);
#2845 = ORIENTED_EDGE('',*,*,#2824,.F.);
#2846 = ADVANCED_FACE('',(#2847),#1399,.F.);
#2847 = FACE_BOUND('',#2848,.T.);
#2848 = EDGE_LOOP('',(#2849,#3100,#3121,#3122));
#2849 = ORIENTED_EDGE('',*,*,#2850,.F.);
#2850 = EDGE_CURVE('',#2851,#2851,#2853,.T.);
#2851 = VERTEX_POINT('',#2852);
#2852 = CARTESIAN_POINT('',(65.991438244575,230.99560952102,
    64.823498925933));
#2853 = SURFACE_CURVE('',#2854,(#2934,#3017),.PCURVE_S1.);
#2854 = B_SPLINE_CURVE_WITH_KNOTS('',8,(#2855,#2856,#2857,#2858,#2859,
    #2860,#2861,#2862,#2863,#2864,#2865,#2866,#2867,#2868,#2869,#2870,
    #2871,#2872,#2873,#2874,#2875,#2876,#2877,#2878,#2879,#2880,#2881,
    #2882,#2883,#2884,#2885,#2886,#2887,#2888,#2889,#2890,#2891,#2892,
    #2893,#2894,#2895,#2896,#2897,#2898,#2899,#2900,#2901,#2902,#2903,
    #2904,#2905,#2906,#2907,#2908,#2909,#2910,#2911,#2912,#2913,#2914,
    #2915,#2916,#2917,#2918,#2919,#2920,#2921,#2922,#2923,#2924,#2925,
    #2926,#2927,#2928,#2929,#2930,#2931,#2932,#2933),.UNSPECIFIED.,.T.,
  .F.,(9,7,7,7,7,7,7,7,7,7,7,9),(0.,4.871102395692E-02,0.122873257252,
    0.182113803742,0.249177934838,0.426239591124,0.548351385045,
    0.679258441462,0.820002567258,0.878555048114,0.951855899166,1.),
  .UNSPECIFIED.);
#2855 = CARTESIAN_POINT('',(65.991438244575,230.99560952102,
    64.823498925933));
#2856 = CARTESIAN_POINT('',(65.991438244575,231.19611265477,
    64.823498925933));
#2857 = CARTESIAN_POINT('',(65.980876226632,231.39629874732,
    64.822534228754));
#2858 = CARTESIAN_POINT('',(65.95981084831,231.59509439061,
    64.820610090986));
#2859 = CARTESIAN_POINT('',(65.928473147497,231.79143840738,
    64.817760783233));
#2860 = CARTESIAN_POINT('',(65.887263652157,231.98429961386,
    64.814048489884));
#2861 = CARTESIAN_POINT('',(65.83674970423,232.17269432955,
    64.809560187287));
#2862 = CARTESIAN_POINT('',(65.777662997705,232.35570363395,
    64.804402500332));
#2863 = CARTESIAN_POINT('',(65.609247015192,232.80164708532,
    64.790004199201));
#2864 = CARTESIAN_POINT('',(65.489825013625,233.05630681887,
    64.780040691938));
#2865 = CARTESIAN_POINT('',(65.354919418274,233.2958575576,
    64.769150954242));
#2866 = CARTESIAN_POINT('',(65.206642209121,233.51991267253,
    64.7576717225));
#2867 = CARTESIAN_POINT('',(65.046949192435,233.72827921915,
    64.745913896368));
#2868 = CARTESIAN_POINT('',(64.877658401286,233.92092886873,
    64.734152403609));
#2869 = CARTESIAN_POINT('',(64.700466958132,234.09797147089,
    64.722621564335));
#2870 = CARTESIAN_POINT('',(64.37038676061,234.3887645418,
    64.702644830364));
#2871 = CARTESIAN_POINT('',(64.219482957304,234.50834578872,
    64.694026909046));
#2872 = CARTESIAN_POINT('',(64.06484910294,234.6185861092,
    64.685751735059));
#2873 = CARTESIAN_POINT('',(63.907000756475,234.71969551955,
    64.677894553254));
#2874 = CARTESIAN_POINT('',(63.746384118807,234.8118770837,
    64.670518000088));
#2875 = CARTESIAN_POINT('',(63.583385229141,234.89532106558,
    64.663673794763));
#2876 = CARTESIAN_POINT('',(63.418339161344,234.97019908142,
    64.657404430362));
#2877 = CARTESIAN_POINT('',(63.062710896196,235.11189433303,
    64.645337870839));
#2878 = CARTESIAN_POINT('',(62.87163569497,235.17634087838,
    64.639712511813));
#2879 = CARTESIAN_POINT('',(62.67876745394,235.23020036028,
    64.634919984305));
#2880 = CARTESIAN_POINT('',(62.48450662208,235.27364047454,
    64.630999347425));
#2881 = CARTESIAN_POINT('',(62.289212108821,235.30679176038,
    64.627978700167));
#2882 = CARTESIAN_POINT('',(62.093213132851,235.32974521998,
    64.625876358585));
#2883 = CARTESIAN_POINT('',(61.896821070919,235.34254993807,
    64.624702032968));
#2884 = CARTESIAN_POINT('',(61.181598546201,235.35223560695,
    64.623813726277));
#2885 = CARTESIAN_POINT('',(60.664084055062,235.28852718746,
    64.629655821874));
#2886 = CARTESIAN_POINT('',(60.151808083113,235.1550675742,
    64.641933565602));
#2887 = CARTESIAN_POINT('',(59.649537476146,234.94947323769,
    64.660322275399));
#2888 = CARTESIAN_POINT('',(59.16449579756,234.66716980739,
    64.684107946679));
#2889 = CARTESIAN_POINT('',(58.707912479021,234.30246497368,
    64.711911101521));
#2890 = CARTESIAN_POINT('',(58.296189012657,233.84942458017,
    64.741040364636));
#2891 = CARTESIAN_POINT('',(57.72004530006,232.92986672325,
    64.785687107112));
#2892 = CARTESIAN_POINT('',(57.511308574788,232.49964105337,
    64.803183250773));
#2893 = CARTESIAN_POINT('',(57.350709393602,232.02422909096,
    64.81774832759));
#2894 = CARTESIAN_POINT('',(57.253042450642,231.51767859769,
    64.827114887859));
#2895 = CARTESIAN_POINT('',(57.22623251536,230.99736478096,
    64.82962853126));
#2896 = CARTESIAN_POINT('',(57.271262351937,230.48180155822,
    64.82519821405));
#2897 = CARTESIAN_POINT('',(57.381981919029,229.98857353667,
    64.815037533405));
#2898 = CARTESIAN_POINT('',(57.719542857609,229.04347312814,
    64.785987960023));
#2899 = CARTESIAN_POINT('',(57.952134407961,228.60284476129,
    64.766698051942));
#2900 = CARTESIAN_POINT('',(58.228681902573,228.21277919835,
    64.745200527812));
#2901 = CARTESIAN_POINT('',(58.538303901733,227.87308168412,
    64.723333599175));
#2902 = CARTESIAN_POINT('',(58.872311826298,227.58239038828,
    64.702491833825));
#2903 = CARTESIAN_POINT('',(59.223776663594,227.33877744426,
    64.683641999231));
#2904 = CARTESIAN_POINT('',(59.58729110118,227.14007449973,
    64.667435267477));
#2905 = CARTESIAN_POINT('',(60.357898231263,226.81679576992,
    64.64010929985));
#2906 = CARTESIAN_POINT('',(60.767850811546,226.69822445712,
    64.629406369881));
#2907 = CARTESIAN_POINT('',(61.184108970067,226.62650458658,
    64.622677775703));
#2908 = CARTESIAN_POINT('',(61.603381336197,226.6003596459,
    64.620181608186));
#2909 = CARTESIAN_POINT('',(62.022821615417,226.61932165426,
    64.621998611151));
#2910 = CARTESIAN_POINT('',(62.439620848708,226.68374341074,
    64.628063420428));
#2911 = CARTESIAN_POINT('',(62.850597825664,226.79481113727,
    64.638140819192));
#2912 = CARTESIAN_POINT('',(63.418339171641,227.02101996471,
    64.657404430711));
#2913 = CARTESIAN_POINT('',(63.583385223745,227.09589797212,
    64.663673794456));
#2914 = CARTESIAN_POINT('',(63.746384108751,227.17934195311,
    64.670517999676));
#2915 = CARTESIAN_POINT('',(63.907000756012,227.27152352414,
    64.67789455334));
#2916 = CARTESIAN_POINT('',(64.064849112493,227.37263293987,
    64.685751735565));
#2917 = CARTESIAN_POINT('',(64.219482963172,227.482873256,
    64.694026909268));
#2918 = CARTESIAN_POINT('',(64.370386751438,227.60245449215,
    64.702644829809));
#2919 = CARTESIAN_POINT('',(64.700466958172,227.89324757118,
    64.722621564337));
#2920 = CARTESIAN_POINT('',(64.877658401268,228.07029017329,
    64.734152403608));
#2921 = CARTESIAN_POINT('',(65.046949192405,228.26293982284,
    64.745913896366));
#2922 = CARTESIAN_POINT('',(65.206642209119,228.47130636948,
    64.7576717225));
#2923 = CARTESIAN_POINT('',(65.354919418293,228.69536148446,
    64.769150954243));
#2924 = CARTESIAN_POINT('',(65.489825013635,228.9349122232,
    64.780040691939));
#2925 = CARTESIAN_POINT('',(65.609247015182,229.18957195668,
    64.7900041992));
#2926 = CARTESIAN_POINT('',(65.777661399442,229.63551117609,
    64.804402363692));
#2927 = CARTESIAN_POINT('',(65.836748616442,229.81852055621,
    64.809560088633));
#2928 = CARTESIAN_POINT('',(65.887263848608,230.00691845079,
    64.814048504675));
#2929 = CARTESIAN_POINT('',(65.928474403588,230.19978442278,
    64.817760896169));
#2930 = CARTESIAN_POINT('',(65.959812365224,230.39613300777,
    64.820610229246));
#2931 = CARTESIAN_POINT('',(65.980877144277,230.59493101668,
    64.82253431213));
#2932 = CARTESIAN_POINT('',(65.991438244575,230.79511509247,
    64.823498925933));
#2933 = CARTESIAN_POINT('',(65.991438244575,230.99560952102,
    64.823498925933));
#2934 = PCURVE('',#1399,#2935);
#2935 = DEFINITIONAL_REPRESENTATION('',(#2936),#3016);
#2936 = B_SPLINE_CURVE_WITH_KNOTS('',8,(#2937,#2938,#2939,#2940,#2941,
    #2942,#2943,#2944,#2945,#2946,#2947,#2948,#2949,#2950,#2951,#2952,
    #2953,#2954,#2955,#2956,#2957,#2958,#2959,#2960,#2961,#2962,#2963,
    #2964,#2965,#2966,#2967,#2968,#2969,#2970,#2971,#2972,#2973,#2974,
    #2975,#2976,#2977,#2978,#2979,#2980,#2981,#2982,#2983,#2984,#2985,
    #2986,#2987,#2988,#2989,#2990,#2991,#2992,#2993,#2994,#2995,#2996,
    #2997,#2998,#2999,#3000,#3001,#3002,#3003,#3004,#3005,#3006,#3007,
    #3008,#3009,#3010,#3011,#3012,#3013,#3014,#3015),.UNSPECIFIED.,.F.,
  .F.,(9,7,7,7,7,7,7,7,7,7,7,9),(0.,4.871102395692E-02,0.122873257252,
    0.182113803742,0.249177934838,0.426239591124,0.548351385045,
    0.679258441462,0.820002567258,0.878555048114,0.951855899166,1.),
  .UNSPECIFIED.);
#2937 = CARTESIAN_POINT('',(0.,-2.));
#2938 = CARTESIAN_POINT('',(-4.60926744259E-02,-2.));
#2939 = CARTESIAN_POINT('',(-9.211246302033E-02,-1.999035302822));
#2940 = CARTESIAN_POINT('',(-0.137961840459,-1.997111165053));
#2941 = CARTESIAN_POINT('',(-0.183544059979,-1.9942618573));
#2942 = CARTESIAN_POINT('',(-0.228759734982,-1.990549563951));
#2943 = CARTESIAN_POINT('',(-0.273503433523,-1.986061261354));
#2944 = CARTESIAN_POINT('',(-0.317660285687,-1.980903574399));
#2945 = CARTESIAN_POINT('',(-0.427243265124,-1.966505273268));
#2946 = CARTESIAN_POINT('',(-0.491709721473,-1.956541766005));
#2947 = CARTESIAN_POINT('',(-0.554624945336,-1.945652028309));
#2948 = CARTESIAN_POINT('',(-0.616082350567,-1.934172796568));
#2949 = CARTESIAN_POINT('',(-0.676155455772,-1.922414970435));
#2950 = CARTESIAN_POINT('',(-0.734903349795,-1.910653477676));
#2951 = CARTESIAN_POINT('',(-0.792371959391,-1.899122638402));
#2952 = CARTESIAN_POINT('',(-0.893498797749,-1.879145904431));
#2953 = CARTESIAN_POINT('',(-0.937700956315,-1.870527983113));
#2954 = CARTESIAN_POINT('',(-0.981264704995,-1.862252809126));
#2955 = CARTESIAN_POINT('',(-1.024253265448,-1.854395627321));
#2956 = CARTESIAN_POINT('',(-1.066726946381,-1.847019074155));
#2957 = CARTESIAN_POINT('',(-1.108744119162,-1.840174868831));
#2958 = CARTESIAN_POINT('',(-1.150362193436,-1.833905504429));
#2959 = CARTESIAN_POINT('',(-1.238366147064,-1.821838944906));
#2960 = CARTESIAN_POINT('',(-1.284655553808,-1.81621358588));
#2961 = CARTESIAN_POINT('',(-1.330582290464,-1.811421058372));
#2962 = CARTESIAN_POINT('',(-1.376218632869,-1.807500421492));
#2963 = CARTESIAN_POINT('',(-1.421634752714,-1.804479774234));
#2964 = CARTESIAN_POINT('',(-1.466899815044,-1.802377432652));
#2965 = CARTESIAN_POINT('',(-1.512083075766,-1.801203107035));
#2966 = CARTESIAN_POINT('',(-1.676517122714,-1.800314800345));
#2967 = CARTESIAN_POINT('',(-1.795277356489,-1.806156895941));
#2968 = CARTESIAN_POINT('',(-1.915197102508,-1.81843463967));
#2969 = CARTESIAN_POINT('',(-2.03768428735,-1.836823349466));
#2970 = CARTESIAN_POINT('',(-2.164062719464,-1.860609020746));
#2971 = CARTESIAN_POINT('',(-2.295736612966,-1.888412175588));
#2972 = CARTESIAN_POINT('',(-2.434245710757,-1.917541438704));
#2973 = CARTESIAN_POINT('',(-2.683703119546,-1.96218818118));
#2974 = CARTESIAN_POINT('',(-2.792991692153,-1.97968432484));
#2975 = CARTESIAN_POINT('',(-2.906813723549,-1.994249401657));
#2976 = CARTESIAN_POINT('',(-3.023237298593,-2.003615961927));
#2977 = CARTESIAN_POINT('',(-3.140757915328,-2.006129605327));
#2978 = CARTESIAN_POINT('',(-3.257955709073,-2.001699288118));
#2979 = CARTESIAN_POINT('',(-3.373296547827,-1.991538607472));
#2980 = CARTESIAN_POINT('',(-3.60400337438,-1.962489034091));
#2981 = CARTESIAN_POINT('',(-3.717380945278,-1.94319912601));
#2982 = CARTESIAN_POINT('',(-3.82579785827,-1.921701601879));
#2983 = CARTESIAN_POINT('',(-3.92997134429,-1.899834673242));
#2984 = CARTESIAN_POINT('',(-4.030487915013,-1.878992907893));
#2985 = CARTESIAN_POINT('',(-4.127869883218,-1.860143073299));
#2986 = CARTESIAN_POINT('',(-4.222600405338,-1.843936341545));
#2987 = CARTESIAN_POINT('',(-4.414708470184,-1.816610373917));
#2988 = CARTESIAN_POINT('',(-4.51215772914,-1.805907443949));
#2989 = CARTESIAN_POINT('',(-4.608279365369,-1.799178849771));
#2990 = CARTESIAN_POINT('',(-4.703728985344,-1.796682682253));
#2991 = CARTESIAN_POINT('',(-4.799131085959,-1.798499685218));
#2992 = CARTESIAN_POINT('',(-4.895111472101,-1.804564494495));
#2993 = CARTESIAN_POINT('',(-4.992329550453,-1.814641893259));
#2994 = CARTESIAN_POINT('',(-5.132823116292,-1.833905504779));
#2995 = CARTESIAN_POINT('',(-5.174441186422,-1.840174868523));
#2996 = CARTESIAN_POINT('',(-5.216458358169,-1.847019073744));
#2997 = CARTESIAN_POINT('',(-5.258932041842,-1.854395627407));
#2998 = CARTESIAN_POINT('',(-5.301920604936,-1.862252809632));
#2999 = CARTESIAN_POINT('',(-5.345484352353,-1.870527983336));
#3000 = CARTESIAN_POINT('',(-5.38968650662,-1.879145903876));
#3001 = CARTESIAN_POINT('',(-5.490813347801,-1.899122638405));
#3002 = CARTESIAN_POINT('',(-5.548281957381,-1.910653477675));
#3003 = CARTESIAN_POINT('',(-5.607029851396,-1.922414970433));
#3004 = CARTESIAN_POINT('',(-5.667102956609,-1.934172796567));
#3005 = CARTESIAN_POINT('',(-5.728560361852,-1.94565202831));
#3006 = CARTESIAN_POINT('',(-5.791475585714,-1.956541766006));
#3007 = CARTESIAN_POINT('',(-5.855942042049,-1.966505273267));
#3008 = CARTESIAN_POINT('',(-5.965523981554,-1.98090343776));
#3009 = CARTESIAN_POINT('',(-6.009680891367,-1.9860611627));
#3010 = CARTESIAN_POINT('',(-6.054425368998,-1.990549578742));
#3011 = CARTESIAN_POINT('',(-6.099642153902,-1.994261970237));
#3012 = CARTESIAN_POINT('',(-6.145225407193,-1.997111303314));
#3013 = CARTESIAN_POINT('',(-6.191075308885,-1.999035386197));
#3014 = CARTESIAN_POINT('',(-6.237094633951,-2.));
#3015 = CARTESIAN_POINT('',(-6.28318530718,-2.));
#3016 = ( GEOMETRIC_REPRESENTATION_CONTEXT(2) 
PARAMETRIC_REPRESENTATION_CONTEXT() REPRESENTATION_CONTEXT('2D SPACE',''
  ) );
#3017 = PCURVE('',#1529,#3018);
#3018 = DEFINITIONAL_REPRESENTATION('',(#3019),#3099);
#3019 = B_SPLINE_CURVE_WITH_KNOTS('',8,(#3020,#3021,#3022,#3023,#3024,
    #3025,#3026,#3027,#3028,#3029,#3030,#3031,#3032,#3033,#3034,#3035,
    #3036,#3037,#3038,#3039,#3040,#3041,#3042,#3043,#3044,#3045,#3046,
    #3047,#3048,#3049,#3050,#3051,#3052,#3053,#3054,#3055,#3056,#3057,
    #3058,#3059,#3060,#3061,#3062,#3063,#3064,#3065,#3066,#3067,#3068,
    #3069,#3070,#3071,#3072,#3073,#3074,#3075,#3076,#3077,#3078,#3079,
    #3080,#3081,#3082,#3083,#3084,#3085,#3086,#3087,#3088,#3089,#3090,
    #3091,#3092,#3093,#3094,#3095,#3096,#3097,#3098),.UNSPECIFIED.,.T.,
  .F.,(9,7,7,7,7,7,7,7,7,7,7,9),(0.,4.871102395692E-02,0.122873257252,
    0.182113803742,0.249177934838,0.426239591124,0.548351385045,
    0.679258441462,0.820002567258,0.878555048114,0.951855899166,1.),
  .UNSPECIFIED.);
#3020 = CARTESIAN_POINT('',(-7.853981633974,-74.35));
#3021 = CARTESIAN_POINT('',(-7.849771594421,-74.35));
#3022 = CARTESIAN_POINT('',(-7.845568211812,-74.33943798205));
#3023 = CARTESIAN_POINT('',(-7.841393911608,-74.31837260373));
#3024 = CARTESIAN_POINT('',(-7.837270862803,-74.28703490292));
#3025 = CARTESIAN_POINT('',(-7.833220620084,-74.24582540758));
#3026 = CARTESIAN_POINT('',(-7.829263766714,-74.19531145965));
#3027 = CARTESIAN_POINT('',(-7.82541955814,-74.13622475313));
#3028 = CARTESIAN_POINT('',(-7.816051036737,-73.96780877061));
#3029 = CARTESIAN_POINT('',(-7.810699884833,-73.84838676905));
#3030 = CARTESIAN_POINT('',(-7.805664912453,-73.7134811737));
#3031 = CARTESIAN_POINT('',(-7.800954313538,-73.56520396454));
#3032 = CARTESIAN_POINT('',(-7.796572302583,-73.40551094786));
#3033 = CARTESIAN_POINT('',(-7.792519690544,-73.23622015671));
#3034 = CARTESIAN_POINT('',(-7.788794408184,-73.05902871355));
#3035 = CARTESIAN_POINT('',(-7.782674126015,-72.72894851603));
#3036 = CARTESIAN_POINT('',(-7.780156735467,-72.57804471272));
#3037 = CARTESIAN_POINT('',(-7.777835482187,-72.42341085836));
#3038 = CARTESIAN_POINT('',(-7.775706062367,-72.2655625119));
#3039 = CARTESIAN_POINT('',(-7.773764312018,-72.10494587423));
#3040 = CARTESIAN_POINT('',(-7.772006327551,-71.94194698456));
#3041 = CARTESIAN_POINT('',(-7.77042858636,-71.77690091676));
#3042 = CARTESIAN_POINT('',(-7.767442589327,-71.42127265162));
#3043 = CARTESIAN_POINT('',(-7.76608423839,-71.23019745039));
#3044 = CARTESIAN_POINT('',(-7.764948864872,-71.03732920936));
#3045 = CARTESIAN_POINT('',(-7.764033030116,-70.8430683775));
#3046 = CARTESIAN_POINT('',(-7.76333405628,-70.64777386424));
#3047 = CARTESIAN_POINT('',(-7.762850076104,-70.45177488827));
#3048 = CARTESIAN_POINT('',(-7.762580082665,-70.25538282634));
#3049 = CARTESIAN_POINT('',(-7.762375855506,-69.54016030162));
#3050 = CARTESIAN_POINT('',(-7.763719176474,-69.02264581048));
#3051 = CARTESIAN_POINT('',(-7.766533318319,-68.51036983854));
#3052 = CARTESIAN_POINT('',(-7.770867462197,-68.00809923156));
#3053 = CARTESIAN_POINT('',(-7.776815955662,-67.52305755298));
#3054 = CARTESIAN_POINT('',(-7.784495391363,-67.06647423444));
#3055 = CARTESIAN_POINT('',(-7.794026518329,-66.65475076808));
#3056 = CARTESIAN_POINT('',(-7.813357564464,-66.07860705548));
#3057 = CARTESIAN_POINT('',(-7.82239835914,-65.86987033021));
#3058 = CARTESIAN_POINT('',(-7.832384609825,-65.70927114903));
#3059 = CARTESIAN_POINT('',(-7.843020990021,-65.61160420606));
#3060 = CARTESIAN_POINT('',(-7.853944323745,-65.58479427078));
#3061 = CARTESIAN_POINT('',(-7.864768901132,-65.62982410736));
#3062 = CARTESIAN_POINT('',(-7.875127058458,-65.74054367445));
#3063 = CARTESIAN_POINT('',(-7.894981058497,-66.07810461303));
#3064 = CARTESIAN_POINT('',(-7.904241171748,-66.31069616338));
#3065 = CARTESIAN_POINT('',(-7.912443188503,-66.58724365799));
#3066 = CARTESIAN_POINT('',(-7.919590249607,-66.89686565715));
#3067 = CARTESIAN_POINT('',(-7.925709475217,-67.23087358172));
#3068 = CARTESIAN_POINT('',(-7.930839912561,-67.58233841901));
#3069 = CARTESIAN_POINT('',(-7.935025991908,-67.9458528566));
#3070 = CARTESIAN_POINT('',(-7.941838203418,-68.71645998668));
#3071 = CARTESIAN_POINT('',(-7.944337972213,-69.12641256697));
#3072 = CARTESIAN_POINT('',(-7.945850514157,-69.54267072549));
#3073 = CARTESIAN_POINT('',(-7.946401994773,-69.96194309162));
#3074 = CARTESIAN_POINT('',(-7.946002010568,-70.38138337084));
#3075 = CARTESIAN_POINT('',(-7.944643339925,-70.79818260413));
#3076 = CARTESIAN_POINT('',(-7.942301664729,-71.20915958108));
#3077 = CARTESIAN_POINT('',(-7.937534681502,-71.77690092706));
#3078 = CARTESIAN_POINT('',(-7.935956940489,-71.94194697917));
#3079 = CARTESIAN_POINT('',(-7.934198956041,-72.10494586417));
#3080 = CARTESIAN_POINT('',(-7.932257205547,-72.26556251143));
#3081 = CARTESIAN_POINT('',(-7.930127785614,-72.42341086791));
#3082 = CARTESIAN_POINT('',(-7.927806532425,-72.57804471859));
#3083 = CARTESIAN_POINT('',(-7.925289142104,-72.72894850686));
#3084 = CARTESIAN_POINT('',(-7.919168859764,-73.05902871359));
#3085 = CARTESIAN_POINT('',(-7.915443577405,-73.23622015669));
#3086 = CARTESIAN_POINT('',(-7.911390965367,-73.40551094783));
#3087 = CARTESIAN_POINT('',(-7.907008954412,-73.56520396454));
#3088 = CARTESIAN_POINT('',(-7.902298355495,-73.71348117371));
#3089 = CARTESIAN_POINT('',(-7.897263383115,-73.84838676906));
#3090 = CARTESIAN_POINT('',(-7.891912231212,-73.9678087706));
#3091 = CARTESIAN_POINT('',(-7.882543798716,-74.13622315486));
#3092 = CARTESIAN_POINT('',(-7.878699588525,-74.19531037186));
#3093 = CARTESIAN_POINT('',(-7.874742668373,-74.24582560403));
#3094 = CARTESIAN_POINT('',(-7.87069232558,-74.28703615901));
#3095 = CARTESIAN_POINT('',(-7.866569180864,-74.31837412064));
#3096 = CARTESIAN_POINT('',(-7.862394831002,-74.3394388997));
#3097 = CARTESIAN_POINT('',(-7.858191490742,-74.35));
#3098 = CARTESIAN_POINT('',(-7.853981633974,-74.35));
#3099 = ( GEOMETRIC_REPRESENTATION_CONTEXT(2) 
PARAMETRIC_REPRESENTATION_CONTEXT() REPRESENTATION_CONTEXT('2D SPACE',''
  ) );
#3100 = ORIENTED_EDGE('',*,*,#3101,.T.);
#3101 = EDGE_CURVE('',#2851,#1232,#3102,.T.);
#3102 = SEAM_CURVE('',#3103,(#3107,#3114),.PCURVE_S1.);
#3103 = LINE('',#3104,#3105);
#3104 = CARTESIAN_POINT('',(65.991438244575,230.99560952102,
    62.823498925933));
#3105 = VECTOR('',#3106,1.);
#3106 = DIRECTION('',(0.,0.,1.));
#3107 = PCURVE('',#1399,#3108);
#3108 = DEFINITIONAL_REPRESENTATION('',(#3109),#3113);
#3109 = LINE('',#3110,#3111);
#3110 = CARTESIAN_POINT('',(-6.28318530718,0.));
#3111 = VECTOR('',#3112,1.);
#3112 = DIRECTION('',(-0.,-1.));
#3113 = ( GEOMETRIC_REPRESENTATION_CONTEXT(2) 
PARAMETRIC_REPRESENTATION_CONTEXT() REPRESENTATION_CONTEXT('2D SPACE',''
  ) );
#3114 = PCURVE('',#1399,#3115);
#3115 = DEFINITIONAL_REPRESENTATION('',(#3116),#3120);
#3116 = LINE('',#3117,#3118);
#3117 = CARTESIAN_POINT('',(-0.,0.));
#3118 = VECTOR('',#3119,1.);
#3119 = DIRECTION('',(-0.,-1.));
#3120 = ( GEOMETRIC_REPRESENTATION_CONTEXT(2) 
PARAMETRIC_REPRESENTATION_CONTEXT() REPRESENTATION_CONTEXT('2D SPACE',''
  ) );
#3121 = ORIENTED_EDGE('',*,*,#1231,.T.);
#3122 = ORIENTED_EDGE('',*,*,#3101,.F.);
#3123 = ADVANCED_FACE('',(#3124,#3130,#3133,#3136,#3139,#3142),#1529,.F.
  );
#3124 = FACE_BOUND('',#3125,.T.);
#3125 = EDGE_LOOP('',(#3126,#3127,#3128,#3129));
#3126 = ORIENTED_EDGE('',*,*,#1656,.F.);
#3127 = ORIENTED_EDGE('',*,*,#1630,.T.);
#3128 = ORIENTED_EDGE('',*,*,#1512,.F.);
#3129 = ORIENTED_EDGE('',*,*,#1586,.F.);
#3130 = FACE_BOUND('',#3131,.T.);
#3131 = EDGE_LOOP('',(#3132));
#3132 = ORIENTED_EDGE('',*,*,#1685,.T.);
#3133 = FACE_BOUND('',#3134,.T.);
#3134 = EDGE_LOOP('',(#3135));
#3135 = ORIENTED_EDGE('',*,*,#1962,.T.);
#3136 = FACE_BOUND('',#3137,.T.);
#3137 = EDGE_LOOP('',(#3138));
#3138 = ORIENTED_EDGE('',*,*,#2239,.T.);
#3139 = FACE_BOUND('',#3140,.T.);
#3140 = EDGE_LOOP('',(#3141));
#3141 = ORIENTED_EDGE('',*,*,#2573,.T.);
#3142 = FACE_BOUND('',#3143,.T.);
#3143 = EDGE_LOOP('',(#3144));
#3144 = ORIENTED_EDGE('',*,*,#2850,.T.);
#3145 = ( GEOMETRIC_REPRESENTATION_CONTEXT(3) 
GLOBAL_UNCERTAINTY_ASSIGNED_CONTEXT((#3149)) 
GLOBAL_UNIT_ASSIGNED_CONTEXT((#3146,#3147,#3148)) REPRESENTATION_CONTEXT
('Context #1','3D Context with UNIT and UNCERTAINTY') );
#3146 = ( LENGTH_UNIT() NAMED_UNIT(*) SI_UNIT(.MILLI.,.METRE.) );
#3147 = ( NAMED_UNIT(*) PLANE_ANGLE_UNIT() SI_UNIT($,.RADIAN.) );
#3148 = ( NAMED_UNIT(*) SI_UNIT($,.STERADIAN.) SOLID_ANGLE_UNIT() );
#3149 = UNCERTAINTY_MEASURE_WITH_UNIT(LENGTH_MEASURE(2.E-07),#3146,
  'distance_accuracy_value','confusion accuracy');
#3150 = PRODUCT_RELATED_PRODUCT_CATEGORY('part',$,(#7));
ENDSEC;
END-ISO-10303-21;
