ISO-10303-21;
HEADER;
FILE_DESCRIPTION(('Open CASCADE Model'),'2;1');
FILE_NAME('Open CASCADE Shape Model','2026-10-04T18:23:21',('Author'),(
    'Open CASCADE'),'Open CASCADE STEP processor 7.9','Open CASCADE 7.9'
  ,'Unknown');
FILE_SCHEMA(('AUTOMOTIVE_DESIGN { 1 0 10303 214 1 1 1 1 }'));
ENDSEC;
DATA;
#1 = APPLICATION_PROTOCOL_DEFINITION('international standard',
  'automotive_design',2000,#2);
#2 = APPLICATION_CONTEXT(
  'core data for automotive mechanical design processes');
#3 = SHAPE_DEFINITION_REPRESENTATION(#4,#10);
#4 = PRODUCT_DEFINITION_SHAPE('','',#5);
#5 = PRODUCT_DEFINITION('design','',#6,#9);
#6 = PRODUCT_DEFINITION_FORMATION('','',#7);
#7 = PRODUCT('Open CASCADE STEP translator 7.9 7',
  'Open CASCADE STEP translator 7.9 7','',(#8));
#8 = PRODUCT_CONTEXT('',#2,'mechanical');
#9 = PRODUCT_DEFINITION_CONTEXT('part definition',#2,'design');
#10 = ADVANCED_BREP_SHAPE_REPRESENTATION('',(#11,#15),#2239);
#11 = AXIS2_PLACEMENT_3D('',#12,#13,#14);
#12 = CARTESIAN_POINT('',(0.,0.,0.));
#13 = DIRECTION('',(0.,0.,1.));
#14 = DIRECTION('',(1.,0.,-0.));
#15 = MANIFOLD_SOLID_BREP('',#16);
#16 = CLOSED_SHELL('',(#17,#373,#460,#870,#1352,#1401,#1886,#1912,#1942,
    #1949,#2039,#2154,#2180,#2206,#2232));
#17 = ADVANCED_FACE('',(#18),#31,.T.);
#18 = FACE_BOUND('',#19,.T.);
#19 = EDGE_LOOP('',(#20,#86,#114,#155,#182,#270,#353));
#20 = ORIENTED_EDGE('',*,*,#21,.F.);
#21 = EDGE_CURVE('',#22,#24,#26,.T.);
#22 = VERTEX_POINT('',#23);
#23 = CARTESIAN_POINT('',(24.573129469612,14.,38.579498925933));
#24 = VERTEX_POINT('',#25);
#25 = CARTESIAN_POINT('',(22.521126041825,54.,42.462037550605));
#26 = SURFACE_CURVE('',#27,(#30,#54),.PCURVE_S1.);
#27 = B_SPLINE_CURVE_WITH_KNOTS('',1,(#28,#29),.UNSPECIFIED.,.F.,.F.,(2,
    2),(0.,1.),.PIECEWISE_BEZIER_KNOTS.);
#28 = CARTESIAN_POINT('',(24.573129469612,14.,38.579498925933));
#29 = CARTESIAN_POINT('',(22.521126041825,54.,42.462037550605));
#30 = PCURVE('',#31,#48);
#31 = B_SPLINE_SURFACE_WITH_KNOTS('',7,1,(
    (#32,#33)
    ,(#34,#35)
    ,(#36,#37)
    ,(#38,#39)
    ,(#40,#41)
    ,(#42,#43)
    ,(#44,#45)
    ,(#46,#47
    )),.UNSPECIFIED.,.F.,.F.,.F.,(8,8),(2,2),(0.,22.600617549925),(0.,1.
    ),.PIECEWISE_BEZIER_KNOTS.);
#32 = CARTESIAN_POINT('',(24.573129469612,14.,38.579498925933));
#33 = CARTESIAN_POINT('',(22.521126041825,54.,42.462037550605));
#34 = CARTESIAN_POINT('',(27.801789119601,14.,38.579498925933));
#35 = CARTESIAN_POINT('',(26.030616014909,54.,44.316876909778));
#36 = CARTESIAN_POINT('',(31.030448769591,14.,38.579498925933));
#37 = CARTESIAN_POINT('',(29.840715679919,53.999999999999,45.60294008199
    ));
#38 = CARTESIAN_POINT('',(34.25910841958,14.,38.579498925933));
#39 = CARTESIAN_POINT('',(33.840808493589,54.000000000001,
    46.261771755844));
#40 = CARTESIAN_POINT('',(37.487768069569,14.,38.579498925933));
#41 = CARTESIAN_POINT('',(37.90606799556,53.999999999999,46.261771755842
    ));
#42 = CARTESIAN_POINT('',(40.716427719559,14.,38.579498925933));
#43 = CARTESIAN_POINT('',(41.90616080923,54.000000000001,45.602940081991
    ));
#44 = CARTESIAN_POINT('',(43.945087369548,14.,38.579498925933));
#45 = CARTESIAN_POINT('',(45.71626047424,54.,44.316876909778));
#46 = CARTESIAN_POINT('',(47.173747019537,14.,38.579498925933));
#47 = CARTESIAN_POINT('',(49.225750447324,54.,42.462037550605));
#48 = DEFINITIONAL_REPRESENTATION('',(#49),#53);
#49 = LINE('',#50,#51);
#50 = CARTESIAN_POINT('',(0.,0.));
#51 = VECTOR('',#52,1.);
#52 = DIRECTION('',(0.,1.));
#53 = ( GEOMETRIC_REPRESENTATION_CONTEXT(2) 
PARAMETRIC_REPRESENTATION_CONTEXT() REPRESENTATION_CONTEXT('2D SPACE',''
  ) );
#54 = PCURVE('',#55,#80);
#55 = B_SPLINE_SURFACE_WITH_KNOTS('',11,1,(
    (#56,#57)
    ,(#58,#59)
    ,(#60,#61)
    ,(#62,#63)
    ,(#64,#65)
    ,(#66,#67)
    ,(#68,#69)
    ,(#70,#71)
    ,(#72,#73)
    ,(#74,#75)
    ,(#76,#77)
    ,(#78,#79
    )),.UNSPECIFIED.,.F.,.F.,.F.,(12,12),(2,2),(0.,3.14159265359),(0.,1.
    ),.PIECEWISE_BEZIER_KNOTS.);
#56 = CARTESIAN_POINT('',(24.573129469612,14.,-4.182501074067));
#57 = CARTESIAN_POINT('',(22.521126041825,54.,-8.06503969874));
#58 = CARTESIAN_POINT('',(18.46673014903,13.999999999999,-4.182501074068
    ));
#59 = CARTESIAN_POINT('',(17.539188084065,54.,-5.431980570523));
#60 = CARTESIAN_POINT('',(12.360331305818,14.000000000002,
    -2.264119110105));
#61 = CARTESIAN_POINT('',(13.128407929012,54.000000000001,
    -1.718246493667));
#62 = CARTESIAN_POINT('',(6.923569922064,13.999999999996,1.572644366601)
  );
#63 = CARTESIAN_POINT('',(9.549262133707,53.999999999999,2.938502265728)
  );
#64 = CARTESIAN_POINT('',(2.826109960362,14.000000000005,7.064824372015)
  );
#65 = CARTESIAN_POINT('',(7.024855587553,54.,8.329975998459));
#66 = CARTESIAN_POINT('',(0.619501897223,13.999999999995,13.686474672907
    ));
#67 = CARTESIAN_POINT('',(5.719167944104,54.000000000001,14.188840096118
    ));
#68 = CARTESIAN_POINT('',(0.619501897235,14.000000000003,20.710523178957
    ));
#69 = CARTESIAN_POINT('',(5.719167944104,53.999999999999,20.208157755747
    ));
#70 = CARTESIAN_POINT('',(2.826109960353,13.999999999998,27.332173479852
    ));
#71 = CARTESIAN_POINT('',(7.024855587553,54.,26.067021853407));
#72 = CARTESIAN_POINT('',(6.92356992207,14.000000000001,32.824353485263)
  );
#73 = CARTESIAN_POINT('',(9.549262133707,54.000000000001,31.458495586137
    ));
#74 = CARTESIAN_POINT('',(12.360331305816,14.,36.661116961971));
#75 = CARTESIAN_POINT('',(13.128407929011,53.999999999999,
    36.115244345532));
#76 = CARTESIAN_POINT('',(18.46673014903,14.,38.579498925933));
#77 = CARTESIAN_POINT('',(17.539188084065,54.,39.828978422388));
#78 = CARTESIAN_POINT('',(24.573129469612,14.,38.579498925933));
#79 = CARTESIAN_POINT('',(22.521126041825,54.,42.462037550605));
#80 = DEFINITIONAL_REPRESENTATION('',(#81),#85);
#81 = LINE('',#82,#83);
#82 = CARTESIAN_POINT('',(3.14159265359,0.));
#83 = VECTOR('',#84,1.);
#84 = DIRECTION('',(0.,1.));
#85 = ( GEOMETRIC_REPRESENTATION_CONTEXT(2) 
PARAMETRIC_REPRESENTATION_CONTEXT() REPRESENTATION_CONTEXT('2D SPACE',''
  ) );
#86 = ORIENTED_EDGE('',*,*,#87,.T.);
#87 = EDGE_CURVE('',#22,#88,#90,.T.);
#88 = VERTEX_POINT('',#89);
#89 = CARTESIAN_POINT('',(47.173747019537,14.,38.579498925933));
#90 = SURFACE_CURVE('',#91,(#95,#102),.PCURVE_S1.);
#91 = LINE('',#92,#93);
#92 = CARTESIAN_POINT('',(24.573129469612,14.,38.579498925933));
#93 = VECTOR('',#94,1.);
#94 = DIRECTION('',(1.,0.,0.));
#95 = PCURVE('',#31,#96);
#96 = DEFINITIONAL_REPRESENTATION('',(#97),#101);
#97 = LINE('',#98,#99);
#98 = CARTESIAN_POINT('',(0.,0.));
#99 = VECTOR('',#100,1.);
#100 = DIRECTION('',(1.,0.));
#101 = ( GEOMETRIC_REPRESENTATION_CONTEXT(2) 
PARAMETRIC_REPRESENTATION_CONTEXT() REPRESENTATION_CONTEXT('2D SPACE',''
  ) );
#102 = PCURVE('',#103,#108);
#103 = PLANE('',#104);
#104 = AXIS2_PLACEMENT_3D('',#105,#106,#107);
#105 = CARTESIAN_POINT('',(47.173747019537,14.,17.198498925933));
#106 = DIRECTION('',(0.,1.,0.));
#107 = DIRECTION('',(0.,0.,1.));
#108 = DEFINITIONAL_REPRESENTATION('',(#109),#113);
#109 = LINE('',#110,#111);
#110 = CARTESIAN_POINT('',(21.381,-22.60061754992));
#111 = VECTOR('',#112,1.);
#112 = DIRECTION('',(0.,1.));
#113 = ( GEOMETRIC_REPRESENTATION_CONTEXT(2) 
PARAMETRIC_REPRESENTATION_CONTEXT() REPRESENTATION_CONTEXT('2D SPACE',''
  ) );
#114 = ORIENTED_EDGE('',*,*,#115,.T.);
#115 = EDGE_CURVE('',#88,#116,#118,.T.);
#116 = VERTEX_POINT('',#117);
#117 = CARTESIAN_POINT('',(49.225750447324,54.,42.462037550605));
#118 = SURFACE_CURVE('',#119,(#122,#129),.PCURVE_S1.);
#119 = B_SPLINE_CURVE_WITH_KNOTS('',1,(#120,#121),.UNSPECIFIED.,.F.,.F.,
  (2,2),(0.,1.),.PIECEWISE_BEZIER_KNOTS.);
#120 = CARTESIAN_POINT('',(47.173747019537,14.,38.579498925933));
#121 = CARTESIAN_POINT('',(49.225750447324,54.,42.462037550605));
#122 = PCURVE('',#31,#123);
#123 = DEFINITIONAL_REPRESENTATION('',(#124),#128);
#124 = LINE('',#125,#126);
#125 = CARTESIAN_POINT('',(22.600617549925,0.));
#126 = VECTOR('',#127,1.);
#127 = DIRECTION('',(0.,1.));
#128 = ( GEOMETRIC_REPRESENTATION_CONTEXT(2) 
PARAMETRIC_REPRESENTATION_CONTEXT() REPRESENTATION_CONTEXT('2D SPACE',''
  ) );
#129 = PCURVE('',#130,#149);
#130 = B_SPLINE_SURFACE_WITH_KNOTS('',8,1,(
    (#131,#132)
    ,(#133,#134)
    ,(#135,#136)
    ,(#137,#138)
    ,(#139,#140)
    ,(#141,#142)
    ,(#143,#144)
    ,(#145,#146)
    ,(#147,#148
    )),.UNSPECIFIED.,.F.,.F.,.F.,(9,9),(2,2),(0.,1.570796326795),(0.,1.)
  ,.PIECEWISE_BEZIER_KNOTS.);
#131 = CARTESIAN_POINT('',(47.173747019537,14.,38.579498925933));
#132 = CARTESIAN_POINT('',(49.225750447324,54.,42.462037550605));
#133 = CARTESIAN_POINT('',(51.371896552437,14.,38.579498925933));
#134 = CARTESIAN_POINT('',(52.650832793284,53.999999999999,
    40.651809399956));
#135 = CARTESIAN_POINT('',(55.570047406801,14.,37.637435197153));
#136 = CARTESIAN_POINT('',(55.795435057978,54.000000000002,
    38.310892527257));
#137 = CARTESIAN_POINT('',(59.521557482855,14.,35.75331699233));
#138 = CARTESIAN_POINT('',(58.563626656205,53.999999999997,
    35.489988631139));
#139 = CARTESIAN_POINT('',(62.979838476867,14.,33.004590383263));
#140 = CARTESIAN_POINT('',(60.870476940802,54.000000000004,
    32.260605687052));
#141 = CARTESIAN_POINT('',(65.728565085934,14.,29.54630938925));
#142 = CARTESIAN_POINT('',(62.647689732994,53.999999999997,
    28.712086682399));
#143 = CARTESIAN_POINT('',(67.612683290758,14.,25.594799313196));
#144 = CARTESIAN_POINT('',(63.848188633414,54.000000000001,
    24.946560702443));
#145 = CARTESIAN_POINT('',(68.554747019537,14.,21.396648458833));
#146 = CARTESIAN_POINT('',(64.448438244574,54.,21.072529776869));
#147 = CARTESIAN_POINT('',(68.554747019537,14.,17.198498925933));
#148 = CARTESIAN_POINT('',(64.448438244575,54.,17.198498925933));
#149 = DEFINITIONAL_REPRESENTATION('',(#150),#154);
#150 = LINE('',#151,#152);
#151 = CARTESIAN_POINT('',(0.,0.));
#152 = VECTOR('',#153,1.);
#153 = DIRECTION('',(0.,1.));
#154 = ( GEOMETRIC_REPRESENTATION_CONTEXT(2) 
PARAMETRIC_REPRESENTATION_CONTEXT() REPRESENTATION_CONTEXT('2D SPACE',''
  ) );
#155 = ORIENTED_EDGE('',*,*,#156,.T.);
#156 = EDGE_CURVE('',#116,#157,#159,.T.);
#157 = VERTEX_POINT('',#158);
#158 = CARTESIAN_POINT('',(39.852825511179,54.,45.495055288543));
#159 = SURFACE_CURVE('',#160,(#165,#171),.PCURVE_S1.);
#160 = CIRCLE('',#161,28.575);
#161 = AXIS2_PLACEMENT_3D('',#162,#163,#164);
#162 = CARTESIAN_POINT('',(35.873438244575,54.,17.198498925933));
#163 = DIRECTION('',(0.,-1.,0.));
#164 = DIRECTION('',(1.,0.,0.));
#165 = PCURVE('',#31,#166);
#166 = DEFINITIONAL_REPRESENTATION('',(#167),#170);
#167 = B_SPLINE_CURVE_WITH_KNOTS('',1,(#168,#169),.UNSPECIFIED.,.F.,.F.,
  (2,2),(1.084593064129,2.05699958946),.PIECEWISE_BEZIER_KNOTS.);
#168 = CARTESIAN_POINT('',(22.600617549925,1.));
#169 = CARTESIAN_POINT('',(0.,1.));
#170 = ( GEOMETRIC_REPRESENTATION_CONTEXT(2) 
PARAMETRIC_REPRESENTATION_CONTEXT() REPRESENTATION_CONTEXT('2D SPACE',''
  ) );
#171 = PCURVE('',#172,#177);
#172 = CYLINDRICAL_SURFACE('',#173,28.575);
#173 = AXIS2_PLACEMENT_3D('',#174,#175,#176);
#174 = CARTESIAN_POINT('',(35.873438244575,54.,17.198498925933));
#175 = DIRECTION('',(0.,-1.,0.));
#176 = DIRECTION('',(1.,0.,0.));
#177 = DEFINITIONAL_REPRESENTATION('',(#178),#181);
#178 = B_SPLINE_CURVE_WITH_KNOTS('',1,(#179,#180),.UNSPECIFIED.,.F.,.F.,
  (2,2),(1.084593064129,2.05699958946),.PIECEWISE_BEZIER_KNOTS.);
#179 = CARTESIAN_POINT('',(1.084593064129,0.));
#180 = CARTESIAN_POINT('',(2.05699958946,0.));
#181 = ( GEOMETRIC_REPRESENTATION_CONTEXT(2) 
PARAMETRIC_REPRESENTATION_CONTEXT() REPRESENTATION_CONTEXT('2D SPACE',''
  ) );
#182 = ORIENTED_EDGE('',*,*,#183,.T.);
#183 = EDGE_CURVE('',#157,#184,#186,.T.);
#184 = VERTEX_POINT('',#185);
#185 = CARTESIAN_POINT('',(35.873438244575,51.095094873533,
    45.251051707576));
#186 = SURFACE_CURVE('',#187,(#211,#238),.PCURVE_S1.);
#187 = B_SPLINE_CURVE_WITH_KNOTS('',8,(#188,#189,#190,#191,#192,#193,
    #194,#195,#196,#197,#198,#199,#200,#201,#202,#203,#204,#205,#206,
    #207,#208,#209,#210),.UNSPECIFIED.,.F.,.F.,(9,7,7,9),(0.,
    0.593722945024,0.751989319909,1.),.UNSPECIFIED.);
#188 = CARTESIAN_POINT('',(39.852825480798,54.,45.495055312784));
#189 = CARTESIAN_POINT('',(39.656110455422,53.678281020563,
    45.46626988295));
#190 = CARTESIAN_POINT('',(39.447073874277,53.364271201602,
    45.438664802396));
#191 = CARTESIAN_POINT('',(39.224087622474,53.058532384953,
    45.412231128572));
#192 = CARTESIAN_POINT('',(38.985534044627,52.762775642981,
    45.387061673507));
#193 = CARTESIAN_POINT('',(38.729872182935,52.479800194346,
    45.363332077222));
#194 = CARTESIAN_POINT('',(38.455566921078,52.213578948786,
    45.341299683019));
#195 = CARTESIAN_POINT('',(38.161200982969,51.969148361664,
    45.321294203577));
#196 = CARTESIAN_POINT('',(37.760611158455,51.695530714759,
    45.299092950137));
#197 = CARTESIAN_POINT('',(37.674801512512,51.640001432918,
    45.294599572071));
#198 = CARTESIAN_POINT('',(37.587483887904,51.586665265457,
    45.290294738415));
#199 = CARTESIAN_POINT('',(37.498660943307,51.535670454733,
    45.286188757556));
#200 = CARTESIAN_POINT('',(37.408347641292,51.487174539249,
    45.28229265301));
#201 = CARTESIAN_POINT('',(37.316572986649,51.441341250342,
    45.278617937049));
#202 = CARTESIAN_POINT('',(37.223381764713,51.398337408861,
    45.275176384336));
#203 = CARTESIAN_POINT('',(36.980679161307,51.295636095076,
    45.266970619745));
#204 = CARTESIAN_POINT('',(36.829124134799,51.240268815512,
    45.262560502931));
#205 = CARTESIAN_POINT('',(36.674503542674,51.192921698828,
    45.258799131307));
#206 = CARTESIAN_POINT('',(36.517233939855,51.154239865655,
    45.255732462556));
#207 = CARTESIAN_POINT('',(36.35782365975,51.124784776698,
    45.253400559206));
#208 = CARTESIAN_POINT('',(36.196882901402,51.104988151885,
    45.251834404042));
#209 = CARTESIAN_POINT('',(36.035136337685,51.095094873533,
    45.251051707576));
#210 = CARTESIAN_POINT('',(35.873438244575,51.095094873533,
    45.251051707576));
#211 = PCURVE('',#31,#212);
#212 = DEFINITIONAL_REPRESENTATION('',(#213),#237);
#213 = B_SPLINE_CURVE_WITH_KNOTS('',8,(#214,#215,#216,#217,#218,#219,
    #220,#221,#222,#223,#224,#225,#226,#227,#228,#229,#230,#231,#232,
    #233,#234,#235,#236),.UNSPECIFIED.,.F.,.F.,(9,7,7,9),(0.,
    0.593722945024,0.751989319909,1.),.UNSPECIFIED.);
#214 = CARTESIAN_POINT('',(14.547562741133,1.));
#215 = CARTESIAN_POINT('',(14.39082357512,0.991957025514));
#216 = CARTESIAN_POINT('',(14.223503126607,0.98410678004));
#217 = CARTESIAN_POINT('',(14.044240208581,0.976463309624));
#218 = CARTESIAN_POINT('',(13.851663972298,0.969069391075));
#219 = CARTESIAN_POINT('',(13.644456907418,0.961995004859));
#220 = CARTESIAN_POINT('',(13.421308530034,0.95533947372));
#221 = CARTESIAN_POINT('',(13.181023642205,0.949228709042));
#222 = CARTESIAN_POINT('',(12.853067398227,0.942388267869));
#223 = CARTESIAN_POINT('',(12.782766184865,0.941000035823));
#224 = CARTESIAN_POINT('',(12.711180353211,0.939666631636));
#225 = CARTESIAN_POINT('',(12.638312589969,0.938391761368));
#226 = CARTESIAN_POINT('',(12.564176019281,0.937179363481));
#227 = CARTESIAN_POINT('',(12.488795698766,0.936033531259));
#228 = CARTESIAN_POINT('',(12.412210115552,0.934958435222));
#229 = CARTESIAN_POINT('',(12.212654553233,0.932390902377));
#230 = CARTESIAN_POINT('',(12.087948414832,0.931006720388));
#231 = CARTESIAN_POINT('',(11.960635762135,0.929823042471));
#232 = CARTESIAN_POINT('',(11.831070667536,0.928855996641));
#233 = CARTESIAN_POINT('',(11.699686241299,0.928119619417));
#234 = CARTESIAN_POINT('',(11.567002501376,0.927624703797));
#235 = CARTESIAN_POINT('',(11.433635652561,0.927377371838));
#236 = CARTESIAN_POINT('',(11.300308774962,0.927377371838));
#237 = ( GEOMETRIC_REPRESENTATION_CONTEXT(2) 
PARAMETRIC_REPRESENTATION_CONTEXT() REPRESENTATION_CONTEXT('2D SPACE',''
  ) );
#238 = PCURVE('',#239,#244);
#239 = CYLINDRICAL_SURFACE('',#240,7.);
#240 = AXIS2_PLACEMENT_3D('',#241,#242,#243);
#241 = CARTESIAN_POINT('',(35.873438244575,39.153212482682,
    30.273498925933));
#242 = DIRECTION('',(0.,0.866025403784,0.5));
#243 = DIRECTION('',(0.,-0.5,0.866025403784));
#244 = DEFINITIONAL_REPRESENTATION('',(#245),#269);
#245 = B_SPLINE_CURVE_WITH_KNOTS('',8,(#246,#247,#248,#249,#250,#251,
    #252,#253,#254,#255,#256,#257,#258,#259,#260,#261,#262,#263,#264,
    #265,#266,#267,#268),.UNSPECIFIED.,.F.,.F.,(9,7,7,9),(0.,
    0.593722945024,0.751989319909,1.),.UNSPECIFIED.);
#246 = CARTESIAN_POINT('',(0.604661821103,20.468473348013));
#247 = CARTESIAN_POINT('',(0.570503150898,20.175463824024));
#248 = CARTESIAN_POINT('',(0.535126357403,19.889720803489));
#249 = CARTESIAN_POINT('',(0.498302956771,19.611726384435));
#250 = CARTESIAN_POINT('',(0.459826286227,19.343008805016));
#251 = CARTESIAN_POINT('',(0.419509632255,19.086080079707));
#252 = CARTESIAN_POINT('',(0.377162492654,18.844509520923));
#253 = CARTESIAN_POINT('',(0.33259229555,18.622823683293));
#254 = CARTESIAN_POINT('',(0.272950896404,18.37476322343));
#255 = CARTESIAN_POINT('',(0.260228068994,18.324426765668));
#256 = CARTESIAN_POINT('',(0.247333085241,18.276083872879));
#257 = CARTESIAN_POINT('',(0.234265562064,18.229868080901));
#258 = CARTESIAN_POINT('',(0.221026595118,18.185921333839));
#259 = CARTESIAN_POINT('',(0.207618948459,18.144391183326));
#260 = CARTESIAN_POINT('',(0.194047244213,18.105427987786));
#261 = CARTESIAN_POINT('',(0.158804034441,18.012383158751));
#262 = CARTESIAN_POINT('',(0.136892939434,17.962228629703));
#263 = CARTESIAN_POINT('',(0.114624153198,17.919344138047));
#264 = CARTESIAN_POINT('',(9.204599153943E-02,17.884311353478));
#265 = CARTESIAN_POINT('',(6.921670806183E-02,17.857636546496));
#266 = CARTESIAN_POINT('',(4.620637366421E-02,17.839709088917));
#267 = CARTESIAN_POINT('',(2.309972758719E-02,17.830749910305));
#268 = CARTESIAN_POINT('',(0.,17.830749910305));
#269 = ( GEOMETRIC_REPRESENTATION_CONTEXT(2) 
PARAMETRIC_REPRESENTATION_CONTEXT() REPRESENTATION_CONTEXT('2D SPACE',''
  ) );
#270 = ORIENTED_EDGE('',*,*,#271,.T.);
#271 = EDGE_CURVE('',#184,#272,#274,.T.);
#272 = VERTEX_POINT('',#273);
#273 = CARTESIAN_POINT('',(31.89405097797,54.,45.495055288543));
#274 = SURFACE_CURVE('',#275,(#299,#326),.PCURVE_S1.);
#275 = B_SPLINE_CURVE_WITH_KNOTS('',8,(#276,#277,#278,#279,#280,#281,
    #282,#283,#284,#285,#286,#287,#288,#289,#290,#291,#292,#293,#294,
    #295,#296,#297,#298),.UNSPECIFIED.,.F.,.F.,(9,7,7,9),(0.,
    0.250197111911,0.40874188443,1.),.UNSPECIFIED.);
#276 = CARTESIAN_POINT('',(35.873438244575,51.095094873533,
    45.251051707576));
#277 = CARTESIAN_POINT('',(35.710315891409,51.095094873533,
    45.251051707576));
#278 = CARTESIAN_POINT('',(35.547143775569,51.105163207231,
    45.251848253688));
#279 = CARTESIAN_POINT('',(35.38479987012,51.125310285947,
    45.253442133155));
#280 = CARTESIAN_POINT('',(35.22402720655,51.155282189919,
    45.255814981536));
#281 = CARTESIAN_POINT('',(35.065449838231,51.1946321596,45.258934738355
    ));
#282 = CARTESIAN_POINT('',(34.909586120865,51.242780400942,
    45.262760037426));
#283 = CARTESIAN_POINT('',(34.756859309881,51.29906220463,
    45.267243531842));
#284 = CARTESIAN_POINT('',(34.513026384173,51.403131139389,
    45.27555997615));
#285 = CARTESIAN_POINT('',(34.419811716609,51.446490679361,
    45.279030639953));
#286 = CARTESIAN_POINT('',(34.328022656506,51.492675301381,
    45.282734274684));
#287 = CARTESIAN_POINT('',(34.23770295182,51.541517541545,
    45.286659063895));
#288 = CARTESIAN_POINT('',(34.148880648195,51.592853244615,
    45.290793469434));
#289 = CARTESIAN_POINT('',(34.061569823063,51.646524638768,
    45.295126455823));
#290 = CARTESIAN_POINT('',(33.975772319745,51.702383410329,
    45.299647714644));
#291 = CARTESIAN_POINT('',(33.577127744367,51.976257853679,
    45.321876162696));
#292 = CARTESIAN_POINT('',(33.284483118325,52.220214332964,
    45.341848904716));
#293 = CARTESIAN_POINT('',(33.011706058938,52.485671394612,
    45.363824497855));
#294 = CARTESIAN_POINT('',(32.757390029847,52.767679308562,
    45.387479039149));
#295 = CARTESIAN_POINT('',(32.520017704134,53.062332838555,
    45.412559727684));
#296 = CARTESIAN_POINT('',(32.298068148662,53.366876351344,
    45.438893819194));
#297 = CARTESIAN_POINT('',(32.089947123239,53.679620313513,
    45.466389714622));
#298 = CARTESIAN_POINT('',(31.894051008351,54.,45.495055312784));
#299 = PCURVE('',#31,#300);
#300 = DEFINITIONAL_REPRESENTATION('',(#301),#325);
#301 = B_SPLINE_CURVE_WITH_KNOTS('',8,(#302,#303,#304,#305,#306,#307,
    #308,#309,#310,#311,#312,#313,#314,#315,#316,#317,#318,#319,#320,
    #321,#322,#323,#324),.UNSPECIFIED.,.F.,.F.,(9,7,7,9),(0.,
    0.250197111911,0.40874188443,1.),.UNSPECIFIED.);
#302 = CARTESIAN_POINT('',(11.300308774962,0.927377371838));
#303 = CARTESIAN_POINT('',(11.165807535054,0.927377371838));
#304 = CARTESIAN_POINT('',(11.031265258141,0.927629080181));
#305 = CARTESIAN_POINT('',(10.897425063214,0.928132757149));
#306 = CARTESIAN_POINT('',(10.764918789269,0.928882054748));
#307 = CARTESIAN_POINT('',(10.634278293645,0.92986580399));
#308 = CARTESIAN_POINT('',(10.505945243496,0.931069510024));
#309 = CARTESIAN_POINT('',(10.380279400395,0.932476555116));
#310 = CARTESIAN_POINT('',(10.179804054479,0.935078278485));
#311 = CARTESIAN_POINT('',(10.103203228027,0.936162266984));
#312 = CARTESIAN_POINT('',(10.027815386642,0.937316882535));
#313 = CARTESIAN_POINT('',(9.953678140092,0.938537938539));
#314 = CARTESIAN_POINT('',(9.88081573334,0.939821331115));
#315 = CARTESIAN_POINT('',(9.809240539891,0.941163115969));
#316 = CARTESIAN_POINT('',(9.738954555149,0.942559585258));
#317 = CARTESIAN_POINT('',(9.412616784643,0.949406446342));
#318 = CARTESIAN_POINT('',(9.173755892098,0.955505358324));
#319 = CARTESIAN_POINT('',(8.951866722282,0.962141784865));
#320 = CARTESIAN_POINT('',(8.745763018724,0.969191982714));
#321 = CARTESIAN_POINT('',(8.554149574067,0.976558320964));
#322 = CARTESIAN_POINT('',(8.375726085196,0.984171908784));
#323 = CARTESIAN_POINT('',(8.209141480941,0.991990507838));
#324 = CARTESIAN_POINT('',(8.053054808792,1.));
#325 = ( GEOMETRIC_REPRESENTATION_CONTEXT(2) 
PARAMETRIC_REPRESENTATION_CONTEXT() REPRESENTATION_CONTEXT('2D SPACE',''
  ) );
#326 = PCURVE('',#239,#327);
#327 = DEFINITIONAL_REPRESENTATION('',(#328),#352);
#328 = B_SPLINE_CURVE_WITH_KNOTS('',8,(#329,#330,#331,#332,#333,#334,
    #335,#336,#337,#338,#339,#340,#341,#342,#343,#344,#345,#346,#347,
    #348,#349,#350,#351),.UNSPECIFIED.,.F.,.F.,(9,7,7,9),(0.,
    0.250197111911,0.40874188443,1.),.UNSPECIFIED.);
#329 = CARTESIAN_POINT('',(6.28318530718,17.830749910305));
#330 = CARTESIAN_POINT('',(6.25988211387,17.830749910305));
#331 = CARTESIAN_POINT('',(6.236571817935,17.839867616116));
#332 = CARTESIAN_POINT('',(6.2133605321,17.858112437831));
#333 = CARTESIAN_POINT('',(6.190335118858,17.88525529226));
#334 = CARTESIAN_POINT('',(6.167567204571,17.920893244052));
#335 = CARTESIAN_POINT('',(6.145116166012,17.964503493737));
#336 = CARTESIAN_POINT('',(6.123031089341,18.015486712709));
#337 = CARTESIAN_POINT('',(6.087613918597,18.10977127611));
#338 = CARTESIAN_POINT('',(6.074034666103,18.149057071123));
#339 = CARTESIAN_POINT('',(6.060620472558,18.190905944422));
#340 = CARTESIAN_POINT('',(6.047375831172,18.235166959787));
#341 = CARTESIAN_POINT('',(6.034303388146,18.281692185537));
#342 = CARTESIAN_POINT('',(6.021404130973,18.330339469524));
#343 = CARTESIAN_POINT('',(6.00867757674,18.38097521413));
#344 = CARTESIAN_POINT('',(5.949298530531,18.629271663545));
#345 = CARTESIAN_POINT('',(5.904968715543,18.850530543034));
#346 = CARTESIAN_POINT('',(5.862839980823,19.091410898605));
#347 = CARTESIAN_POINT('',(5.822721423495,19.3474641868));
#348 = CARTESIAN_POINT('',(5.784424699214,19.615181973356));
#349 = CARTESIAN_POINT('',(5.747765423633,19.892091437745));
#350 = CARTESIAN_POINT('',(5.712539956197,20.176683601578));
#351 = CARTESIAN_POINT('',(5.678523486076,20.468473348013));
#352 = ( GEOMETRIC_REPRESENTATION_CONTEXT(2) 
PARAMETRIC_REPRESENTATION_CONTEXT() REPRESENTATION_CONTEXT('2D SPACE',''
  ) );
#353 = ORIENTED_EDGE('',*,*,#354,.T.);
#354 = EDGE_CURVE('',#272,#24,#355,.T.);
#355 = SURFACE_CURVE('',#356,(#361,#367),.PCURVE_S1.);
#356 = CIRCLE('',#357,28.575);
#357 = AXIS2_PLACEMENT_3D('',#358,#359,#360);
#358 = CARTESIAN_POINT('',(35.873438244575,54.,17.198498925933));
#359 = DIRECTION('',(0.,-1.,0.));
#360 = DIRECTION('',(1.,0.,0.));
#361 = PCURVE('',#31,#362);
#362 = DEFINITIONAL_REPRESENTATION('',(#363),#366);
#363 = B_SPLINE_CURVE_WITH_KNOTS('',1,(#364,#365),.UNSPECIFIED.,.F.,.F.,
  (2,2),(1.084593064129,2.05699958946),.PIECEWISE_BEZIER_KNOTS.);
#364 = CARTESIAN_POINT('',(22.600617549925,1.));
#365 = CARTESIAN_POINT('',(0.,1.));
#366 = ( GEOMETRIC_REPRESENTATION_CONTEXT(2) 
PARAMETRIC_REPRESENTATION_CONTEXT() REPRESENTATION_CONTEXT('2D SPACE',''
  ) );
#367 = PCURVE('',#172,#368);
#368 = DEFINITIONAL_REPRESENTATION('',(#369),#372);
#369 = B_SPLINE_CURVE_WITH_KNOTS('',1,(#370,#371),.UNSPECIFIED.,.F.,.F.,
  (2,2),(1.084593064129,2.05699958946),.PIECEWISE_BEZIER_KNOTS.);
#370 = CARTESIAN_POINT('',(1.084593064129,0.));
#371 = CARTESIAN_POINT('',(2.05699958946,0.));
#372 = ( GEOMETRIC_REPRESENTATION_CONTEXT(2) 
PARAMETRIC_REPRESENTATION_CONTEXT() REPRESENTATION_CONTEXT('2D SPACE',''
  ) );
#373 = ADVANCED_FACE('',(#374),#55,.T.);
#374 = FACE_BOUND('',#375,.T.);
#375 = EDGE_LOOP('',(#376,#400,#401,#423));
#376 = ORIENTED_EDGE('',*,*,#377,.T.);
#377 = EDGE_CURVE('',#378,#22,#380,.T.);
#378 = VERTEX_POINT('',#379);
#379 = CARTESIAN_POINT('',(24.573129469612,14.,-4.182501074067));
#380 = SURFACE_CURVE('',#381,(#386,#393),.PCURVE_S1.);
#381 = CIRCLE('',#382,21.381);
#382 = AXIS2_PLACEMENT_3D('',#383,#384,#385);
#383 = CARTESIAN_POINT('',(24.573129469612,14.,17.198498925933));
#384 = DIRECTION('',(0.,1.,0.));
#385 = DIRECTION('',(0.,0.,-1.));
#386 = PCURVE('',#55,#387);
#387 = DEFINITIONAL_REPRESENTATION('',(#388),#392);
#388 = LINE('',#389,#390);
#389 = CARTESIAN_POINT('',(0.,0.));
#390 = VECTOR('',#391,1.);
#391 = DIRECTION('',(1.,0.));
#392 = ( GEOMETRIC_REPRESENTATION_CONTEXT(2) 
PARAMETRIC_REPRESENTATION_CONTEXT() REPRESENTATION_CONTEXT('2D SPACE',''
  ) );
#393 = PCURVE('',#103,#394);
#394 = DEFINITIONAL_REPRESENTATION('',(#395),#399);
#395 = CIRCLE('',#396,21.381);
#396 = AXIS2_PLACEMENT_2D('',#397,#398);
#397 = CARTESIAN_POINT('',(0.,-22.60061754992));
#398 = DIRECTION('',(-1.,0.));
#399 = ( GEOMETRIC_REPRESENTATION_CONTEXT(2) 
PARAMETRIC_REPRESENTATION_CONTEXT() REPRESENTATION_CONTEXT('2D SPACE',''
  ) );
#400 = ORIENTED_EDGE('',*,*,#21,.T.);
#401 = ORIENTED_EDGE('',*,*,#402,.T.);
#402 = EDGE_CURVE('',#24,#403,#405,.T.);
#403 = VERTEX_POINT('',#404);
#404 = CARTESIAN_POINT('',(22.521126041825,54.,-8.06503969874));
#405 = SURFACE_CURVE('',#406,(#411,#417),.PCURVE_S1.);
#406 = CIRCLE('',#407,28.575);
#407 = AXIS2_PLACEMENT_3D('',#408,#409,#410);
#408 = CARTESIAN_POINT('',(35.873438244575,54.,17.198498925933));
#409 = DIRECTION('',(0.,-1.,0.));
#410 = DIRECTION('',(1.,0.,0.));
#411 = PCURVE('',#55,#412);
#412 = DEFINITIONAL_REPRESENTATION('',(#413),#416);
#413 = B_SPLINE_CURVE_WITH_KNOTS('',1,(#414,#415),.UNSPECIFIED.,.F.,.F.,
  (2,2),(2.05699958946,4.226185717719),.PIECEWISE_BEZIER_KNOTS.);
#414 = CARTESIAN_POINT('',(3.14159265359,1.));
#415 = CARTESIAN_POINT('',(0.,1.));
#416 = ( GEOMETRIC_REPRESENTATION_CONTEXT(2) 
PARAMETRIC_REPRESENTATION_CONTEXT() REPRESENTATION_CONTEXT('2D SPACE',''
  ) );
#417 = PCURVE('',#172,#418);
#418 = DEFINITIONAL_REPRESENTATION('',(#419),#422);
#419 = B_SPLINE_CURVE_WITH_KNOTS('',1,(#420,#421),.UNSPECIFIED.,.F.,.F.,
  (2,2),(2.05699958946,4.226185717719),.PIECEWISE_BEZIER_KNOTS.);
#420 = CARTESIAN_POINT('',(2.05699958946,0.));
#421 = CARTESIAN_POINT('',(4.226185717719,0.));
#422 = ( GEOMETRIC_REPRESENTATION_CONTEXT(2) 
PARAMETRIC_REPRESENTATION_CONTEXT() REPRESENTATION_CONTEXT('2D SPACE',''
  ) );
#423 = ORIENTED_EDGE('',*,*,#424,.F.);
#424 = EDGE_CURVE('',#378,#403,#425,.T.);
#425 = SURFACE_CURVE('',#426,(#429,#436),.PCURVE_S1.);
#426 = B_SPLINE_CURVE_WITH_KNOTS('',1,(#427,#428),.UNSPECIFIED.,.F.,.F.,
  (2,2),(0.,1.),.PIECEWISE_BEZIER_KNOTS.);
#427 = CARTESIAN_POINT('',(24.573129469612,14.,-4.182501074067));
#428 = CARTESIAN_POINT('',(22.521126041825,54.,-8.06503969874));
#429 = PCURVE('',#55,#430);
#430 = DEFINITIONAL_REPRESENTATION('',(#431),#435);
#431 = LINE('',#432,#433);
#432 = CARTESIAN_POINT('',(0.,0.));
#433 = VECTOR('',#434,1.);
#434 = DIRECTION('',(0.,1.));
#435 = ( GEOMETRIC_REPRESENTATION_CONTEXT(2) 
PARAMETRIC_REPRESENTATION_CONTEXT() REPRESENTATION_CONTEXT('2D SPACE',''
  ) );
#436 = PCURVE('',#437,#454);
#437 = B_SPLINE_SURFACE_WITH_KNOTS('',7,1,(
    (#438,#439)
    ,(#440,#441)
    ,(#442,#443)
    ,(#444,#445)
    ,(#446,#447)
    ,(#448,#449)
    ,(#450,#451)
    ,(#452,#453
    )),.UNSPECIFIED.,.F.,.F.,.F.,(8,8),(2,2),(0.,22.600617549925),(0.,1.
    ),.PIECEWISE_BEZIER_KNOTS.);
#438 = CARTESIAN_POINT('',(47.173747019537,14.,-4.182501074067));
#439 = CARTESIAN_POINT('',(49.225750447324,54.,-8.06503969874));
#440 = CARTESIAN_POINT('',(43.945087369548,14.,-4.182501074067));
#441 = CARTESIAN_POINT('',(45.71626047424,54.,-9.919879057913));
#442 = CARTESIAN_POINT('',(40.716427719559,14.,-4.182501074067));
#443 = CARTESIAN_POINT('',(41.906160809229,54.,-11.20594223012));
#444 = CARTESIAN_POINT('',(37.487768069569,14.,-4.182501074067));
#445 = CARTESIAN_POINT('',(37.906067995562,54.000000000001,
    -11.86477390397));
#446 = CARTESIAN_POINT('',(34.25910841958,14.,-4.182501074067));
#447 = CARTESIAN_POINT('',(33.840808493587,53.999999999999,
    -11.86477390397));
#448 = CARTESIAN_POINT('',(31.030448769591,14.,-4.182501074067));
#449 = CARTESIAN_POINT('',(29.84071567992,54.,-11.20594223012));
#450 = CARTESIAN_POINT('',(27.801789119601,14.,-4.182501074067));
#451 = CARTESIAN_POINT('',(26.030616014909,54.,-9.919879057913));
#452 = CARTESIAN_POINT('',(24.573129469612,14.,-4.182501074067));
#453 = CARTESIAN_POINT('',(22.521126041825,54.,-8.06503969874));
#454 = DEFINITIONAL_REPRESENTATION('',(#455),#459);
#455 = LINE('',#456,#457);
#456 = CARTESIAN_POINT('',(22.600617549925,0.));
#457 = VECTOR('',#458,1.);
#458 = DIRECTION('',(0.,1.));
#459 = ( GEOMETRIC_REPRESENTATION_CONTEXT(2) 
PARAMETRIC_REPRESENTATION_CONTEXT() REPRESENTATION_CONTEXT('2D SPACE',''
  ) );
#460 = ADVANCED_FACE('',(#461),#172,.T.);
#461 = FACE_BOUND('',#462,.T.);
#462 = EDGE_LOOP('',(#463,#488,#529,#549,#550,#551,#821,#822,#842,#843)
  );
#463 = ORIENTED_EDGE('',*,*,#464,.F.);
#464 = EDGE_CURVE('',#465,#467,#469,.T.);
#465 = VERTEX_POINT('',#466);
#466 = CARTESIAN_POINT('',(64.448438244575,54.,17.198498925933));
#467 = VERTEX_POINT('',#468);
#468 = CARTESIAN_POINT('',(64.448438244575,168.,17.198498925933));
#469 = SEAM_CURVE('',#470,(#474,#481),.PCURVE_S1.);
#470 = LINE('',#471,#472);
#471 = CARTESIAN_POINT('',(64.448438244575,54.,17.198498925933));
#472 = VECTOR('',#473,1.);
#473 = DIRECTION('',(-0.,1.,-0.));
#474 = PCURVE('',#172,#475);
#475 = DEFINITIONAL_REPRESENTATION('',(#476),#480);
#476 = LINE('',#477,#478);
#477 = CARTESIAN_POINT('',(6.28318530718,0.));
#478 = VECTOR('',#479,1.);
#479 = DIRECTION('',(0.,-1.));
#480 = ( GEOMETRIC_REPRESENTATION_CONTEXT(2) 
PARAMETRIC_REPRESENTATION_CONTEXT() REPRESENTATION_CONTEXT('2D SPACE',''
  ) );
#481 = PCURVE('',#172,#482);
#482 = DEFINITIONAL_REPRESENTATION('',(#483),#487);
#483 = LINE('',#484,#485);
#484 = CARTESIAN_POINT('',(0.,0.));
#485 = VECTOR('',#486,1.);
#486 = DIRECTION('',(0.,-1.));
#487 = ( GEOMETRIC_REPRESENTATION_CONTEXT(2) 
PARAMETRIC_REPRESENTATION_CONTEXT() REPRESENTATION_CONTEXT('2D SPACE',''
  ) );
#488 = ORIENTED_EDGE('',*,*,#489,.F.);
#489 = EDGE_CURVE('',#490,#465,#492,.T.);
#490 = VERTEX_POINT('',#491);
#491 = CARTESIAN_POINT('',(49.225750447324,54.,-8.06503969874));
#492 = SURFACE_CURVE('',#493,(#498,#504),.PCURVE_S1.);
#493 = CIRCLE('',#494,28.575);
#494 = AXIS2_PLACEMENT_3D('',#495,#496,#497);
#495 = CARTESIAN_POINT('',(35.873438244575,54.,17.198498925933));
#496 = DIRECTION('',(0.,-1.,0.));
#497 = DIRECTION('',(1.,0.,0.));
#498 = PCURVE('',#172,#499);
#499 = DEFINITIONAL_REPRESENTATION('',(#500),#503);
#500 = B_SPLINE_CURVE_WITH_KNOTS('',1,(#501,#502),.UNSPECIFIED.,.F.,.F.,
  (2,2),(5.19859224305,6.28318530718),.PIECEWISE_BEZIER_KNOTS.);
#501 = CARTESIAN_POINT('',(5.19859224305,0.));
#502 = CARTESIAN_POINT('',(6.28318530718,0.));
#503 = ( GEOMETRIC_REPRESENTATION_CONTEXT(2) 
PARAMETRIC_REPRESENTATION_CONTEXT() REPRESENTATION_CONTEXT('2D SPACE',''
  ) );
#504 = PCURVE('',#505,#524);
#505 = B_SPLINE_SURFACE_WITH_KNOTS('',8,1,(
    (#506,#507)
    ,(#508,#509)
    ,(#510,#511)
    ,(#512,#513)
    ,(#514,#515)
    ,(#516,#517)
    ,(#518,#519)
    ,(#520,#521)
    ,(#522,#523
    )),.UNSPECIFIED.,.F.,.F.,.F.,(9,9),(2,2),(1.570796326795,
    3.14159265359),(0.,1.),.PIECEWISE_BEZIER_KNOTS.);
#506 = CARTESIAN_POINT('',(68.554747019537,14.,17.198498925933));
#507 = CARTESIAN_POINT('',(64.448438244575,54.,17.198498925933));
#508 = CARTESIAN_POINT('',(68.554747019537,14.,13.000349393032));
#509 = CARTESIAN_POINT('',(64.448438244575,54.,13.324468074996));
#510 = CARTESIAN_POINT('',(67.612683290759,14.,8.802198538669));
#511 = CARTESIAN_POINT('',(63.848188633412,54.,9.450437149423));
#512 = CARTESIAN_POINT('',(65.728565085932,13.999999999999,
    4.850688462614));
#513 = CARTESIAN_POINT('',(62.647689732996,54.,5.684911169464));
#514 = CARTESIAN_POINT('',(62.979838476869,14.,1.392407468603));
#515 = CARTESIAN_POINT('',(60.870476940799,54.,2.136392164816));
#516 = CARTESIAN_POINT('',(59.521557482854,14.,-1.356319140465));
#517 = CARTESIAN_POINT('',(58.563626656208,54.,-1.092990779276));
#518 = CARTESIAN_POINT('',(55.570047406801,14.,-3.240437345288));
#519 = CARTESIAN_POINT('',(55.795435057976,54.,-3.913894675391));
#520 = CARTESIAN_POINT('',(51.371896552437,14.,-4.182501074067));
#521 = CARTESIAN_POINT('',(52.650832793284,54.,-6.254811548091));
#522 = CARTESIAN_POINT('',(47.173747019537,14.,-4.182501074067));
#523 = CARTESIAN_POINT('',(49.225750447324,54.,-8.06503969874));
#524 = DEFINITIONAL_REPRESENTATION('',(#525),#528);
#525 = B_SPLINE_CURVE_WITH_KNOTS('',1,(#526,#527),.UNSPECIFIED.,.F.,.F.,
  (2,2),(5.19859224305,6.28318530718),.PIECEWISE_BEZIER_KNOTS.);
#526 = CARTESIAN_POINT('',(3.14159265359,1.));
#527 = CARTESIAN_POINT('',(1.570796326795,1.));
#528 = ( GEOMETRIC_REPRESENTATION_CONTEXT(2) 
PARAMETRIC_REPRESENTATION_CONTEXT() REPRESENTATION_CONTEXT('2D SPACE',''
  ) );
#529 = ORIENTED_EDGE('',*,*,#530,.F.);
#530 = EDGE_CURVE('',#403,#490,#531,.T.);
#531 = SURFACE_CURVE('',#532,(#537,#543),.PCURVE_S1.);
#532 = CIRCLE('',#533,28.575);
#533 = AXIS2_PLACEMENT_3D('',#534,#535,#536);
#534 = CARTESIAN_POINT('',(35.873438244575,54.,17.198498925933));
#535 = DIRECTION('',(0.,-1.,0.));
#536 = DIRECTION('',(1.,0.,0.));
#537 = PCURVE('',#172,#538);
#538 = DEFINITIONAL_REPRESENTATION('',(#539),#542);
#539 = B_SPLINE_CURVE_WITH_KNOTS('',1,(#540,#541),.UNSPECIFIED.,.F.,.F.,
  (2,2),(4.226185717719,5.19859224305),.PIECEWISE_BEZIER_KNOTS.);
#540 = CARTESIAN_POINT('',(4.226185717719,0.));
#541 = CARTESIAN_POINT('',(5.19859224305,0.));
#542 = ( GEOMETRIC_REPRESENTATION_CONTEXT(2) 
PARAMETRIC_REPRESENTATION_CONTEXT() REPRESENTATION_CONTEXT('2D SPACE',''
  ) );
#543 = PCURVE('',#437,#544);
#544 = DEFINITIONAL_REPRESENTATION('',(#545),#548);
#545 = B_SPLINE_CURVE_WITH_KNOTS('',1,(#546,#547),.UNSPECIFIED.,.F.,.F.,
  (2,2),(4.226185717719,5.19859224305),.PIECEWISE_BEZIER_KNOTS.);
#546 = CARTESIAN_POINT('',(22.600617549925,1.));
#547 = CARTESIAN_POINT('',(0.,1.));
#548 = ( GEOMETRIC_REPRESENTATION_CONTEXT(2) 
PARAMETRIC_REPRESENTATION_CONTEXT() REPRESENTATION_CONTEXT('2D SPACE',''
  ) );
#549 = ORIENTED_EDGE('',*,*,#402,.F.);
#550 = ORIENTED_EDGE('',*,*,#354,.F.);
#551 = ORIENTED_EDGE('',*,*,#552,.F.);
#552 = EDGE_CURVE('',#157,#272,#553,.T.);
#553 = SURFACE_CURVE('',#554,(#641,#731),.PCURVE_S1.);
#554 = B_SPLINE_CURVE_WITH_KNOTS('',8,(#555,#556,#557,#558,#559,#560,
    #561,#562,#563,#564,#565,#566,#567,#568,#569,#570,#571,#572,#573,
    #574,#575,#576,#577,#578,#579,#580,#581,#582,#583,#584,#585,#586,
    #587,#588,#589,#590,#591,#592,#593,#594,#595,#596,#597,#598,#599,
    #600,#601,#602,#603,#604,#605,#606,#607,#608,#609,#610,#611,#612,
    #613,#614,#615,#616,#617,#618,#619,#620,#621,#622,#623,#624,#625,
    #626,#627,#628,#629,#630,#631,#632,#633,#634,#635,#636,#637,#638,
    #639,#640),.UNSPECIFIED.,.F.,.F.,(9,7,7,7,7,7,7,7,7,7,7,7,9),(0.,
    3.473137527904E-02,0.181196182446,0.278917948752,0.466520146436,
    0.513584410988,0.558832661066,0.590666875749,0.637156403796,
    0.773905140261,0.894410301055,0.959850603639,1.),.UNSPECIFIED.);
#555 = CARTESIAN_POINT('',(39.852824984135,53.9999994,45.495055362662));
#556 = CARTESIAN_POINT('',(40.021455022373,54.191971863779,
    45.471340670044));
#557 = CARTESIAN_POINT('',(40.180383828933,54.387546990657,
    45.447819180003));
#558 = CARTESIAN_POINT('',(40.330284059944,54.585884664705,
    45.424627851862));
#559 = CARTESIAN_POINT('',(40.471821299901,54.786360597096,
    45.401861672044));
#560 = CARTESIAN_POINT('',(40.605646387831,54.988554505983,
    45.379580619675));
#561 = CARTESIAN_POINT('',(40.73238774346,55.192238296381,
    45.357816632192));
#562 = CARTESIAN_POINT('',(40.852643693372,55.397364240046,
    45.336580570945));
#563 = CARTESIAN_POINT('',(41.449117612956,56.475675769797,
    45.228527730872));
#564 = CARTESIAN_POINT('',(41.832327361697,57.386721224994,
    45.149349205176));
#565 = CARTESIAN_POINT('',(42.133453091433,58.310883668137,
    45.082171589901));
#566 = CARTESIAN_POINT('',(42.367515746798,59.234441321039,
    45.027413342406));
#567 = CARTESIAN_POINT('',(42.546552092455,60.151727448657,
    44.984182273707));
#568 = CARTESIAN_POINT('',(42.679672344368,61.064625337289,
    44.951368138914));
#569 = CARTESIAN_POINT('',(42.772702212279,61.981081201546,
    44.928157972804));
#570 = CARTESIAN_POINT('',(42.864308639106,63.53518974399,
    44.905172936225));
#571 = CARTESIAN_POINT('',(42.883610438397,64.157257567385,
    44.900271058479));
#572 = CARTESIAN_POINT('',(42.88657290159,64.778851294538,
    44.899507309451));
#573 = CARTESIAN_POINT('',(42.873990936791,65.399644541411,
    44.902706738621));
#574 = CARTESIAN_POINT('',(42.846442513855,66.01950391331,
    44.909695783454));
#575 = CARTESIAN_POINT('',(42.804293534736,66.638411042828,
    44.920311956232));
#576 = CARTESIAN_POINT('',(42.747700301796,67.256385795365,
    44.934405324323));
#577 = CARTESIAN_POINT('',(42.540132570069,69.05794937574,
    44.985286378888));
#578 = CARTESIAN_POINT('',(42.354656430628,70.200520431814,
    45.029939883549));
#579 = CARTESIAN_POINT('',(42.123036786994,71.326026161839,
    45.084067504294));
#580 = CARTESIAN_POINT('',(41.838972655038,72.457358538545,
    45.14781832202));
#581 = CARTESIAN_POINT('',(41.490677232466,73.605369987536,
    45.221853251362));
#582 = CARTESIAN_POINT('',(41.063071101574,74.762700801129,
    45.306033236532));
#583 = CARTESIAN_POINT('',(40.539861526933,75.897931199382,
    45.397152390944));
#584 = CARTESIAN_POINT('',(39.747958200919,77.210046664501,
    45.510059418238));
#585 = CARTESIAN_POINT('',(39.582439818867,77.467409736933,
    45.532618880635));
#586 = CARTESIAN_POINT('',(39.407711767034,77.721837345761,
    45.555300996576));
#587 = CARTESIAN_POINT('',(39.221252656269,77.974727633551,
    45.578216033257));
#588 = CARTESIAN_POINT('',(39.020644398801,78.225894274334,
    45.601341440455));
#589 = CARTESIAN_POINT('',(38.803650779162,78.473478077315,
    45.62449273066));
#590 = CARTESIAN_POINT('',(38.568263835704,78.713895930195,
    45.64730071166));
#591 = CARTESIAN_POINT('',(38.067032720039,79.160963317616,
    45.690244619087));
#592 = CARTESIAN_POINT('',(37.757465568733,79.4089187914,45.714326743469
    ));
#593 = CARTESIAN_POINT('',(37.396702764893,79.650072852612,
    45.73813883304));
#594 = CARTESIAN_POINT('',(36.992689424226,79.854556451992,
    45.758707207097));
#595 = CARTESIAN_POINT('',(36.553665503224,79.997901930041,
    45.773291612428));
#596 = CARTESIAN_POINT('',(36.087363552327,80.061049959585,
    45.779708112226));
#597 = CARTESIAN_POINT('',(35.601891326868,80.03034641755,45.77652668271
    ));
#598 = CARTESIAN_POINT('',(34.755921982349,79.804151903314,
    45.753777497876));
#599 = CARTESIAN_POINT('',(34.439000273736,79.670360133544,
    45.740367636338));
#600 = CARTESIAN_POINT('',(34.152663811802,79.510731413307,
    45.724476672482));
#601 = CARTESIAN_POINT('',(33.894044441283,79.335993500492,
    45.707253228462));
#602 = CARTESIAN_POINT('',(33.659505604406,79.15317046096,
    45.689426390698));
#603 = CARTESIAN_POINT('',(33.444577101852,78.965541652594,
    45.67132301545));
#604 = CARTESIAN_POINT('',(33.243954129113,78.772640234432,
    45.652912963017));
#605 = CARTESIAN_POINT('',(32.771482136274,78.275250712583,
    45.60603161412));
#606 = CARTESIAN_POINT('',(32.514874951793,77.966078208662,
    45.577377383526));
#607 = CARTESIAN_POINT('',(32.279872636907,77.649617640605,
    45.548612561326));
#608 = CARTESIAN_POINT('',(32.063978735227,77.330186701877,
    45.52017661799));
#609 = CARTESIAN_POINT('',(31.864467466483,77.009814007708,
    45.492264226628));
#610 = CARTESIAN_POINT('',(31.678463672151,76.688342321418,
    45.464866362961));
#611 = CARTESIAN_POINT('',(31.503062109965,76.363585877885,
    45.437819840402));
#612 = CARTESIAN_POINT('',(30.842562014089,75.054835663091,
    45.331578563413));
#613 = CARTESIAN_POINT('',(30.426475581501,74.033152957354,
    45.254552866617));
#614 = CARTESIAN_POINT('',(30.077693305399,72.998394417364,
    45.183656554572));
#615 = CARTESIAN_POINT('',(29.786492116539,71.966107531713,
    45.120532376818));
#616 = CARTESIAN_POINT('',(29.544300475906,70.939821554847,
    45.065517692515));
#617 = CARTESIAN_POINT('',(29.344683358752,69.914321798194,
    45.018533171677));
#618 = CARTESIAN_POINT('',(29.18432297712,68.878902789172,
    44.979816797392));
#619 = CARTESIAN_POINT('',(28.958622450718,66.889962999339,
    44.924439814053));
#620 = CARTESIAN_POINT('',(28.886207676851,65.958513743639,
    44.906184655897));
#621 = CARTESIAN_POINT('',(28.846520143753,65.026101533252,
    44.896006330159));
#622 = CARTESIAN_POINT('',(28.840320622284,64.091404701675,
    44.894384204579));
#623 = CARTESIAN_POINT('',(28.869672924716,63.153743098854,
    44.901928123401));
#624 = CARTESIAN_POINT('',(28.937929234607,62.213762130809,
    44.919347877894));
#625 = CARTESIAN_POINT('',(29.049755041449,61.274042786102,
    44.947292374964));
#626 = CARTESIAN_POINT('',(29.298884363479,59.832231581521,
    45.007022715704));
#627 = CARTESIAN_POINT('',(29.401031131748,59.327338430721,
    45.031178544304));
#628 = CARTESIAN_POINT('',(29.518901300159,58.823584540225,
    45.058578325575));
#629 = CARTESIAN_POINT('',(29.654127854766,58.320282038037,
    45.089350123717));
#630 = CARTESIAN_POINT('',(29.808703351403,57.817521598293,
    45.123609451294));
#631 = CARTESIAN_POINT('',(29.9849566511,57.316275418145,45.161405363565
    ));
#632 = CARTESIAN_POINT('',(30.185526402108,56.818524957899,
    45.202644074445));
#633 = CARTESIAN_POINT('',(30.553095718221,56.026103242067,
    45.274197577093));
#634 = CARTESIAN_POINT('',(30.702906438258,55.727735809722,
    45.302534659994));
#635 = CARTESIAN_POINT('',(30.864049471317,55.431588991256,
    45.332046984906));
#636 = CARTESIAN_POINT('',(31.037970053188,55.137484595998,
    45.362749679343));
#637 = CARTESIAN_POINT('',(31.226239648082,54.845842141007,
    45.394600072413));
#638 = CARTESIAN_POINT('',(31.430522740512,54.557733436497,
    45.427466288295));
#639 = CARTESIAN_POINT('',(31.652543383772,54.274938014388,
    45.461091717039));
#640 = CARTESIAN_POINT('',(31.894051505014,53.9999994,45.495055362662));
#641 = PCURVE('',#172,#642);
#642 = DEFINITIONAL_REPRESENTATION('',(#643),#730);
#643 = B_SPLINE_CURVE_WITH_KNOTS('',8,(#644,#645,#646,#647,#648,#649,
    #650,#651,#652,#653,#654,#655,#656,#657,#658,#659,#660,#661,#662,
    #663,#664,#665,#666,#667,#668,#669,#670,#671,#672,#673,#674,#675,
    #676,#677,#678,#679,#680,#681,#682,#683,#684,#685,#686,#687,#688,
    #689,#690,#691,#692,#693,#694,#695,#696,#697,#698,#699,#700,#701,
    #702,#703,#704,#705,#706,#707,#708,#709,#710,#711,#712,#713,#714,
    #715,#716,#717,#718,#719,#720,#721,#722,#723,#724,#725,#726,#727,
    #728,#729),.UNSPECIFIED.,.F.,.F.,(9,7,7,7,7,7,7,7,7,7,7,7,9),(0.,
    3.473137527904E-02,0.181196182446,0.278917948752,0.466520146436,
    0.513584410988,0.558832661066,0.590666875749,0.637156403796,
    0.773905140261,0.894410301055,0.959850603639,1.),.UNSPECIFIED.);
#644 = CARTESIAN_POINT('',(1.431081093702,5.999999999062E-07));
#645 = CARTESIAN_POINT('',(1.425121709965,-0.191971863779));
#646 = CARTESIAN_POINT('',(1.419499456254,-0.387546990657));
#647 = CARTESIAN_POINT('',(1.414191380095,-0.585884664705));
#648 = CARTESIAN_POINT('',(1.409174698325,-0.786360597096));
#649 = CARTESIAN_POINT('',(1.404427063966,-0.988554505983));
#650 = CARTESIAN_POINT('',(1.399926833102,-1.192238296381));
#651 = CARTESIAN_POINT('',(1.395653331754,-1.397364240046));
#652 = CARTESIAN_POINT('',(1.37443961532,-2.475675769797));
#653 = CARTESIAN_POINT('',(1.360749800882,-3.386721224991));
#654 = CARTESIAN_POINT('',(1.349953773397,-4.310883668146));
#655 = CARTESIAN_POINT('',(1.341542086633,-5.234441321027));
#656 = CARTESIAN_POINT('',(1.335096616284,-6.151727448666));
#657 = CARTESIAN_POINT('',(1.330298593133,-7.064625337286));
#658 = CARTESIAN_POINT('',(1.326943158401,-7.981081201546));
#659 = CARTESIAN_POINT('',(1.323637961101,-9.53518974399));
#660 = CARTESIAN_POINT('',(1.322941042771,-10.15725756738));
#661 = CARTESIAN_POINT('',(1.322833979336,-10.77885129453));
#662 = CARTESIAN_POINT('',(1.323288305796,-11.39964454141));
#663 = CARTESIAN_POINT('',(1.32428292309,-12.01950391331));
#664 = CARTESIAN_POINT('',(1.3258040166,-12.63841104282));
#665 = CARTESIAN_POINT('',(1.327845005924,-13.25638579536));
#666 = CARTESIAN_POINT('',(1.335324025932,-15.05794937574));
#667 = CARTESIAN_POINT('',(1.342000277697,-16.20052043181));
#668 = CARTESIAN_POINT('',(1.350324052974,-17.32602616185));
#669 = CARTESIAN_POINT('',(1.360511413246,-18.45735853852));
#670 = CARTESIAN_POINT('',(1.37297066253,-19.60536998755));
#671 = CARTESIAN_POINT('',(1.388218108779,-20.76270080112));
#672 = CARTESIAN_POINT('',(1.406794930195,-21.89793119938));
#673 = CARTESIAN_POINT('',(1.434788343729,-23.2100466645));
#674 = CARTESIAN_POINT('',(1.440634207687,-23.46740973693));
#675 = CARTESIAN_POINT('',(1.446800012957,-23.72183734576));
#676 = CARTESIAN_POINT('',(1.453374033578,-23.97472763355));
#677 = CARTESIAN_POINT('',(1.460440489343,-24.22589427433));
#678 = CARTESIAN_POINT('',(1.468076857368,-24.47347807731));
#679 = CARTESIAN_POINT('',(1.476352439758,-24.71389593019));
#680 = CARTESIAN_POINT('',(1.493957598168,-25.16096331761));
#681 = CARTESIAN_POINT('',(1.504823492789,-25.4089187914));
#682 = CARTESIAN_POINT('',(1.517474640858,-25.65007285261));
#683 = CARTESIAN_POINT('',(1.53162825533,-25.85455645199));
#684 = CARTESIAN_POINT('',(1.546995378241,-25.99790193004));
#685 = CARTESIAN_POINT('',(1.563309979488,-26.06104995958));
#686 = CARTESIAN_POINT('',(1.580296237169,-26.03034641755));
#687 = CARTESIAN_POINT('',(1.609912166002,-25.80415190331));
#688 = CARTESIAN_POINT('',(1.621011645481,-25.67036013354));
#689 = CARTESIAN_POINT('',(1.63104629065,-25.5107314133));
#690 = CARTESIAN_POINT('',(1.640115955443,-25.33599350049));
#691 = CARTESIAN_POINT('',(1.648346868672,-25.15317046096));
#692 = CARTESIAN_POINT('',(1.655894689924,-24.96554165259));
#693 = CARTESIAN_POINT('',(1.662944923567,-24.77264023443));
#694 = CARTESIAN_POINT('',(1.679560574042,-24.27525071258));
#695 = CARTESIAN_POINT('',(1.688595836118,-23.96607820866));
#696 = CARTESIAN_POINT('',(1.696880550696,-23.6496176406));
#697 = CARTESIAN_POINT('',(1.704500591605,-23.33018670187));
#698 = CARTESIAN_POINT('',(1.711550217667,-23.0098140077));
#699 = CARTESIAN_POINT('',(1.718129508275,-22.68834232141));
#700 = CARTESIAN_POINT('',(1.724340213805,-22.36358587788));
#701 = CARTESIAN_POINT('',(1.747751936437,-21.05483566309));
#702 = CARTESIAN_POINT('',(1.76255643886,-20.03315295735));
#703 = CARTESIAN_POINT('',(1.775009495503,-18.99839441736));
#704 = CARTESIAN_POINT('',(1.785435777354,-17.96610753171));
#705 = CARTESIAN_POINT('',(1.794126702681,-16.93982155484));
#706 = CARTESIAN_POINT('',(1.801303164561,-15.91432179819));
#707 = CARTESIAN_POINT('',(1.807076271935,-14.87890278917));
#708 = CARTESIAN_POINT('',(1.815209072945,-12.88996299933));
#709 = CARTESIAN_POINT('',(1.817822509492,-11.95851374364));
#710 = CARTESIAN_POINT('',(1.819256336295,-11.02610153325));
#711 = CARTESIAN_POINT('',(1.819480627106,-10.09140470167));
#712 = CARTESIAN_POINT('',(1.818420015604,-9.153743098855));
#713 = CARTESIAN_POINT('',(1.815954759203,-8.213762130809));
#714 = CARTESIAN_POINT('',(1.811921186745,-7.274042786102));
#715 = CARTESIAN_POINT('',(1.802955669962,-5.832231581521));
#716 = CARTESIAN_POINT('',(1.799282396963,-5.327338430721));
#717 = CARTESIAN_POINT('',(1.795047541667,-4.823584540226));
#718 = CARTESIAN_POINT('',(1.790194333234,-4.320282038037));
#719 = CARTESIAN_POINT('',(1.784653792523,-3.817521598293));
#720 = CARTESIAN_POINT('',(1.778345810056,-3.316275418145));
#721 = CARTESIAN_POINT('',(1.771180307887,-2.818524957899));
#722 = CARTESIAN_POINT('',(1.75807552753,-2.026103242067));
#723 = CARTESIAN_POINT('',(1.752739916584,-1.727735809721));
#724 = CARTESIAN_POINT('',(1.747006991001,-1.431588991256));
#725 = CARTESIAN_POINT('',(1.740826689553,-1.137484595999));
#726 = CARTESIAN_POINT('',(1.734144839863,-0.845842141008));
#727 = CARTESIAN_POINT('',(1.726904371595,-0.557733436497));
#728 = CARTESIAN_POINT('',(1.719046454294,-0.274938014388));
#729 = CARTESIAN_POINT('',(1.710511559888,5.999999999062E-07));
#730 = ( GEOMETRIC_REPRESENTATION_CONTEXT(2) 
PARAMETRIC_REPRESENTATION_CONTEXT() REPRESENTATION_CONTEXT('2D SPACE',''
  ) );
#731 = PCURVE('',#239,#732);
#732 = DEFINITIONAL_REPRESENTATION('',(#733),#820);
#733 = B_SPLINE_CURVE_WITH_KNOTS('',8,(#734,#735,#736,#737,#738,#739,
    #740,#741,#742,#743,#744,#745,#746,#747,#748,#749,#750,#751,#752,
    #753,#754,#755,#756,#757,#758,#759,#760,#761,#762,#763,#764,#765,
    #766,#767,#768,#769,#770,#771,#772,#773,#774,#775,#776,#777,#778,
    #779,#780,#781,#782,#783,#784,#785,#786,#787,#788,#789,#790,#791,
    #792,#793,#794,#795,#796,#797,#798,#799,#800,#801,#802,#803,#804,
    #805,#806,#807,#808,#809,#810,#811,#812,#813,#814,#815,#816,#817,
    #818,#819),.UNSPECIFIED.,.F.,.F.,(9,7,7,7,7,7,7,7,7,7,7,7,9),(0.,
    3.473137527904E-02,0.181196182446,0.278917948752,0.466520146436,
    0.513584410988,0.558832661066,0.590666875749,0.637156403796,
    0.773905140261,0.894410301055,0.959850603639,1.),.UNSPECIFIED.);
#734 = CARTESIAN_POINT('',(0.60466173486,20.468472853336));
#735 = CARTESIAN_POINT('',(0.633943572934,20.622868537486));
#736 = CARTESIAN_POINT('',(0.662218092487,20.780480820691));
#737 = CARTESIAN_POINT('',(0.689558388585,20.940650620874));
#738 = CARTESIAN_POINT('',(0.716038261227,21.102884781262));
#739 = CARTESIAN_POINT('',(0.741732800932,21.266849316665));
#740 = CARTESIAN_POINT('',(0.766718974323,21.432362659747));
#741 = CARTESIAN_POINT('',(0.79107620971,21.599388907313));
#742 = CARTESIAN_POINT('',(0.915298793135,22.479207665234));
#743 = CARTESIAN_POINT('',(1.007330205371,23.228606910589));
#744 = CARTESIAN_POINT('',(1.09246061687,23.995366255938));
#745 = CARTESIAN_POINT('',(1.171879199857,24.76781152146));
#746 = CARTESIAN_POINT('',(1.246732481402,25.54058907617));
#747 = CARTESIAN_POINT('',(1.318211808559,26.314774771388));
#748 = CARTESIAN_POINT('',(1.38761522409,27.096843748228));
#749 = CARTESIAN_POINT('',(1.502216290309,28.431248707933));
#750 = CARTESIAN_POINT('',(1.547276448536,28.967524306997));
#751 = CARTESIAN_POINT('',(1.591674650569,29.50545839103));
#752 = CARTESIAN_POINT('',(1.635547930582,30.044680827905));
#753 = CARTESIAN_POINT('',(1.67903130226,30.584989313161));
#754 = CARTESIAN_POINT('',(1.722259412942,31.126286696296));
#755 = CARTESIAN_POINT('',(1.765368472321,31.668515214935));
#756 = CARTESIAN_POINT('',(1.891297610601,33.254155569355));
#757 = CARTESIAN_POINT('',(1.971485427915,34.265977881872));
#758 = CARTESIAN_POINT('',(2.051764196857,35.267758246564));
#759 = CARTESIAN_POINT('',(2.134563430721,36.279396233754));
#760 = CARTESIAN_POINT('',(2.221939009821,37.310620777111));
#761 = CARTESIAN_POINT('',(2.315559234167,38.354988654837));
#762 = CARTESIAN_POINT('',(2.416875867482,39.383686596081));
#763 = CARTESIAN_POINT('',(2.555291428515,40.576465435219));
#764 = CARTESIAN_POINT('',(2.583601341613,40.81062812514));
#765 = CARTESIAN_POINT('',(2.612889273416,41.04230995578));
#766 = CARTESIAN_POINT('',(2.643538052263,41.272776887717));
#767 = CARTESIAN_POINT('',(2.67587789679,41.501856282817));
#768 = CARTESIAN_POINT('',(2.710188211433,41.727845790867));
#769 = CARTESIAN_POINT('',(2.746708145112,41.947457749484));
#770 = CARTESIAN_POINT('',(2.823100848531,42.356101417908));
#771 = CARTESIAN_POINT('',(2.869686370661,42.582878219404));
#772 = CARTESIAN_POINT('',(2.923049277146,42.803629807425));
#773 = CARTESIAN_POINT('',(2.981755337789,42.99100198617));
#774 = CARTESIAN_POINT('',(3.044685403977,43.122435014348));
#775 = CARTESIAN_POINT('',(3.111043623108,43.180331062029));
#776 = CARTESIAN_POINT('',(3.180175477955,43.152150299883));
#777 = CARTESIAN_POINT('',(3.301762510967,42.944885511941));
#778 = CARTESIAN_POINT('',(3.347630265778,42.822313509734));
#779 = CARTESIAN_POINT('',(3.389516771563,42.676125500907));
#780 = CARTESIAN_POINT('',(3.427813800666,42.516186307395));
#781 = CARTESIAN_POINT('',(3.462985081429,42.348943491881));
#782 = CARTESIAN_POINT('',(3.495624741746,42.17740048973));
#783 = CARTESIAN_POINT('',(3.52648958708,42.001137934959));
#784 = CARTESIAN_POINT('',(3.600242211494,41.546945299014));
#785 = CARTESIAN_POINT('',(3.641263168923,41.264866941169));
#786 = CARTESIAN_POINT('',(3.679791223267,40.976421638836));
#787 = CARTESIAN_POINT('',(3.716111684728,40.685568359475));
#788 = CARTESIAN_POINT('',(3.75055802169,40.394161271964));
#789 = CARTESIAN_POINT('',(3.783525511118,40.102059693207));
#790 = CARTESIAN_POINT('',(3.815473238569,39.807289101784));
#791 = CARTESIAN_POINT('',(3.939398622607,38.62075753007));
#792 = CARTESIAN_POINT('',(4.025789227096,37.697441503897));
#793 = CARTESIAN_POINT('',(4.10716034399,36.765866165459));
#794 = CARTESIAN_POINT('',(4.18452444927,35.840317409616));
#795 = CARTESIAN_POINT('',(4.258990044869,34.924020339951));
#796 = CARTESIAN_POINT('',(4.33181738522,34.012419238695));
#797 = CARTESIAN_POINT('',(4.404413205979,33.096361886179));
#798 = CARTESIAN_POINT('',(4.543420307007,31.346201009916));
#799 = CARTESIAN_POINT('',(4.608340428533,30.530414713065));
#800 = CARTESIAN_POINT('',(4.673636127314,29.717832889203));
#801 = CARTESIAN_POINT('',(4.739840750214,28.90755062543));
#802 = CARTESIAN_POINT('',(4.807478681236,28.099283816644));
#803 = CARTESIAN_POINT('',(4.877070591417,27.293946296491));
#804 = CARTESIAN_POINT('',(4.949147498383,26.494097720082));
#805 = CARTESIAN_POINT('',(5.065119705718,25.275317759823));
#806 = CARTESIAN_POINT('',(5.10676596387,24.850145379334));
#807 = CARTESIAN_POINT('',(5.1495090503,24.427581603545));
#808 = CARTESIAN_POINT('',(5.19360501188,24.007094749933));
#809 = CARTESIAN_POINT('',(5.239302353867,23.588821100885));
#810 = CARTESIAN_POINT('',(5.286846693223,23.173627131463));
#811 = CARTESIAN_POINT('',(5.336488663082,22.763181943584));
#812 = CARTESIAN_POINT('',(5.42040240524,22.112701358487));
#813 = CARTESIAN_POINT('',(5.453152941585,21.868476123865));
#814 = CARTESIAN_POINT('',(5.486955472448,21.626761618279));
#815 = CARTESIAN_POINT('',(5.522011565839,21.38741108784));
#816 = CARTESIAN_POINT('',(5.558513404578,21.150766509531));
#817 = CARTESIAN_POINT('',(5.596645001362,20.917690160314));
#818 = CARTESIAN_POINT('',(5.636586787073,20.689594855066));
#819 = CARTESIAN_POINT('',(5.67852357232,20.468472853336));
#820 = ( GEOMETRIC_REPRESENTATION_CONTEXT(2) 
PARAMETRIC_REPRESENTATION_CONTEXT() REPRESENTATION_CONTEXT('2D SPACE',''
  ) );
#821 = ORIENTED_EDGE('',*,*,#156,.F.);
#822 = ORIENTED_EDGE('',*,*,#823,.F.);
#823 = EDGE_CURVE('',#465,#116,#824,.T.);
#824 = SURFACE_CURVE('',#825,(#830,#836),.PCURVE_S1.);
#825 = CIRCLE('',#826,28.575);
#826 = AXIS2_PLACEMENT_3D('',#827,#828,#829);
#827 = CARTESIAN_POINT('',(35.873438244575,54.,17.198498925933));
#828 = DIRECTION('',(0.,-1.,0.));
#829 = DIRECTION('',(1.,0.,0.));
#830 = PCURVE('',#172,#831);
#831 = DEFINITIONAL_REPRESENTATION('',(#832),#835);
#832 = B_SPLINE_CURVE_WITH_KNOTS('',1,(#833,#834),.UNSPECIFIED.,.F.,.F.,
  (2,2),(0.,1.084593064129),.PIECEWISE_BEZIER_KNOTS.);
#833 = CARTESIAN_POINT('',(0.,0.));
#834 = CARTESIAN_POINT('',(1.084593064129,0.));
#835 = ( GEOMETRIC_REPRESENTATION_CONTEXT(2) 
PARAMETRIC_REPRESENTATION_CONTEXT() REPRESENTATION_CONTEXT('2D SPACE',''
  ) );
#836 = PCURVE('',#130,#837);
#837 = DEFINITIONAL_REPRESENTATION('',(#838),#841);
#838 = B_SPLINE_CURVE_WITH_KNOTS('',1,(#839,#840),.UNSPECIFIED.,.F.,.F.,
  (2,2),(0.,1.084593064129),.PIECEWISE_BEZIER_KNOTS.);
#839 = CARTESIAN_POINT('',(1.570796326795,1.));
#840 = CARTESIAN_POINT('',(0.,1.));
#841 = ( GEOMETRIC_REPRESENTATION_CONTEXT(2) 
PARAMETRIC_REPRESENTATION_CONTEXT() REPRESENTATION_CONTEXT('2D SPACE',''
  ) );
#842 = ORIENTED_EDGE('',*,*,#464,.T.);
#843 = ORIENTED_EDGE('',*,*,#844,.T.);
#844 = EDGE_CURVE('',#467,#467,#845,.T.);
#845 = SURFACE_CURVE('',#846,(#851,#858),.PCURVE_S1.);
#846 = CIRCLE('',#847,28.575);
#847 = AXIS2_PLACEMENT_3D('',#848,#849,#850);
#848 = CARTESIAN_POINT('',(35.873438244575,168.,17.198498925933));
#849 = DIRECTION('',(0.,-1.,0.));
#850 = DIRECTION('',(1.,0.,0.));
#851 = PCURVE('',#172,#852);
#852 = DEFINITIONAL_REPRESENTATION('',(#853),#857);
#853 = LINE('',#854,#855);
#854 = CARTESIAN_POINT('',(0.,-114.));
#855 = VECTOR('',#856,1.);
#856 = DIRECTION('',(1.,0.));
#857 = ( GEOMETRIC_REPRESENTATION_CONTEXT(2) 
PARAMETRIC_REPRESENTATION_CONTEXT() REPRESENTATION_CONTEXT('2D SPACE',''
  ) );
#858 = PCURVE('',#859,#864);
#859 = PLANE('',#860);
#860 = AXIS2_PLACEMENT_3D('',#861,#862,#863);
#861 = CARTESIAN_POINT('',(35.873438244575,168.,17.198498925933));
#862 = DIRECTION('',(-0.,-1.,-0.));
#863 = DIRECTION('',(0.,0.,-1.));
#864 = DEFINITIONAL_REPRESENTATION('',(#865),#869);
#865 = CIRCLE('',#866,28.575);
#866 = AXIS2_PLACEMENT_2D('',#867,#868);
#867 = CARTESIAN_POINT('',(0.,0.));
#868 = DIRECTION('',(0.,1.));
#869 = ( GEOMETRIC_REPRESENTATION_CONTEXT(2) 
PARAMETRIC_REPRESENTATION_CONTEXT() REPRESENTATION_CONTEXT('2D SPACE',''
  ) );
#870 = ADVANCED_FACE('',(#871),#239,.F.);
#871 = FACE_BOUND('',#872,.F.);
#872 = EDGE_LOOP('',(#873,#874,#897,#1006,#1241,#1349,#1350,#1351));
#873 = ORIENTED_EDGE('',*,*,#183,.T.);
#874 = ORIENTED_EDGE('',*,*,#875,.F.);
#875 = EDGE_CURVE('',#876,#184,#878,.T.);
#876 = VERTEX_POINT('',#877);
#877 = CARTESIAN_POINT('',(35.873438244575,47.021168640154,
    42.898969300076));
#878 = SEAM_CURVE('',#879,(#883,#890),.PCURVE_S1.);
#879 = LINE('',#880,#881);
#880 = CARTESIAN_POINT('',(35.873438244575,35.653212482682,
    36.335676752424));
#881 = VECTOR('',#882,1.);
#882 = DIRECTION('',(0.,0.866025403784,0.5));
#883 = PCURVE('',#239,#884);
#884 = DEFINITIONAL_REPRESENTATION('',(#885),#889);
#885 = LINE('',#886,#887);
#886 = CARTESIAN_POINT('',(6.28318530718,-0.));
#887 = VECTOR('',#888,1.);
#888 = DIRECTION('',(0.,1.));
#889 = ( GEOMETRIC_REPRESENTATION_CONTEXT(2) 
PARAMETRIC_REPRESENTATION_CONTEXT() REPRESENTATION_CONTEXT('2D SPACE',''
  ) );
#890 = PCURVE('',#239,#891);
#891 = DEFINITIONAL_REPRESENTATION('',(#892),#896);
#892 = LINE('',#893,#894);
#893 = CARTESIAN_POINT('',(0.,-0.));
#894 = VECTOR('',#895,1.);
#895 = DIRECTION('',(0.,1.));
#896 = ( GEOMETRIC_REPRESENTATION_CONTEXT(2) 
PARAMETRIC_REPRESENTATION_CONTEXT() REPRESENTATION_CONTEXT('2D SPACE',''
  ) );
#897 = ORIENTED_EDGE('',*,*,#898,.F.);
#898 = EDGE_CURVE('',#899,#876,#901,.T.);
#899 = VERTEX_POINT('',#900);
#900 = CARTESIAN_POINT('',(41.590382050115,54.,43.509564630771));
#901 = SURFACE_CURVE('',#902,(#929,#959),.PCURVE_S1.);
#902 = B_SPLINE_CURVE_WITH_KNOTS('',7,(#903,#904,#905,#906,#907,#908,
    #909,#910,#911,#912,#913,#914,#915,#916,#917,#918,#919,#920,#921,
    #922,#923,#924,#925,#926,#927,#928),.UNSPECIFIED.,.F.,.F.,(8,6,6,6,8
    ),(0.,0.286254484023,0.597371766217,0.805490963325,1.),
  .UNSPECIFIED.);
#903 = CARTESIAN_POINT('',(41.590382009106,54.,43.509564697789));
#904 = CARTESIAN_POINT('',(41.482683619972,53.628876953693,
    43.471303032045));
#905 = CARTESIAN_POINT('',(41.367839947057,53.25939547506,
    43.434048897879));
#906 = CARTESIAN_POINT('',(41.245377671656,52.8918154775,43.397795630282
    ));
#907 = CARTESIAN_POINT('',(41.114757940672,52.526503711765,
    43.362542584913));
#908 = CARTESIAN_POINT('',(40.975373143856,52.163934895086,
    43.328293452314));
#909 = CARTESIAN_POINT('',(40.826504518357,51.804706484463,
    43.295056401482));
#910 = CARTESIAN_POINT('',(40.494143681623,51.063581867419,
    43.227838055672));
#911 = CARTESIAN_POINT('',(40.308888426767,50.682696225769,
    43.194067298516));
#912 = CARTESIAN_POINT('',(40.110197522882,50.30757380685,
    43.161523547697));
#913 = CARTESIAN_POINT('',(39.896676408231,49.939516948583,
    43.130248549985));
#914 = CARTESIAN_POINT('',(39.666694597054,49.580551186847,
    43.100331953142));
#915 = CARTESIAN_POINT('',(39.41844272354,49.233383341834,
    43.071904036659));
#916 = CARTESIAN_POINT('',(38.968975886354,48.680119824974,
    43.027293020218));
#917 = CARTESIAN_POINT('',(38.779592966253,48.465611902392,
    43.01019132034));
#918 = CARTESIAN_POINT('',(38.580092665337,48.259378043708,
    42.993919945753));
#919 = CARTESIAN_POINT('',(38.369694936097,48.063092618727,
    42.978580341869));
#920 = CARTESIAN_POINT('',(38.147760252597,47.879047570415,
    42.964317662408));
#921 = CARTESIAN_POINT('',(37.91383453983,47.710102384294,
    42.951316614117));
#922 = CARTESIAN_POINT('',(37.437675620427,47.418972127542,
    42.929036033584));
#923 = CARTESIAN_POINT('',(37.196735576474,47.294298393213,
    42.919557004981));
#924 = CARTESIAN_POINT('',(36.945428089958,47.188860498226,
    42.911584502846));
#925 = CARTESIAN_POINT('',(36.684939773489,47.106170426362,
    42.905357600688));
#926 = CARTESIAN_POINT('',(36.417243224999,47.049488904037,
    42.901097728161));
#927 = CARTESIAN_POINT('',(36.145285754772,47.021168640154,
    42.898969300076));
#928 = CARTESIAN_POINT('',(35.873438244575,47.021168640154,
    42.898969300076));
#929 = PCURVE('',#239,#930);
#930 = DEFINITIONAL_REPRESENTATION('',(#931),#958);
#931 = B_SPLINE_CURVE_WITH_KNOTS('',7,(#932,#933,#934,#935,#936,#937,
    #938,#939,#940,#941,#942,#943,#944,#945,#946,#947,#948,#949,#950,
    #951,#952,#953,#954,#955,#956,#957),.UNSPECIFIED.,.F.,.F.,(8,6,6,6,8
    ),(0.,0.286254484023,0.597371766217,0.805490963325,1.),
  .UNSPECIFIED.);
#932 = CARTESIAN_POINT('',(0.955679872519,19.475728040515));
#933 = CARTESIAN_POINT('',(0.929017733638,19.135195221612));
#934 = CARTESIAN_POINT('',(0.901760500789,18.796587807804));
#935 = CARTESIAN_POINT('',(0.873854163167,18.460127558196));
#936 = CARTESIAN_POINT('',(0.845238301872,18.126131766084));
#937 = CARTESIAN_POINT('',(0.815844867093,17.79501339392));
#938 = CARTESIAN_POINT('',(0.785591425743,17.467293939143));
#939 = CARTESIAN_POINT('',(0.720434481096,16.791852020508));
#940 = CARTESIAN_POINT('',(0.685379066079,16.445110000324));
#941 = CARTESIAN_POINT('',(0.649038829879,16.103972580602));
#942 = CARTESIAN_POINT('',(0.6112471349,15.76958849245));
#943 = CARTESIAN_POINT('',(0.571810760225,15.443756725276));
#944 = CARTESIAN_POINT('',(0.530510447942,15.128886593876));
#945 = CARTESIAN_POINT('',(0.457854810557,14.627440825068));
#946 = CARTESIAN_POINT('',(0.42776525192,14.43312066486));
#947 = CARTESIAN_POINT('',(0.396586496179,14.246381216825));
#948 = CARTESIAN_POINT('',(0.364217825267,14.068723250457));
#949 = CARTESIAN_POINT('',(0.330576105546,13.902204223448));
#950 = CARTESIAN_POINT('',(0.295593708928,13.749392876274));
#951 = CARTESIAN_POINT('',(0.225219878672,13.486126387851));
#952 = CARTESIAN_POINT('',(0.189967768123,13.373416252435));
#953 = CARTESIAN_POINT('',(0.153524365341,13.278118105787));
#954 = CARTESIAN_POINT('',(0.11602448166,13.203392951833));
#955 = CARTESIAN_POINT('',(7.768641949178E-02,13.152175377312));
#956 = CARTESIAN_POINT('',(3.883535859968E-02,13.126585095304));
#957 = CARTESIAN_POINT('',(0.,13.126585095304));
#958 = ( GEOMETRIC_REPRESENTATION_CONTEXT(2) 
PARAMETRIC_REPRESENTATION_CONTEXT() REPRESENTATION_CONTEXT('2D SPACE',''
  ) );
#959 = PCURVE('',#960,#977);
#960 = B_SPLINE_SURFACE_WITH_KNOTS('',7,1,(
    (#961,#962)
    ,(#963,#964)
    ,(#965,#966)
    ,(#967,#968)
    ,(#969,#970)
    ,(#971,#972)
    ,(#973,#974)
    ,(#975,#976
    )),.UNSPECIFIED.,.F.,.F.,.F.,(8,8),(2,2),(0.,22.600617549925),(0.,1.
    ),.PIECEWISE_BEZIER_KNOTS.);
#961 = CARTESIAN_POINT('',(24.573129469612,13.,36.929498925933));
#962 = CARTESIAN_POINT('',(22.492183818512,54.,40.562951733242));
#963 = CARTESIAN_POINT('',(27.801789119601,13.,36.929498925933));
#964 = CARTESIAN_POINT('',(25.964261556025,54.,42.551474896009));
#965 = CARTESIAN_POINT('',(31.030448769591,13.,36.929498925933));
#966 = CARTESIAN_POINT('',(29.781094919567,53.999999999999,
    43.938033041531));
#967 = CARTESIAN_POINT('',(34.25910841958,13.,36.929498925933));
#968 = CARTESIAN_POINT('',(33.81744641734,54.000000000001,
    44.650913082518));
#969 = CARTESIAN_POINT('',(37.487768069569,13.,36.929498925933));
#970 = CARTESIAN_POINT('',(37.929430071809,53.999999999999,
    44.650913082517));
#971 = CARTESIAN_POINT('',(40.716427719559,13.,36.929498925933));
#972 = CARTESIAN_POINT('',(41.965781569583,54.000000000001,
    43.938033041532));
#973 = CARTESIAN_POINT('',(43.945087369548,13.,36.929498925933));
#974 = CARTESIAN_POINT('',(45.782614933125,54.,42.551474896009));
#975 = CARTESIAN_POINT('',(47.173747019537,13.,36.929498925933));
#976 = CARTESIAN_POINT('',(49.254692670637,54.,40.562951733242));
#977 = DEFINITIONAL_REPRESENTATION('',(#978),#1005);
#978 = B_SPLINE_CURVE_WITH_KNOTS('',7,(#979,#980,#981,#982,#983,#984,
    #985,#986,#987,#988,#989,#990,#991,#992,#993,#994,#995,#996,#997,
    #998,#999,#1000,#1001,#1002,#1003,#1004),.UNSPECIFIED.,.F.,.F.,(8,6,
    6,6,8),(0.,0.286254484023,0.597371766217,0.805490963325,1.),
  .UNSPECIFIED.);
#979 = CARTESIAN_POINT('',(15.948834264384,1.));
#980 = CARTESIAN_POINT('',(15.867887956866,0.990948218383));
#981 = CARTESIAN_POINT('',(15.780784634988,0.981936475001));
#982 = CARTESIAN_POINT('',(15.687105645218,0.972971109207));
#983 = CARTESIAN_POINT('',(15.586374771379,0.964061066141));
#984 = CARTESIAN_POINT('',(15.478055737328,0.95521792427));
#985 = CARTESIAN_POINT('',(15.361517115257,0.946456255719));
#986 = CARTESIAN_POINT('',(15.099507231387,0.928380045547));
#987 = CARTESIAN_POINT('',(14.952497684092,0.919090151848));
#988 = CARTESIAN_POINT('',(14.793833926284,0.909940824557));
#989 = CARTESIAN_POINT('',(14.622302877097,0.900963828014));
#990 = CARTESIAN_POINT('',(14.436485405637,0.892208565533));
#991 = CARTESIAN_POINT('',(14.234810100173,0.883741057118));
#992 = CARTESIAN_POINT('',(13.8677849867,0.870246824999));
#993 = CARTESIAN_POINT('',(13.712672647421,0.865014924449));
#994 = CARTESIAN_POINT('',(13.54880337343,0.859984830334));
#995 = CARTESIAN_POINT('',(13.375508123092,0.855197380945));
#996 = CARTESIAN_POINT('',(13.192237052638,0.850708477327));
#997 = CARTESIAN_POINT('',(12.998606007821,0.846587863032));
#998 = CARTESIAN_POINT('',(12.603656667053,0.839487125062));
#999 = CARTESIAN_POINT('',(12.403461372445,0.836446302273));
#1000 = CARTESIAN_POINT('',(12.194330317311,0.833874646298));
#1001 = CARTESIAN_POINT('',(11.977283868818,0.831857815277));
#1002 = CARTESIAN_POINT('',(11.754029456246,0.830475339123));
#1003 = CARTESIAN_POINT('',(11.527123242887,0.829784600979));
#1004 = CARTESIAN_POINT('',(11.300308774962,0.829784600979));
#1005 = ( GEOMETRIC_REPRESENTATION_CONTEXT(2) 
PARAMETRIC_REPRESENTATION_CONTEXT() REPRESENTATION_CONTEXT('2D SPACE',''
  ) );
#1006 = ORIENTED_EDGE('',*,*,#1007,.T.);
#1007 = EDGE_CURVE('',#899,#1008,#1010,.T.);
#1008 = VERTEX_POINT('',#1009);
#1009 = CARTESIAN_POINT('',(30.156494439035,54.,43.509564630771));
#1010 = SURFACE_CURVE('',#1011,(#1084,#1160),.PCURVE_S1.);
#1011 = B_SPLINE_CURVE_WITH_KNOTS('',8,(#1012,#1013,#1014,#1015,#1016,
    #1017,#1018,#1019,#1020,#1021,#1022,#1023,#1024,#1025,#1026,#1027,
    #1028,#1029,#1030,#1031,#1032,#1033,#1034,#1035,#1036,#1037,#1038,
    #1039,#1040,#1041,#1042,#1043,#1044,#1045,#1046,#1047,#1048,#1049,
    #1050,#1051,#1052,#1053,#1054,#1055,#1056,#1057,#1058,#1059,#1060,
    #1061,#1062,#1063,#1064,#1065,#1066,#1067,#1068,#1069,#1070,#1071,
    #1072,#1073,#1074,#1075,#1076,#1077,#1078,#1079,#1080,#1081,#1082,
    #1083),.UNSPECIFIED.,.F.,.F.,(9,7,7,7,7,7,7,7,7,7,9),(0.,
    9.445170966497E-02,0.246454520952,0.455357973786,0.508614133618,
    0.558179062865,0.594661314102,0.648316308821,0.798528228338,
    0.922907334095,1.),.UNSPECIFIED.);
#1012 = CARTESIAN_POINT('',(41.590381805642,53.9999994,43.50956468389));
#1013 = CARTESIAN_POINT('',(41.803102880332,54.522072760719,
    43.463344040856));
#1014 = CARTESIAN_POINT('',(41.98834466148,55.05003371005,
    43.421036125935));
#1015 = CARTESIAN_POINT('',(42.14908313567,55.580934706042,
    43.382909303061));
#1016 = CARTESIAN_POINT('',(42.28796387632,56.112929407192,
    43.348991965855));
#1017 = CARTESIAN_POINT('',(42.4072862486,56.645127244866,
    43.319177957884));
#1018 = CARTESIAN_POINT('',(42.508987394755,57.177469912687,
    43.293306489432));
#1019 = CARTESIAN_POINT('',(42.594625999818,57.710629772896,
    43.271216550759));
#1020 = CARTESIAN_POINT('',(42.779208713301,59.107398616864,
    43.22309882982));
#1021 = CARTESIAN_POINT('',(42.854096086576,59.971616901272,
    43.202969871198));
#1022 = CARTESIAN_POINT('',(42.894185401523,60.835512894838,
    43.192028935165));
#1023 = CARTESIAN_POINT('',(42.902664417381,61.697505619009,
    43.189706482908));
#1024 = CARTESIAN_POINT('',(42.881810911758,62.557172242225,
    43.195418432797));
#1025 = CARTESIAN_POINT('',(42.833019893623,63.41486645196,
    43.208654270583));
#1026 = CARTESIAN_POINT('',(42.756806870163,64.271281076684,
    43.228988970357));
#1027 = CARTESIAN_POINT('',(42.509849077957,66.302924348049,
    43.293239643248));
#1028 = CARTESIAN_POINT('',(42.319391898257,67.436388619408,
    43.341834600296));
#1029 = CARTESIAN_POINT('',(42.083978981963,68.552651746634,
    43.400055050629));
#1030 = CARTESIAN_POINT('',(41.797096015064,69.674881218592,
    43.468109820182));
#1031 = CARTESIAN_POINT('',(41.446896257206,70.813989592159,
    43.546699979018));
#1032 = CARTESIAN_POINT('',(41.018409253885,71.962477156441,
    43.635628605452));
#1033 = CARTESIAN_POINT('',(40.495585685949,73.088720653789,
    43.731471879767));
#1034 = CARTESIAN_POINT('',(39.70355822102,74.39365636588,
    43.850183205418));
#1035 = CARTESIAN_POINT('',(39.536041892865,74.652442689821,
    43.87415516756));
#1036 = CARTESIAN_POINT('',(39.359167264377,74.908143910205,
    43.898233561349));
#1037 = CARTESIAN_POINT('',(39.170196339735,75.162362160788,
    43.922554110845));
#1038 = CARTESIAN_POINT('',(38.9665182574,75.414942414877,
    43.947097036546));
#1039 = CARTESIAN_POINT('',(38.745737032229,75.663876768165,
    43.971653774408));
#1040 = CARTESIAN_POINT('',(38.505719531708,75.905253828603,
    43.995801675048));
#1041 = CARTESIAN_POINT('',(38.001586006386,76.345449763064,
    44.040371649355));
#1042 = CARTESIAN_POINT('',(37.695910188781,76.584814562115,
    44.064860121855));
#1043 = CARTESIAN_POINT('',(37.34055472392,76.816381259542,
    44.088922368767));
#1044 = CARTESIAN_POINT('',(36.943682947431,77.011146298652,
    44.109514411508));
#1045 = CARTESIAN_POINT('',(36.513740874509,77.145669437613,
    44.123884851255));
#1046 = CARTESIAN_POINT('',(36.058604717894,77.202181310965,
    44.129908715578));
#1047 = CARTESIAN_POINT('',(35.58645797584,77.168614004532,
    44.126272149244));
#1048 = CARTESIAN_POINT('',(34.751140460979,76.942881431543,
    44.102431769722));
#1049 = CARTESIAN_POINT('',(34.430559171637,76.805309204512,
    44.087951568851));
#1050 = CARTESIAN_POINT('',(34.141593414926,76.641294167248,
    44.07080540332));
#1051 = CARTESIAN_POINT('',(33.881221347278,76.462153710392,
    44.052263288067));
#1052 = CARTESIAN_POINT('',(33.645608042497,76.275219659325,
    44.033121767658));
#1053 = CARTESIAN_POINT('',(33.430017150992,76.083783045354,
    44.013722946047));
#1054 = CARTESIAN_POINT('',(33.22880202135,75.887087178546,
    43.994005199519));
#1055 = CARTESIAN_POINT('',(32.752176493792,75.376898916175,
    43.94349375965));
#1056 = CARTESIAN_POINT('',(32.492720527535,75.058749903389,
    43.912522715331));
#1057 = CARTESIAN_POINT('',(32.25526437929,74.733087676492,
    43.881433816929));
#1058 = CARTESIAN_POINT('',(32.037274084441,74.404426038101,
    43.850709978231));
#1059 = CARTESIAN_POINT('',(31.835983955267,74.074905132441,
    43.820567013199));
#1060 = CARTESIAN_POINT('',(31.648479034001,73.74440193303,
    43.790998756167));
#1061 = CARTESIAN_POINT('',(31.471817543769,73.410696966359,
    43.761831508004));
#1062 = CARTESIAN_POINT('',(30.831114906382,72.115038362761,
    43.651477393049));
#1063 = CARTESIAN_POINT('',(30.430312891298,71.119948175899,
    43.572559323901));
#1064 = CARTESIAN_POINT('',(30.092099386794,70.112776050678,
    43.49964400479));
#1065 = CARTESIAN_POINT('',(29.807688415367,69.10741514024,43.4343126969
    ));
#1066 = CARTESIAN_POINT('',(29.569333351864,68.107042473982,
    43.37694293181));
#1067 = CARTESIAN_POINT('',(29.371185352983,67.107024337121,
    43.32751392648));
#1068 = CARTESIAN_POINT('',(29.210154633645,66.097817353378,
    43.286282611822));
#1069 = CARTESIAN_POINT('',(28.985128141299,64.216557979192,
    43.227673002107));
#1070 = CARTESIAN_POINT('',(28.910758133318,63.363735903408,
    43.207816371392));
#1071 = CARTESIAN_POINT('',(28.863599302724,62.509665562104,
    43.195018304036));
#1072 = CARTESIAN_POINT('',(28.844186789743,61.653644594541,
    43.189699537798));
#1073 = CARTESIAN_POINT('',(28.853925337563,60.795321293506,
    43.192365894184));
#1074 = CARTESIAN_POINT('',(28.895091864702,59.935122763465,
    43.203595185863));
#1075 = CARTESIAN_POINT('',(28.970861639675,59.074629113028,
    43.223949209826));
#1076 = CARTESIAN_POINT('',(29.156338821592,57.68526342321,
    43.27227079164));
#1077 = CARTESIAN_POINT('',(29.242052808082,57.155733668062,
    43.294365327648));
#1078 = CARTESIAN_POINT('',(29.343659852243,56.627018450359,
    43.32019443771));
#1079 = CARTESIAN_POINT('',(29.462696999164,56.098462762552,
    43.349915833255));
#1080 = CARTESIAN_POINT('',(29.601070930924,55.570127051691,
    43.383686413064));
#1081 = CARTESIAN_POINT('',(29.761042186205,55.042885992418,
    43.421609268499));
#1082 = CARTESIAN_POINT('',(29.945209560015,54.518548559515,
    43.463656048436));
#1083 = CARTESIAN_POINT('',(30.156494683507,53.9999994,43.50956468389));
#1084 = PCURVE('',#239,#1085);
#1085 = DEFINITIONAL_REPRESENTATION('',(#1086),#1159);
#1086 = B_SPLINE_CURVE_WITH_KNOTS('',8,(#1087,#1088,#1089,#1090,#1091,
    #1092,#1093,#1094,#1095,#1096,#1097,#1098,#1099,#1100,#1101,#1102,
    #1103,#1104,#1105,#1106,#1107,#1108,#1109,#1110,#1111,#1112,#1113,
    #1114,#1115,#1116,#1117,#1118,#1119,#1120,#1121,#1122,#1123,#1124,
    #1125,#1126,#1127,#1128,#1129,#1130,#1131,#1132,#1133,#1134,#1135,
    #1136,#1137,#1138,#1139,#1140,#1141,#1142,#1143,#1144,#1145,#1146,
    #1147,#1148,#1149,#1150,#1151,#1152,#1153,#1154,#1155,#1156,#1157,
    #1158),.UNSPECIFIED.,.F.,.F.,(9,7,7,7,7,7,7,7,7,7,9),(0.,
    9.445170966497E-02,0.246454520952,0.455357973786,0.508614133618,
    0.558179062865,0.594661314102,0.648316308821,0.798528228338,
    0.922907334095,1.),.UNSPECIFIED.);
#1087 = CARTESIAN_POINT('',(0.955679822149,19.47572751395));
#1088 = CARTESIAN_POINT('',(1.008341690889,19.904745985455));
#1089 = CARTESIAN_POINT('',(1.058686588363,20.340819622321));
#1090 = CARTESIAN_POINT('',(1.106982351512,20.781529960308));
#1091 = CARTESIAN_POINT('',(1.153478567077,21.225292217579));
#1092 = CARTESIAN_POINT('',(1.19841790326,21.671282060858));
#1093 = CARTESIAN_POINT('',(1.242044248495,22.119368600484));
#1094 = CARTESIAN_POINT('',(1.284607657354,22.570053614367));
#1095 = CARTESIAN_POINT('',(1.393568711567,23.755632055989));
#1096 = CARTESIAN_POINT('',(1.458469004783,24.49400256539));
#1097 = CARTESIAN_POINT('',(1.521503323205,25.236687974029));
#1098 = CARTESIAN_POINT('',(1.583070638855,25.982034344909));
#1099 = CARTESIAN_POINT('',(1.643561739603,26.729383454345));
#1100 = CARTESIAN_POINT('',(1.703368448936,27.478786347547));
#1101 = CARTESIAN_POINT('',(1.76288824917,28.230630518618));
#1102 = CARTESIAN_POINT('',(1.90452098139,30.022210539493));
#1103 = CARTESIAN_POINT('',(1.983885908721,31.028116871295));
#1104 = CARTESIAN_POINT('',(2.063344585515,32.02393932195));
#1105 = CARTESIAN_POINT('',(2.145331300025,33.029845938313));
#1106 = CARTESIAN_POINT('',(2.231897891883,34.055637806908));
#1107 = CARTESIAN_POINT('',(2.324697480971,35.094721526721));
#1108 = CARTESIAN_POINT('',(2.425163573033,36.11799864343));
#1109 = CARTESIAN_POINT('',(2.562888123316,37.307461783232));
#1110 = CARTESIAN_POINT('',(2.59139659097,37.543563294987));
#1111 = CARTESIAN_POINT('',(2.620903216152,37.777046244513));
#1112 = CARTESIAN_POINT('',(2.651824553563,38.009365982372));
#1113 = CARTESIAN_POINT('',(2.684517634671,38.240378361758));
#1114 = CARTESIAN_POINT('',(2.719281874094,38.468240204511));
#1115 = CARTESIAN_POINT('',(2.756371350454,38.689352821061));
#1116 = CARTESIAN_POINT('',(2.832915666612,39.0928586701));
#1117 = CARTESIAN_POINT('',(2.87876735868,39.312398903098));
#1118 = CARTESIAN_POINT('',(2.931202102132,39.524972669206));
#1119 = CARTESIAN_POINT('',(2.988781867816,39.703940162198));
#1120 = CARTESIAN_POINT('',(3.050368304937,39.827625837824));
#1121 = CARTESIAN_POINT('',(3.115137658807,39.879578487916));
#1122 = CARTESIAN_POINT('',(3.182393637955,39.848690064643));
#1123 = CARTESIAN_POINT('',(3.302449735628,39.641279732212));
#1124 = CARTESIAN_POINT('',(3.34885223203,39.514898588313));
#1125 = CARTESIAN_POINT('',(3.391137447292,39.364284316673));
#1126 = CARTESIAN_POINT('',(3.429715146096,39.199873072564));
#1127 = CARTESIAN_POINT('',(3.465072440783,39.028412675304));
#1128 = CARTESIAN_POINT('',(3.497839075795,38.852924293584));
#1129 = CARTESIAN_POINT('',(3.528822871444,38.672721802846));
#1130 = CARTESIAN_POINT('',(3.603306219962,38.205630086985));
#1131 = CARTESIAN_POINT('',(3.644848300151,37.914619437563));
#1132 = CARTESIAN_POINT('',(3.683861271189,37.617043226817));
#1133 = CARTESIAN_POINT('',(3.720633211571,37.317051979372));
#1134 = CARTESIAN_POINT('',(3.755500782663,37.016607021476));
#1135 = CARTESIAN_POINT('',(3.788863505847,36.715598726239));
#1136 = CARTESIAN_POINT('',(3.821186128275,36.41201812365));
#1137 = CARTESIAN_POINT('',(3.942024255345,35.234767800826));
#1138 = CARTESIAN_POINT('',(4.025425714713,34.333535385373));
#1139 = CARTESIAN_POINT('',(4.104177561258,33.424841079392));
#1140 = CARTESIAN_POINT('',(4.179217856174,32.521507337036));
#1141 = CARTESIAN_POINT('',(4.251570931911,31.62647431226));
#1142 = CARTESIAN_POINT('',(4.322394482017,30.735718698828));
#1143 = CARTESIAN_POINT('',(4.392975135696,29.841104155901));
#1144 = CARTESIAN_POINT('',(4.524101308783,28.182580941891));
#1145 = CARTESIAN_POINT('',(4.58338114521,27.434087043997));
#1146 = CARTESIAN_POINT('',(4.642960505306,26.688041398129));
#1147 = CARTESIAN_POINT('',(4.703233364904,25.944046110929));
#1148 = CARTESIAN_POINT('',(4.764588041116,25.202049505767));
#1149 = CARTESIAN_POINT('',(4.827411800653,24.462710372291));
#1150 = CARTESIAN_POINT('',(4.892100026674,23.727678023199));
#1151 = CARTESIAN_POINT('',(5.000603676027,22.548612831578));
#1152 = CARTESIAN_POINT('',(5.042923222656,22.101073879564));
#1153 = CARTESIAN_POINT('',(5.086297284506,21.656107624697));
#1154 = CARTESIAN_POINT('',(5.13097177021,21.213225669514));
#1155 = CARTESIAN_POINT('',(5.177186606494,20.772558812085));
#1156 = CARTESIAN_POINT('',(5.225180552847,20.334916088555));
#1157 = CARTESIAN_POINT('',(5.275199104686,19.901849941474));
#1158 = CARTESIAN_POINT('',(5.32750548503,19.47572751395));
#1159 = ( GEOMETRIC_REPRESENTATION_CONTEXT(2) 
PARAMETRIC_REPRESENTATION_CONTEXT() REPRESENTATION_CONTEXT('2D SPACE',''
  ) );
#1160 = PCURVE('',#1161,#1166);
#1161 = CYLINDRICAL_SURFACE('',#1162,26.925);
#1162 = AXIS2_PLACEMENT_3D('',#1163,#1164,#1165);
#1163 = CARTESIAN_POINT('',(35.873438244575,54.,17.198498925933));
#1164 = DIRECTION('',(0.,-1.,0.));
#1165 = DIRECTION('',(1.,0.,0.));
#1166 = DEFINITIONAL_REPRESENTATION('',(#1167),#1240);
#1167 = B_SPLINE_CURVE_WITH_KNOTS('',8,(#1168,#1169,#1170,#1171,#1172,
    #1173,#1174,#1175,#1176,#1177,#1178,#1179,#1180,#1181,#1182,#1183,
    #1184,#1185,#1186,#1187,#1188,#1189,#1190,#1191,#1192,#1193,#1194,
    #1195,#1196,#1197,#1198,#1199,#1200,#1201,#1202,#1203,#1204,#1205,
    #1206,#1207,#1208,#1209,#1210,#1211,#1212,#1213,#1214,#1215,#1216,
    #1217,#1218,#1219,#1220,#1221,#1222,#1223,#1224,#1225,#1226,#1227,
    #1228,#1229,#1230,#1231,#1232,#1233,#1234,#1235,#1236,#1237,#1238,
    #1239),.UNSPECIFIED.,.F.,.F.,(9,7,7,7,7,7,7,7,7,7,9),(0.,
    9.445170966497E-02,0.246454520952,0.455357973786,0.508614133618,
    0.558179062865,0.594661314102,0.648316308821,0.798528228338,
    0.922907334095,1.),.UNSPECIFIED.);
#1168 = CARTESIAN_POINT('',(1.356839198261,5.999999999062E-07));
#1169 = CARTESIAN_POINT('',(1.348754346182,-0.522072760719));
#1170 = CARTESIAN_POINT('',(1.341697657384,-1.05003371005));
#1171 = CARTESIAN_POINT('',(1.335562471101,-1.580934706042));
#1172 = CARTESIAN_POINT('',(1.330252981785,-2.112929407192));
#1173 = CARTESIAN_POINT('',(1.325685166782,-2.645127244866));
#1174 = CARTESIAN_POINT('',(1.32178771824,-3.177469912687));
#1175 = CARTESIAN_POINT('',(1.318502979248,-3.710629772896));
#1176 = CARTESIAN_POINT('',(1.31141843362,-5.107398616864));
#1177 = CARTESIAN_POINT('',(1.308538461329,-5.971616901273));
#1178 = CARTESIAN_POINT('',(1.306995064628,-6.835512894837));
#1179 = CARTESIAN_POINT('',(1.306668541717,-7.697505619009));
#1180 = CARTESIAN_POINT('',(1.307471595724,-8.557172242225));
#1181 = CARTESIAN_POINT('',(1.30934918457,-9.414866451959));
#1182 = CARTESIAN_POINT('',(1.312278719253,-10.27128107668));
#1183 = CARTESIAN_POINT('',(1.321756117842,-12.30292434804));
#1184 = CARTESIAN_POINT('',(1.329056271529,-13.4363886194));
#1185 = CARTESIAN_POINT('',(1.338062585298,-14.55265174663));
#1186 = CARTESIAN_POINT('',(1.34901201981,-15.67488121859));
#1187 = CARTESIAN_POINT('',(1.362339677678,-16.81398959215));
#1188 = CARTESIAN_POINT('',(1.378587865475,-17.96247715644));
#1189 = CARTESIAN_POINT('',(1.398318768722,-19.08872065378));
#1190 = CARTESIAN_POINT('',(1.428063409376,-20.39365636588));
#1191 = CARTESIAN_POINT('',(1.434348244461,-20.65244268982));
#1192 = CARTESIAN_POINT('',(1.4409777238,-20.9081439102));
#1193 = CARTESIAN_POINT('',(1.448053626893,-21.16236216078));
#1194 = CARTESIAN_POINT('',(1.455672434453,-21.41494241487));
#1195 = CARTESIAN_POINT('',(1.463922155396,-21.66387676816));
#1196 = CARTESIAN_POINT('',(1.472880803837,-21.9052538286));
#1197 = CARTESIAN_POINT('',(1.491677456961,-22.34544976306));
#1198 = CARTESIAN_POINT('',(1.503066306409,-22.58481456211));
#1199 = CARTESIAN_POINT('',(1.516292835749,-22.81638125955));
#1200 = CARTESIAN_POINT('',(1.531048673431,-23.01114629863));
#1201 = CARTESIAN_POINT('',(1.547019791598,-23.14566943762));
#1202 = CARTESIAN_POINT('',(1.563919085014,-23.20218131096));
#1203 = CARTESIAN_POINT('',(1.581451427178,-23.16861400453));
#1204 = CARTESIAN_POINT('',(1.61248792314,-22.94288143154));
#1205 = CARTESIAN_POINT('',(1.62440487263,-22.80530920451));
#1206 = CARTESIAN_POINT('',(1.635154398115,-22.64129416724));
#1207 = CARTESIAN_POINT('',(1.644848028712,-22.46215371039));
#1208 = CARTESIAN_POINT('',(1.653626868441,-22.27521965932));
#1209 = CARTESIAN_POINT('',(1.661665861288,-22.08378304535));
#1210 = CARTESIAN_POINT('',(1.669174595066,-21.88708717854));
#1211 = CARTESIAN_POINT('',(1.686975693854,-21.37689891617));
#1212 = CARTESIAN_POINT('',(1.696679507232,-21.05874990338));
#1213 = CARTESIAN_POINT('',(1.705573053909,-20.73308767649));
#1214 = CARTESIAN_POINT('',(1.713748590198,-20.4044260381));
#1215 = CARTESIAN_POINT('',(1.721307419835,-20.07490513244));
#1216 = CARTESIAN_POINT('',(1.728357121875,-19.74440193303));
#1217 = CARTESIAN_POINT('',(1.735007033595,-19.41069696635));
#1218 = CARTESIAN_POINT('',(1.759153248337,-18.11503836276));
#1219 = CARTESIAN_POINT('',(1.774320628505,-17.11994817589));
#1220 = CARTESIAN_POINT('',(1.787167886051,-16.11277605067));
#1221 = CARTESIAN_POINT('',(1.798004714525,-15.10741514024));
#1222 = CARTESIAN_POINT('',(1.807109346831,-14.10704247398));
#1223 = CARTESIAN_POINT('',(1.814693910677,-13.10702433712));
#1224 = CARTESIAN_POINT('',(1.820867499317,-12.09781735337));
#1225 = CARTESIAN_POINT('',(1.82950385538,-10.21655797919));
#1226 = CARTESIAN_POINT('',(1.832362679529,-9.363735903409));
#1227 = CARTESIAN_POINT('',(1.834177507336,-8.509665562103));
#1228 = CARTESIAN_POINT('',(1.834925085549,-7.65364459454));
#1229 = CARTESIAN_POINT('',(1.834550070706,-6.795321293507));
#1230 = CARTESIAN_POINT('',(1.832965258676,-5.935122763465));
#1231 = CARTESIAN_POINT('',(1.830051468322,-5.074629113027));
#1232 = CARTESIAN_POINT('',(1.822932866274,-3.68526342321));
#1233 = CARTESIAN_POINT('',(1.819645374021,-3.155733668062));
#1234 = CARTESIAN_POINT('',(1.815751699908,-2.627018450359));
#1235 = CARTESIAN_POINT('',(1.811194995992,-2.098462762552));
#1236 = CARTESIAN_POINT('',(1.805905084343,-1.570127051691));
#1237 = CARTESIAN_POINT('',(1.79979936683,-1.042885992418));
#1238 = CARTESIAN_POINT('',(1.792783731466,-0.518548559515));
#1239 = CARTESIAN_POINT('',(1.784753455329,5.999999999062E-07));
#1240 = ( GEOMETRIC_REPRESENTATION_CONTEXT(2) 
PARAMETRIC_REPRESENTATION_CONTEXT() REPRESENTATION_CONTEXT('2D SPACE',''
  ) );
#1241 = ORIENTED_EDGE('',*,*,#1242,.F.);
#1242 = EDGE_CURVE('',#876,#1008,#1243,.T.);
#1243 = SURFACE_CURVE('',#1244,(#1277,#1313),.PCURVE_S1.);
#1244 = B_SPLINE_CURVE_WITH_KNOTS('',7,(#1245,#1246,#1247,#1248,#1249,
    #1250,#1251,#1252,#1253,#1254,#1255,#1256,#1257,#1258,#1259,#1260,
    #1261,#1262,#1263,#1264,#1265,#1266,#1267,#1268,#1269,#1270,#1271,
    #1272,#1273,#1274,#1275,#1276),.UNSPECIFIED.,.F.,.F.,(8,6,6,6,6,8),(
    0.,0.150539556628,0.25733446327,0.426803843192,0.721374764624,1.),
  .UNSPECIFIED.);
#1245 = CARTESIAN_POINT('',(35.873438244575,47.021168640154,
    42.898969300076));
#1246 = CARTESIAN_POINT('',(35.663201437512,47.021168640154,
    42.898969300076));
#1247 = CARTESIAN_POINT('',(35.452874894858,47.038106979729,
    42.90024232303));
#1248 = CARTESIAN_POINT('',(35.244441126803,47.072008141969,
    42.902790118689));
#1249 = CARTESIAN_POINT('',(35.039438074603,47.122063974957,
    42.906556523332));
#1250 = CARTESIAN_POINT('',(34.839042208946,47.186980877243,
    42.911452692884));
#1251 = CARTESIAN_POINT('',(34.644128228951,47.265229769345,
    42.917374358468));
#1252 = CARTESIAN_POINT('',(34.321351729131,47.419024200073,
    42.929061189363));
#1253 = CARTESIAN_POINT('',(34.19038921437,47.488783625569,
    42.934374523409));
#1254 = CARTESIAN_POINT('',(34.062549865992,47.563957493643,
    42.940115977297));
#1255 = CARTESIAN_POINT('',(33.937895360018,47.644037545089,
    42.946251457219));
#1256 = CARTESIAN_POINT('',(33.816432625707,47.728551016234,
    42.952749510089));
#1257 = CARTESIAN_POINT('',(33.698124569181,47.817077118668,
    42.959582483507));
#1258 = CARTESIAN_POINT('',(33.400043242447,48.055531367147,
    42.978065023796));
#1259 = CARTESIAN_POINT('',(33.225009467716,48.21095312693,
    42.99018392093));
#1260 = CARTESIAN_POINT('',(33.057438702651,48.374109669282,
    43.002993471292));
#1261 = CARTESIAN_POINT('',(32.896969351017,48.543817550379,
    43.016419704714));
#1262 = CARTESIAN_POINT('',(32.743220319773,48.719108836182,
    43.030403699032));
#1263 = CARTESIAN_POINT('',(32.595787620258,48.899228267556,
    43.044901639283));
#1264 = CARTESIAN_POINT('',(32.20823360606,49.404183994345,
    43.085932785317));
#1265 = CARTESIAN_POINT('',(31.98024645683,49.737414030121,
    43.113427009566));
#1266 = CARTESIAN_POINT('',(31.768080465921,50.080410522948,
    43.142216525214));
#1267 = CARTESIAN_POINT('',(31.570234473464,50.43107087271,
    43.172203622863));
#1268 = CARTESIAN_POINT('',(31.38537914024,50.787804976906,
    43.203321176645));
#1269 = CARTESIAN_POINT('',(31.21236886159,51.149546147373,
    43.235536380206));
#1270 = CARTESIAN_POINT('',(30.896732288213,51.862027323549,
    43.300367385328));
#1271 = CARTESIAN_POINT('',(30.753042497071,52.212135359185,
    43.332851858636));
#1272 = CARTESIAN_POINT('',(30.618267373963,52.565348515975,
    43.366294476887));
#1273 = CARTESIAN_POINT('',(30.491751211282,52.921126259268,
    43.400688183788));
#1274 = CARTESIAN_POINT('',(30.372937033497,53.279036230259,
    43.436029828335));
#1275 = CARTESIAN_POINT('',(30.261330173203,53.638741655099,
    43.472320052981));
#1276 = CARTESIAN_POINT('',(30.156494480043,54.,43.509564697789));
#1277 = PCURVE('',#239,#1278);
#1278 = DEFINITIONAL_REPRESENTATION('',(#1279),#1312);
#1279 = B_SPLINE_CURVE_WITH_KNOTS('',7,(#1280,#1281,#1282,#1283,#1284,
    #1285,#1286,#1287,#1288,#1289,#1290,#1291,#1292,#1293,#1294,#1295,
    #1296,#1297,#1298,#1299,#1300,#1301,#1302,#1303,#1304,#1305,#1306,
    #1307,#1308,#1309,#1310,#1311),.UNSPECIFIED.,.F.,.F.,(8,6,6,6,6,8),(
    0.,0.150539556628,0.25733446327,0.426803843192,0.721374764624,1.),
  .UNSPECIFIED.);
#1280 = CARTESIAN_POINT('',(6.28318530718,13.126585095304));
#1281 = CARTESIAN_POINT('',(6.253151477599,13.126585095304));
#1282 = CARTESIAN_POINT('',(6.22310484972,13.141890639151));
#1283 = CARTESIAN_POINT('',(6.193284273731,13.172523804698));
#1284 = CARTESIAN_POINT('',(6.163865308484,13.217756629995));
#1285 = CARTESIAN_POINT('',(6.134980065117,13.276424401286));
#1286 = CARTESIAN_POINT('',(6.106728740646,13.347150762456));
#1287 = CARTESIAN_POINT('',(6.059641388163,13.486184061875));
#1288 = CARTESIAN_POINT('',(6.04044411869,13.54925416353));
#1289 = CARTESIAN_POINT('',(6.021603947174,13.617227369928));
#1290 = CARTESIAN_POINT('',(6.00312576971,13.689646468777));
#1291 = CARTESIAN_POINT('',(5.98500829811,13.766086308185));
#1292 = CARTESIAN_POINT('',(5.967245099439,13.846168648501));
#1293 = CARTESIAN_POINT('',(5.922181197939,14.061917355468));
#1294 = CARTESIAN_POINT('',(5.895410887587,14.202575996308));
#1295 = CARTESIAN_POINT('',(5.86946072224,14.350278481959));
#1296 = CARTESIAN_POINT('',(5.844281792808,14.503962934922));
#1297 = CARTESIAN_POINT('',(5.819825026264,14.662761638649));
#1298 = CARTESIAN_POINT('',(5.796038528697,14.82599861206));
#1299 = CARTESIAN_POINT('',(5.732589570043,15.283818672263));
#1300 = CARTESIAN_POINT('',(5.694204892474,15.586151460673));
#1301 = CARTESIAN_POINT('',(5.65742336851,15.897589894694));
#1302 = CARTESIAN_POINT('',(5.622063022247,16.216264214513));
#1303 = CARTESIAN_POINT('',(5.587966294242,16.540763788033));
#1304 = CARTESIAN_POINT('',(5.554996607525,16.870148433033));
#1305 = CARTESIAN_POINT('',(5.492778487264,17.519590733881));
#1306 = CARTESIAN_POINT('',(5.463439866783,17.839035423465));
#1307 = CARTESIAN_POINT('',(5.434907950502,18.161648299321));
#1308 = CARTESIAN_POINT('',(5.407107583813,18.486957716564));
#1309 = CARTESIAN_POINT('',(5.379976370548,18.814587665984));
#1310 = CARTESIAN_POINT('',(5.35345887587,19.144246814098));
#1311 = CARTESIAN_POINT('',(5.32750543466,19.475728040515));
#1312 = ( GEOMETRIC_REPRESENTATION_CONTEXT(2) 
PARAMETRIC_REPRESENTATION_CONTEXT() REPRESENTATION_CONTEXT('2D SPACE',''
  ) );
#1313 = PCURVE('',#960,#1314);
#1314 = DEFINITIONAL_REPRESENTATION('',(#1315),#1348);
#1315 = B_SPLINE_CURVE_WITH_KNOTS('',7,(#1316,#1317,#1318,#1319,#1320,
    #1321,#1322,#1323,#1324,#1325,#1326,#1327,#1328,#1329,#1330,#1331,
    #1332,#1333,#1334,#1335,#1336,#1337,#1338,#1339,#1340,#1341,#1342,
    #1343,#1344,#1345,#1346,#1347),.UNSPECIFIED.,.F.,.F.,(8,6,6,6,6,8),(
    0.,0.150539556628,0.25733446327,0.426803843192,0.721374764624,1.),
  .UNSPECIFIED.);
#1316 = CARTESIAN_POINT('',(11.300308774962,0.829784600979));
#1317 = CARTESIAN_POINT('',(11.124898856743,0.829784600979));
#1318 = CARTESIAN_POINT('',(10.949414048092,0.830197731213));
#1319 = CARTESIAN_POINT('',(10.775553291933,0.831024588829));
#1320 = CARTESIAN_POINT('',(10.604644427366,0.832245462804));
#1321 = CARTESIAN_POINT('',(10.437704727071,0.833828801884));
#1322 = CARTESIAN_POINT('',(10.275487496774,0.835737311447));
#1323 = CARTESIAN_POINT('',(10.007156024019,0.839488395124));
#1324 = CARTESIAN_POINT('',(9.898374869186,0.841189844526));
#1325 = CARTESIAN_POINT('',(9.792286739408,0.843023353503));
#1326 = CARTESIAN_POINT('',(9.688946185473,0.84497652549));
#1327 = CARTESIAN_POINT('',(9.588360335383,0.847037829664));
#1328 = CARTESIAN_POINT('',(9.490498377924,0.849197002894));
#1329 = CARTESIAN_POINT('',(9.244225109261,0.855012960174));
#1330 = CARTESIAN_POINT('',(9.099906324975,0.858803734803));
#1331 = CARTESIAN_POINT('',(8.962042005696,0.862783162665));
#1332 = CARTESIAN_POINT('',(8.83032337344,0.866922379278));
#1333 = CARTESIAN_POINT('',(8.704422900265,0.871197776492));
#1334 = CARTESIAN_POINT('',(8.583993731417,0.875590933355));
#1335 = CARTESIAN_POINT('',(8.268234467513,0.887906926691));
#1336 = CARTESIAN_POINT('',(8.083414273168,0.89603448854));
#1337 = CARTESIAN_POINT('',(7.91232660235,0.904400256657));
#1338 = CARTESIAN_POINT('',(7.753668005129,0.912952948115));
#1339 = CARTESIAN_POINT('',(7.606281123699,0.921653779925));
#1340 = CARTESIAN_POINT('',(7.469168750538,0.930476735302));
#1341 = CARTESIAN_POINT('',(7.220603013089,0.947854324965));
#1342 = CARTESIAN_POINT('',(7.108220950085,0.956393545346));
#1343 = CARTESIAN_POINT('',(7.003564305452,0.96500850039));
#1344 = CARTESIAN_POINT('',(6.906056941638,0.973686006324));
#1345 = CARTESIAN_POINT('',(6.815207248039,0.982415517811));
#1346 = CARTESIAN_POINT('',(6.730577985496,0.991188820856));
#1347 = CARTESIAN_POINT('',(6.651783285541,1.));
#1348 = ( GEOMETRIC_REPRESENTATION_CONTEXT(2) 
PARAMETRIC_REPRESENTATION_CONTEXT() REPRESENTATION_CONTEXT('2D SPACE',''
  ) );
#1349 = ORIENTED_EDGE('',*,*,#875,.T.);
#1350 = ORIENTED_EDGE('',*,*,#271,.T.);
#1351 = ORIENTED_EDGE('',*,*,#552,.F.);
#1352 = ADVANCED_FACE('',(#1353),#130,.T.);
#1353 = FACE_BOUND('',#1354,.T.);
#1354 = EDGE_LOOP('',(#1355,#1379,#1399,#1400));
#1355 = ORIENTED_EDGE('',*,*,#1356,.T.);
#1356 = EDGE_CURVE('',#88,#1357,#1359,.T.);
#1357 = VERTEX_POINT('',#1358);
#1358 = CARTESIAN_POINT('',(68.554747019537,14.,17.198498925933));
#1359 = SURFACE_CURVE('',#1360,(#1365,#1372),.PCURVE_S1.);
#1360 = CIRCLE('',#1361,21.381);
#1361 = AXIS2_PLACEMENT_3D('',#1362,#1363,#1364);
#1362 = CARTESIAN_POINT('',(47.173747019537,14.,17.198498925933));
#1363 = DIRECTION('',(0.,1.,0.));
#1364 = DIRECTION('',(0.,0.,1.));
#1365 = PCURVE('',#130,#1366);
#1366 = DEFINITIONAL_REPRESENTATION('',(#1367),#1371);
#1367 = LINE('',#1368,#1369);
#1368 = CARTESIAN_POINT('',(0.,0.));
#1369 = VECTOR('',#1370,1.);
#1370 = DIRECTION('',(1.,0.));
#1371 = ( GEOMETRIC_REPRESENTATION_CONTEXT(2) 
PARAMETRIC_REPRESENTATION_CONTEXT() REPRESENTATION_CONTEXT('2D SPACE',''
  ) );
#1372 = PCURVE('',#103,#1373);
#1373 = DEFINITIONAL_REPRESENTATION('',(#1374),#1378);
#1374 = CIRCLE('',#1375,21.381);
#1375 = AXIS2_PLACEMENT_2D('',#1376,#1377);
#1376 = CARTESIAN_POINT('',(0.,0.));
#1377 = DIRECTION('',(1.,0.));
#1378 = ( GEOMETRIC_REPRESENTATION_CONTEXT(2) 
PARAMETRIC_REPRESENTATION_CONTEXT() REPRESENTATION_CONTEXT('2D SPACE',''
  ) );
#1379 = ORIENTED_EDGE('',*,*,#1380,.T.);
#1380 = EDGE_CURVE('',#1357,#465,#1381,.T.);
#1381 = SURFACE_CURVE('',#1382,(#1385,#1392),.PCURVE_S1.);
#1382 = B_SPLINE_CURVE_WITH_KNOTS('',1,(#1383,#1384),.UNSPECIFIED.,.F.,
  .F.,(2,2),(0.,1.),.PIECEWISE_BEZIER_KNOTS.);
#1383 = CARTESIAN_POINT('',(68.554747019537,14.,17.198498925933));
#1384 = CARTESIAN_POINT('',(64.448438244575,54.,17.198498925933));
#1385 = PCURVE('',#130,#1386);
#1386 = DEFINITIONAL_REPRESENTATION('',(#1387),#1391);
#1387 = LINE('',#1388,#1389);
#1388 = CARTESIAN_POINT('',(1.570796326795,0.));
#1389 = VECTOR('',#1390,1.);
#1390 = DIRECTION('',(0.,1.));
#1391 = ( GEOMETRIC_REPRESENTATION_CONTEXT(2) 
PARAMETRIC_REPRESENTATION_CONTEXT() REPRESENTATION_CONTEXT('2D SPACE',''
  ) );
#1392 = PCURVE('',#505,#1393);
#1393 = DEFINITIONAL_REPRESENTATION('',(#1394),#1398);
#1394 = LINE('',#1395,#1396);
#1395 = CARTESIAN_POINT('',(1.570796326795,0.));
#1396 = VECTOR('',#1397,1.);
#1397 = DIRECTION('',(0.,1.));
#1398 = ( GEOMETRIC_REPRESENTATION_CONTEXT(2) 
PARAMETRIC_REPRESENTATION_CONTEXT() REPRESENTATION_CONTEXT('2D SPACE',''
  ) );
#1399 = ORIENTED_EDGE('',*,*,#823,.T.);
#1400 = ORIENTED_EDGE('',*,*,#115,.F.);
#1401 = ADVANCED_FACE('',(#1402,#1452),#103,.F.);
#1402 = FACE_BOUND('',#1403,.F.);
#1403 = EDGE_LOOP('',(#1404,#1405,#1406,#1430,#1451));
#1404 = ORIENTED_EDGE('',*,*,#87,.T.);
#1405 = ORIENTED_EDGE('',*,*,#1356,.T.);
#1406 = ORIENTED_EDGE('',*,*,#1407,.T.);
#1407 = EDGE_CURVE('',#1357,#1408,#1410,.T.);
#1408 = VERTEX_POINT('',#1409);
#1409 = CARTESIAN_POINT('',(47.173747019537,14.,-4.182501074067));
#1410 = SURFACE_CURVE('',#1411,(#1416,#1423),.PCURVE_S1.);
#1411 = CIRCLE('',#1412,21.381);
#1412 = AXIS2_PLACEMENT_3D('',#1413,#1414,#1415);
#1413 = CARTESIAN_POINT('',(47.173747019537,14.,17.198498925933));
#1414 = DIRECTION('',(0.,1.,0.));
#1415 = DIRECTION('',(0.,0.,1.));
#1416 = PCURVE('',#103,#1417);
#1417 = DEFINITIONAL_REPRESENTATION('',(#1418),#1422);
#1418 = CIRCLE('',#1419,21.381);
#1419 = AXIS2_PLACEMENT_2D('',#1420,#1421);
#1420 = CARTESIAN_POINT('',(0.,0.));
#1421 = DIRECTION('',(1.,0.));
#1422 = ( GEOMETRIC_REPRESENTATION_CONTEXT(2) 
PARAMETRIC_REPRESENTATION_CONTEXT() REPRESENTATION_CONTEXT('2D SPACE',''
  ) );
#1423 = PCURVE('',#505,#1424);
#1424 = DEFINITIONAL_REPRESENTATION('',(#1425),#1429);
#1425 = LINE('',#1426,#1427);
#1426 = CARTESIAN_POINT('',(0.,0.));
#1427 = VECTOR('',#1428,1.);
#1428 = DIRECTION('',(1.,0.));
#1429 = ( GEOMETRIC_REPRESENTATION_CONTEXT(2) 
PARAMETRIC_REPRESENTATION_CONTEXT() REPRESENTATION_CONTEXT('2D SPACE',''
  ) );
#1430 = ORIENTED_EDGE('',*,*,#1431,.T.);
#1431 = EDGE_CURVE('',#1408,#378,#1432,.T.);
#1432 = SURFACE_CURVE('',#1433,(#1437,#1444),.PCURVE_S1.);
#1433 = LINE('',#1434,#1435);
#1434 = CARTESIAN_POINT('',(47.173747019537,14.,-4.182501074067));
#1435 = VECTOR('',#1436,1.);
#1436 = DIRECTION('',(-1.,0.,0.));
#1437 = PCURVE('',#103,#1438);
#1438 = DEFINITIONAL_REPRESENTATION('',(#1439),#1443);
#1439 = LINE('',#1440,#1441);
#1440 = CARTESIAN_POINT('',(-21.381,0.));
#1441 = VECTOR('',#1442,1.);
#1442 = DIRECTION('',(0.,-1.));
#1443 = ( GEOMETRIC_REPRESENTATION_CONTEXT(2) 
PARAMETRIC_REPRESENTATION_CONTEXT() REPRESENTATION_CONTEXT('2D SPACE',''
  ) );
#1444 = PCURVE('',#437,#1445);
#1445 = DEFINITIONAL_REPRESENTATION('',(#1446),#1450);
#1446 = LINE('',#1447,#1448);
#1447 = CARTESIAN_POINT('',(0.,0.));
#1448 = VECTOR('',#1449,1.);
#1449 = DIRECTION('',(1.,0.));
#1450 = ( GEOMETRIC_REPRESENTATION_CONTEXT(2) 
PARAMETRIC_REPRESENTATION_CONTEXT() REPRESENTATION_CONTEXT('2D SPACE',''
  ) );
#1451 = ORIENTED_EDGE('',*,*,#377,.T.);
#1452 = FACE_BOUND('',#1453,.F.);
#1453 = EDGE_LOOP('',(#1454,#1555,#1599,#1728,#1789));
#1454 = ORIENTED_EDGE('',*,*,#1455,.T.);
#1455 = EDGE_CURVE('',#1456,#1458,#1460,.T.);
#1456 = VERTEX_POINT('',#1457);
#1457 = CARTESIAN_POINT('',(66.804593146977,14.,17.198498925933));
#1458 = VERTEX_POINT('',#1459);
#1459 = CARTESIAN_POINT('',(47.224501791515,14.,37.018119726111));
#1460 = SURFACE_CURVE('',#1461,(#1484,#1510),.PCURVE_S1.);
#1461 = B_SPLINE_CURVE_WITH_KNOTS('',6,(#1462,#1463,#1464,#1465,#1466,
    #1467,#1468,#1469,#1470,#1471,#1472,#1473,#1474,#1475,#1476,#1477,
    #1478,#1479,#1480,#1481,#1482,#1483),.UNSPECIFIED.,.F.,.F.,(7,5,5,5,
    7),(0.,0.351288435075,0.497356526044,0.704341894582,1.),
  .UNSPECIFIED.);
#1462 = CARTESIAN_POINT('',(66.804593146977,14.,17.198498925933));
#1463 = CARTESIAN_POINT('',(66.804593146977,14.,19.007429114218));
#1464 = CARTESIAN_POINT('',(66.606630473456,14.,20.816748931149));
#1465 = CARTESIAN_POINT('',(66.210555135352,14.,22.598502204208));
#1466 = CARTESIAN_POINT('',(65.621720619413,14.,24.326162419637));
#1467 = CARTESIAN_POINT('',(64.849312657085,14.,25.974265369229));
#1468 = CARTESIAN_POINT('',(63.516566417487,14.,28.161270594799));
#1469 = CARTESIAN_POINT('',(63.095909672149,14.,28.785754423894));
#1470 = CARTESIAN_POINT('',(62.647026131996,14.,29.390748054973));
#1471 = CARTESIAN_POINT('',(62.171050066014,14.,29.974666567164));
#1472 = CARTESIAN_POINT('',(61.669232838546,14.,30.536014987167));
#1473 = CARTESIAN_POINT('',(60.397165277489,14.,31.834871582666));
#1474 = CARTESIAN_POINT('',(59.602219585546,14.,32.548240100511));
#1475 = CARTESIAN_POINT('',(58.762018240689,14.,33.209470053292));
#1476 = CARTESIAN_POINT('',(57.880852296843,14.,33.815038663365));
#1477 = CARTESIAN_POINT('',(56.963345562036,14.,34.361866642113));
#1478 = CARTESIAN_POINT('',(54.659162551484,14.,35.540892023724));
#1479 = CARTESIAN_POINT('',(53.239680131009,14.,36.109406506005));
#1480 = CARTESIAN_POINT('',(51.770759407957,14.,36.54527348293));
#1481 = CARTESIAN_POINT('',(50.267830228761,14.,36.843505508754));
#1482 = CARTESIAN_POINT('',(48.746865218803,14.,37.001190372678));
#1483 = CARTESIAN_POINT('',(47.224501791515,14.,37.018119726111));
#1484 = PCURVE('',#103,#1485);
#1485 = DEFINITIONAL_REPRESENTATION('',(#1486),#1509);
#1486 = B_SPLINE_CURVE_WITH_KNOTS('',6,(#1487,#1488,#1489,#1490,#1491,
    #1492,#1493,#1494,#1495,#1496,#1497,#1498,#1499,#1500,#1501,#1502,
    #1503,#1504,#1505,#1506,#1507,#1508),.UNSPECIFIED.,.F.,.F.,(7,5,5,5,
    7),(0.,0.351288435075,0.497356526044,0.704341894582,1.),
  .UNSPECIFIED.);
#1487 = CARTESIAN_POINT('',(-3.552713678801E-15,19.63084612744));
#1488 = CARTESIAN_POINT('',(1.808930188285,19.63084612744));
#1489 = CARTESIAN_POINT('',(3.618250005216,19.432883453919));
#1490 = CARTESIAN_POINT('',(5.400003278276,19.036808115814));
#1491 = CARTESIAN_POINT('',(7.127663493704,18.447973599876));
#1492 = CARTESIAN_POINT('',(8.775766443296,17.675565637548));
#1493 = CARTESIAN_POINT('',(10.962771668866,16.34281939795));
#1494 = CARTESIAN_POINT('',(11.587255497962,15.922162652612));
#1495 = CARTESIAN_POINT('',(12.19224912904,15.473279112459));
#1496 = CARTESIAN_POINT('',(12.776167641231,14.997303046477));
#1497 = CARTESIAN_POINT('',(13.337516061235,14.495485819009));
#1498 = CARTESIAN_POINT('',(14.636372656733,13.223418257952));
#1499 = CARTESIAN_POINT('',(15.349741174578,12.428472566009));
#1500 = CARTESIAN_POINT('',(16.010971127359,11.588271221152));
#1501 = CARTESIAN_POINT('',(16.616539737432,10.707105277306));
#1502 = CARTESIAN_POINT('',(17.16336771618,9.789598542499));
#1503 = CARTESIAN_POINT('',(18.342393097792,7.485415531947));
#1504 = CARTESIAN_POINT('',(18.910907580072,6.065933111472));
#1505 = CARTESIAN_POINT('',(19.346774556998,4.59701238842));
#1506 = CARTESIAN_POINT('',(19.645006582822,3.094083209224));
#1507 = CARTESIAN_POINT('',(19.802691446745,1.573118199266));
#1508 = CARTESIAN_POINT('',(19.819620800178,5.075477197804E-02));
#1509 = ( GEOMETRIC_REPRESENTATION_CONTEXT(2) 
PARAMETRIC_REPRESENTATION_CONTEXT() REPRESENTATION_CONTEXT('2D SPACE',''
  ) );
#1510 = PCURVE('',#1511,#1530);
#1511 = B_SPLINE_SURFACE_WITH_KNOTS('',8,1,(
    (#1512,#1513)
    ,(#1514,#1515)
    ,(#1516,#1517)
    ,(#1518,#1519)
    ,(#1520,#1521)
    ,(#1522,#1523)
    ,(#1524,#1525)
    ,(#1526,#1527)
    ,(#1528,#1529
    )),.UNSPECIFIED.,.F.,.F.,.F.,(9,9),(2,2),(0.,1.570796326795),(0.,1.)
  ,.PIECEWISE_BEZIER_KNOTS.);
#1512 = CARTESIAN_POINT('',(47.173747019537,13.,36.929498925933));
#1513 = CARTESIAN_POINT('',(49.254692670637,54.,40.562951733242));
#1514 = CARTESIAN_POINT('',(51.047919810036,13.,36.929498925933));
#1515 = CARTESIAN_POINT('',(52.323258241387,54.,38.805527454407));
#1516 = CARTESIAN_POINT('',(54.922093820019,13.,36.060135498939));
#1517 = CARTESIAN_POINT('',(55.128038728767,54.,36.58752024867));
#1518 = CARTESIAN_POINT('',(58.568660646201,13.,34.321417183642));
#1519 = CARTESIAN_POINT('',(57.588387158919,54.,33.955126734256));
#1520 = CARTESIAN_POINT('',(61.760061529831,13.,31.784813436226));
#1521 = CARTESIAN_POINT('',(59.633337265814,54.,30.971474045874));
#1522 = CARTESIAN_POINT('',(64.296665277246,13.,28.593412552598));
#1523 = CARTESIAN_POINT('',(61.206128900434,54.,27.714123776307));
#1524 = CARTESIAN_POINT('',(66.035383592544,13.,24.946845726414));
#1525 = CARTESIAN_POINT('',(62.267665974422,54.,24.270876899734));
#1526 = CARTESIAN_POINT('',(66.904747019537,13.,21.072671716431));
#1527 = CARTESIAN_POINT('',(62.798438244575,54.,20.734688224858));
#1528 = CARTESIAN_POINT('',(66.904747019537,13.,17.198498925933));
#1529 = CARTESIAN_POINT('',(62.798438244575,54.,17.198498925933));
#1530 = DEFINITIONAL_REPRESENTATION('',(#1531),#1554);
#1531 = B_SPLINE_CURVE_WITH_KNOTS('',6,(#1532,#1533,#1534,#1535,#1536,
    #1537,#1538,#1539,#1540,#1541,#1542,#1543,#1544,#1545,#1546,#1547,
    #1548,#1549,#1550,#1551,#1552,#1553),.UNSPECIFIED.,.F.,.F.,(7,5,5,5,
    7),(0.,0.351288435075,0.497356526044,0.704341894582,1.),
  .UNSPECIFIED.);
#1532 = CARTESIAN_POINT('',(1.570796326795,2.439024390244E-02));
#1533 = CARTESIAN_POINT('',(1.47892123411,2.439024390244E-02));
#1534 = CARTESIAN_POINT('',(1.387026714608,2.439024390244E-02));
#1535 = CARTESIAN_POINT('',(1.29515146373,2.439024390244E-02));
#1536 = CARTESIAN_POINT('',(1.203269640322,2.439024390244E-02));
#1537 = CARTESIAN_POINT('',(1.111355186875,2.439024390244E-02));
#1538 = CARTESIAN_POINT('',(0.981230698153,2.439024390244E-02));
#1539 = CARTESIAN_POINT('',(0.943012200147,2.439024390244E-02));
#1540 = CARTESIAN_POINT('',(0.904791129394,2.439024390244E-02));
#1541 = CARTESIAN_POINT('',(0.866567293117,2.439024390244E-02));
#1542 = CARTESIAN_POINT('',(0.828340498438,2.439024390244E-02));
#1543 = CARTESIAN_POINT('',(0.735936917178,2.439024390244E-02));
#1544 = CARTESIAN_POINT('',(0.681755356486,2.439024390244E-02));
#1545 = CARTESIAN_POINT('',(0.627568297025,2.439024390244E-02));
#1546 = CARTESIAN_POINT('',(0.573373429184,2.439024390244E-02));
#1547 = CARTESIAN_POINT('',(0.51916842366,2.439024390244E-02));
#1548 = CARTESIAN_POINT('',(0.387518222749,2.439024390244E-02));
#1549 = CARTESIAN_POINT('',(0.310053653959,2.439024390244E-02));
#1550 = CARTESIAN_POINT('',(0.232578357815,2.439024390244E-02));
#1551 = CARTESIAN_POINT('',(0.155080789233,2.439024390244E-02));
#1552 = CARTESIAN_POINT('',(7.754923119773E-02,2.439024390244E-02));
#1553 = CARTESIAN_POINT('',(0.,2.439024390244E-02));
#1554 = ( GEOMETRIC_REPRESENTATION_CONTEXT(2) 
PARAMETRIC_REPRESENTATION_CONTEXT() REPRESENTATION_CONTEXT('2D SPACE',''
  ) );
#1555 = ORIENTED_EDGE('',*,*,#1556,.T.);
#1556 = EDGE_CURVE('',#1458,#1557,#1559,.T.);
#1557 = VERTEX_POINT('',#1558);
#1558 = CARTESIAN_POINT('',(24.522374697634,14.,37.018119726111));
#1559 = SURFACE_CURVE('',#1560,(#1571,#1585),.PCURVE_S1.);
#1560 = B_SPLINE_CURVE_WITH_KNOTS('',5,(#1561,#1562,#1563,#1564,#1565,
    #1566,#1567,#1568,#1569,#1570),.UNSPECIFIED.,.F.,.F.,(6,4,6),(0.,0.5
    ,1.),.UNSPECIFIED.);
#1561 = CARTESIAN_POINT('',(47.224501791515,14.,37.018119726111));
#1562 = CARTESIAN_POINT('',(44.957362421408,14.,37.052113930414));
#1563 = CARTESIAN_POINT('',(42.68795538758,14.,37.078348058712));
#1564 = CARTESIAN_POINT('',(40.416975034582,14.,37.096091488673));
#1565 = CARTESIAN_POINT('',(38.145206382553,14.,37.104962339235));
#1566 = CARTESIAN_POINT('',(33.601670106595,14.,37.104962339235));
#1567 = CARTESIAN_POINT('',(31.329901454568,14.,37.096091488673));
#1568 = CARTESIAN_POINT('',(29.058921101567,14.,37.078348058712));
#1569 = CARTESIAN_POINT('',(26.789514067741,14.,37.052113930414));
#1570 = CARTESIAN_POINT('',(24.522374697634,14.,37.018119726111));
#1571 = PCURVE('',#103,#1572);
#1572 = DEFINITIONAL_REPRESENTATION('',(#1573),#1584);
#1573 = B_SPLINE_CURVE_WITH_KNOTS('',5,(#1574,#1575,#1576,#1577,#1578,
    #1579,#1580,#1581,#1582,#1583),.UNSPECIFIED.,.F.,.F.,(6,4,6),(0.,0.5
    ,1.),.UNSPECIFIED.);
#1574 = CARTESIAN_POINT('',(19.819620800178,5.075477197803E-02));
#1575 = CARTESIAN_POINT('',(19.853615004482,-2.216384598129));
#1576 = CARTESIAN_POINT('',(19.87984913278,-4.485791631957));
#1577 = CARTESIAN_POINT('',(19.897592562741,-6.756771984955));
#1578 = CARTESIAN_POINT('',(19.906463413303,-9.028540636984));
#1579 = CARTESIAN_POINT('',(19.906463413303,-13.57207691294));
#1580 = CARTESIAN_POINT('',(19.897592562741,-15.84384556496));
#1581 = CARTESIAN_POINT('',(19.87984913278,-18.11482591797));
#1582 = CARTESIAN_POINT('',(19.853615004482,-20.38423295179));
#1583 = CARTESIAN_POINT('',(19.819620800178,-22.6513723219));
#1584 = ( GEOMETRIC_REPRESENTATION_CONTEXT(2) 
PARAMETRIC_REPRESENTATION_CONTEXT() REPRESENTATION_CONTEXT('2D SPACE',''
  ) );
#1585 = PCURVE('',#960,#1586);
#1586 = DEFINITIONAL_REPRESENTATION('',(#1587),#1598);
#1587 = B_SPLINE_CURVE_WITH_KNOTS('',5,(#1588,#1589,#1590,#1591,#1592,
    #1593,#1594,#1595,#1596,#1597),.UNSPECIFIED.,.F.,.F.,(6,4,6),(0.,0.5
    ,1.),.UNSPECIFIED.);
#1588 = CARTESIAN_POINT('',(22.600617549925,2.439024390244E-02));
#1589 = CARTESIAN_POINT('',(20.337639461091,2.439024390244E-02));
#1590 = CARTESIAN_POINT('',(18.076815667904,2.439024390244E-02));
#1591 = CARTESIAN_POINT('',(15.81748354927,2.439024390244E-02));
#1592 = CARTESIAN_POINT('',(13.558895919079,2.439024390244E-02));
#1593 = CARTESIAN_POINT('',(9.041721630845,2.439024390244E-02));
#1594 = CARTESIAN_POINT('',(6.783134000656,2.439024390244E-02));
#1595 = CARTESIAN_POINT('',(4.52380188202,2.439024390244E-02));
#1596 = CARTESIAN_POINT('',(2.262978088834,2.439024390244E-02));
#1597 = CARTESIAN_POINT('',(0.,2.439024390244E-02));
#1598 = ( GEOMETRIC_REPRESENTATION_CONTEXT(2) 
PARAMETRIC_REPRESENTATION_CONTEXT() REPRESENTATION_CONTEXT('2D SPACE',''
  ) );
#1599 = ORIENTED_EDGE('',*,*,#1600,.T.);
#1600 = EDGE_CURVE('',#1557,#1601,#1603,.T.);
#1601 = VERTEX_POINT('',#1602);
#1602 = CARTESIAN_POINT('',(24.522374697634,14.,-2.621121874246));
#1603 = SURFACE_CURVE('',#1604,(#1635,#1669),.PCURVE_S1.);
#1604 = B_SPLINE_CURVE_WITH_KNOTS('',8,(#1605,#1606,#1607,#1608,#1609,
    #1610,#1611,#1612,#1613,#1614,#1615,#1616,#1617,#1618,#1619,#1620,
    #1621,#1622,#1623,#1624,#1625,#1626,#1627,#1628,#1629,#1630,#1631,
    #1632,#1633,#1634),.UNSPECIFIED.,.F.,.F.,(9,7,7,7,9),(0.,
    0.250817267704,0.499999990635,0.750182047306,1.),.UNSPECIFIED.);
#1605 = CARTESIAN_POINT('',(24.522374697634,14.,37.018119726111));
#1606 = CARTESIAN_POINT('',(22.585541173498,14.,36.996581282213));
#1607 = CARTESIAN_POINT('',(20.649903038363,14.,36.758050383276));
#1608 = CARTESIAN_POINT('',(18.745732021044,14.,36.302525246025));
#1609 = CARTESIAN_POINT('',(16.901163143055,14.,35.635595837143));
#1610 = CARTESIAN_POINT('',(15.142827289381,14.,34.766449273693));
#1611 = CARTESIAN_POINT('',(13.495670781218,14.,33.708117995994));
#1612 = CARTESIAN_POINT('',(11.983013993212,14.,32.477159689522));
#1613 = CARTESIAN_POINT('',(9.276982306812,14.,29.722746816008));
#1614 = CARTESIAN_POINT('',(8.079907172286,14.,28.199536815994));
#1615 = CARTESIAN_POINT('',(7.05529027789,14.,26.546584750511));
#1616 = CARTESIAN_POINT('',(6.218845828677,14.,24.78705059507));
#1617 = CARTESIAN_POINT('',(5.582806123294,14.,22.945575421129));
#1618 = CARTESIAN_POINT('',(5.155638548852,14.,21.048325029627));
#1619 = CARTESIAN_POINT('',(4.942283348893,14.,19.122819667047));
#1620 = CARTESIAN_POINT('',(4.942283348893,14.,15.266460801283));
#1621 = CARTESIAN_POINT('',(5.157353287284,14.,13.333214194751));
#1622 = CARTESIAN_POINT('',(5.587961377903,14.,11.428570225972));
#1623 = CARTESIAN_POINT('',(6.229081777008,14.,9.580379126902));
#1624 = CARTESIAN_POINT('',(7.072112440202,14.,7.815112023655));
#1625 = CARTESIAN_POINT('',(8.104626513004,14.,6.157684150181));
#1626 = CARTESIAN_POINT('',(9.310667360561,14.,4.63150235861));
#1627 = CARTESIAN_POINT('',(12.025277434085,14.,1.88554304164));
#1628 = CARTESIAN_POINT('',(13.535101245752,14.,0.663605757888));
#1629 = CARTESIAN_POINT('',(15.177900629347,14.,-0.386751491104));
#1630 = CARTESIAN_POINT('',(16.930598490169,14.,-1.249219677021));
#1631 = CARTESIAN_POINT('',(18.768520687709,14.,-1.910967727238));
#1632 = CARTESIAN_POINT('',(20.665341659395,14.,-2.362950019815));
#1633 = CARTESIAN_POINT('',(22.593258135368,14.,-2.599669246371));
#1634 = CARTESIAN_POINT('',(24.522374697634,14.,-2.621121874246));
#1635 = PCURVE('',#103,#1636);
#1636 = DEFINITIONAL_REPRESENTATION('',(#1637),#1668);
#1637 = B_SPLINE_CURVE_WITH_KNOTS('',8,(#1638,#1639,#1640,#1641,#1642,
    #1643,#1644,#1645,#1646,#1647,#1648,#1649,#1650,#1651,#1652,#1653,
    #1654,#1655,#1656,#1657,#1658,#1659,#1660,#1661,#1662,#1663,#1664,
    #1665,#1666,#1667),.UNSPECIFIED.,.F.,.F.,(9,7,7,7,9),(0.,
    0.250817267704,0.499999990635,0.750182047306,1.),.UNSPECIFIED.);
#1638 = CARTESIAN_POINT('',(19.819620800178,-22.6513723219));
#1639 = CARTESIAN_POINT('',(19.79808235628,-24.58820584603));
#1640 = CARTESIAN_POINT('',(19.559551457343,-26.52384398117));
#1641 = CARTESIAN_POINT('',(19.104026320093,-28.42801499849));
#1642 = CARTESIAN_POINT('',(18.43709691121,-30.27258387648));
#1643 = CARTESIAN_POINT('',(17.56795034776,-32.03091973015));
#1644 = CARTESIAN_POINT('',(16.509619070062,-33.67807623832));
#1645 = CARTESIAN_POINT('',(15.278660763589,-35.19073302632));
#1646 = CARTESIAN_POINT('',(12.524247890076,-37.89676471272));
#1647 = CARTESIAN_POINT('',(11.001037890062,-39.09383984725));
#1648 = CARTESIAN_POINT('',(9.348085824579,-40.11845674164));
#1649 = CARTESIAN_POINT('',(7.588551669138,-40.95490119086));
#1650 = CARTESIAN_POINT('',(5.747076495197,-41.59094089624));
#1651 = CARTESIAN_POINT('',(3.849826103694,-42.01810847068));
#1652 = CARTESIAN_POINT('',(1.924320741115,-42.23146367064));
#1653 = CARTESIAN_POINT('',(-1.93203812465,-42.23146367064));
#1654 = CARTESIAN_POINT('',(-3.865284731182,-42.01639373225));
#1655 = CARTESIAN_POINT('',(-5.769928699961,-41.58578564163));
#1656 = CARTESIAN_POINT('',(-7.618119799031,-40.94466524252));
#1657 = CARTESIAN_POINT('',(-9.383386902277,-40.10163457933));
#1658 = CARTESIAN_POINT('',(-11.04081477575,-39.06912050653));
#1659 = CARTESIAN_POINT('',(-12.56699656732,-37.86307965897));
#1660 = CARTESIAN_POINT('',(-15.31295588429,-35.14846958545));
#1661 = CARTESIAN_POINT('',(-16.53489316804,-33.63864577378));
#1662 = CARTESIAN_POINT('',(-17.58525041703,-31.99584639019));
#1663 = CARTESIAN_POINT('',(-18.44771860295,-30.24314852936));
#1664 = CARTESIAN_POINT('',(-19.10946665317,-28.40522633182));
#1665 = CARTESIAN_POINT('',(-19.56144894574,-26.50840536014));
#1666 = CARTESIAN_POINT('',(-19.7981681723,-24.58048888416));
#1667 = CARTESIAN_POINT('',(-19.81962080017,-22.6513723219));
#1668 = ( GEOMETRIC_REPRESENTATION_CONTEXT(2) 
PARAMETRIC_REPRESENTATION_CONTEXT() REPRESENTATION_CONTEXT('2D SPACE',''
  ) );
#1669 = PCURVE('',#1670,#1695);
#1670 = B_SPLINE_SURFACE_WITH_KNOTS('',11,1,(
    (#1671,#1672)
    ,(#1673,#1674)
    ,(#1675,#1676)
    ,(#1677,#1678)
    ,(#1679,#1680)
    ,(#1681,#1682)
    ,(#1683,#1684)
    ,(#1685,#1686)
    ,(#1687,#1688)
    ,(#1689,#1690)
    ,(#1691,#1692)
    ,(#1693,#1694
    )),.UNSPECIFIED.,.F.,.F.,.F.,(12,12),(2,2),(0.,3.14159265359),(0.,1.
    ),.PIECEWISE_BEZIER_KNOTS.);
#1671 = CARTESIAN_POINT('',(24.573129469612,13.,-2.532501074067));
#1672 = CARTESIAN_POINT('',(22.492183818512,54.,-6.165953881377));
#1673 = CARTESIAN_POINT('',(18.937969047068,13.,-2.532501074068));
#1674 = CARTESIAN_POINT('',(18.028815715603,54.000000000001,
    -3.609700384889));
#1675 = CARTESIAN_POINT('',(13.302809065056,13.000000000001,
    -0.762163179164));
#1676 = CARTESIAN_POINT('',(14.102606460939,53.999999999999,
    -0.115534129113));
#1677 = CARTESIAN_POINT('',(8.285609735611,12.999999999997,
    2.778512194248));
#1678 = CARTESIAN_POINT('',(10.932551682334,54.000000000001,
    4.191127232102));
#1679 = CARTESIAN_POINT('',(4.504356169159,13.000000000004,
    7.846853417143));
#1680 = CARTESIAN_POINT('',(8.70467245813,54.,9.127341438358));
#1681 = CARTESIAN_POINT('',(2.468034963704,12.999999999997,
    13.957502221553));
#1682 = CARTESIAN_POINT('',(7.554838418275,53.999999999999,
    14.462542822397));
#1683 = CARTESIAN_POINT('',(2.468034963716,13.000000000002,
    20.439495630311));
#1684 = CARTESIAN_POINT('',(7.554838418275,54.,19.934455029468));
#1685 = CARTESIAN_POINT('',(4.504356169149,12.999999999999,
    26.550144434724));
#1686 = CARTESIAN_POINT('',(8.70467245813,54.,25.269656413507));
#1687 = CARTESIAN_POINT('',(8.285609735617,13.000000000001,
    31.618485657615));
#1688 = CARTESIAN_POINT('',(10.932551682334,53.999999999999,
    30.205870619763));
#1689 = CARTESIAN_POINT('',(13.302809065054,13.,35.15916103103));
#1690 = CARTESIAN_POINT('',(14.102606460939,54.000000000001,
    34.512531980979));
#1691 = CARTESIAN_POINT('',(18.937969047069,13.,36.929498925933));
#1692 = CARTESIAN_POINT('',(18.028815715603,54.,38.006698236755));
#1693 = CARTESIAN_POINT('',(24.573129469612,13.,36.929498925933));
#1694 = CARTESIAN_POINT('',(22.492183818512,54.,40.562951733242));
#1695 = DEFINITIONAL_REPRESENTATION('',(#1696),#1727);
#1696 = B_SPLINE_CURVE_WITH_KNOTS('',8,(#1697,#1698,#1699,#1700,#1701,
    #1702,#1703,#1704,#1705,#1706,#1707,#1708,#1709,#1710,#1711,#1712,
    #1713,#1714,#1715,#1716,#1717,#1718,#1719,#1720,#1721,#1722,#1723,
    #1724,#1725,#1726),.UNSPECIFIED.,.F.,.F.,(9,7,7,7,9),(0.,
    0.250817267704,0.499999990635,0.750182047306,1.),.UNSPECIFIED.);
#1697 = CARTESIAN_POINT('',(3.14159265359,2.439024390244E-02));
#1698 = CARTESIAN_POINT('',(3.042930305255,2.439024390244E-02));
#1699 = CARTESIAN_POINT('',(2.94424617663,2.439024390244E-02));
#1700 = CARTESIAN_POINT('',(2.845633853616,2.439024390244E-02));
#1701 = CARTESIAN_POINT('',(2.747079707555,2.439024390244E-02));
#1702 = CARTESIAN_POINT('',(2.64855565632,2.439024390244E-02));
#1703 = CARTESIAN_POINT('',(2.550033735579,2.439024390244E-02));
#1704 = CARTESIAN_POINT('',(2.45150153278,2.439024390244E-02));
#1705 = CARTESIAN_POINT('',(2.255245839744,2.439024390244E-02));
#1706 = CARTESIAN_POINT('',(2.157399300135,2.439024390244E-02));
#1707 = CARTESIAN_POINT('',(2.059602742553,2.439024390244E-02));
#1708 = CARTESIAN_POINT('',(1.961843498532,2.439024390244E-02));
#1709 = CARTESIAN_POINT('',(1.864094298907,2.439024390244E-02));
#1710 = CARTESIAN_POINT('',(1.766327917483,2.439024390244E-02));
#1711 = CARTESIAN_POINT('',(1.668532075592,2.439024390244E-02));
#1712 = CARTESIAN_POINT('',(1.4726686141,2.439024390244E-02));
#1713 = CARTESIAN_POINT('',(1.374479599062,2.439024390244E-02));
#1714 = CARTESIAN_POINT('',(1.276320711133,2.439024390244E-02));
#1715 = CARTESIAN_POINT('',(1.178179335565,2.439024390244E-02));
#1716 = CARTESIAN_POINT('',(1.080027795783,2.439024390244E-02));
#1717 = CARTESIAN_POINT('',(0.981838371973,2.439024390244E-02));
#1718 = CARTESIAN_POINT('',(0.883598048797,2.439024390244E-02));
#1719 = CARTESIAN_POINT('',(0.687341193798,2.439024390244E-02));
#1720 = CARTESIAN_POINT('',(0.589201977474,2.439024390244E-02));
#1721 = CARTESIAN_POINT('',(0.491072449172,2.439024390244E-02));
#1722 = CARTESIAN_POINT('',(0.39294053249,2.439024390244E-02));
#1723 = CARTESIAN_POINT('',(0.294778717865,2.439024390244E-02));
#1724 = CARTESIAN_POINT('',(0.196559377805,2.439024390244E-02));
#1725 = CARTESIAN_POINT('',(9.82692461031E-02,2.439024390244E-02));
#1726 = CARTESIAN_POINT('',(0.,2.439024390244E-02));
#1727 = ( GEOMETRIC_REPRESENTATION_CONTEXT(2) 
PARAMETRIC_REPRESENTATION_CONTEXT() REPRESENTATION_CONTEXT('2D SPACE',''
  ) );
#1728 = ORIENTED_EDGE('',*,*,#1729,.T.);
#1729 = EDGE_CURVE('',#1601,#1730,#1732,.T.);
#1730 = VERTEX_POINT('',#1731);
#1731 = CARTESIAN_POINT('',(47.224501791515,14.,-2.621121874246));
#1732 = SURFACE_CURVE('',#1733,(#1744,#1758),.PCURVE_S1.);
#1733 = B_SPLINE_CURVE_WITH_KNOTS('',5,(#1734,#1735,#1736,#1737,#1738,
    #1739,#1740,#1741,#1742,#1743),.UNSPECIFIED.,.F.,.F.,(6,4,6),(0.,0.5
    ,1.),.UNSPECIFIED.);
#1734 = CARTESIAN_POINT('',(24.522374697634,14.,-2.621121874246));
#1735 = CARTESIAN_POINT('',(26.789514067741,14.,-2.655116078549));
#1736 = CARTESIAN_POINT('',(29.058921101568,14.,-2.681350206847));
#1737 = CARTESIAN_POINT('',(31.329901454568,14.,-2.699093636808));
#1738 = CARTESIAN_POINT('',(33.601670106596,14.,-2.70796448737));
#1739 = CARTESIAN_POINT('',(38.145206382554,14.,-2.70796448737));
#1740 = CARTESIAN_POINT('',(40.416975034581,14.,-2.699093636808));
#1741 = CARTESIAN_POINT('',(42.687955387582,14.,-2.681350206847));
#1742 = CARTESIAN_POINT('',(44.957362421408,14.,-2.655116078549));
#1743 = CARTESIAN_POINT('',(47.224501791515,14.,-2.621121874246));
#1744 = PCURVE('',#103,#1745);
#1745 = DEFINITIONAL_REPRESENTATION('',(#1746),#1757);
#1746 = B_SPLINE_CURVE_WITH_KNOTS('',5,(#1747,#1748,#1749,#1750,#1751,
    #1752,#1753,#1754,#1755,#1756),.UNSPECIFIED.,.F.,.F.,(6,4,6),(0.,0.5
    ,1.),.UNSPECIFIED.);
#1747 = CARTESIAN_POINT('',(-19.81962080017,-22.6513723219));
#1748 = CARTESIAN_POINT('',(-19.85361500448,-20.38423295179));
#1749 = CARTESIAN_POINT('',(-19.87984913278,-18.11482591796));
#1750 = CARTESIAN_POINT('',(-19.89759256274,-15.84384556496));
#1751 = CARTESIAN_POINT('',(-19.9064634133,-13.57207691294));
#1752 = CARTESIAN_POINT('',(-19.9064634133,-9.028540636983));
#1753 = CARTESIAN_POINT('',(-19.89759256274,-6.756771984956));
#1754 = CARTESIAN_POINT('',(-19.87984913278,-4.485791631955));
#1755 = CARTESIAN_POINT('',(-19.85361500448,-2.216384598129));
#1756 = CARTESIAN_POINT('',(-19.81962080017,5.075477197804E-02));
#1757 = ( GEOMETRIC_REPRESENTATION_CONTEXT(2) 
PARAMETRIC_REPRESENTATION_CONTEXT() REPRESENTATION_CONTEXT('2D SPACE',''
  ) );
#1758 = PCURVE('',#1759,#1776);
#1759 = B_SPLINE_SURFACE_WITH_KNOTS('',7,1,(
    (#1760,#1761)
    ,(#1762,#1763)
    ,(#1764,#1765)
    ,(#1766,#1767)
    ,(#1768,#1769)
    ,(#1770,#1771)
    ,(#1772,#1773)
    ,(#1774,#1775
    )),.UNSPECIFIED.,.F.,.F.,.F.,(8,8),(2,2),(0.,22.600617549925),(0.,1.
    ),.PIECEWISE_BEZIER_KNOTS.);
#1760 = CARTESIAN_POINT('',(47.173747019537,13.,-2.532501074067));
#1761 = CARTESIAN_POINT('',(49.254692670637,54.,-6.165953881377));
#1762 = CARTESIAN_POINT('',(43.945087369548,13.,-2.532501074067));
#1763 = CARTESIAN_POINT('',(45.782614933125,54.000000000001,
    -8.154477044144));
#1764 = CARTESIAN_POINT('',(40.716427719559,13.,-2.532501074067));
#1765 = CARTESIAN_POINT('',(41.965781569581,53.999999999998,
    -9.541035189666));
#1766 = CARTESIAN_POINT('',(37.487768069569,13.,-2.532501074067));
#1767 = CARTESIAN_POINT('',(37.929430071812,54.000000000003,
    -10.25391523065));
#1768 = CARTESIAN_POINT('',(34.25910841958,13.,-2.532501074067));
#1769 = CARTESIAN_POINT('',(33.817446417338,53.999999999997,
    -10.25391523065));
#1770 = CARTESIAN_POINT('',(31.030448769591,13.,-2.532501074067));
#1771 = CARTESIAN_POINT('',(29.781094919568,54.000000000001,
    -9.541035189667));
#1772 = CARTESIAN_POINT('',(27.801789119601,13.,-2.532501074067));
#1773 = CARTESIAN_POINT('',(25.964261556024,54.,-8.154477044144));
#1774 = CARTESIAN_POINT('',(24.573129469612,13.,-2.532501074067));
#1775 = CARTESIAN_POINT('',(22.492183818512,54.,-6.165953881377));
#1776 = DEFINITIONAL_REPRESENTATION('',(#1777),#1788);
#1777 = B_SPLINE_CURVE_WITH_KNOTS('',5,(#1778,#1779,#1780,#1781,#1782,
    #1783,#1784,#1785,#1786,#1787),.UNSPECIFIED.,.F.,.F.,(6,4,6),(0.,0.5
    ,1.),.UNSPECIFIED.);
#1778 = CARTESIAN_POINT('',(22.600617549925,2.439024390244E-02));
#1779 = CARTESIAN_POINT('',(20.337639461091,2.439024390244E-02));
#1780 = CARTESIAN_POINT('',(18.076815667904,2.439024390244E-02));
#1781 = CARTESIAN_POINT('',(15.817483549269,2.439024390244E-02));
#1782 = CARTESIAN_POINT('',(13.558895919079,2.439024390244E-02));
#1783 = CARTESIAN_POINT('',(9.041721630845,2.439024390244E-02));
#1784 = CARTESIAN_POINT('',(6.783134000656,2.439024390244E-02));
#1785 = CARTESIAN_POINT('',(4.523801882019,2.439024390244E-02));
#1786 = CARTESIAN_POINT('',(2.262978088834,2.439024390244E-02));
#1787 = CARTESIAN_POINT('',(0.,2.439024390244E-02));
#1788 = ( GEOMETRIC_REPRESENTATION_CONTEXT(2) 
PARAMETRIC_REPRESENTATION_CONTEXT() REPRESENTATION_CONTEXT('2D SPACE',''
  ) );
#1789 = ORIENTED_EDGE('',*,*,#1790,.T.);
#1790 = EDGE_CURVE('',#1730,#1456,#1791,.T.);
#1791 = SURFACE_CURVE('',#1792,(#1815,#1841),.PCURVE_S1.);
#1792 = B_SPLINE_CURVE_WITH_KNOTS('',6,(#1793,#1794,#1795,#1796,#1797,
    #1798,#1799,#1800,#1801,#1802,#1803,#1804,#1805,#1806,#1807,#1808,
    #1809,#1810,#1811,#1812,#1813,#1814),.UNSPECIFIED.,.F.,.F.,(7,5,5,5,
    7),(0.,0.295658105418,0.502643473956,0.648711564925,1.),
  .UNSPECIFIED.);
#1793 = CARTESIAN_POINT('',(47.224501791515,14.,-2.621121874246));
#1794 = CARTESIAN_POINT('',(48.746865218802,14.,-2.604192520813));
#1795 = CARTESIAN_POINT('',(50.267830228762,14.,-2.446507656889));
#1796 = CARTESIAN_POINT('',(51.770759407955,14.,-2.148275631066));
#1797 = CARTESIAN_POINT('',(53.23968013101,14.,-1.712408654139));
#1798 = CARTESIAN_POINT('',(54.659162551483,14.,-1.14389417186));
#1799 = CARTESIAN_POINT('',(56.963345562034,14.,3.513120975102E-02));
#1800 = CARTESIAN_POINT('',(57.880852296845,14.,0.581959188503));
#1801 = CARTESIAN_POINT('',(58.762018240683,14.,1.187527798568));
#1802 = CARTESIAN_POINT('',(59.602219585548,14.,1.848757751357));
#1803 = CARTESIAN_POINT('',(60.397165277487,14.,2.562126269197));
#1804 = CARTESIAN_POINT('',(61.669232838545,14.,3.860982864697));
#1805 = CARTESIAN_POINT('',(62.171050066013,14.,4.4223312847));
#1806 = CARTESIAN_POINT('',(62.647026131995,14.,5.006249796891));
#1807 = CARTESIAN_POINT('',(63.095909672148,14.,5.611243427969));
#1808 = CARTESIAN_POINT('',(63.516566417486,14.,6.235727257065));
#1809 = CARTESIAN_POINT('',(64.849312657085,14.,8.422732482635));
#1810 = CARTESIAN_POINT('',(65.621720619412,14.,10.070835432226));
#1811 = CARTESIAN_POINT('',(66.210555135352,14.,11.798495647658));
#1812 = CARTESIAN_POINT('',(66.606630473456,14.,13.580248920714));
#1813 = CARTESIAN_POINT('',(66.804593146977,14.,15.389568737648));
#1814 = CARTESIAN_POINT('',(66.804593146977,14.,17.198498925933));
#1815 = PCURVE('',#103,#1816);
#1816 = DEFINITIONAL_REPRESENTATION('',(#1817),#1840);
#1817 = B_SPLINE_CURVE_WITH_KNOTS('',6,(#1818,#1819,#1820,#1821,#1822,
    #1823,#1824,#1825,#1826,#1827,#1828,#1829,#1830,#1831,#1832,#1833,
    #1834,#1835,#1836,#1837,#1838,#1839),.UNSPECIFIED.,.F.,.F.,(7,5,5,5,
    7),(0.,0.295658105418,0.502643473956,0.648711564925,1.),
  .UNSPECIFIED.);
#1818 = CARTESIAN_POINT('',(-19.81962080017,5.075477197803E-02));
#1819 = CARTESIAN_POINT('',(-19.80269144674,1.573118199265));
#1820 = CARTESIAN_POINT('',(-19.64500658282,3.094083209225));
#1821 = CARTESIAN_POINT('',(-19.34677455699,4.597012388417));
#1822 = CARTESIAN_POINT('',(-18.91090758007,6.065933111473));
#1823 = CARTESIAN_POINT('',(-18.34239309779,7.485415531946));
#1824 = CARTESIAN_POINT('',(-17.16336771618,9.789598542497));
#1825 = CARTESIAN_POINT('',(-16.61653973743,10.707105277308));
#1826 = CARTESIAN_POINT('',(-16.01097112736,11.588271221146));
#1827 = CARTESIAN_POINT('',(-15.34974117457,12.428472566011));
#1828 = CARTESIAN_POINT('',(-14.63637265673,13.22341825795));
#1829 = CARTESIAN_POINT('',(-13.33751606123,14.495485819007));
#1830 = CARTESIAN_POINT('',(-12.77616764123,14.997303046476));
#1831 = CARTESIAN_POINT('',(-12.19224912904,15.473279112458));
#1832 = CARTESIAN_POINT('',(-11.58725549796,15.922162652611));
#1833 = CARTESIAN_POINT('',(-10.96277166886,16.342819397949));
#1834 = CARTESIAN_POINT('',(-8.775766443297,17.675565637548));
#1835 = CARTESIAN_POINT('',(-7.127663493707,18.447973599875));
#1836 = CARTESIAN_POINT('',(-5.400003278275,19.036808115814));
#1837 = CARTESIAN_POINT('',(-3.618250005219,19.432883453919));
#1838 = CARTESIAN_POINT('',(-1.808930188285,19.63084612744));
#1839 = CARTESIAN_POINT('',(7.105427357601E-15,19.63084612744));
#1840 = ( GEOMETRIC_REPRESENTATION_CONTEXT(2) 
PARAMETRIC_REPRESENTATION_CONTEXT() REPRESENTATION_CONTEXT('2D SPACE',''
  ) );
#1841 = PCURVE('',#1842,#1861);
#1842 = B_SPLINE_SURFACE_WITH_KNOTS('',8,1,(
    (#1843,#1844)
    ,(#1845,#1846)
    ,(#1847,#1848)
    ,(#1849,#1850)
    ,(#1851,#1852)
    ,(#1853,#1854)
    ,(#1855,#1856)
    ,(#1857,#1858)
    ,(#1859,#1860
    )),.UNSPECIFIED.,.F.,.F.,.F.,(9,9),(2,2),(1.570796326795,
    3.14159265359),(0.,1.),.PIECEWISE_BEZIER_KNOTS.);
#1843 = CARTESIAN_POINT('',(66.904747019537,13.,17.198498925933));
#1844 = CARTESIAN_POINT('',(62.798438244575,54.,17.198498925933));
#1845 = CARTESIAN_POINT('',(66.904747019537,13.,13.324326135434));
#1846 = CARTESIAN_POINT('',(62.798438244575,54.,13.662309627007));
#1847 = CARTESIAN_POINT('',(66.035383592546,13.,9.450152125451));
#1848 = CARTESIAN_POINT('',(62.267665974422,54.,10.126120952131));
#1849 = CARTESIAN_POINT('',(64.296665277243,13.,5.803585299267));
#1850 = CARTESIAN_POINT('',(61.206128900435,54.,6.682874075558));
#1851 = CARTESIAN_POINT('',(61.760061529834,13.,2.61218441564));
#1852 = CARTESIAN_POINT('',(59.633337265814,54.,3.425523805991));
#1853 = CARTESIAN_POINT('',(58.5686606462,13.,7.558066822324E-02));
#1854 = CARTESIAN_POINT('',(57.588387158919,54.,0.441871117609));
#1855 = CARTESIAN_POINT('',(54.92209382002,13.,-1.663137647074));
#1856 = CARTESIAN_POINT('',(55.128038728767,54.,-2.190522396804));
#1857 = CARTESIAN_POINT('',(51.047919810036,13.,-2.532501074067));
#1858 = CARTESIAN_POINT('',(52.323258241387,54.,-4.408529602542));
#1859 = CARTESIAN_POINT('',(47.173747019537,13.,-2.532501074067));
#1860 = CARTESIAN_POINT('',(49.254692670637,54.,-6.165953881377));
#1861 = DEFINITIONAL_REPRESENTATION('',(#1862),#1885);
#1862 = B_SPLINE_CURVE_WITH_KNOTS('',6,(#1863,#1864,#1865,#1866,#1867,
    #1868,#1869,#1870,#1871,#1872,#1873,#1874,#1875,#1876,#1877,#1878,
    #1879,#1880,#1881,#1882,#1883,#1884),.UNSPECIFIED.,.F.,.F.,(7,5,5,5,
    7),(0.,0.295658105418,0.502643473956,0.648711564925,1.),
  .UNSPECIFIED.);
#1863 = CARTESIAN_POINT('',(3.14159265359,2.439024390244E-02));
#1864 = CARTESIAN_POINT('',(3.064043422392,2.439024390244E-02));
#1865 = CARTESIAN_POINT('',(2.986511864357,2.439024390244E-02));
#1866 = CARTESIAN_POINT('',(2.909014295775,2.439024390244E-02));
#1867 = CARTESIAN_POINT('',(2.83153899963,2.439024390244E-02));
#1868 = CARTESIAN_POINT('',(2.754074430841,2.439024390244E-02));
#1869 = CARTESIAN_POINT('',(2.62242422993,2.439024390244E-02));
#1870 = CARTESIAN_POINT('',(2.568219224406,2.439024390244E-02));
#1871 = CARTESIAN_POINT('',(2.514024356565,2.439024390244E-02));
#1872 = CARTESIAN_POINT('',(2.459837297104,2.439024390244E-02));
#1873 = CARTESIAN_POINT('',(2.405655736412,2.439024390244E-02));
#1874 = CARTESIAN_POINT('',(2.313252155152,2.439024390244E-02));
#1875 = CARTESIAN_POINT('',(2.275025360473,2.439024390244E-02));
#1876 = CARTESIAN_POINT('',(2.236801524196,2.439024390244E-02));
#1877 = CARTESIAN_POINT('',(2.198580453443,2.439024390244E-02));
#1878 = CARTESIAN_POINT('',(2.160361955437,2.439024390244E-02));
#1879 = CARTESIAN_POINT('',(2.030237466715,2.439024390244E-02));
#1880 = CARTESIAN_POINT('',(1.938323013268,2.439024390244E-02));
#1881 = CARTESIAN_POINT('',(1.84644118986,2.439024390244E-02));
#1882 = CARTESIAN_POINT('',(1.754565938982,2.439024390244E-02));
#1883 = CARTESIAN_POINT('',(1.66267141948,2.439024390244E-02));
#1884 = CARTESIAN_POINT('',(1.570796326795,2.439024390244E-02));
#1885 = ( GEOMETRIC_REPRESENTATION_CONTEXT(2) 
PARAMETRIC_REPRESENTATION_CONTEXT() REPRESENTATION_CONTEXT('2D SPACE',''
  ) );
#1886 = ADVANCED_FACE('',(#1887),#437,.T.);
#1887 = FACE_BOUND('',#1888,.T.);
#1888 = EDGE_LOOP('',(#1889,#1890,#1891,#1892));
#1889 = ORIENTED_EDGE('',*,*,#1431,.T.);
#1890 = ORIENTED_EDGE('',*,*,#424,.T.);
#1891 = ORIENTED_EDGE('',*,*,#530,.T.);
#1892 = ORIENTED_EDGE('',*,*,#1893,.F.);
#1893 = EDGE_CURVE('',#1408,#490,#1894,.T.);
#1894 = SURFACE_CURVE('',#1895,(#1898,#1905),.PCURVE_S1.);
#1895 = B_SPLINE_CURVE_WITH_KNOTS('',1,(#1896,#1897),.UNSPECIFIED.,.F.,
  .F.,(2,2),(0.,1.),.PIECEWISE_BEZIER_KNOTS.);
#1896 = CARTESIAN_POINT('',(47.173747019537,14.,-4.182501074067));
#1897 = CARTESIAN_POINT('',(49.225750447324,54.,-8.06503969874));
#1898 = PCURVE('',#437,#1899);
#1899 = DEFINITIONAL_REPRESENTATION('',(#1900),#1904);
#1900 = LINE('',#1901,#1902);
#1901 = CARTESIAN_POINT('',(0.,0.));
#1902 = VECTOR('',#1903,1.);
#1903 = DIRECTION('',(0.,1.));
#1904 = ( GEOMETRIC_REPRESENTATION_CONTEXT(2) 
PARAMETRIC_REPRESENTATION_CONTEXT() REPRESENTATION_CONTEXT('2D SPACE',''
  ) );
#1905 = PCURVE('',#505,#1906);
#1906 = DEFINITIONAL_REPRESENTATION('',(#1907),#1911);
#1907 = LINE('',#1908,#1909);
#1908 = CARTESIAN_POINT('',(3.14159265359,0.));
#1909 = VECTOR('',#1910,1.);
#1910 = DIRECTION('',(0.,1.));
#1911 = ( GEOMETRIC_REPRESENTATION_CONTEXT(2) 
PARAMETRIC_REPRESENTATION_CONTEXT() REPRESENTATION_CONTEXT('2D SPACE',''
  ) );
#1912 = ADVANCED_FACE('',(#1913,#1916),#859,.F.);
#1913 = FACE_BOUND('',#1914,.F.);
#1914 = EDGE_LOOP('',(#1915));
#1915 = ORIENTED_EDGE('',*,*,#844,.T.);
#1916 = FACE_BOUND('',#1917,.F.);
#1917 = EDGE_LOOP('',(#1918));
#1918 = ORIENTED_EDGE('',*,*,#1919,.F.);
#1919 = EDGE_CURVE('',#1920,#1920,#1922,.T.);
#1920 = VERTEX_POINT('',#1921);
#1921 = CARTESIAN_POINT('',(62.798438244575,168.,17.198498925933));
#1922 = SURFACE_CURVE('',#1923,(#1928,#1935),.PCURVE_S1.);
#1923 = CIRCLE('',#1924,26.925);
#1924 = AXIS2_PLACEMENT_3D('',#1925,#1926,#1927);
#1925 = CARTESIAN_POINT('',(35.873438244575,168.,17.198498925933));
#1926 = DIRECTION('',(0.,-1.,0.));
#1927 = DIRECTION('',(1.,0.,0.));
#1928 = PCURVE('',#859,#1929);
#1929 = DEFINITIONAL_REPRESENTATION('',(#1930),#1934);
#1930 = CIRCLE('',#1931,26.925);
#1931 = AXIS2_PLACEMENT_2D('',#1932,#1933);
#1932 = CARTESIAN_POINT('',(0.,0.));
#1933 = DIRECTION('',(0.,1.));
#1934 = ( GEOMETRIC_REPRESENTATION_CONTEXT(2) 
PARAMETRIC_REPRESENTATION_CONTEXT() REPRESENTATION_CONTEXT('2D SPACE',''
  ) );
#1935 = PCURVE('',#1161,#1936);
#1936 = DEFINITIONAL_REPRESENTATION('',(#1937),#1941);
#1937 = LINE('',#1938,#1939);
#1938 = CARTESIAN_POINT('',(0.,-114.));
#1939 = VECTOR('',#1940,1.);
#1940 = DIRECTION('',(1.,0.));
#1941 = ( GEOMETRIC_REPRESENTATION_CONTEXT(2) 
PARAMETRIC_REPRESENTATION_CONTEXT() REPRESENTATION_CONTEXT('2D SPACE',''
  ) );
#1942 = ADVANCED_FACE('',(#1943),#505,.T.);
#1943 = FACE_BOUND('',#1944,.T.);
#1944 = EDGE_LOOP('',(#1945,#1946,#1947,#1948));
#1945 = ORIENTED_EDGE('',*,*,#1407,.T.);
#1946 = ORIENTED_EDGE('',*,*,#1893,.T.);
#1947 = ORIENTED_EDGE('',*,*,#489,.T.);
#1948 = ORIENTED_EDGE('',*,*,#1380,.F.);
#1949 = ADVANCED_FACE('',(#1950),#960,.F.);
#1950 = FACE_BOUND('',#1951,.F.);
#1951 = EDGE_LOOP('',(#1952,#1974,#1975,#1997,#2017,#2018,#2019));
#1952 = ORIENTED_EDGE('',*,*,#1953,.F.);
#1953 = EDGE_CURVE('',#1557,#1954,#1956,.T.);
#1954 = VERTEX_POINT('',#1955);
#1955 = CARTESIAN_POINT('',(22.492183818512,54.,40.562951733242));
#1956 = SURFACE_CURVE('',#1957,(#1960,#1967),.PCURVE_S1.);
#1957 = B_SPLINE_CURVE_WITH_KNOTS('',1,(#1958,#1959),.UNSPECIFIED.,.F.,
  .F.,(2,2),(0.,1.),.PIECEWISE_BEZIER_KNOTS.);
#1958 = CARTESIAN_POINT('',(24.573129469612,13.,36.929498925933));
#1959 = CARTESIAN_POINT('',(22.492183818512,54.,40.562951733242));
#1960 = PCURVE('',#960,#1961);
#1961 = DEFINITIONAL_REPRESENTATION('',(#1962),#1966);
#1962 = LINE('',#1963,#1964);
#1963 = CARTESIAN_POINT('',(0.,0.));
#1964 = VECTOR('',#1965,1.);
#1965 = DIRECTION('',(0.,1.));
#1966 = ( GEOMETRIC_REPRESENTATION_CONTEXT(2) 
PARAMETRIC_REPRESENTATION_CONTEXT() REPRESENTATION_CONTEXT('2D SPACE',''
  ) );
#1967 = PCURVE('',#1670,#1968);
#1968 = DEFINITIONAL_REPRESENTATION('',(#1969),#1973);
#1969 = LINE('',#1970,#1971);
#1970 = CARTESIAN_POINT('',(3.14159265359,0.));
#1971 = VECTOR('',#1972,1.);
#1972 = DIRECTION('',(0.,1.));
#1973 = ( GEOMETRIC_REPRESENTATION_CONTEXT(2) 
PARAMETRIC_REPRESENTATION_CONTEXT() REPRESENTATION_CONTEXT('2D SPACE',''
  ) );
#1974 = ORIENTED_EDGE('',*,*,#1556,.F.);
#1975 = ORIENTED_EDGE('',*,*,#1976,.T.);
#1976 = EDGE_CURVE('',#1458,#1977,#1979,.T.);
#1977 = VERTEX_POINT('',#1978);
#1978 = CARTESIAN_POINT('',(49.254692670637,54.,40.562951733242));
#1979 = SURFACE_CURVE('',#1980,(#1983,#1990),.PCURVE_S1.);
#1980 = B_SPLINE_CURVE_WITH_KNOTS('',1,(#1981,#1982),.UNSPECIFIED.,.F.,
  .F.,(2,2),(0.,1.),.PIECEWISE_BEZIER_KNOTS.);
#1981 = CARTESIAN_POINT('',(47.173747019537,13.,36.929498925933));
#1982 = CARTESIAN_POINT('',(49.254692670637,54.,40.562951733242));
#1983 = PCURVE('',#960,#1984);
#1984 = DEFINITIONAL_REPRESENTATION('',(#1985),#1989);
#1985 = LINE('',#1986,#1987);
#1986 = CARTESIAN_POINT('',(22.600617549925,0.));
#1987 = VECTOR('',#1988,1.);
#1988 = DIRECTION('',(0.,1.));
#1989 = ( GEOMETRIC_REPRESENTATION_CONTEXT(2) 
PARAMETRIC_REPRESENTATION_CONTEXT() REPRESENTATION_CONTEXT('2D SPACE',''
  ) );
#1990 = PCURVE('',#1511,#1991);
#1991 = DEFINITIONAL_REPRESENTATION('',(#1992),#1996);
#1992 = LINE('',#1993,#1994);
#1993 = CARTESIAN_POINT('',(0.,0.));
#1994 = VECTOR('',#1995,1.);
#1995 = DIRECTION('',(0.,1.));
#1996 = ( GEOMETRIC_REPRESENTATION_CONTEXT(2) 
PARAMETRIC_REPRESENTATION_CONTEXT() REPRESENTATION_CONTEXT('2D SPACE',''
  ) );
#1997 = ORIENTED_EDGE('',*,*,#1998,.T.);
#1998 = EDGE_CURVE('',#1977,#899,#1999,.T.);
#1999 = SURFACE_CURVE('',#2000,(#2005,#2011),.PCURVE_S1.);
#2000 = CIRCLE('',#2001,26.925);
#2001 = AXIS2_PLACEMENT_3D('',#2002,#2003,#2004);
#2002 = CARTESIAN_POINT('',(35.873438244575,54.,17.198498925933));
#2003 = DIRECTION('',(0.,-1.,0.));
#2004 = DIRECTION('',(1.,0.,0.));
#2005 = PCURVE('',#960,#2006);
#2006 = DEFINITIONAL_REPRESENTATION('',(#2007),#2010);
#2007 = B_SPLINE_CURVE_WITH_KNOTS('',1,(#2008,#2009),.UNSPECIFIED.,.F.,
  .F.,(2,2),(1.050678343228,2.090914310362),.PIECEWISE_BEZIER_KNOTS.);
#2008 = CARTESIAN_POINT('',(22.600617549925,1.));
#2009 = CARTESIAN_POINT('',(0.,1.));
#2010 = ( GEOMETRIC_REPRESENTATION_CONTEXT(2) 
PARAMETRIC_REPRESENTATION_CONTEXT() REPRESENTATION_CONTEXT('2D SPACE',''
  ) );
#2011 = PCURVE('',#1161,#2012);
#2012 = DEFINITIONAL_REPRESENTATION('',(#2013),#2016);
#2013 = B_SPLINE_CURVE_WITH_KNOTS('',1,(#2014,#2015),.UNSPECIFIED.,.F.,
  .F.,(2,2),(1.050678343228,2.090914310362),.PIECEWISE_BEZIER_KNOTS.);
#2014 = CARTESIAN_POINT('',(1.050678343228,0.));
#2015 = CARTESIAN_POINT('',(2.090914310362,0.));
#2016 = ( GEOMETRIC_REPRESENTATION_CONTEXT(2) 
PARAMETRIC_REPRESENTATION_CONTEXT() REPRESENTATION_CONTEXT('2D SPACE',''
  ) );
#2017 = ORIENTED_EDGE('',*,*,#898,.T.);
#2018 = ORIENTED_EDGE('',*,*,#1242,.T.);
#2019 = ORIENTED_EDGE('',*,*,#2020,.T.);
#2020 = EDGE_CURVE('',#1008,#1954,#2021,.T.);
#2021 = SURFACE_CURVE('',#2022,(#2027,#2033),.PCURVE_S1.);
#2022 = CIRCLE('',#2023,26.925);
#2023 = AXIS2_PLACEMENT_3D('',#2024,#2025,#2026);
#2024 = CARTESIAN_POINT('',(35.873438244575,54.,17.198498925933));
#2025 = DIRECTION('',(0.,-1.,0.));
#2026 = DIRECTION('',(1.,0.,0.));
#2027 = PCURVE('',#960,#2028);
#2028 = DEFINITIONAL_REPRESENTATION('',(#2029),#2032);
#2029 = B_SPLINE_CURVE_WITH_KNOTS('',1,(#2030,#2031),.UNSPECIFIED.,.F.,
  .F.,(2,2),(1.050678343228,2.090914310362),.PIECEWISE_BEZIER_KNOTS.);
#2030 = CARTESIAN_POINT('',(22.600617549925,1.));
#2031 = CARTESIAN_POINT('',(0.,1.));
#2032 = ( GEOMETRIC_REPRESENTATION_CONTEXT(2) 
PARAMETRIC_REPRESENTATION_CONTEXT() REPRESENTATION_CONTEXT('2D SPACE',''
  ) );
#2033 = PCURVE('',#1161,#2034);
#2034 = DEFINITIONAL_REPRESENTATION('',(#2035),#2038);
#2035 = B_SPLINE_CURVE_WITH_KNOTS('',1,(#2036,#2037),.UNSPECIFIED.,.F.,
  .F.,(2,2),(1.050678343228,2.090914310362),.PIECEWISE_BEZIER_KNOTS.);
#2036 = CARTESIAN_POINT('',(1.050678343228,0.));
#2037 = CARTESIAN_POINT('',(2.090914310362,0.));
#2038 = ( GEOMETRIC_REPRESENTATION_CONTEXT(2) 
PARAMETRIC_REPRESENTATION_CONTEXT() REPRESENTATION_CONTEXT('2D SPACE',''
  ) );
#2039 = ADVANCED_FACE('',(#2040),#1161,.F.);
#2040 = FACE_BOUND('',#2041,.F.);
#2041 = EDGE_LOOP('',(#2042,#2065,#2087,#2109,#2129,#2130,#2131,#2132,
    #2152,#2153));
#2042 = ORIENTED_EDGE('',*,*,#2043,.F.);
#2043 = EDGE_CURVE('',#2044,#1920,#2046,.T.);
#2044 = VERTEX_POINT('',#2045);
#2045 = CARTESIAN_POINT('',(62.798438244575,54.,17.198498925933));
#2046 = SEAM_CURVE('',#2047,(#2051,#2058),.PCURVE_S1.);
#2047 = LINE('',#2048,#2049);
#2048 = CARTESIAN_POINT('',(62.798438244575,54.,17.198498925933));
#2049 = VECTOR('',#2050,1.);
#2050 = DIRECTION('',(-0.,1.,-0.));
#2051 = PCURVE('',#1161,#2052);
#2052 = DEFINITIONAL_REPRESENTATION('',(#2053),#2057);
#2053 = LINE('',#2054,#2055);
#2054 = CARTESIAN_POINT('',(6.28318530718,0.));
#2055 = VECTOR('',#2056,1.);
#2056 = DIRECTION('',(0.,-1.));
#2057 = ( GEOMETRIC_REPRESENTATION_CONTEXT(2) 
PARAMETRIC_REPRESENTATION_CONTEXT() REPRESENTATION_CONTEXT('2D SPACE',''
  ) );
#2058 = PCURVE('',#1161,#2059);
#2059 = DEFINITIONAL_REPRESENTATION('',(#2060),#2064);
#2060 = LINE('',#2061,#2062);
#2061 = CARTESIAN_POINT('',(0.,0.));
#2062 = VECTOR('',#2063,1.);
#2063 = DIRECTION('',(0.,-1.));
#2064 = ( GEOMETRIC_REPRESENTATION_CONTEXT(2) 
PARAMETRIC_REPRESENTATION_CONTEXT() REPRESENTATION_CONTEXT('2D SPACE',''
  ) );
#2065 = ORIENTED_EDGE('',*,*,#2066,.F.);
#2066 = EDGE_CURVE('',#2067,#2044,#2069,.T.);
#2067 = VERTEX_POINT('',#2068);
#2068 = CARTESIAN_POINT('',(49.254692670637,54.,-6.165953881377));
#2069 = SURFACE_CURVE('',#2070,(#2075,#2081),.PCURVE_S1.);
#2070 = CIRCLE('',#2071,26.925);
#2071 = AXIS2_PLACEMENT_3D('',#2072,#2073,#2074);
#2072 = CARTESIAN_POINT('',(35.873438244575,54.,17.198498925933));
#2073 = DIRECTION('',(0.,-1.,0.));
#2074 = DIRECTION('',(1.,0.,0.));
#2075 = PCURVE('',#1161,#2076);
#2076 = DEFINITIONAL_REPRESENTATION('',(#2077),#2080);
#2077 = B_SPLINE_CURVE_WITH_KNOTS('',1,(#2078,#2079),.UNSPECIFIED.,.F.,
  .F.,(2,2),(5.232506963952,6.28318530718),.PIECEWISE_BEZIER_KNOTS.);
#2078 = CARTESIAN_POINT('',(5.232506963952,0.));
#2079 = CARTESIAN_POINT('',(6.28318530718,0.));
#2080 = ( GEOMETRIC_REPRESENTATION_CONTEXT(2) 
PARAMETRIC_REPRESENTATION_CONTEXT() REPRESENTATION_CONTEXT('2D SPACE',''
  ) );
#2081 = PCURVE('',#1842,#2082);
#2082 = DEFINITIONAL_REPRESENTATION('',(#2083),#2086);
#2083 = B_SPLINE_CURVE_WITH_KNOTS('',1,(#2084,#2085),.UNSPECIFIED.,.F.,
  .F.,(2,2),(5.232506963952,6.28318530718),.PIECEWISE_BEZIER_KNOTS.);
#2084 = CARTESIAN_POINT('',(3.14159265359,1.));
#2085 = CARTESIAN_POINT('',(1.570796326795,1.));
#2086 = ( GEOMETRIC_REPRESENTATION_CONTEXT(2) 
PARAMETRIC_REPRESENTATION_CONTEXT() REPRESENTATION_CONTEXT('2D SPACE',''
  ) );
#2087 = ORIENTED_EDGE('',*,*,#2088,.F.);
#2088 = EDGE_CURVE('',#2089,#2067,#2091,.T.);
#2089 = VERTEX_POINT('',#2090);
#2090 = CARTESIAN_POINT('',(22.492183818512,54.,-6.165953881377));
#2091 = SURFACE_CURVE('',#2092,(#2097,#2103),.PCURVE_S1.);
#2092 = CIRCLE('',#2093,26.925);
#2093 = AXIS2_PLACEMENT_3D('',#2094,#2095,#2096);
#2094 = CARTESIAN_POINT('',(35.873438244575,54.,17.198498925933));
#2095 = DIRECTION('',(0.,-1.,0.));
#2096 = DIRECTION('',(1.,0.,0.));
#2097 = PCURVE('',#1161,#2098);
#2098 = DEFINITIONAL_REPRESENTATION('',(#2099),#2102);
#2099 = B_SPLINE_CURVE_WITH_KNOTS('',1,(#2100,#2101),.UNSPECIFIED.,.F.,
  .F.,(2,2),(4.192270996817,5.232506963952),.PIECEWISE_BEZIER_KNOTS.);
#2100 = CARTESIAN_POINT('',(4.192270996817,0.));
#2101 = CARTESIAN_POINT('',(5.232506963952,0.));
#2102 = ( GEOMETRIC_REPRESENTATION_CONTEXT(2) 
PARAMETRIC_REPRESENTATION_CONTEXT() REPRESENTATION_CONTEXT('2D SPACE',''
  ) );
#2103 = PCURVE('',#1759,#2104);
#2104 = DEFINITIONAL_REPRESENTATION('',(#2105),#2108);
#2105 = B_SPLINE_CURVE_WITH_KNOTS('',1,(#2106,#2107),.UNSPECIFIED.,.F.,
  .F.,(2,2),(4.192270996817,5.232506963952),.PIECEWISE_BEZIER_KNOTS.);
#2106 = CARTESIAN_POINT('',(22.600617549925,1.));
#2107 = CARTESIAN_POINT('',(0.,1.));
#2108 = ( GEOMETRIC_REPRESENTATION_CONTEXT(2) 
PARAMETRIC_REPRESENTATION_CONTEXT() REPRESENTATION_CONTEXT('2D SPACE',''
  ) );
#2109 = ORIENTED_EDGE('',*,*,#2110,.F.);
#2110 = EDGE_CURVE('',#1954,#2089,#2111,.T.);
#2111 = SURFACE_CURVE('',#2112,(#2117,#2123),.PCURVE_S1.);
#2112 = CIRCLE('',#2113,26.925);
#2113 = AXIS2_PLACEMENT_3D('',#2114,#2115,#2116);
#2114 = CARTESIAN_POINT('',(35.873438244575,54.,17.198498925933));
#2115 = DIRECTION('',(0.,-1.,0.));
#2116 = DIRECTION('',(1.,0.,0.));
#2117 = PCURVE('',#1161,#2118);
#2118 = DEFINITIONAL_REPRESENTATION('',(#2119),#2122);
#2119 = B_SPLINE_CURVE_WITH_KNOTS('',1,(#2120,#2121),.UNSPECIFIED.,.F.,
  .F.,(2,2),(2.090914310362,4.192270996817),.PIECEWISE_BEZIER_KNOTS.);
#2120 = CARTESIAN_POINT('',(2.090914310362,0.));
#2121 = CARTESIAN_POINT('',(4.192270996817,0.));
#2122 = ( GEOMETRIC_REPRESENTATION_CONTEXT(2) 
PARAMETRIC_REPRESENTATION_CONTEXT() REPRESENTATION_CONTEXT('2D SPACE',''
  ) );
#2123 = PCURVE('',#1670,#2124);
#2124 = DEFINITIONAL_REPRESENTATION('',(#2125),#2128);
#2125 = B_SPLINE_CURVE_WITH_KNOTS('',1,(#2126,#2127),.UNSPECIFIED.,.F.,
  .F.,(2,2),(2.090914310362,4.192270996817),.PIECEWISE_BEZIER_KNOTS.);
#2126 = CARTESIAN_POINT('',(3.14159265359,1.));
#2127 = CARTESIAN_POINT('',(0.,1.));
#2128 = ( GEOMETRIC_REPRESENTATION_CONTEXT(2) 
PARAMETRIC_REPRESENTATION_CONTEXT() REPRESENTATION_CONTEXT('2D SPACE',''
  ) );
#2129 = ORIENTED_EDGE('',*,*,#2020,.F.);
#2130 = ORIENTED_EDGE('',*,*,#1007,.F.);
#2131 = ORIENTED_EDGE('',*,*,#1998,.F.);
#2132 = ORIENTED_EDGE('',*,*,#2133,.F.);
#2133 = EDGE_CURVE('',#2044,#1977,#2134,.T.);
#2134 = SURFACE_CURVE('',#2135,(#2140,#2146),.PCURVE_S1.);
#2135 = CIRCLE('',#2136,26.925);
#2136 = AXIS2_PLACEMENT_3D('',#2137,#2138,#2139);
#2137 = CARTESIAN_POINT('',(35.873438244575,54.,17.198498925933));
#2138 = DIRECTION('',(0.,-1.,0.));
#2139 = DIRECTION('',(1.,0.,0.));
#2140 = PCURVE('',#1161,#2141);
#2141 = DEFINITIONAL_REPRESENTATION('',(#2142),#2145);
#2142 = B_SPLINE_CURVE_WITH_KNOTS('',1,(#2143,#2144),.UNSPECIFIED.,.F.,
  .F.,(2,2),(0.,1.050678343228),.PIECEWISE_BEZIER_KNOTS.);
#2143 = CARTESIAN_POINT('',(0.,0.));
#2144 = CARTESIAN_POINT('',(1.050678343228,0.));
#2145 = ( GEOMETRIC_REPRESENTATION_CONTEXT(2) 
PARAMETRIC_REPRESENTATION_CONTEXT() REPRESENTATION_CONTEXT('2D SPACE',''
  ) );
#2146 = PCURVE('',#1511,#2147);
#2147 = DEFINITIONAL_REPRESENTATION('',(#2148),#2151);
#2148 = B_SPLINE_CURVE_WITH_KNOTS('',1,(#2149,#2150),.UNSPECIFIED.,.F.,
  .F.,(2,2),(0.,1.050678343228),.PIECEWISE_BEZIER_KNOTS.);
#2149 = CARTESIAN_POINT('',(1.570796326795,1.));
#2150 = CARTESIAN_POINT('',(0.,1.));
#2151 = ( GEOMETRIC_REPRESENTATION_CONTEXT(2) 
PARAMETRIC_REPRESENTATION_CONTEXT() REPRESENTATION_CONTEXT('2D SPACE',''
  ) );
#2152 = ORIENTED_EDGE('',*,*,#2043,.T.);
#2153 = ORIENTED_EDGE('',*,*,#1919,.T.);
#2154 = ADVANCED_FACE('',(#2155),#1511,.F.);
#2155 = FACE_BOUND('',#2156,.F.);
#2156 = EDGE_LOOP('',(#2157,#2158,#2159,#2179));
#2157 = ORIENTED_EDGE('',*,*,#1976,.F.);
#2158 = ORIENTED_EDGE('',*,*,#1455,.F.);
#2159 = ORIENTED_EDGE('',*,*,#2160,.T.);
#2160 = EDGE_CURVE('',#1456,#2044,#2161,.T.);
#2161 = SURFACE_CURVE('',#2162,(#2165,#2172),.PCURVE_S1.);
#2162 = B_SPLINE_CURVE_WITH_KNOTS('',1,(#2163,#2164),.UNSPECIFIED.,.F.,
  .F.,(2,2),(0.,1.),.PIECEWISE_BEZIER_KNOTS.);
#2163 = CARTESIAN_POINT('',(66.904747019537,13.,17.198498925933));
#2164 = CARTESIAN_POINT('',(62.798438244575,54.,17.198498925933));
#2165 = PCURVE('',#1511,#2166);
#2166 = DEFINITIONAL_REPRESENTATION('',(#2167),#2171);
#2167 = LINE('',#2168,#2169);
#2168 = CARTESIAN_POINT('',(1.570796326795,0.));
#2169 = VECTOR('',#2170,1.);
#2170 = DIRECTION('',(0.,1.));
#2171 = ( GEOMETRIC_REPRESENTATION_CONTEXT(2) 
PARAMETRIC_REPRESENTATION_CONTEXT() REPRESENTATION_CONTEXT('2D SPACE',''
  ) );
#2172 = PCURVE('',#1842,#2173);
#2173 = DEFINITIONAL_REPRESENTATION('',(#2174),#2178);
#2174 = LINE('',#2175,#2176);
#2175 = CARTESIAN_POINT('',(1.570796326795,0.));
#2176 = VECTOR('',#2177,1.);
#2177 = DIRECTION('',(0.,1.));
#2178 = ( GEOMETRIC_REPRESENTATION_CONTEXT(2) 
PARAMETRIC_REPRESENTATION_CONTEXT() REPRESENTATION_CONTEXT('2D SPACE',''
  ) );
#2179 = ORIENTED_EDGE('',*,*,#2133,.T.);
#2180 = ADVANCED_FACE('',(#2181),#1842,.F.);
#2181 = FACE_BOUND('',#2182,.F.);
#2182 = EDGE_LOOP('',(#2183,#2184,#2185,#2205));
#2183 = ORIENTED_EDGE('',*,*,#2160,.F.);
#2184 = ORIENTED_EDGE('',*,*,#1790,.F.);
#2185 = ORIENTED_EDGE('',*,*,#2186,.T.);
#2186 = EDGE_CURVE('',#1730,#2067,#2187,.T.);
#2187 = SURFACE_CURVE('',#2188,(#2191,#2198),.PCURVE_S1.);
#2188 = B_SPLINE_CURVE_WITH_KNOTS('',1,(#2189,#2190),.UNSPECIFIED.,.F.,
  .F.,(2,2),(0.,1.),.PIECEWISE_BEZIER_KNOTS.);
#2189 = CARTESIAN_POINT('',(47.173747019537,13.,-2.532501074067));
#2190 = CARTESIAN_POINT('',(49.254692670637,54.,-6.165953881377));
#2191 = PCURVE('',#1842,#2192);
#2192 = DEFINITIONAL_REPRESENTATION('',(#2193),#2197);
#2193 = LINE('',#2194,#2195);
#2194 = CARTESIAN_POINT('',(3.14159265359,0.));
#2195 = VECTOR('',#2196,1.);
#2196 = DIRECTION('',(0.,1.));
#2197 = ( GEOMETRIC_REPRESENTATION_CONTEXT(2) 
PARAMETRIC_REPRESENTATION_CONTEXT() REPRESENTATION_CONTEXT('2D SPACE',''
  ) );
#2198 = PCURVE('',#1759,#2199);
#2199 = DEFINITIONAL_REPRESENTATION('',(#2200),#2204);
#2200 = LINE('',#2201,#2202);
#2201 = CARTESIAN_POINT('',(0.,0.));
#2202 = VECTOR('',#2203,1.);
#2203 = DIRECTION('',(0.,1.));
#2204 = ( GEOMETRIC_REPRESENTATION_CONTEXT(2) 
PARAMETRIC_REPRESENTATION_CONTEXT() REPRESENTATION_CONTEXT('2D SPACE',''
  ) );
#2205 = ORIENTED_EDGE('',*,*,#2066,.T.);
#2206 = ADVANCED_FACE('',(#2207),#1759,.F.);
#2207 = FACE_BOUND('',#2208,.F.);
#2208 = EDGE_LOOP('',(#2209,#2210,#2211,#2231));
#2209 = ORIENTED_EDGE('',*,*,#2186,.F.);
#2210 = ORIENTED_EDGE('',*,*,#1729,.F.);
#2211 = ORIENTED_EDGE('',*,*,#2212,.T.);
#2212 = EDGE_CURVE('',#1601,#2089,#2213,.T.);
#2213 = SURFACE_CURVE('',#2214,(#2217,#2224),.PCURVE_S1.);
#2214 = B_SPLINE_CURVE_WITH_KNOTS('',1,(#2215,#2216),.UNSPECIFIED.,.F.,
  .F.,(2,2),(0.,1.),.PIECEWISE_BEZIER_KNOTS.);
#2215 = CARTESIAN_POINT('',(24.573129469612,13.,-2.532501074067));
#2216 = CARTESIAN_POINT('',(22.492183818512,54.,-6.165953881377));
#2217 = PCURVE('',#1759,#2218);
#2218 = DEFINITIONAL_REPRESENTATION('',(#2219),#2223);
#2219 = LINE('',#2220,#2221);
#2220 = CARTESIAN_POINT('',(22.600617549925,0.));
#2221 = VECTOR('',#2222,1.);
#2222 = DIRECTION('',(0.,1.));
#2223 = ( GEOMETRIC_REPRESENTATION_CONTEXT(2) 
PARAMETRIC_REPRESENTATION_CONTEXT() REPRESENTATION_CONTEXT('2D SPACE',''
  ) );
#2224 = PCURVE('',#1670,#2225);
#2225 = DEFINITIONAL_REPRESENTATION('',(#2226),#2230);
#2226 = LINE('',#2227,#2228);
#2227 = CARTESIAN_POINT('',(0.,0.));
#2228 = VECTOR('',#2229,1.);
#2229 = DIRECTION('',(0.,1.));
#2230 = ( GEOMETRIC_REPRESENTATION_CONTEXT(2) 
PARAMETRIC_REPRESENTATION_CONTEXT() REPRESENTATION_CONTEXT('2D SPACE',''
  ) );
#2231 = ORIENTED_EDGE('',*,*,#2088,.T.);
#2232 = ADVANCED_FACE('',(#2233),#1670,.F.);
#2233 = FACE_BOUND('',#2234,.F.);
#2234 = EDGE_LOOP('',(#2235,#2236,#2237,#2238));
#2235 = ORIENTED_EDGE('',*,*,#2212,.F.);
#2236 = ORIENTED_EDGE('',*,*,#1600,.F.);
#2237 = ORIENTED_EDGE('',*,*,#1953,.T.);
#2238 = ORIENTED_EDGE('',*,*,#2110,.T.);
#2239 = ( GEOMETRIC_REPRESENTATION_CONTEXT(3) 
GLOBAL_UNCERTAINTY_ASSIGNED_CONTEXT((#2243)) 
GLOBAL_UNIT_ASSIGNED_CONTEXT((#2240,#2241,#2242)) REPRESENTATION_CONTEXT
('Context #1','3D Context with UNIT and UNCERTAINTY') );
#2240 = ( LENGTH_UNIT() NAMED_UNIT(*) SI_UNIT(.MILLI.,.METRE.) );
#2241 = ( NAMED_UNIT(*) PLANE_ANGLE_UNIT() SI_UNIT($,.RADIAN.) );
#2242 = ( NAMED_UNIT(*) SI_UNIT($,.STERADIAN.) SOLID_ANGLE_UNIT() );
#2243 = UNCERTAINTY_MEASURE_WITH_UNIT(LENGTH_MEASURE(2.E-06),#2240,
  'distance_accuracy_value','confusion accuracy');
#2244 = PRODUCT_RELATED_PRODUCT_CATEGORY('part',$,(#7));
ENDSEC;
END-ISO-10303-21;
