ISO-10303-21;
HEADER;
FILE_DESCRIPTION(('Open CASCADE Model'),'2;1');
FILE_NAME('Open CASCADE Shape Model','2026-10-04T18:34:10',('Author'),(
    'Open CASCADE'),'Open CASCADE STEP processor 7.9','Open CASCADE 7.9'
  ,'Unknown');
FILE_SCHEMA(('AUTOMOTIVE_DESIGN { 1 0 10303 214 1 1 1 1 }'));
ENDSEC;
DATA;
#1 = APPLICATION_PROTOCOL_DEFINITION('international standard',
  'automotive_design',2000,#2);
#2 = APPLICATION_CONTEXT(
  'core data for automotive mechanical design processes');
#3 = SHAPE_DEFINITION_REPRESENTATION(#4,#10);
#4 = PRODUCT_DEFINITION_SHAPE('','',#5);
#5 = PRODUCT_DEFINITION('design','',#6,#9);
#6 = PRODUCT_DEFINITION_FORMATION('','',#7);
#7 = PRODUCT('Open CASCADE STEP translator 7.9 8',
  'Open CASCADE STEP translator 7.9 8','',(#8));
#8 = PRODUCT_CONTEXT('',#2,'mechanical');
#9 = PRODUCT_DEFINITION_CONTEXT('part definition',#2,'design');
#10 = ADVANCED_BREP_SHAPE_REPRESENTATION('',(#11,#15),#2136);
#11 = AXIS2_PLACEMENT_3D('',#12,#13,#14);
#12 = CARTESIAN_POINT('',(0.,0.,0.));
#13 = DIRECTION('',(0.,0.,1.));
#14 = DIRECTION('',(1.,0.,-0.));
#15 = MANIFOLD_SOLID_BREP('',#16);
#16 = CLOSED_SHELL('',(#17,#180,#764,#811,#1315,#1341,#1367,#1374,#1447,
    #1494,#1541,#1588,#1796,#1826,#2103));
#17 = ADVANCED_FACE('',(#18),#32,.T.);
#18 = FACE_BOUND('',#19,.T.);
#19 = EDGE_LOOP('',(#20,#67,#108,#135));
#20 = ORIENTED_EDGE('',*,*,#21,.T.);
#21 = EDGE_CURVE('',#22,#24,#26,.T.);
#22 = VERTEX_POINT('',#23);
#23 = CARTESIAN_POINT('',(112.45712946961,14.,38.579498925933));
#24 = VERTEX_POINT('',#25);
#25 = CARTESIAN_POINT('',(135.05774701953,14.,38.579498925933));
#26 = SURFACE_CURVE('',#27,(#31,#55),.PCURVE_S1.);
#27 = LINE('',#28,#29);
#28 = CARTESIAN_POINT('',(112.45712946961,14.,38.579498925933));
#29 = VECTOR('',#30,1.);
#30 = DIRECTION('',(1.,0.,0.));
#31 = PCURVE('',#32,#49);
#32 = B_SPLINE_SURFACE_WITH_KNOTS('',7,1,(
    (#33,#34)
    ,(#35,#36)
    ,(#37,#38)
    ,(#39,#40)
    ,(#41,#42)
    ,(#43,#44)
    ,(#45,#46)
    ,(#47,#48
    )),.UNSPECIFIED.,.F.,.F.,.F.,(8,8),(2,2),(0.,22.600617549925),(0.,1.
    ),.PIECEWISE_BEZIER_KNOTS.);
#33 = CARTESIAN_POINT('',(112.45712946961,14.,38.579498925933));
#34 = CARTESIAN_POINT('',(110.40512604182,54.,42.462037550605));
#35 = CARTESIAN_POINT('',(115.6857891196,14.,38.579498925933));
#36 = CARTESIAN_POINT('',(113.9146160149,54.,44.316876909778));
#37 = CARTESIAN_POINT('',(118.91444876959,14.,38.579498925933));
#38 = CARTESIAN_POINT('',(117.72471567992,54.,45.602940081991));
#39 = CARTESIAN_POINT('',(122.14310841958,14.,38.579498925933));
#40 = CARTESIAN_POINT('',(121.72480849358,54.,46.261771755843));
#41 = CARTESIAN_POINT('',(125.37176806956,14.,38.579498925933));
#42 = CARTESIAN_POINT('',(125.79006799556,54.,46.261771755844));
#43 = CARTESIAN_POINT('',(128.60042771955,14.,38.579498925933));
#44 = CARTESIAN_POINT('',(129.79016080923,54.,45.60294008199));
#45 = CARTESIAN_POINT('',(131.82908736954,14.,38.579498925933));
#46 = CARTESIAN_POINT('',(133.60026047424,54.,44.316876909778));
#47 = CARTESIAN_POINT('',(135.05774701953,14.,38.579498925933));
#48 = CARTESIAN_POINT('',(137.10975044732,54.,42.462037550605));
#49 = DEFINITIONAL_REPRESENTATION('',(#50),#54);
#50 = LINE('',#51,#52);
#51 = CARTESIAN_POINT('',(0.,0.));
#52 = VECTOR('',#53,1.);
#53 = DIRECTION('',(1.,0.));
#54 = ( GEOMETRIC_REPRESENTATION_CONTEXT(2) 
PARAMETRIC_REPRESENTATION_CONTEXT() REPRESENTATION_CONTEXT('2D SPACE',''
  ) );
#55 = PCURVE('',#56,#61);
#56 = PLANE('',#57);
#57 = AXIS2_PLACEMENT_3D('',#58,#59,#60);
#58 = CARTESIAN_POINT('',(135.05774701953,14.,17.198498925933));
#59 = DIRECTION('',(0.,1.,0.));
#60 = DIRECTION('',(0.,0.,1.));
#61 = DEFINITIONAL_REPRESENTATION('',(#62),#66);
#62 = LINE('',#63,#64);
#63 = CARTESIAN_POINT('',(21.381,-22.60061754992));
#64 = VECTOR('',#65,1.);
#65 = DIRECTION('',(0.,1.));
#66 = ( GEOMETRIC_REPRESENTATION_CONTEXT(2) 
PARAMETRIC_REPRESENTATION_CONTEXT() REPRESENTATION_CONTEXT('2D SPACE',''
  ) );
#67 = ORIENTED_EDGE('',*,*,#68,.T.);
#68 = EDGE_CURVE('',#24,#69,#71,.T.);
#69 = VERTEX_POINT('',#70);
#70 = CARTESIAN_POINT('',(137.10975044732,54.,42.462037550605));
#71 = SURFACE_CURVE('',#72,(#75,#82),.PCURVE_S1.);
#72 = B_SPLINE_CURVE_WITH_KNOTS('',1,(#73,#74),.UNSPECIFIED.,.F.,.F.,(2,
    2),(0.,1.),.PIECEWISE_BEZIER_KNOTS.);
#73 = CARTESIAN_POINT('',(135.05774701953,14.,38.579498925933));
#74 = CARTESIAN_POINT('',(137.10975044732,54.,42.462037550605));
#75 = PCURVE('',#32,#76);
#76 = DEFINITIONAL_REPRESENTATION('',(#77),#81);
#77 = LINE('',#78,#79);
#78 = CARTESIAN_POINT('',(22.600617549925,0.));
#79 = VECTOR('',#80,1.);
#80 = DIRECTION('',(0.,1.));
#81 = ( GEOMETRIC_REPRESENTATION_CONTEXT(2) 
PARAMETRIC_REPRESENTATION_CONTEXT() REPRESENTATION_CONTEXT('2D SPACE',''
  ) );
#82 = PCURVE('',#83,#102);
#83 = B_SPLINE_SURFACE_WITH_KNOTS('',8,1,(
    (#84,#85)
    ,(#86,#87)
    ,(#88,#89)
    ,(#90,#91)
    ,(#92,#93)
    ,(#94,#95)
    ,(#96,#97)
    ,(#98,#99)
    ,(#100,#101
    )),.UNSPECIFIED.,.F.,.F.,.F.,(9,9),(2,2),(0.,1.570796326795),(0.,1.)
  ,.PIECEWISE_BEZIER_KNOTS.);
#84 = CARTESIAN_POINT('',(135.05774701953,14.,38.579498925933));
#85 = CARTESIAN_POINT('',(137.10975044732,54.,42.462037550605));
#86 = CARTESIAN_POINT('',(139.25589655243,14.,38.579498925933));
#87 = CARTESIAN_POINT('',(140.53483279328,54.,40.651809399956));
#88 = CARTESIAN_POINT('',(143.4540474068,14.,37.637435197153));
#89 = CARTESIAN_POINT('',(143.67943505797,54.000000000001,
    38.310892527257));
#90 = CARTESIAN_POINT('',(147.40555748285,14.,35.75331699233));
#91 = CARTESIAN_POINT('',(146.4476266562,53.999999999998,35.489988631139
    ));
#92 = CARTESIAN_POINT('',(150.86383847686,14.,33.004590383263));
#93 = CARTESIAN_POINT('',(148.7544769408,54.000000000003,32.260605687051
    ));
#94 = CARTESIAN_POINT('',(153.61256508593,14.,29.54630938925));
#95 = CARTESIAN_POINT('',(150.53168973299,53.999999999998,
    28.712086682399));
#96 = CARTESIAN_POINT('',(155.49668329075,14.,25.594799313196));
#97 = CARTESIAN_POINT('',(151.73218863341,54.000000000001,
    24.946560702443));
#98 = CARTESIAN_POINT('',(156.43874701953,14.,21.396648458833));
#99 = CARTESIAN_POINT('',(152.33243824457,54.,21.072529776869));
#100 = CARTESIAN_POINT('',(156.43874701953,14.,17.198498925933));
#101 = CARTESIAN_POINT('',(152.33243824457,54.,17.198498925933));
#102 = DEFINITIONAL_REPRESENTATION('',(#103),#107);
#103 = LINE('',#104,#105);
#104 = CARTESIAN_POINT('',(0.,0.));
#105 = VECTOR('',#106,1.);
#106 = DIRECTION('',(0.,1.));
#107 = ( GEOMETRIC_REPRESENTATION_CONTEXT(2) 
PARAMETRIC_REPRESENTATION_CONTEXT() REPRESENTATION_CONTEXT('2D SPACE',''
  ) );
#108 = ORIENTED_EDGE('',*,*,#109,.T.);
#109 = EDGE_CURVE('',#69,#110,#112,.T.);
#110 = VERTEX_POINT('',#111);
#111 = CARTESIAN_POINT('',(110.40512604182,54.,42.462037550605));
#112 = SURFACE_CURVE('',#113,(#118,#124),.PCURVE_S1.);
#113 = CIRCLE('',#114,28.575);
#114 = AXIS2_PLACEMENT_3D('',#115,#116,#117);
#115 = CARTESIAN_POINT('',(123.75743824457,54.,17.198498925933));
#116 = DIRECTION('',(0.,-1.,0.));
#117 = DIRECTION('',(1.,0.,0.));
#118 = PCURVE('',#32,#119);
#119 = DEFINITIONAL_REPRESENTATION('',(#120),#123);
#120 = B_SPLINE_CURVE_WITH_KNOTS('',1,(#121,#122),.UNSPECIFIED.,.F.,.F.,
  (2,2),(1.084593064129,2.05699958946),.PIECEWISE_BEZIER_KNOTS.);
#121 = CARTESIAN_POINT('',(22.600617549925,1.));
#122 = CARTESIAN_POINT('',(0.,1.));
#123 = ( GEOMETRIC_REPRESENTATION_CONTEXT(2) 
PARAMETRIC_REPRESENTATION_CONTEXT() REPRESENTATION_CONTEXT('2D SPACE',''
  ) );
#124 = PCURVE('',#125,#130);
#125 = CYLINDRICAL_SURFACE('',#126,28.575);
#126 = AXIS2_PLACEMENT_3D('',#127,#128,#129);
#127 = CARTESIAN_POINT('',(123.75743824457,54.,17.198498925933));
#128 = DIRECTION('',(0.,-1.,0.));
#129 = DIRECTION('',(1.,0.,0.));
#130 = DEFINITIONAL_REPRESENTATION('',(#131),#134);
#131 = B_SPLINE_CURVE_WITH_KNOTS('',1,(#132,#133),.UNSPECIFIED.,.F.,.F.,
  (2,2),(1.084593064129,2.05699958946),.PIECEWISE_BEZIER_KNOTS.);
#132 = CARTESIAN_POINT('',(1.084593064129,0.));
#133 = CARTESIAN_POINT('',(2.05699958946,0.));
#134 = ( GEOMETRIC_REPRESENTATION_CONTEXT(2) 
PARAMETRIC_REPRESENTATION_CONTEXT() REPRESENTATION_CONTEXT('2D SPACE',''
  ) );
#135 = ORIENTED_EDGE('',*,*,#136,.F.);
#136 = EDGE_CURVE('',#22,#110,#137,.T.);
#137 = SURFACE_CURVE('',#138,(#141,#148),.PCURVE_S1.);
#138 = B_SPLINE_CURVE_WITH_KNOTS('',1,(#139,#140),.UNSPECIFIED.,.F.,.F.,
  (2,2),(0.,1.),.PIECEWISE_BEZIER_KNOTS.);
#139 = CARTESIAN_POINT('',(112.45712946961,14.,38.579498925933));
#140 = CARTESIAN_POINT('',(110.40512604182,54.,42.462037550605));
#141 = PCURVE('',#32,#142);
#142 = DEFINITIONAL_REPRESENTATION('',(#143),#147);
#143 = LINE('',#144,#145);
#144 = CARTESIAN_POINT('',(0.,0.));
#145 = VECTOR('',#146,1.);
#146 = DIRECTION('',(0.,1.));
#147 = ( GEOMETRIC_REPRESENTATION_CONTEXT(2) 
PARAMETRIC_REPRESENTATION_CONTEXT() REPRESENTATION_CONTEXT('2D SPACE',''
  ) );
#148 = PCURVE('',#149,#174);
#149 = B_SPLINE_SURFACE_WITH_KNOTS('',11,1,(
    (#150,#151)
    ,(#152,#153)
    ,(#154,#155)
    ,(#156,#157)
    ,(#158,#159)
    ,(#160,#161)
    ,(#162,#163)
    ,(#164,#165)
    ,(#166,#167)
    ,(#168,#169)
    ,(#170,#171)
    ,(#172,#173
    )),.UNSPECIFIED.,.F.,.F.,.F.,(12,12),(2,2),(0.,3.14159265359),(0.,1.
    ),.PIECEWISE_BEZIER_KNOTS.);
#150 = CARTESIAN_POINT('',(112.45712946961,14.,-4.182501074067));
#151 = CARTESIAN_POINT('',(110.40512604182,54.,-8.06503969874));
#152 = CARTESIAN_POINT('',(106.35073014902,13.999999999999,
    -4.182501074068));
#153 = CARTESIAN_POINT('',(105.42318808406,54.000000000002,
    -5.431980570523));
#154 = CARTESIAN_POINT('',(100.24433130583,14.000000000002,
    -2.264119110105));
#155 = CARTESIAN_POINT('',(101.012407929,53.999999999995,-1.718246493668
    ));
#156 = CARTESIAN_POINT('',(94.807569922021,13.999999999996,
    1.572644366601));
#157 = CARTESIAN_POINT('',(97.433262133713,54.000000000005,2.93850226573
    ));
#158 = CARTESIAN_POINT('',(90.710109960428,14.000000000005,
    7.064824372015));
#159 = CARTESIAN_POINT('',(94.908855587552,53.999999999999,
    8.329975998458));
#160 = CARTESIAN_POINT('',(88.503501897148,13.999999999995,
    13.686474672907));
#161 = CARTESIAN_POINT('',(93.6031679441,53.999999999996,14.188840096117
    ));
#162 = CARTESIAN_POINT('',(88.503501897304,14.000000000003,
    20.710523178957));
#163 = CARTESIAN_POINT('',(93.603167944107,54.000000000003,
    20.208157755748));
#164 = CARTESIAN_POINT('',(90.710109960304,13.999999999998,
    27.332173479852));
#165 = CARTESIAN_POINT('',(94.908855587555,54.000000000002,
    26.067021853407));
#166 = CARTESIAN_POINT('',(94.807569922097,14.000000000001,
    32.824353485263));
#167 = CARTESIAN_POINT('',(97.433262133702,53.999999999995,
    31.458495586136));
#168 = CARTESIAN_POINT('',(100.2443313058,14.,36.661116961971));
#169 = CARTESIAN_POINT('',(101.01240792901,54.000000000004,
    36.115244345533));
#170 = CARTESIAN_POINT('',(106.35073014903,14.,38.579498925933));
#171 = CARTESIAN_POINT('',(105.42318808406,53.999999999999,
    39.828978422388));
#172 = CARTESIAN_POINT('',(112.45712946961,14.,38.579498925933));
#173 = CARTESIAN_POINT('',(110.40512604182,54.,42.462037550605));
#174 = DEFINITIONAL_REPRESENTATION('',(#175),#179);
#175 = LINE('',#176,#177);
#176 = CARTESIAN_POINT('',(3.14159265359,0.));
#177 = VECTOR('',#178,1.);
#178 = DIRECTION('',(0.,1.));
#179 = ( GEOMETRIC_REPRESENTATION_CONTEXT(2) 
PARAMETRIC_REPRESENTATION_CONTEXT() REPRESENTATION_CONTEXT('2D SPACE',''
  ) );
#180 = ADVANCED_FACE('',(#181,#313),#56,.F.);
#181 = FACE_BOUND('',#182,.F.);
#182 = EDGE_LOOP('',(#183,#184,#208,#251,#291));
#183 = ORIENTED_EDGE('',*,*,#21,.T.);
#184 = ORIENTED_EDGE('',*,*,#185,.T.);
#185 = EDGE_CURVE('',#24,#186,#188,.T.);
#186 = VERTEX_POINT('',#187);
#187 = CARTESIAN_POINT('',(156.43874701953,14.,17.198498925933));
#188 = SURFACE_CURVE('',#189,(#194,#201),.PCURVE_S1.);
#189 = CIRCLE('',#190,21.381);
#190 = AXIS2_PLACEMENT_3D('',#191,#192,#193);
#191 = CARTESIAN_POINT('',(135.05774701953,14.,17.198498925933));
#192 = DIRECTION('',(0.,1.,0.));
#193 = DIRECTION('',(0.,0.,1.));
#194 = PCURVE('',#56,#195);
#195 = DEFINITIONAL_REPRESENTATION('',(#196),#200);
#196 = CIRCLE('',#197,21.381);
#197 = AXIS2_PLACEMENT_2D('',#198,#199);
#198 = CARTESIAN_POINT('',(0.,0.));
#199 = DIRECTION('',(1.,0.));
#200 = ( GEOMETRIC_REPRESENTATION_CONTEXT(2) 
PARAMETRIC_REPRESENTATION_CONTEXT() REPRESENTATION_CONTEXT('2D SPACE',''
  ) );
#201 = PCURVE('',#83,#202);
#202 = DEFINITIONAL_REPRESENTATION('',(#203),#207);
#203 = LINE('',#204,#205);
#204 = CARTESIAN_POINT('',(0.,0.));
#205 = VECTOR('',#206,1.);
#206 = DIRECTION('',(1.,0.));
#207 = ( GEOMETRIC_REPRESENTATION_CONTEXT(2) 
PARAMETRIC_REPRESENTATION_CONTEXT() REPRESENTATION_CONTEXT('2D SPACE',''
  ) );
#208 = ORIENTED_EDGE('',*,*,#209,.T.);
#209 = EDGE_CURVE('',#186,#210,#212,.T.);
#210 = VERTEX_POINT('',#211);
#211 = CARTESIAN_POINT('',(135.05774701953,14.,-4.182501074067));
#212 = SURFACE_CURVE('',#213,(#218,#225),.PCURVE_S1.);
#213 = CIRCLE('',#214,21.381);
#214 = AXIS2_PLACEMENT_3D('',#215,#216,#217);
#215 = CARTESIAN_POINT('',(135.05774701953,14.,17.198498925933));
#216 = DIRECTION('',(0.,1.,0.));
#217 = DIRECTION('',(0.,0.,1.));
#218 = PCURVE('',#56,#219);
#219 = DEFINITIONAL_REPRESENTATION('',(#220),#224);
#220 = CIRCLE('',#221,21.381);
#221 = AXIS2_PLACEMENT_2D('',#222,#223);
#222 = CARTESIAN_POINT('',(0.,0.));
#223 = DIRECTION('',(1.,0.));
#224 = ( GEOMETRIC_REPRESENTATION_CONTEXT(2) 
PARAMETRIC_REPRESENTATION_CONTEXT() REPRESENTATION_CONTEXT('2D SPACE',''
  ) );
#225 = PCURVE('',#226,#245);
#226 = B_SPLINE_SURFACE_WITH_KNOTS('',8,1,(
    (#227,#228)
    ,(#229,#230)
    ,(#231,#232)
    ,(#233,#234)
    ,(#235,#236)
    ,(#237,#238)
    ,(#239,#240)
    ,(#241,#242)
    ,(#243,#244
    )),.UNSPECIFIED.,.F.,.F.,.F.,(9,9),(2,2),(1.570796326795,
    3.14159265359),(0.,1.),.PIECEWISE_BEZIER_KNOTS.);
#227 = CARTESIAN_POINT('',(156.43874701953,14.,17.198498925933));
#228 = CARTESIAN_POINT('',(152.33243824457,54.,17.198498925933));
#229 = CARTESIAN_POINT('',(156.43874701953,14.,13.000349393032));
#230 = CARTESIAN_POINT('',(152.33243824457,54.,13.324468074996));
#231 = CARTESIAN_POINT('',(155.49668329075,14.,8.802198538669));
#232 = CARTESIAN_POINT('',(151.73218863341,54.,9.450437149423));
#233 = CARTESIAN_POINT('',(153.61256508593,13.999999999999,
    4.850688462614));
#234 = CARTESIAN_POINT('',(150.53168973299,54.,5.684911169465));
#235 = CARTESIAN_POINT('',(150.86383847686,14.,1.392407468603));
#236 = CARTESIAN_POINT('',(148.75447694079,54.,2.136392164816));
#237 = CARTESIAN_POINT('',(147.40555748285,14.,-1.356319140465));
#238 = CARTESIAN_POINT('',(146.4476266562,54.,-1.092990779275));
#239 = CARTESIAN_POINT('',(143.4540474068,14.,-3.240437345288));
#240 = CARTESIAN_POINT('',(143.67943505797,54.,-3.913894675391));
#241 = CARTESIAN_POINT('',(139.25589655243,14.,-4.182501074067));
#242 = CARTESIAN_POINT('',(140.53483279328,54.,-6.254811548091));
#243 = CARTESIAN_POINT('',(135.05774701953,14.,-4.182501074067));
#244 = CARTESIAN_POINT('',(137.10975044732,54.,-8.06503969874));
#245 = DEFINITIONAL_REPRESENTATION('',(#246),#250);
#246 = LINE('',#247,#248);
#247 = CARTESIAN_POINT('',(0.,0.));
#248 = VECTOR('',#249,1.);
#249 = DIRECTION('',(1.,0.));
#250 = ( GEOMETRIC_REPRESENTATION_CONTEXT(2) 
PARAMETRIC_REPRESENTATION_CONTEXT() REPRESENTATION_CONTEXT('2D SPACE',''
  ) );
#251 = ORIENTED_EDGE('',*,*,#252,.T.);
#252 = EDGE_CURVE('',#210,#253,#255,.T.);
#253 = VERTEX_POINT('',#254);
#254 = CARTESIAN_POINT('',(112.45712946961,14.,-4.182501074067));
#255 = SURFACE_CURVE('',#256,(#260,#267),.PCURVE_S1.);
#256 = LINE('',#257,#258);
#257 = CARTESIAN_POINT('',(135.05774701953,14.,-4.182501074067));
#258 = VECTOR('',#259,1.);
#259 = DIRECTION('',(-1.,0.,0.));
#260 = PCURVE('',#56,#261);
#261 = DEFINITIONAL_REPRESENTATION('',(#262),#266);
#262 = LINE('',#263,#264);
#263 = CARTESIAN_POINT('',(-21.381,0.));
#264 = VECTOR('',#265,1.);
#265 = DIRECTION('',(0.,-1.));
#266 = ( GEOMETRIC_REPRESENTATION_CONTEXT(2) 
PARAMETRIC_REPRESENTATION_CONTEXT() REPRESENTATION_CONTEXT('2D SPACE',''
  ) );
#267 = PCURVE('',#268,#285);
#268 = B_SPLINE_SURFACE_WITH_KNOTS('',7,1,(
    (#269,#270)
    ,(#271,#272)
    ,(#273,#274)
    ,(#275,#276)
    ,(#277,#278)
    ,(#279,#280)
    ,(#281,#282)
    ,(#283,#284
    )),.UNSPECIFIED.,.F.,.F.,.F.,(8,8),(2,2),(0.,22.600617549925),(0.,1.
    ),.PIECEWISE_BEZIER_KNOTS.);
#269 = CARTESIAN_POINT('',(135.05774701953,14.,-4.182501074067));
#270 = CARTESIAN_POINT('',(137.10975044732,54.,-8.06503969874));
#271 = CARTESIAN_POINT('',(131.82908736954,14.,-4.182501074067));
#272 = CARTESIAN_POINT('',(133.60026047424,54.,-9.919879057913));
#273 = CARTESIAN_POINT('',(128.60042771955,14.,-4.182501074067));
#274 = CARTESIAN_POINT('',(129.79016080923,54.000000000001,
    -11.20594223012));
#275 = CARTESIAN_POINT('',(125.37176806956,14.,-4.182501074067));
#276 = CARTESIAN_POINT('',(125.79006799556,53.999999999999,
    -11.86477390397));
#277 = CARTESIAN_POINT('',(122.14310841958,14.,-4.182501074067));
#278 = CARTESIAN_POINT('',(121.72480849358,54.000000000001,
    -11.86477390397));
#279 = CARTESIAN_POINT('',(118.91444876959,14.,-4.182501074067));
#280 = CARTESIAN_POINT('',(117.72471567992,54.,-11.20594223012));
#281 = CARTESIAN_POINT('',(115.6857891196,14.,-4.182501074067));
#282 = CARTESIAN_POINT('',(113.9146160149,54.,-9.919879057913));
#283 = CARTESIAN_POINT('',(112.45712946961,14.,-4.182501074067));
#284 = CARTESIAN_POINT('',(110.40512604182,54.,-8.06503969874));
#285 = DEFINITIONAL_REPRESENTATION('',(#286),#290);
#286 = LINE('',#287,#288);
#287 = CARTESIAN_POINT('',(0.,0.));
#288 = VECTOR('',#289,1.);
#289 = DIRECTION('',(1.,0.));
#290 = ( GEOMETRIC_REPRESENTATION_CONTEXT(2) 
PARAMETRIC_REPRESENTATION_CONTEXT() REPRESENTATION_CONTEXT('2D SPACE',''
  ) );
#291 = ORIENTED_EDGE('',*,*,#292,.T.);
#292 = EDGE_CURVE('',#253,#22,#293,.T.);
#293 = SURFACE_CURVE('',#294,(#299,#306),.PCURVE_S1.);
#294 = CIRCLE('',#295,21.381);
#295 = AXIS2_PLACEMENT_3D('',#296,#297,#298);
#296 = CARTESIAN_POINT('',(112.45712946961,14.,17.198498925933));
#297 = DIRECTION('',(0.,1.,0.));
#298 = DIRECTION('',(0.,0.,-1.));
#299 = PCURVE('',#56,#300);
#300 = DEFINITIONAL_REPRESENTATION('',(#301),#305);
#301 = CIRCLE('',#302,21.381);
#302 = AXIS2_PLACEMENT_2D('',#303,#304);
#303 = CARTESIAN_POINT('',(0.,-22.60061754992));
#304 = DIRECTION('',(-1.,0.));
#305 = ( GEOMETRIC_REPRESENTATION_CONTEXT(2) 
PARAMETRIC_REPRESENTATION_CONTEXT() REPRESENTATION_CONTEXT('2D SPACE',''
  ) );
#306 = PCURVE('',#149,#307);
#307 = DEFINITIONAL_REPRESENTATION('',(#308),#312);
#308 = LINE('',#309,#310);
#309 = CARTESIAN_POINT('',(0.,0.));
#310 = VECTOR('',#311,1.);
#311 = DIRECTION('',(1.,0.));
#312 = ( GEOMETRIC_REPRESENTATION_CONTEXT(2) 
PARAMETRIC_REPRESENTATION_CONTEXT() REPRESENTATION_CONTEXT('2D SPACE',''
  ) );
#313 = FACE_BOUND('',#314,.F.);
#314 = EDGE_LOOP('',(#315,#416,#477,#606,#667));
#315 = ORIENTED_EDGE('',*,*,#316,.T.);
#316 = EDGE_CURVE('',#317,#319,#321,.T.);
#317 = VERTEX_POINT('',#318);
#318 = CARTESIAN_POINT('',(154.68859314697,14.,17.198498925933));
#319 = VERTEX_POINT('',#320);
#320 = CARTESIAN_POINT('',(135.10850179151,14.,37.018119726111));
#321 = SURFACE_CURVE('',#322,(#345,#371),.PCURVE_S1.);
#322 = B_SPLINE_CURVE_WITH_KNOTS('',6,(#323,#324,#325,#326,#327,#328,
    #329,#330,#331,#332,#333,#334,#335,#336,#337,#338,#339,#340,#341,
    #342,#343,#344),.UNSPECIFIED.,.F.,.F.,(7,5,5,5,7),(0.,0.351288435075
    ,0.497356526044,0.704341894582,1.),.UNSPECIFIED.);
#323 = CARTESIAN_POINT('',(154.68859314697,14.,17.198498925933));
#324 = CARTESIAN_POINT('',(154.68859314697,14.,19.007429114217));
#325 = CARTESIAN_POINT('',(154.49063047345,14.,20.816748931151));
#326 = CARTESIAN_POINT('',(154.09455513535,14.,22.598502204206));
#327 = CARTESIAN_POINT('',(153.50572061941,14.,24.326162419638));
#328 = CARTESIAN_POINT('',(152.73331265708,14.,25.974265369228));
#329 = CARTESIAN_POINT('',(151.40056641748,14.,28.161270594799));
#330 = CARTESIAN_POINT('',(150.97990967214,14.,28.785754423894));
#331 = CARTESIAN_POINT('',(150.53102613199,14.,29.390748054973));
#332 = CARTESIAN_POINT('',(150.05505006601,14.,29.974666567164));
#333 = CARTESIAN_POINT('',(149.55323283854,14.,30.536014987167));
#334 = CARTESIAN_POINT('',(148.28116527748,14.,31.834871582666));
#335 = CARTESIAN_POINT('',(147.48621958554,14.,32.54824010051));
#336 = CARTESIAN_POINT('',(146.64601824068,14.,33.209470053294));
#337 = CARTESIAN_POINT('',(145.76485229684,14.,33.815038663364));
#338 = CARTESIAN_POINT('',(144.84734556203,14.,34.361866642113));
#339 = CARTESIAN_POINT('',(142.54316255148,14.,35.540892023724));
#340 = CARTESIAN_POINT('',(141.12368013101,14.,36.109406506005));
#341 = CARTESIAN_POINT('',(139.65475940795,14.,36.54527348293));
#342 = CARTESIAN_POINT('',(138.15183022876,14.,36.843505508754));
#343 = CARTESIAN_POINT('',(136.6308652188,14.,37.001190372678));
#344 = CARTESIAN_POINT('',(135.10850179151,14.,37.018119726111));
#345 = PCURVE('',#56,#346);
#346 = DEFINITIONAL_REPRESENTATION('',(#347),#370);
#347 = B_SPLINE_CURVE_WITH_KNOTS('',6,(#348,#349,#350,#351,#352,#353,
    #354,#355,#356,#357,#358,#359,#360,#361,#362,#363,#364,#365,#366,
    #367,#368,#369),.UNSPECIFIED.,.F.,.F.,(7,5,5,5,7),(0.,0.351288435075
    ,0.497356526044,0.704341894582,1.),.UNSPECIFIED.);
#348 = CARTESIAN_POINT('',(0.,19.63084612744));
#349 = CARTESIAN_POINT('',(1.808930188284,19.63084612744));
#350 = CARTESIAN_POINT('',(3.618250005219,19.432883453919));
#351 = CARTESIAN_POINT('',(5.400003278273,19.036808115814));
#352 = CARTESIAN_POINT('',(7.127663493706,18.447973599876));
#353 = CARTESIAN_POINT('',(8.775766443296,17.675565637548));
#354 = CARTESIAN_POINT('',(10.962771668866,16.34281939795));
#355 = CARTESIAN_POINT('',(11.587255497962,15.922162652612));
#356 = CARTESIAN_POINT('',(12.19224912904,15.473279112459));
#357 = CARTESIAN_POINT('',(12.776167641231,14.997303046477));
#358 = CARTESIAN_POINT('',(13.337516061235,14.495485819009));
#359 = CARTESIAN_POINT('',(14.636372656734,13.223418257952));
#360 = CARTESIAN_POINT('',(15.349741174577,12.428472566009));
#361 = CARTESIAN_POINT('',(16.010971127361,11.588271221152));
#362 = CARTESIAN_POINT('',(16.616539737431,10.707105277306));
#363 = CARTESIAN_POINT('',(17.16336771618,9.789598542499));
#364 = CARTESIAN_POINT('',(18.342393097792,7.485415531947));
#365 = CARTESIAN_POINT('',(18.910907580072,6.065933111472));
#366 = CARTESIAN_POINT('',(19.346774556998,4.597012388419));
#367 = CARTESIAN_POINT('',(19.645006582822,3.094083209225));
#368 = CARTESIAN_POINT('',(19.802691446745,1.573118199265));
#369 = CARTESIAN_POINT('',(19.819620800178,5.075477197806E-02));
#370 = ( GEOMETRIC_REPRESENTATION_CONTEXT(2) 
PARAMETRIC_REPRESENTATION_CONTEXT() REPRESENTATION_CONTEXT('2D SPACE',''
  ) );
#371 = PCURVE('',#372,#391);
#372 = B_SPLINE_SURFACE_WITH_KNOTS('',8,1,(
    (#373,#374)
    ,(#375,#376)
    ,(#377,#378)
    ,(#379,#380)
    ,(#381,#382)
    ,(#383,#384)
    ,(#385,#386)
    ,(#387,#388)
    ,(#389,#390
    )),.UNSPECIFIED.,.F.,.F.,.F.,(9,9),(2,2),(0.,1.570796326795),(0.,1.)
  ,.PIECEWISE_BEZIER_KNOTS.);
#373 = CARTESIAN_POINT('',(135.05774701953,13.,36.929498925933));
#374 = CARTESIAN_POINT('',(137.13869267063,54.,40.562951733242));
#375 = CARTESIAN_POINT('',(138.93191981003,13.,36.929498925933));
#376 = CARTESIAN_POINT('',(140.20725824138,54.,38.805527454407));
#377 = CARTESIAN_POINT('',(142.80609382001,13.,36.060135498939));
#378 = CARTESIAN_POINT('',(143.01203872876,54.,36.587520248669));
#379 = CARTESIAN_POINT('',(146.4526606462,13.,34.321417183642));
#380 = CARTESIAN_POINT('',(145.47238715892,54.000000000001,
    33.955126734257));
#381 = CARTESIAN_POINT('',(149.64406152982,13.,31.784813436226));
#382 = CARTESIAN_POINT('',(147.51733726581,54.,30.971474045874));
#383 = CARTESIAN_POINT('',(152.18066527724,13.,28.593412552598));
#384 = CARTESIAN_POINT('',(149.09012890043,54.,27.714123776307));
#385 = CARTESIAN_POINT('',(153.91938359254,13.,24.946845726414));
#386 = CARTESIAN_POINT('',(150.15166597442,54.,24.270876899735));
#387 = CARTESIAN_POINT('',(154.78874701953,13.,21.072671716431));
#388 = CARTESIAN_POINT('',(150.68243824457,54.,20.734688224858));
#389 = CARTESIAN_POINT('',(154.78874701953,13.,17.198498925933));
#390 = CARTESIAN_POINT('',(150.68243824457,54.,17.198498925933));
#391 = DEFINITIONAL_REPRESENTATION('',(#392),#415);
#392 = B_SPLINE_CURVE_WITH_KNOTS('',6,(#393,#394,#395,#396,#397,#398,
    #399,#400,#401,#402,#403,#404,#405,#406,#407,#408,#409,#410,#411,
    #412,#413,#414),.UNSPECIFIED.,.F.,.F.,(7,5,5,5,7),(0.,0.351288435075
    ,0.497356526044,0.704341894582,1.),.UNSPECIFIED.);
#393 = CARTESIAN_POINT('',(1.570796326795,2.439024390244E-02));
#394 = CARTESIAN_POINT('',(1.47892123411,2.439024390244E-02));
#395 = CARTESIAN_POINT('',(1.387026714608,2.439024390244E-02));
#396 = CARTESIAN_POINT('',(1.29515146373,2.439024390244E-02));
#397 = CARTESIAN_POINT('',(1.203269640322,2.439024390244E-02));
#398 = CARTESIAN_POINT('',(1.111355186875,2.439024390244E-02));
#399 = CARTESIAN_POINT('',(0.981230698153,2.439024390244E-02));
#400 = CARTESIAN_POINT('',(0.943012200147,2.439024390244E-02));
#401 = CARTESIAN_POINT('',(0.904791129394,2.439024390244E-02));
#402 = CARTESIAN_POINT('',(0.866567293117,2.439024390244E-02));
#403 = CARTESIAN_POINT('',(0.828340498438,2.439024390244E-02));
#404 = CARTESIAN_POINT('',(0.735936917178,2.439024390244E-02));
#405 = CARTESIAN_POINT('',(0.681755356486,2.439024390244E-02));
#406 = CARTESIAN_POINT('',(0.627568297025,2.439024390244E-02));
#407 = CARTESIAN_POINT('',(0.573373429184,2.439024390244E-02));
#408 = CARTESIAN_POINT('',(0.51916842366,2.439024390244E-02));
#409 = CARTESIAN_POINT('',(0.387518222749,2.439024390244E-02));
#410 = CARTESIAN_POINT('',(0.31005365396,2.439024390244E-02));
#411 = CARTESIAN_POINT('',(0.232578357815,2.439024390244E-02));
#412 = CARTESIAN_POINT('',(0.155080789233,2.439024390244E-02));
#413 = CARTESIAN_POINT('',(7.75492311977E-02,2.439024390244E-02));
#414 = CARTESIAN_POINT('',(0.,2.439024390244E-02));
#415 = ( GEOMETRIC_REPRESENTATION_CONTEXT(2) 
PARAMETRIC_REPRESENTATION_CONTEXT() REPRESENTATION_CONTEXT('2D SPACE',''
  ) );
#416 = ORIENTED_EDGE('',*,*,#417,.T.);
#417 = EDGE_CURVE('',#319,#418,#420,.T.);
#418 = VERTEX_POINT('',#419);
#419 = CARTESIAN_POINT('',(112.40637469763,14.,37.018119726111));
#420 = SURFACE_CURVE('',#421,(#432,#446),.PCURVE_S1.);
#421 = B_SPLINE_CURVE_WITH_KNOTS('',5,(#422,#423,#424,#425,#426,#427,
    #428,#429,#430,#431),.UNSPECIFIED.,.F.,.F.,(6,4,6),(0.,0.5,1.),
  .UNSPECIFIED.);
#422 = CARTESIAN_POINT('',(135.10850179151,14.,37.018119726111));
#423 = CARTESIAN_POINT('',(132.8413624214,14.,37.052113930414));
#424 = CARTESIAN_POINT('',(130.57195538758,14.,37.078348058712));
#425 = CARTESIAN_POINT('',(128.30097503458,14.,37.096091488673));
#426 = CARTESIAN_POINT('',(126.02920638255,14.,37.104962339235));
#427 = CARTESIAN_POINT('',(121.48567010659,14.,37.104962339235));
#428 = CARTESIAN_POINT('',(119.21390145456,14.,37.096091488673));
#429 = CARTESIAN_POINT('',(116.94292110156,14.,37.078348058712));
#430 = CARTESIAN_POINT('',(114.67351406774,14.,37.052113930414));
#431 = CARTESIAN_POINT('',(112.40637469763,14.,37.018119726111));
#432 = PCURVE('',#56,#433);
#433 = DEFINITIONAL_REPRESENTATION('',(#434),#445);
#434 = B_SPLINE_CURVE_WITH_KNOTS('',5,(#435,#436,#437,#438,#439,#440,
    #441,#442,#443,#444),.UNSPECIFIED.,.F.,.F.,(6,4,6),(0.,0.5,1.),
  .UNSPECIFIED.);
#435 = CARTESIAN_POINT('',(19.819620800178,5.075477197806E-02));
#436 = CARTESIAN_POINT('',(19.853615004482,-2.216384598129));
#437 = CARTESIAN_POINT('',(19.87984913278,-4.485791631956));
#438 = CARTESIAN_POINT('',(19.897592562741,-6.756771984956));
#439 = CARTESIAN_POINT('',(19.906463413303,-9.028540636984));
#440 = CARTESIAN_POINT('',(19.906463413303,-13.57207691294));
#441 = CARTESIAN_POINT('',(19.897592562741,-15.84384556496));
#442 = CARTESIAN_POINT('',(19.87984913278,-18.11482591797));
#443 = CARTESIAN_POINT('',(19.853615004482,-20.38423295179));
#444 = CARTESIAN_POINT('',(19.819620800178,-22.6513723219));
#445 = ( GEOMETRIC_REPRESENTATION_CONTEXT(2) 
PARAMETRIC_REPRESENTATION_CONTEXT() REPRESENTATION_CONTEXT('2D SPACE',''
  ) );
#446 = PCURVE('',#447,#464);
#447 = B_SPLINE_SURFACE_WITH_KNOTS('',7,1,(
    (#448,#449)
    ,(#450,#451)
    ,(#452,#453)
    ,(#454,#455)
    ,(#456,#457)
    ,(#458,#459)
    ,(#460,#461)
    ,(#462,#463
    )),.UNSPECIFIED.,.F.,.F.,.F.,(8,8),(2,2),(0.,22.600617549925),(0.,1.
    ),.PIECEWISE_BEZIER_KNOTS.);
#448 = CARTESIAN_POINT('',(112.45712946961,13.,36.929498925933));
#449 = CARTESIAN_POINT('',(110.37618381851,54.,40.562951733242));
#450 = CARTESIAN_POINT('',(115.6857891196,13.,36.929498925933));
#451 = CARTESIAN_POINT('',(113.84826155602,54.,42.551474896009));
#452 = CARTESIAN_POINT('',(118.91444876959,13.,36.929498925933));
#453 = CARTESIAN_POINT('',(117.66509491956,54.000000000001,
    43.938033041533));
#454 = CARTESIAN_POINT('',(122.14310841958,13.,36.929498925933));
#455 = CARTESIAN_POINT('',(121.70144641733,53.999999999999,
    44.650913082516));
#456 = CARTESIAN_POINT('',(125.37176806956,13.,36.929498925933));
#457 = CARTESIAN_POINT('',(125.81343007181,54.000000000001,
    44.650913082518));
#458 = CARTESIAN_POINT('',(128.60042771955,13.,36.929498925933));
#459 = CARTESIAN_POINT('',(129.84978156958,53.999999999999,
    43.938033041531));
#460 = CARTESIAN_POINT('',(131.82908736954,13.,36.929498925933));
#461 = CARTESIAN_POINT('',(133.66661493312,54.,42.551474896009));
#462 = CARTESIAN_POINT('',(135.05774701953,13.,36.929498925933));
#463 = CARTESIAN_POINT('',(137.13869267063,54.,40.562951733242));
#464 = DEFINITIONAL_REPRESENTATION('',(#465),#476);
#465 = B_SPLINE_CURVE_WITH_KNOTS('',5,(#466,#467,#468,#469,#470,#471,
    #472,#473,#474,#475),.UNSPECIFIED.,.F.,.F.,(6,4,6),(0.,0.5,1.),
  .UNSPECIFIED.);
#466 = CARTESIAN_POINT('',(22.600617549925,2.439024390244E-02));
#467 = CARTESIAN_POINT('',(20.337639461091,2.439024390244E-02));
#468 = CARTESIAN_POINT('',(18.076815667905,2.439024390244E-02));
#469 = CARTESIAN_POINT('',(15.817483549269,2.439024390244E-02));
#470 = CARTESIAN_POINT('',(13.558895919079,2.439024390244E-02));
#471 = CARTESIAN_POINT('',(9.041721630845,2.439024390244E-02));
#472 = CARTESIAN_POINT('',(6.783134000656,2.439024390244E-02));
#473 = CARTESIAN_POINT('',(4.52380188202,2.439024390244E-02));
#474 = CARTESIAN_POINT('',(2.262978088834,2.439024390244E-02));
#475 = CARTESIAN_POINT('',(0.,2.439024390244E-02));
#476 = ( GEOMETRIC_REPRESENTATION_CONTEXT(2) 
PARAMETRIC_REPRESENTATION_CONTEXT() REPRESENTATION_CONTEXT('2D SPACE',''
  ) );
#477 = ORIENTED_EDGE('',*,*,#478,.T.);
#478 = EDGE_CURVE('',#418,#479,#481,.T.);
#479 = VERTEX_POINT('',#480);
#480 = CARTESIAN_POINT('',(112.40637469763,14.,-2.621121874246));
#481 = SURFACE_CURVE('',#482,(#513,#547),.PCURVE_S1.);
#482 = B_SPLINE_CURVE_WITH_KNOTS('',8,(#483,#484,#485,#486,#487,#488,
    #489,#490,#491,#492,#493,#494,#495,#496,#497,#498,#499,#500,#501,
    #502,#503,#504,#505,#506,#507,#508,#509,#510,#511,#512),
  .UNSPECIFIED.,.F.,.F.,(9,7,7,7,9),(0.,0.250817267704,0.499999990635,
    0.750182047306,1.),.UNSPECIFIED.);
#483 = CARTESIAN_POINT('',(112.40637469763,14.,37.018119726111));
#484 = CARTESIAN_POINT('',(110.4695411735,14.,36.996581282213));
#485 = CARTESIAN_POINT('',(108.53390303832,14.,36.758050383266));
#486 = CARTESIAN_POINT('',(106.62973202112,14.,36.302525246058));
#487 = CARTESIAN_POINT('',(104.78516314295,14.,35.635595837095));
#488 = CARTESIAN_POINT('',(103.02682728944,14.,34.766449273731));
#489 = CARTESIAN_POINT('',(101.37967078119,14.,33.708117995978));
#490 = CARTESIAN_POINT('',(99.867013993215,14.,32.477159689525));
#491 = CARTESIAN_POINT('',(97.16098230681,14.,29.722746816006));
#492 = CARTESIAN_POINT('',(95.963907172293,14.,28.199536816003));
#493 = CARTESIAN_POINT('',(94.939290277876,14.,26.546584750492));
#494 = CARTESIAN_POINT('',(94.102845828691,14.,24.787050595098));
#495 = CARTESIAN_POINT('',(93.466806123286,14.,22.945575421106));
#496 = CARTESIAN_POINT('',(93.039638548854,14.,21.048325029639));
#497 = CARTESIAN_POINT('',(92.826283348893,14.,19.122819667045));
#498 = CARTESIAN_POINT('',(92.826283348893,14.,15.266460801284));
#499 = CARTESIAN_POINT('',(93.041353287284,14.,13.333214194747));
#500 = CARTESIAN_POINT('',(93.471961377902,14.,11.428570225977));
#501 = CARTESIAN_POINT('',(94.113081777009,14.,9.580379126898));
#502 = CARTESIAN_POINT('',(94.9561124402,14.,7.815112023657));
#503 = CARTESIAN_POINT('',(95.988626513005,14.,6.157684150181));
#504 = CARTESIAN_POINT('',(97.194667360561,14.,4.631502358611));
#505 = CARTESIAN_POINT('',(99.909277434084,14.,1.885543041641));
#506 = CARTESIAN_POINT('',(101.41910124575,14.,0.663605757884));
#507 = CARTESIAN_POINT('',(103.06190062934,14.,-0.386751491095));
#508 = CARTESIAN_POINT('',(104.81459849017,14.,-1.249219677029));
#509 = CARTESIAN_POINT('',(106.65252068771,14.,-1.910967727233));
#510 = CARTESIAN_POINT('',(108.54934165939,14.,-2.362950019816));
#511 = CARTESIAN_POINT('',(110.47725813537,14.,-2.599669246371));
#512 = CARTESIAN_POINT('',(112.40637469763,14.,-2.621121874246));
#513 = PCURVE('',#56,#514);
#514 = DEFINITIONAL_REPRESENTATION('',(#515),#546);
#515 = B_SPLINE_CURVE_WITH_KNOTS('',8,(#516,#517,#518,#519,#520,#521,
    #522,#523,#524,#525,#526,#527,#528,#529,#530,#531,#532,#533,#534,
    #535,#536,#537,#538,#539,#540,#541,#542,#543,#544,#545),
  .UNSPECIFIED.,.F.,.F.,(9,7,7,7,9),(0.,0.250817267704,0.499999990635,
    0.750182047306,1.),.UNSPECIFIED.);
#516 = CARTESIAN_POINT('',(19.819620800178,-22.6513723219));
#517 = CARTESIAN_POINT('',(19.79808235628,-24.58820584603));
#518 = CARTESIAN_POINT('',(19.559551457333,-26.52384398121));
#519 = CARTESIAN_POINT('',(19.104026320125,-28.42801499841));
#520 = CARTESIAN_POINT('',(18.437096911162,-30.27258387657));
#521 = CARTESIAN_POINT('',(17.567950347799,-32.03091973008));
#522 = CARTESIAN_POINT('',(16.509619070045,-33.67807623834));
#523 = CARTESIAN_POINT('',(15.278660763592,-35.19073302632));
#524 = CARTESIAN_POINT('',(12.524247890073,-37.89676471272));
#525 = CARTESIAN_POINT('',(11.00103789007,-39.09383984724));
#526 = CARTESIAN_POINT('',(9.348085824559,-40.11845674166));
#527 = CARTESIAN_POINT('',(7.588551669165,-40.95490119084));
#528 = CARTESIAN_POINT('',(5.747076495173,-41.59094089625));
#529 = CARTESIAN_POINT('',(3.849826103706,-42.01810847068));
#530 = CARTESIAN_POINT('',(1.924320741112,-42.23146367064));
#531 = CARTESIAN_POINT('',(-1.932038124648,-42.23146367064));
#532 = CARTESIAN_POINT('',(-3.865284731186,-42.01639373225));
#533 = CARTESIAN_POINT('',(-5.769928699956,-41.58578564163));
#534 = CARTESIAN_POINT('',(-7.618119799034,-40.94466524252));
#535 = CARTESIAN_POINT('',(-9.383386902275,-40.10163457933));
#536 = CARTESIAN_POINT('',(-11.04081477575,-39.06912050653));
#537 = CARTESIAN_POINT('',(-12.56699656732,-37.86307965897));
#538 = CARTESIAN_POINT('',(-15.31295588429,-35.14846958545));
#539 = CARTESIAN_POINT('',(-16.53489316804,-33.63864577378));
#540 = CARTESIAN_POINT('',(-17.58525041702,-31.99584639019));
#541 = CARTESIAN_POINT('',(-18.44771860296,-30.24314852936));
#542 = CARTESIAN_POINT('',(-19.10946665316,-28.40522633182));
#543 = CARTESIAN_POINT('',(-19.56144894574,-26.50840536014));
#544 = CARTESIAN_POINT('',(-19.7981681723,-24.58048888416));
#545 = CARTESIAN_POINT('',(-19.81962080017,-22.6513723219));
#546 = ( GEOMETRIC_REPRESENTATION_CONTEXT(2) 
PARAMETRIC_REPRESENTATION_CONTEXT() REPRESENTATION_CONTEXT('2D SPACE',''
  ) );
#547 = PCURVE('',#548,#573);
#548 = B_SPLINE_SURFACE_WITH_KNOTS('',11,1,(
    (#549,#550)
    ,(#551,#552)
    ,(#553,#554)
    ,(#555,#556)
    ,(#557,#558)
    ,(#559,#560)
    ,(#561,#562)
    ,(#563,#564)
    ,(#565,#566)
    ,(#567,#568)
    ,(#569,#570)
    ,(#571,#572
    )),.UNSPECIFIED.,.F.,.F.,.F.,(12,12),(2,2),(0.,3.14159265359),(0.,1.
    ),.PIECEWISE_BEZIER_KNOTS.);
#549 = CARTESIAN_POINT('',(112.45712946961,13.,-2.532501074067));
#550 = CARTESIAN_POINT('',(110.37618381851,54.,-6.165953881377));
#551 = CARTESIAN_POINT('',(106.82196904706,13.,-2.532501074068));
#552 = CARTESIAN_POINT('',(105.9128157156,53.999999999999,-3.60970038489
    ));
#553 = CARTESIAN_POINT('',(101.18680906508,13.000000000001,
    -0.762163179164));
#554 = CARTESIAN_POINT('',(101.98660646094,54.000000000002,
    -0.115534129113));
#555 = CARTESIAN_POINT('',(96.169609735542,12.999999999997,
    2.778512194248));
#556 = CARTESIAN_POINT('',(98.816551682329,53.999999999998,
    4.191127232101));
#557 = CARTESIAN_POINT('',(92.388356169269,13.000000000004,
    7.846853417143));
#558 = CARTESIAN_POINT('',(96.588672458131,54.,9.127341438358));
#559 = CARTESIAN_POINT('',(90.352034963571,12.999999999997,
    13.957502221553));
#560 = CARTESIAN_POINT('',(95.438838418279,54.000000000002,
    14.462542822398));
#561 = CARTESIAN_POINT('',(90.352034963842,13.000000000002,
    20.439495630311));
#562 = CARTESIAN_POINT('',(95.438838418271,53.999999999999,
    19.934455029467));
#563 = CARTESIAN_POINT('',(92.388356169057,12.999999999999,
    26.550144434724));
#564 = CARTESIAN_POINT('',(96.588672458128,53.999999999999,
    25.269656413507));
#565 = CARTESIAN_POINT('',(96.169609735669,13.000000000001,
    31.618485657615));
#566 = CARTESIAN_POINT('',(98.81655168234,54.000000000002,
    30.205870619764));
#567 = CARTESIAN_POINT('',(101.18680906503,13.,35.15916103103));
#568 = CARTESIAN_POINT('',(101.98660646093,53.999999999999,
    34.512531980978));
#569 = CARTESIAN_POINT('',(106.82196904707,13.,36.929498925933));
#570 = CARTESIAN_POINT('',(105.9128157156,54.000000000001,
    38.006698236755));
#571 = CARTESIAN_POINT('',(112.45712946961,13.,36.929498925933));
#572 = CARTESIAN_POINT('',(110.37618381851,54.,40.562951733242));
#573 = DEFINITIONAL_REPRESENTATION('',(#574),#605);
#574 = B_SPLINE_CURVE_WITH_KNOTS('',8,(#575,#576,#577,#578,#579,#580,
    #581,#582,#583,#584,#585,#586,#587,#588,#589,#590,#591,#592,#593,
    #594,#595,#596,#597,#598,#599,#600,#601,#602,#603,#604),
  .UNSPECIFIED.,.F.,.F.,(9,7,7,7,9),(0.,0.250817267704,0.499999990635,
    0.750182047306,1.),.UNSPECIFIED.);
#575 = CARTESIAN_POINT('',(3.14159265359,2.439024390244E-02));
#576 = CARTESIAN_POINT('',(3.042930305256,2.439024390244E-02));
#577 = CARTESIAN_POINT('',(2.944246176628,2.439024390244E-02));
#578 = CARTESIAN_POINT('',(2.845633853621,2.439024390244E-02));
#579 = CARTESIAN_POINT('',(2.747079707548,2.439024390244E-02));
#580 = CARTESIAN_POINT('',(2.648555656325,2.439024390244E-02));
#581 = CARTESIAN_POINT('',(2.550033735577,2.439024390244E-02));
#582 = CARTESIAN_POINT('',(2.45150153278,2.439024390244E-02));
#583 = CARTESIAN_POINT('',(2.255245839744,2.439024390244E-02));
#584 = CARTESIAN_POINT('',(2.157399300135,2.439024390244E-02));
#585 = CARTESIAN_POINT('',(2.059602742552,2.439024390244E-02));
#586 = CARTESIAN_POINT('',(1.961843498533,2.439024390244E-02));
#587 = CARTESIAN_POINT('',(1.864094298907,2.439024390244E-02));
#588 = CARTESIAN_POINT('',(1.766327917484,2.439024390244E-02));
#589 = CARTESIAN_POINT('',(1.668532075592,2.439024390244E-02));
#590 = CARTESIAN_POINT('',(1.4726686141,2.439024390244E-02));
#591 = CARTESIAN_POINT('',(1.374479599062,2.439024390244E-02));
#592 = CARTESIAN_POINT('',(1.276320711132,2.439024390244E-02));
#593 = CARTESIAN_POINT('',(1.178179335567,2.439024390244E-02));
#594 = CARTESIAN_POINT('',(1.080027795782,2.439024390244E-02));
#595 = CARTESIAN_POINT('',(0.981838371973,2.439024390244E-02));
#596 = CARTESIAN_POINT('',(0.883598048797,2.439024390244E-02));
#597 = CARTESIAN_POINT('',(0.687341193798,2.439024390244E-02));
#598 = CARTESIAN_POINT('',(0.589201977474,2.439024390244E-02));
#599 = CARTESIAN_POINT('',(0.491072449172,2.439024390244E-02));
#600 = CARTESIAN_POINT('',(0.39294053249,2.439024390244E-02));
#601 = CARTESIAN_POINT('',(0.294778717865,2.439024390244E-02));
#602 = CARTESIAN_POINT('',(0.196559377805,2.439024390244E-02));
#603 = CARTESIAN_POINT('',(9.826924610291E-02,2.439024390244E-02));
#604 = CARTESIAN_POINT('',(0.,2.439024390244E-02));
#605 = ( GEOMETRIC_REPRESENTATION_CONTEXT(2) 
PARAMETRIC_REPRESENTATION_CONTEXT() REPRESENTATION_CONTEXT('2D SPACE',''
  ) );
#606 = ORIENTED_EDGE('',*,*,#607,.T.);
#607 = EDGE_CURVE('',#479,#608,#610,.T.);
#608 = VERTEX_POINT('',#609);
#609 = CARTESIAN_POINT('',(135.10850179151,14.,-2.621121874246));
#610 = SURFACE_CURVE('',#611,(#622,#636),.PCURVE_S1.);
#611 = B_SPLINE_CURVE_WITH_KNOTS('',5,(#612,#613,#614,#615,#616,#617,
    #618,#619,#620,#621),.UNSPECIFIED.,.F.,.F.,(6,4,6),(0.,0.5,1.),
  .UNSPECIFIED.);
#612 = CARTESIAN_POINT('',(112.40637469763,14.,-2.621121874246));
#613 = CARTESIAN_POINT('',(114.67351406774,14.,-2.655116078549));
#614 = CARTESIAN_POINT('',(116.94292110156,14.,-2.681350206847));
#615 = CARTESIAN_POINT('',(119.21390145456,14.,-2.699093636808));
#616 = CARTESIAN_POINT('',(121.48567010659,14.,-2.70796448737));
#617 = CARTESIAN_POINT('',(126.02920638255,14.,-2.70796448737));
#618 = CARTESIAN_POINT('',(128.30097503458,14.,-2.699093636808));
#619 = CARTESIAN_POINT('',(130.57195538758,14.,-2.681350206847));
#620 = CARTESIAN_POINT('',(132.8413624214,14.,-2.655116078549));
#621 = CARTESIAN_POINT('',(135.10850179151,14.,-2.621121874246));
#622 = PCURVE('',#56,#623);
#623 = DEFINITIONAL_REPRESENTATION('',(#624),#635);
#624 = B_SPLINE_CURVE_WITH_KNOTS('',5,(#625,#626,#627,#628,#629,#630,
    #631,#632,#633,#634),.UNSPECIFIED.,.F.,.F.,(6,4,6),(0.,0.5,1.),
  .UNSPECIFIED.);
#625 = CARTESIAN_POINT('',(-19.81962080017,-22.6513723219));
#626 = CARTESIAN_POINT('',(-19.85361500448,-20.38423295179));
#627 = CARTESIAN_POINT('',(-19.87984913278,-18.11482591796));
#628 = CARTESIAN_POINT('',(-19.89759256274,-15.84384556496));
#629 = CARTESIAN_POINT('',(-19.9064634133,-13.57207691294));
#630 = CARTESIAN_POINT('',(-19.9064634133,-9.028540636983));
#631 = CARTESIAN_POINT('',(-19.89759256274,-6.756771984956));
#632 = CARTESIAN_POINT('',(-19.87984913278,-4.485791631955));
#633 = CARTESIAN_POINT('',(-19.85361500448,-2.216384598129));
#634 = CARTESIAN_POINT('',(-19.81962080017,5.075477197803E-02));
#635 = ( GEOMETRIC_REPRESENTATION_CONTEXT(2) 
PARAMETRIC_REPRESENTATION_CONTEXT() REPRESENTATION_CONTEXT('2D SPACE',''
  ) );
#636 = PCURVE('',#637,#654);
#637 = B_SPLINE_SURFACE_WITH_KNOTS('',7,1,(
    (#638,#639)
    ,(#640,#641)
    ,(#642,#643)
    ,(#644,#645)
    ,(#646,#647)
    ,(#648,#649)
    ,(#650,#651)
    ,(#652,#653
    )),.UNSPECIFIED.,.F.,.F.,.F.,(8,8),(2,2),(0.,22.600617549925),(0.,1.
    ),.PIECEWISE_BEZIER_KNOTS.);
#638 = CARTESIAN_POINT('',(135.05774701953,13.,-2.532501074067));
#639 = CARTESIAN_POINT('',(137.13869267063,54.,-6.165953881377));
#640 = CARTESIAN_POINT('',(131.82908736954,13.,-2.532501074067));
#641 = CARTESIAN_POINT('',(133.66661493312,54.,-8.154477044144));
#642 = CARTESIAN_POINT('',(128.60042771955,13.,-2.532501074067));
#643 = CARTESIAN_POINT('',(129.84978156958,54.,-9.541035189666));
#644 = CARTESIAN_POINT('',(125.37176806956,13.,-2.532501074067));
#645 = CARTESIAN_POINT('',(125.8134300718,54.,-10.25391523065));
#646 = CARTESIAN_POINT('',(122.14310841958,13.,-2.532501074067));
#647 = CARTESIAN_POINT('',(121.70144641734,54.000000000001,
    -10.25391523065));
#648 = CARTESIAN_POINT('',(118.91444876959,13.,-2.532501074067));
#649 = CARTESIAN_POINT('',(117.66509491956,54.,-9.541035189666));
#650 = CARTESIAN_POINT('',(115.6857891196,13.,-2.532501074067));
#651 = CARTESIAN_POINT('',(113.84826155602,54.,-8.154477044144));
#652 = CARTESIAN_POINT('',(112.45712946961,13.,-2.532501074067));
#653 = CARTESIAN_POINT('',(110.37618381851,54.,-6.165953881377));
#654 = DEFINITIONAL_REPRESENTATION('',(#655),#666);
#655 = B_SPLINE_CURVE_WITH_KNOTS('',5,(#656,#657,#658,#659,#660,#661,
    #662,#663,#664,#665),.UNSPECIFIED.,.F.,.F.,(6,4,6),(0.,0.5,1.),
  .UNSPECIFIED.);
#656 = CARTESIAN_POINT('',(22.600617549925,2.439024390244E-02));
#657 = CARTESIAN_POINT('',(20.337639461091,2.439024390244E-02));
#658 = CARTESIAN_POINT('',(18.076815667905,2.439024390244E-02));
#659 = CARTESIAN_POINT('',(15.817483549269,2.439024390244E-02));
#660 = CARTESIAN_POINT('',(13.558895919079,2.439024390244E-02));
#661 = CARTESIAN_POINT('',(9.041721630845,2.439024390244E-02));
#662 = CARTESIAN_POINT('',(6.783134000656,2.439024390244E-02));
#663 = CARTESIAN_POINT('',(4.523801882019,2.439024390244E-02));
#664 = CARTESIAN_POINT('',(2.262978088834,2.439024390244E-02));
#665 = CARTESIAN_POINT('',(0.,2.439024390244E-02));
#666 = ( GEOMETRIC_REPRESENTATION_CONTEXT(2) 
PARAMETRIC_REPRESENTATION_CONTEXT() REPRESENTATION_CONTEXT('2D SPACE',''
  ) );
#667 = ORIENTED_EDGE('',*,*,#668,.T.);
#668 = EDGE_CURVE('',#608,#317,#669,.T.);
#669 = SURFACE_CURVE('',#670,(#693,#719),.PCURVE_S1.);
#670 = B_SPLINE_CURVE_WITH_KNOTS('',6,(#671,#672,#673,#674,#675,#676,
    #677,#678,#679,#680,#681,#682,#683,#684,#685,#686,#687,#688,#689,
    #690,#691,#692),.UNSPECIFIED.,.F.,.F.,(7,5,5,5,7),(0.,0.295658105418
    ,0.502643473956,0.648711564925,1.),.UNSPECIFIED.);
#671 = CARTESIAN_POINT('',(135.10850179151,14.,-2.621121874246));
#672 = CARTESIAN_POINT('',(136.6308652188,14.,-2.604192520813));
#673 = CARTESIAN_POINT('',(138.15183022876,14.,-2.446507656889));
#674 = CARTESIAN_POINT('',(139.65475940795,14.,-2.148275631066));
#675 = CARTESIAN_POINT('',(141.123680131,14.,-1.712408654139));
#676 = CARTESIAN_POINT('',(142.54316255148,14.,-1.143894171859));
#677 = CARTESIAN_POINT('',(144.84734556203,14.,3.513120975124E-02));
#678 = CARTESIAN_POINT('',(145.76485229684,14.,0.581959188502));
#679 = CARTESIAN_POINT('',(146.64601824068,14.,1.187527798569));
#680 = CARTESIAN_POINT('',(147.48621958554,14.,1.848757751356));
#681 = CARTESIAN_POINT('',(148.28116527748,14.,2.562126269197));
#682 = CARTESIAN_POINT('',(149.55323283854,14.,3.860982864697));
#683 = CARTESIAN_POINT('',(150.05505006601,14.,4.4223312847));
#684 = CARTESIAN_POINT('',(150.53102613199,14.,5.006249796891));
#685 = CARTESIAN_POINT('',(150.97990967214,14.,5.611243427969));
#686 = CARTESIAN_POINT('',(151.40056641748,14.,6.235727257065));
#687 = CARTESIAN_POINT('',(152.73331265708,14.,8.422732482637));
#688 = CARTESIAN_POINT('',(153.5057206194,14.,10.070835432222));
#689 = CARTESIAN_POINT('',(154.09455513535,14.,11.798495647663));
#690 = CARTESIAN_POINT('',(154.49063047345,14.,13.580248920711));
#691 = CARTESIAN_POINT('',(154.68859314697,14.,15.389568737648));
#692 = CARTESIAN_POINT('',(154.68859314697,14.,17.198498925933));
#693 = PCURVE('',#56,#694);
#694 = DEFINITIONAL_REPRESENTATION('',(#695),#718);
#695 = B_SPLINE_CURVE_WITH_KNOTS('',6,(#696,#697,#698,#699,#700,#701,
    #702,#703,#704,#705,#706,#707,#708,#709,#710,#711,#712,#713,#714,
    #715,#716,#717),.UNSPECIFIED.,.F.,.F.,(7,5,5,5,7),(0.,0.295658105418
    ,0.502643473956,0.648711564925,1.),.UNSPECIFIED.);
#696 = CARTESIAN_POINT('',(-19.81962080017,5.075477197809E-02));
#697 = CARTESIAN_POINT('',(-19.80269144674,1.573118199265));
#698 = CARTESIAN_POINT('',(-19.64500658282,3.094083209224));
#699 = CARTESIAN_POINT('',(-19.34677455699,4.597012388419));
#700 = CARTESIAN_POINT('',(-18.91090758007,6.065933111471));
#701 = CARTESIAN_POINT('',(-18.34239309779,7.485415531946));
#702 = CARTESIAN_POINT('',(-17.16336771618,9.789598542497));
#703 = CARTESIAN_POINT('',(-16.61653973743,10.707105277307));
#704 = CARTESIAN_POINT('',(-16.01097112736,11.588271221148));
#705 = CARTESIAN_POINT('',(-15.34974117457,12.42847256601));
#706 = CARTESIAN_POINT('',(-14.63637265673,13.22341825795));
#707 = CARTESIAN_POINT('',(-13.33751606123,14.495485819007));
#708 = CARTESIAN_POINT('',(-12.77616764123,14.997303046476));
#709 = CARTESIAN_POINT('',(-12.19224912904,15.473279112458));
#710 = CARTESIAN_POINT('',(-11.58725549796,15.922162652611));
#711 = CARTESIAN_POINT('',(-10.96277166886,16.342819397949));
#712 = CARTESIAN_POINT('',(-8.775766443296,17.675565637548));
#713 = CARTESIAN_POINT('',(-7.127663493711,18.447973599872));
#714 = CARTESIAN_POINT('',(-5.40000327827,19.036808115819));
#715 = CARTESIAN_POINT('',(-3.618250005221,19.432883453917));
#716 = CARTESIAN_POINT('',(-1.808930188284,19.63084612744));
#717 = CARTESIAN_POINT('',(7.105427357601E-15,19.63084612744));
#718 = ( GEOMETRIC_REPRESENTATION_CONTEXT(2) 
PARAMETRIC_REPRESENTATION_CONTEXT() REPRESENTATION_CONTEXT('2D SPACE',''
  ) );
#719 = PCURVE('',#720,#739);
#720 = B_SPLINE_SURFACE_WITH_KNOTS('',8,1,(
    (#721,#722)
    ,(#723,#724)
    ,(#725,#726)
    ,(#727,#728)
    ,(#729,#730)
    ,(#731,#732)
    ,(#733,#734)
    ,(#735,#736)
    ,(#737,#738
    )),.UNSPECIFIED.,.F.,.F.,.F.,(9,9),(2,2),(1.570796326795,
    3.14159265359),(0.,1.),.PIECEWISE_BEZIER_KNOTS.);
#721 = CARTESIAN_POINT('',(154.78874701953,13.,17.198498925933));
#722 = CARTESIAN_POINT('',(150.68243824457,54.,17.198498925933));
#723 = CARTESIAN_POINT('',(154.78874701953,13.,13.324326135434));
#724 = CARTESIAN_POINT('',(150.68243824457,54.,13.662309627007));
#725 = CARTESIAN_POINT('',(153.91938359254,13.,9.450152125451));
#726 = CARTESIAN_POINT('',(150.15166597442,54.,10.126120952131));
#727 = CARTESIAN_POINT('',(152.18066527724,13.,5.803585299267));
#728 = CARTESIAN_POINT('',(149.09012890043,54.,6.682874075558));
#729 = CARTESIAN_POINT('',(149.64406152983,13.,2.61218441564));
#730 = CARTESIAN_POINT('',(147.51733726581,54.,3.425523805991));
#731 = CARTESIAN_POINT('',(146.45266064619,13.,7.558066822324E-02));
#732 = CARTESIAN_POINT('',(145.47238715891,54.,0.441871117609));
#733 = CARTESIAN_POINT('',(142.80609382002,13.,-1.663137647074));
#734 = CARTESIAN_POINT('',(143.01203872876,54.,-2.190522396804));
#735 = CARTESIAN_POINT('',(138.93191981003,13.,-2.532501074067));
#736 = CARTESIAN_POINT('',(140.20725824138,54.,-4.408529602542));
#737 = CARTESIAN_POINT('',(135.05774701953,13.,-2.532501074067));
#738 = CARTESIAN_POINT('',(137.13869267063,54.,-6.165953881377));
#739 = DEFINITIONAL_REPRESENTATION('',(#740),#763);
#740 = B_SPLINE_CURVE_WITH_KNOTS('',6,(#741,#742,#743,#744,#745,#746,
    #747,#748,#749,#750,#751,#752,#753,#754,#755,#756,#757,#758,#759,
    #760,#761,#762),.UNSPECIFIED.,.F.,.F.,(7,5,5,5,7),(0.,0.295658105418
    ,0.502643473956,0.648711564925,1.),.UNSPECIFIED.);
#741 = CARTESIAN_POINT('',(3.14159265359,2.439024390244E-02));
#742 = CARTESIAN_POINT('',(3.064043422392,2.439024390244E-02));
#743 = CARTESIAN_POINT('',(2.986511864357,2.439024390244E-02));
#744 = CARTESIAN_POINT('',(2.909014295775,2.439024390244E-02));
#745 = CARTESIAN_POINT('',(2.83153899963,2.439024390244E-02));
#746 = CARTESIAN_POINT('',(2.754074430841,2.439024390244E-02));
#747 = CARTESIAN_POINT('',(2.62242422993,2.439024390244E-02));
#748 = CARTESIAN_POINT('',(2.568219224406,2.439024390244E-02));
#749 = CARTESIAN_POINT('',(2.514024356565,2.439024390244E-02));
#750 = CARTESIAN_POINT('',(2.459837297104,2.439024390244E-02));
#751 = CARTESIAN_POINT('',(2.405655736412,2.439024390244E-02));
#752 = CARTESIAN_POINT('',(2.313252155152,2.439024390244E-02));
#753 = CARTESIAN_POINT('',(2.275025360473,2.439024390244E-02));
#754 = CARTESIAN_POINT('',(2.236801524196,2.439024390244E-02));
#755 = CARTESIAN_POINT('',(2.198580453443,2.439024390244E-02));
#756 = CARTESIAN_POINT('',(2.160361955437,2.439024390244E-02));
#757 = CARTESIAN_POINT('',(2.030237466715,2.439024390244E-02));
#758 = CARTESIAN_POINT('',(1.938323013268,2.439024390244E-02));
#759 = CARTESIAN_POINT('',(1.846441189859,2.439024390244E-02));
#760 = CARTESIAN_POINT('',(1.754565938982,2.439024390244E-02));
#761 = CARTESIAN_POINT('',(1.66267141948,2.439024390244E-02));
#762 = CARTESIAN_POINT('',(1.570796326795,2.439024390244E-02));
#763 = ( GEOMETRIC_REPRESENTATION_CONTEXT(2) 
PARAMETRIC_REPRESENTATION_CONTEXT() REPRESENTATION_CONTEXT('2D SPACE',''
  ) );
#764 = ADVANCED_FACE('',(#765),#83,.T.);
#765 = FACE_BOUND('',#766,.T.);
#766 = EDGE_LOOP('',(#767,#768,#790,#810));
#767 = ORIENTED_EDGE('',*,*,#185,.T.);
#768 = ORIENTED_EDGE('',*,*,#769,.T.);
#769 = EDGE_CURVE('',#186,#770,#772,.T.);
#770 = VERTEX_POINT('',#771);
#771 = CARTESIAN_POINT('',(152.33243824457,54.,17.198498925933));
#772 = SURFACE_CURVE('',#773,(#776,#783),.PCURVE_S1.);
#773 = B_SPLINE_CURVE_WITH_KNOTS('',1,(#774,#775),.UNSPECIFIED.,.F.,.F.,
  (2,2),(0.,1.),.PIECEWISE_BEZIER_KNOTS.);
#774 = CARTESIAN_POINT('',(156.43874701953,14.,17.198498925933));
#775 = CARTESIAN_POINT('',(152.33243824457,54.,17.198498925933));
#776 = PCURVE('',#83,#777);
#777 = DEFINITIONAL_REPRESENTATION('',(#778),#782);
#778 = LINE('',#779,#780);
#779 = CARTESIAN_POINT('',(1.570796326795,0.));
#780 = VECTOR('',#781,1.);
#781 = DIRECTION('',(0.,1.));
#782 = ( GEOMETRIC_REPRESENTATION_CONTEXT(2) 
PARAMETRIC_REPRESENTATION_CONTEXT() REPRESENTATION_CONTEXT('2D SPACE',''
  ) );
#783 = PCURVE('',#226,#784);
#784 = DEFINITIONAL_REPRESENTATION('',(#785),#789);
#785 = LINE('',#786,#787);
#786 = CARTESIAN_POINT('',(1.570796326795,0.));
#787 = VECTOR('',#788,1.);
#788 = DIRECTION('',(0.,1.));
#789 = ( GEOMETRIC_REPRESENTATION_CONTEXT(2) 
PARAMETRIC_REPRESENTATION_CONTEXT() REPRESENTATION_CONTEXT('2D SPACE',''
  ) );
#790 = ORIENTED_EDGE('',*,*,#791,.T.);
#791 = EDGE_CURVE('',#770,#69,#792,.T.);
#792 = SURFACE_CURVE('',#793,(#798,#804),.PCURVE_S1.);
#793 = CIRCLE('',#794,28.575);
#794 = AXIS2_PLACEMENT_3D('',#795,#796,#797);
#795 = CARTESIAN_POINT('',(123.75743824457,54.,17.198498925933));
#796 = DIRECTION('',(0.,-1.,0.));
#797 = DIRECTION('',(1.,0.,0.));
#798 = PCURVE('',#83,#799);
#799 = DEFINITIONAL_REPRESENTATION('',(#800),#803);
#800 = B_SPLINE_CURVE_WITH_KNOTS('',1,(#801,#802),.UNSPECIFIED.,.F.,.F.,
  (2,2),(0.,1.084593064129),.PIECEWISE_BEZIER_KNOTS.);
#801 = CARTESIAN_POINT('',(1.570796326795,1.));
#802 = CARTESIAN_POINT('',(0.,1.));
#803 = ( GEOMETRIC_REPRESENTATION_CONTEXT(2) 
PARAMETRIC_REPRESENTATION_CONTEXT() REPRESENTATION_CONTEXT('2D SPACE',''
  ) );
#804 = PCURVE('',#125,#805);
#805 = DEFINITIONAL_REPRESENTATION('',(#806),#809);
#806 = B_SPLINE_CURVE_WITH_KNOTS('',1,(#807,#808),.UNSPECIFIED.,.F.,.F.,
  (2,2),(0.,1.084593064129),.PIECEWISE_BEZIER_KNOTS.);
#807 = CARTESIAN_POINT('',(0.,0.));
#808 = CARTESIAN_POINT('',(1.084593064129,0.));
#809 = ( GEOMETRIC_REPRESENTATION_CONTEXT(2) 
PARAMETRIC_REPRESENTATION_CONTEXT() REPRESENTATION_CONTEXT('2D SPACE',''
  ) );
#810 = ORIENTED_EDGE('',*,*,#68,.F.);
#811 = ADVANCED_FACE('',(#812,#931),#125,.T.);
#812 = FACE_BOUND('',#813,.T.);
#813 = EDGE_LOOP('',(#814,#837,#859,#881,#901,#902,#903,#904));
#814 = ORIENTED_EDGE('',*,*,#815,.F.);
#815 = EDGE_CURVE('',#770,#816,#818,.T.);
#816 = VERTEX_POINT('',#817);
#817 = CARTESIAN_POINT('',(152.33243824457,168.,17.198498925933));
#818 = SEAM_CURVE('',#819,(#823,#830),.PCURVE_S1.);
#819 = LINE('',#820,#821);
#820 = CARTESIAN_POINT('',(152.33243824457,54.,17.198498925933));
#821 = VECTOR('',#822,1.);
#822 = DIRECTION('',(-0.,1.,-0.));
#823 = PCURVE('',#125,#824);
#824 = DEFINITIONAL_REPRESENTATION('',(#825),#829);
#825 = LINE('',#826,#827);
#826 = CARTESIAN_POINT('',(6.28318530718,0.));
#827 = VECTOR('',#828,1.);
#828 = DIRECTION('',(0.,-1.));
#829 = ( GEOMETRIC_REPRESENTATION_CONTEXT(2) 
PARAMETRIC_REPRESENTATION_CONTEXT() REPRESENTATION_CONTEXT('2D SPACE',''
  ) );
#830 = PCURVE('',#125,#831);
#831 = DEFINITIONAL_REPRESENTATION('',(#832),#836);
#832 = LINE('',#833,#834);
#833 = CARTESIAN_POINT('',(0.,0.));
#834 = VECTOR('',#835,1.);
#835 = DIRECTION('',(0.,-1.));
#836 = ( GEOMETRIC_REPRESENTATION_CONTEXT(2) 
PARAMETRIC_REPRESENTATION_CONTEXT() REPRESENTATION_CONTEXT('2D SPACE',''
  ) );
#837 = ORIENTED_EDGE('',*,*,#838,.F.);
#838 = EDGE_CURVE('',#839,#770,#841,.T.);
#839 = VERTEX_POINT('',#840);
#840 = CARTESIAN_POINT('',(137.10975044732,54.,-8.06503969874));
#841 = SURFACE_CURVE('',#842,(#847,#853),.PCURVE_S1.);
#842 = CIRCLE('',#843,28.575);
#843 = AXIS2_PLACEMENT_3D('',#844,#845,#846);
#844 = CARTESIAN_POINT('',(123.75743824457,54.,17.198498925933));
#845 = DIRECTION('',(0.,-1.,0.));
#846 = DIRECTION('',(1.,0.,0.));
#847 = PCURVE('',#125,#848);
#848 = DEFINITIONAL_REPRESENTATION('',(#849),#852);
#849 = B_SPLINE_CURVE_WITH_KNOTS('',1,(#850,#851),.UNSPECIFIED.,.F.,.F.,
  (2,2),(5.19859224305,6.28318530718),.PIECEWISE_BEZIER_KNOTS.);
#850 = CARTESIAN_POINT('',(5.19859224305,0.));
#851 = CARTESIAN_POINT('',(6.28318530718,0.));
#852 = ( GEOMETRIC_REPRESENTATION_CONTEXT(2) 
PARAMETRIC_REPRESENTATION_CONTEXT() REPRESENTATION_CONTEXT('2D SPACE',''
  ) );
#853 = PCURVE('',#226,#854);
#854 = DEFINITIONAL_REPRESENTATION('',(#855),#858);
#855 = B_SPLINE_CURVE_WITH_KNOTS('',1,(#856,#857),.UNSPECIFIED.,.F.,.F.,
  (2,2),(5.19859224305,6.28318530718),.PIECEWISE_BEZIER_KNOTS.);
#856 = CARTESIAN_POINT('',(3.14159265359,1.));
#857 = CARTESIAN_POINT('',(1.570796326795,1.));
#858 = ( GEOMETRIC_REPRESENTATION_CONTEXT(2) 
PARAMETRIC_REPRESENTATION_CONTEXT() REPRESENTATION_CONTEXT('2D SPACE',''
  ) );
#859 = ORIENTED_EDGE('',*,*,#860,.F.);
#860 = EDGE_CURVE('',#861,#839,#863,.T.);
#861 = VERTEX_POINT('',#862);
#862 = CARTESIAN_POINT('',(110.40512604182,54.,-8.06503969874));
#863 = SURFACE_CURVE('',#864,(#869,#875),.PCURVE_S1.);
#864 = CIRCLE('',#865,28.575);
#865 = AXIS2_PLACEMENT_3D('',#866,#867,#868);
#866 = CARTESIAN_POINT('',(123.75743824457,54.,17.198498925933));
#867 = DIRECTION('',(0.,-1.,0.));
#868 = DIRECTION('',(1.,0.,0.));
#869 = PCURVE('',#125,#870);
#870 = DEFINITIONAL_REPRESENTATION('',(#871),#874);
#871 = B_SPLINE_CURVE_WITH_KNOTS('',1,(#872,#873),.UNSPECIFIED.,.F.,.F.,
  (2,2),(4.226185717719,5.19859224305),.PIECEWISE_BEZIER_KNOTS.);
#872 = CARTESIAN_POINT('',(4.226185717719,0.));
#873 = CARTESIAN_POINT('',(5.19859224305,0.));
#874 = ( GEOMETRIC_REPRESENTATION_CONTEXT(2) 
PARAMETRIC_REPRESENTATION_CONTEXT() REPRESENTATION_CONTEXT('2D SPACE',''
  ) );
#875 = PCURVE('',#268,#876);
#876 = DEFINITIONAL_REPRESENTATION('',(#877),#880);
#877 = B_SPLINE_CURVE_WITH_KNOTS('',1,(#878,#879),.UNSPECIFIED.,.F.,.F.,
  (2,2),(4.226185717719,5.19859224305),.PIECEWISE_BEZIER_KNOTS.);
#878 = CARTESIAN_POINT('',(22.600617549925,1.));
#879 = CARTESIAN_POINT('',(0.,1.));
#880 = ( GEOMETRIC_REPRESENTATION_CONTEXT(2) 
PARAMETRIC_REPRESENTATION_CONTEXT() REPRESENTATION_CONTEXT('2D SPACE',''
  ) );
#881 = ORIENTED_EDGE('',*,*,#882,.F.);
#882 = EDGE_CURVE('',#110,#861,#883,.T.);
#883 = SURFACE_CURVE('',#884,(#889,#895),.PCURVE_S1.);
#884 = CIRCLE('',#885,28.575);
#885 = AXIS2_PLACEMENT_3D('',#886,#887,#888);
#886 = CARTESIAN_POINT('',(123.75743824457,54.,17.198498925933));
#887 = DIRECTION('',(0.,-1.,0.));
#888 = DIRECTION('',(1.,0.,0.));
#889 = PCURVE('',#125,#890);
#890 = DEFINITIONAL_REPRESENTATION('',(#891),#894);
#891 = B_SPLINE_CURVE_WITH_KNOTS('',1,(#892,#893),.UNSPECIFIED.,.F.,.F.,
  (2,2),(2.05699958946,4.226185717719),.PIECEWISE_BEZIER_KNOTS.);
#892 = CARTESIAN_POINT('',(2.05699958946,0.));
#893 = CARTESIAN_POINT('',(4.226185717719,0.));
#894 = ( GEOMETRIC_REPRESENTATION_CONTEXT(2) 
PARAMETRIC_REPRESENTATION_CONTEXT() REPRESENTATION_CONTEXT('2D SPACE',''
  ) );
#895 = PCURVE('',#149,#896);
#896 = DEFINITIONAL_REPRESENTATION('',(#897),#900);
#897 = B_SPLINE_CURVE_WITH_KNOTS('',1,(#898,#899),.UNSPECIFIED.,.F.,.F.,
  (2,2),(2.05699958946,4.226185717719),.PIECEWISE_BEZIER_KNOTS.);
#898 = CARTESIAN_POINT('',(3.14159265359,1.));
#899 = CARTESIAN_POINT('',(0.,1.));
#900 = ( GEOMETRIC_REPRESENTATION_CONTEXT(2) 
PARAMETRIC_REPRESENTATION_CONTEXT() REPRESENTATION_CONTEXT('2D SPACE',''
  ) );
#901 = ORIENTED_EDGE('',*,*,#109,.F.);
#902 = ORIENTED_EDGE('',*,*,#791,.F.);
#903 = ORIENTED_EDGE('',*,*,#815,.T.);
#904 = ORIENTED_EDGE('',*,*,#905,.T.);
#905 = EDGE_CURVE('',#816,#816,#906,.T.);
#906 = SURFACE_CURVE('',#907,(#912,#919),.PCURVE_S1.);
#907 = CIRCLE('',#908,28.575);
#908 = AXIS2_PLACEMENT_3D('',#909,#910,#911);
#909 = CARTESIAN_POINT('',(123.75743824457,168.,17.198498925933));
#910 = DIRECTION('',(0.,-1.,0.));
#911 = DIRECTION('',(1.,0.,0.));
#912 = PCURVE('',#125,#913);
#913 = DEFINITIONAL_REPRESENTATION('',(#914),#918);
#914 = LINE('',#915,#916);
#915 = CARTESIAN_POINT('',(0.,-114.));
#916 = VECTOR('',#917,1.);
#917 = DIRECTION('',(1.,0.));
#918 = ( GEOMETRIC_REPRESENTATION_CONTEXT(2) 
PARAMETRIC_REPRESENTATION_CONTEXT() REPRESENTATION_CONTEXT('2D SPACE',''
  ) );
#919 = PCURVE('',#920,#925);
#920 = PLANE('',#921);
#921 = AXIS2_PLACEMENT_3D('',#922,#923,#924);
#922 = CARTESIAN_POINT('',(123.75743824457,168.,17.198498925933));
#923 = DIRECTION('',(-0.,-1.,-0.));
#924 = DIRECTION('',(0.,0.,-1.));
#925 = DEFINITIONAL_REPRESENTATION('',(#926),#930);
#926 = CIRCLE('',#927,28.575);
#927 = AXIS2_PLACEMENT_2D('',#928,#929);
#928 = CARTESIAN_POINT('',(3.552713678801E-15,0.));
#929 = DIRECTION('',(0.,1.));
#930 = ( GEOMETRIC_REPRESENTATION_CONTEXT(2) 
PARAMETRIC_REPRESENTATION_CONTEXT() REPRESENTATION_CONTEXT('2D SPACE',''
  ) );
#931 = FACE_BOUND('',#932,.T.);
#932 = EDGE_LOOP('',(#933));
#933 = ORIENTED_EDGE('',*,*,#934,.F.);
#934 = EDGE_CURVE('',#935,#935,#937,.T.);
#935 = VERTEX_POINT('',#936);
#936 = CARTESIAN_POINT('',(123.75743824457,55.,45.773498925933));
#937 = SURFACE_CURVE('',#938,(#1060,#1185),.PCURVE_S1.);
#938 = B_SPLINE_CURVE_WITH_KNOTS('',8,(#939,#940,#941,#942,#943,#944,
    #945,#946,#947,#948,#949,#950,#951,#952,#953,#954,#955,#956,#957,
    #958,#959,#960,#961,#962,#963,#964,#965,#966,#967,#968,#969,#970,
    #971,#972,#973,#974,#975,#976,#977,#978,#979,#980,#981,#982,#983,
    #984,#985,#986,#987,#988,#989,#990,#991,#992,#993,#994,#995,#996,
    #997,#998,#999,#1000,#1001,#1002,#1003,#1004,#1005,#1006,#1007,#1008
    ,#1009,#1010,#1011,#1012,#1013,#1014,#1015,#1016,#1017,#1018,#1019,
    #1020,#1021,#1022,#1023,#1024,#1025,#1026,#1027,#1028,#1029,#1030,
    #1031,#1032,#1033,#1034,#1035,#1036,#1037,#1038,#1039,#1040,#1041,
    #1042,#1043,#1044,#1045,#1046,#1047,#1048,#1049,#1050,#1051,#1052,
    #1053,#1054,#1055,#1056,#1057,#1058,#1059),.UNSPECIFIED.,.T.,.F.,(9,
    7,7,7,7,7,7,7,7,7,7,7,7,7,7,7,7,9),(0.,1.38579615711E-02,
    2.481927930741E-02,4.453013944144E-02,6.939878766509E-02,
    0.163950148671,0.289145906223,0.457204525506,0.500050811454,
    0.536763706958,0.572837314808,0.623380217753,0.743003319869,
    0.838830533352,0.916546388498,0.963872121401,0.983711458261,1.),
  .UNSPECIFIED.);
#939 = CARTESIAN_POINT('',(123.75743824457,55.,45.773498925933));
#940 = CARTESIAN_POINT('',(123.8859306708,55.,45.773498925933));
#941 = CARTESIAN_POINT('',(124.01406250125,55.005717638834,
    45.772838716387));
#942 = CARTESIAN_POINT('',(124.14130289009,55.017096873781,
    45.771524398318));
#943 = CARTESIAN_POINT('',(124.26712127192,55.033973435591,
    45.769577922448));
#944 = CARTESIAN_POINT('',(124.39098734615,55.056074908215,
    45.767036099878));
#945 = CARTESIAN_POINT('',(124.51237106138,55.083020808528,
    45.763949612761));
#946 = CARTESIAN_POINT('',(124.63074259986,55.114322666062,
    45.760382024983));
#947 = CARTESIAN_POINT('',(124.83639997022,55.177116864549,
    45.753266060788));
#948 = CARTESIAN_POINT('',(124.92521535469,55.207264069189,
    45.749862313749));
#949 = CARTESIAN_POINT('',(125.01201452129,55.239633671737,
    45.746223384522));
#950 = CARTESIAN_POINT('',(125.09679732931,55.27404046248,45.74237404439
    ));
#951 = CARTESIAN_POINT('',(125.17956749127,55.310306066907,
    45.73833800312));
#952 = CARTESIAN_POINT('',(125.26033257289,55.348258945706,
    45.734137908963));
#953 = CARTESIAN_POINT('',(125.33910399316,55.387734394768,
    45.729795348653));
#954 = CARTESIAN_POINT('',(125.55398778414,55.502014118053,
    45.717302692239));
#955 = CARTESIAN_POINT('',(125.68589599078,55.579980982551,
    45.708867334383));
#956 = CARTESIAN_POINT('',(125.81191578426,55.661710120897,
    45.700127260923));
#957 = CARTESIAN_POINT('',(125.93237206908,55.746569063796,
    45.691166072576));
#958 = CARTESIAN_POINT('',(126.04761411787,55.834053495918,
    45.682049973429));
#959 = CARTESIAN_POINT('',(126.15800917507,55.923782861386,
    45.672829260687));
#960 = CARTESIAN_POINT('',(126.26393606054,56.015495969254,
    45.663539814418));
#961 = CARTESIAN_POINT('',(126.49427091323,56.227076846607,
    45.642426588881));
#962 = CARTESIAN_POINT('',(126.61629412311,56.348061673943,
    45.630572880286));
#963 = CARTESIAN_POINT('',(126.73225787959,56.471382662843,
    45.61872267348));
#964 = CARTESIAN_POINT('',(126.84258154843,56.596567877501,
    45.606934336522));
#965 = CARTESIAN_POINT('',(126.9476886641,56.723285335335,45.59524815098
    ));
#966 = CARTESIAN_POINT('',(127.04800120942,56.851336477854,
    45.583689069356));
#967 = CARTESIAN_POINT('',(127.14393389516,56.98064964152,45.57226947251
    ));
#968 = CARTESIAN_POINT('',(127.58550242989,57.607909541713,
    45.518114354491));
#969 = CARTESIAN_POINT('',(127.88141179719,58.128891183616,
    45.476823445894));
#970 = CARTESIAN_POINT('',(128.13113302914,58.660034273021,
    45.438858383158));
#971 = CARTESIAN_POINT('',(128.34201451743,59.193316316889,
    45.404818803424));
#972 = CARTESIAN_POINT('',(128.52055480981,59.725361690251,
    45.374693042049));
#973 = CARTESIAN_POINT('',(128.67215030659,60.256838700434,
    45.348215594465));
#974 = CARTESIAN_POINT('',(128.80093846002,60.792058958558,
    45.325103596695));
#975 = CARTESIAN_POINT('',(129.05302016231,62.061043749121,
    45.278897003368));
#976 = CARTESIAN_POINT('',(129.15824843792,62.789054568888,
    45.258741883926));
#977 = CARTESIAN_POINT('',(129.22943827605,63.518006280862,
    45.244766415868));
#978 = CARTESIAN_POINT('',(129.2700103568,64.245787044154,
    45.236709541276));
#979 = CARTESIAN_POINT('',(129.28246834801,64.971793954628,
    45.234241810963));
#980 = CARTESIAN_POINT('',(129.26839083968,65.696444500776,
    45.237067726394));
#981 = CARTESIAN_POINT('',(129.22840564377,66.420665953001,
    45.244954912052));
#982 = CARTESIAN_POINT('',(129.07321089131,68.118151781965,
    45.274848222709));
#983 = CARTESIAN_POINT('',(128.94019463646,69.056107852574,
    45.300136215979));
#984 = CARTESIAN_POINT('',(128.7665922884,69.979924398663,
    45.332323200164));
#985 = CARTESIAN_POINT('',(128.54755481308,70.909016286139,
    45.371465787137));
#986 = CARTESIAN_POINT('',(128.27309159618,71.852624962254,
    45.418073569393));
#987 = CARTESIAN_POINT('',(127.9299547278,72.804541591007,
    45.472218150514));
#988 = CARTESIAN_POINT('',(127.50356301744,73.737834875839,
    45.53175866438));
#989 = CARTESIAN_POINT('',(126.8479621103,74.815317060071,
    45.606196034989));
#990 = CARTESIAN_POINT('',(126.70879732251,75.02892204696,
    45.621273813434));
#991 = CARTESIAN_POINT('',(126.56129986824,75.239932908973,
    45.636461849259));
#992 = CARTESIAN_POINT('',(126.4030927538,75.449614311902,
    45.651840832431));
#993 = CARTESIAN_POINT('',(126.23189420545,75.657677084931,
    45.667386280357));
#994 = CARTESIAN_POINT('',(126.04560154769,75.862191466142,
    45.682942927072));
#995 = CARTESIAN_POINT('',(125.84234291629,76.059535825817,
    45.698204596526));
#996 = CARTESIAN_POINT('',(125.43040767945,76.402765580513,
    45.725119588098));
#997 = CARTESIAN_POINT('',(125.20446509889,76.570476927316,
    45.738427854117));
#998 = CARTESIAN_POINT('',(124.94765365344,76.730745341747,
    45.751340353536));
#999 = CARTESIAN_POINT('',(124.66356434744,76.868708633752,
    45.762631436029));
#1000 = CARTESIAN_POINT('',(124.35569385944,76.971243573699,
    45.771116854643));
#1001 = CARTESIAN_POINT('',(124.02762098875,77.026917981333,
    45.775735635381));
#1002 = CARTESIAN_POINT('',(123.68304254342,77.026002456902,
    45.775634204469));
#1003 = CARTESIAN_POINT('',(122.97500264408,76.896032570189,
    45.764940528812));
#1004 = CARTESIAN_POINT('',(122.66041050048,76.778101031777,
    45.755262087795));
#1005 = CARTESIAN_POINT('',(122.38054652531,76.627118290909,
    45.742965240746));
#1006 = CARTESIAN_POINT('',(122.13216643595,76.458044759211,
    45.729387063328));
#1007 = CARTESIAN_POINT('',(121.91095612954,76.280570198073,
    45.715351783651));
#1008 = CARTESIAN_POINT('',(121.71145253428,76.099053533437,
    45.701199951532));
#1009 = CARTESIAN_POINT('',(121.5270156068,75.912500761977,
    45.686868426469));
#1010 = CARTESIAN_POINT('',(121.10334154793,75.438075024825,
    45.651055091686));
#1011 = CARTESIAN_POINT('',(120.87903625987,75.147681385592,
    45.629623489587));
#1012 = CARTESIAN_POINT('',(120.67540998191,74.850532636922,
    45.608264530707));
#1013 = CARTESIAN_POINT('',(120.48996751921,74.550955197665,
    45.587334534095));
#1014 = CARTESIAN_POINT('',(120.32003181012,74.25090140232,
    45.566979884917));
#1015 = CARTESIAN_POINT('',(120.16285129568,73.950099547313,
    45.547183111756));
#1016 = CARTESIAN_POINT('',(120.01574145453,73.646255254337,
    45.52781502643));
#1017 = CARTESIAN_POINT('',(119.54614206729,72.599356402365,
    45.4634354362));
#1018 = CARTESIAN_POINT('',(119.26617345282,71.840125398652,
    45.4205709407));
#1019 = CARTESIAN_POINT('',(119.03050539471,71.073376865853,
    45.381653593248));
#1020 = CARTESIAN_POINT('',(118.83353210058,70.306787974703,
    45.34734506225));
#1021 = CARTESIAN_POINT('',(118.67051138166,69.542186249031,
    45.317821752928));
#1022 = CARTESIAN_POINT('',(118.53802248662,68.777232856504,
    45.293125539138));
#1023 = CARTESIAN_POINT('',(118.43439308171,68.006993957573,
    45.273425806058));
#1024 = CARTESIAN_POINT('',(118.30081399779,66.60008302282,
    45.247733091965));
#1025 = CARTESIAN_POINT('',(118.26093328795,65.973904233814,
    45.239913104852));
#1026 = CARTESIAN_POINT('',(118.2404270827,65.347073305013,
    45.23584253041));
#1027 = CARTESIAN_POINT('',(118.23963080246,64.719296937616,
    45.235675403766));
#1028 = CARTESIAN_POINT('',(118.25936201357,64.090470894793,
    45.239592439931));
#1029 = CARTESIAN_POINT('',(118.30091591973,63.460914423924,
    45.247788953656));
#1030 = CARTESIAN_POINT('',(118.3660672277,62.831590856992,
    45.260436167203));
#1031 = CARTESIAN_POINT('',(118.53088842332,61.695593271745,
    45.291548671543));
#1032 = CARTESIAN_POINT('',(118.62127869558,61.191168160267,
    45.308381560353));
#1033 = CARTESIAN_POINT('',(118.72964728953,60.688306426108,
    45.328198447625));
#1034 = CARTESIAN_POINT('',(118.85810918002,60.18546259003,
    45.351138060955));
#1035 = CARTESIAN_POINT('',(119.00943269146,59.682479662738,
    45.377339886488));
#1036 = CARTESIAN_POINT('',(119.18696560872,59.180846210813,
    45.40685706536));
#1037 = CARTESIAN_POINT('',(119.39454781285,58.684014608084,
    45.439524944689));
#1038 = CARTESIAN_POINT('',(119.78368972301,57.901692833137,
    45.496239128092));
#1039 = CARTESIAN_POINT('',(119.94259520265,57.611718040855,
    45.51850281663));
#1040 = CARTESIAN_POINT('',(120.11570482552,57.325151277051,
    45.541697179573));
#1041 = CARTESIAN_POINT('',(120.30597335719,57.040931281818,
    45.565893094002));
#1042 = CARTESIAN_POINT('',(120.51662026316,56.759775146438,
    45.59104167482));
#1043 = CARTESIAN_POINT('',(120.75099424267,56.484348182132,
    45.616883280331));
#1044 = CARTESIAN_POINT('',(121.01239736438,56.219479748918,
    45.642847292452));
#1045 = CARTESIAN_POINT('',(121.42603626657,55.868865376075,
    45.678495923629));
#1046 = CARTESIAN_POINT('',(121.55399823946,55.76800915604,45.6889203765
    ));
#1047 = CARTESIAN_POINT('',(121.68831694973,55.670206074647,
    45.699189764783));
#1048 = CARTESIAN_POINT('',(121.82955241832,55.576006524099,
    45.709231221414));
#1049 = CARTESIAN_POINT('',(121.97823434196,55.48617555163,
    45.718944149201));
#1050 = CARTESIAN_POINT('',(122.13484739513,55.401701391043,
    45.728197289995));
#1051 = CARTESIAN_POINT('',(122.29981602558,55.323803996592,
    45.736827287953));
#1052 = CARTESIAN_POINT('',(122.61607795048,55.196586605449,
    45.751052130376));
#1053 = CARTESIAN_POINT('',(122.76569997996,55.144178010215,
    45.756966196096));
#1054 = CARTESIAN_POINT('',(122.92139993924,55.09821241323,
    45.762197952936));
#1055 = CARTESIAN_POINT('',(123.08222379994,55.059936433762,
    45.766585419657));
#1056 = CARTESIAN_POINT('',(123.24721257977,55.030349101886,
    45.769993882917));
#1057 = CARTESIAN_POINT('',(123.41539852876,55.010202123623,
    45.772320739957));
#1058 = CARTESIAN_POINT('',(123.58580331997,55.,45.773498925933));
#1059 = CARTESIAN_POINT('',(123.75743824457,55.,45.773498925933));
#1060 = PCURVE('',#125,#1061);
#1061 = DEFINITIONAL_REPRESENTATION('',(#1062),#1184);
#1062 = B_SPLINE_CURVE_WITH_KNOTS('',8,(#1063,#1064,#1065,#1066,#1067,
    #1068,#1069,#1070,#1071,#1072,#1073,#1074,#1075,#1076,#1077,#1078,
    #1079,#1080,#1081,#1082,#1083,#1084,#1085,#1086,#1087,#1088,#1089,
    #1090,#1091,#1092,#1093,#1094,#1095,#1096,#1097,#1098,#1099,#1100,
    #1101,#1102,#1103,#1104,#1105,#1106,#1107,#1108,#1109,#1110,#1111,
    #1112,#1113,#1114,#1115,#1116,#1117,#1118,#1119,#1120,#1121,#1122,
    #1123,#1124,#1125,#1126,#1127,#1128,#1129,#1130,#1131,#1132,#1133,
    #1134,#1135,#1136,#1137,#1138,#1139,#1140,#1141,#1142,#1143,#1144,
    #1145,#1146,#1147,#1148,#1149,#1150,#1151,#1152,#1153,#1154,#1155,
    #1156,#1157,#1158,#1159,#1160,#1161,#1162,#1163,#1164,#1165,#1166,
    #1167,#1168,#1169,#1170,#1171,#1172,#1173,#1174,#1175,#1176,#1177,
    #1178,#1179,#1180,#1181,#1182,#1183),.UNSPECIFIED.,.T.,.F.,(9,7,7,7,
    7,7,7,7,7,7,7,7,7,7,7,7,7,9),(0.,1.38579615711E-02,
    2.481927930741E-02,4.453013944144E-02,6.939878766509E-02,
    0.163950148671,0.289145906223,0.457204525506,0.500050811454,
    0.536763706958,0.572837314808,0.623380217753,0.743003319869,
    0.838830533352,0.916546388498,0.963872121401,0.983711458261,1.),
  .UNSPECIFIED.);
#1063 = CARTESIAN_POINT('',(1.570796326795,-1.));
#1064 = CARTESIAN_POINT('',(1.566299653961,-1.));
#1065 = CARTESIAN_POINT('',(1.561815600953,-1.005717638834));
#1066 = CARTESIAN_POINT('',(1.557362604818,-1.017096873781));
#1067 = CARTESIAN_POINT('',(1.5529590988,-1.033973435591));
#1068 = CARTESIAN_POINT('',(1.5486235222,-1.056074908215));
#1069 = CARTESIAN_POINT('',(1.544374330224,-1.083020808528));
#1070 = CARTESIAN_POINT('',(1.540230003843,-1.114322666062));
#1071 = CARTESIAN_POINT('',(1.533028588498,-1.177116864549));
#1072 = CARTESIAN_POINT('',(1.529918177513,-1.207264069189));
#1073 = CARTESIAN_POINT('',(1.526877950383,-1.239633671737));
#1074 = CARTESIAN_POINT('',(1.523907902073,-1.27404046248));
#1075 = CARTESIAN_POINT('',(1.521007898821,-1.310306066907));
#1076 = CARTESIAN_POINT('',(1.518177678138,-1.348258945706));
#1077 = CARTESIAN_POINT('',(1.515416848808,-1.387734394768));
#1078 = CARTESIAN_POINT('',(1.507884158478,-1.502014118053));
#1079 = CARTESIAN_POINT('',(1.503258595631,-1.579980982551));
#1080 = CARTESIAN_POINT('',(1.498837964514,-1.661710120897));
#1081 = CARTESIAN_POINT('',(1.494610973104,-1.746569063796));
#1082 = CARTESIAN_POINT('',(1.490565487922,-1.834053495918));
#1083 = CARTESIAN_POINT('',(1.486688746766,-1.923782861386));
#1084 = CARTESIAN_POINT('',(1.482967571445,-2.015495969254));
#1085 = CARTESIAN_POINT('',(1.474873066412,-2.227076846607));
#1086 = CARTESIAN_POINT('',(1.47058274834,-2.348061673943));
#1087 = CARTESIAN_POINT('',(1.466503473118,-2.471382662843));
#1088 = CARTESIAN_POINT('',(1.462620727528,-2.596567877501));
#1089 = CARTESIAN_POINT('',(1.458919833802,-2.723285335335));
#1090 = CARTESIAN_POINT('',(1.455386145112,-2.851336477854));
#1091 = CARTESIAN_POINT('',(1.452005241073,-2.98064964152));
#1092 = CARTESIAN_POINT('',(1.436436492067,-3.607909541713));
#1093 = CARTESIAN_POINT('',(1.425982065056,-4.128891183616));
#1094 = CARTESIAN_POINT('',(1.417143341219,-4.660034273021));
#1095 = CARTESIAN_POINT('',(1.409668322261,-5.193316316889));
#1096 = CARTESIAN_POINT('',(1.403332136528,-5.725361690251));
#1097 = CARTESIAN_POINT('',(1.397946728645,-6.256838700434));
#1098 = CARTESIAN_POINT('',(1.393367743796,-6.792058958558));
#1099 = CARTESIAN_POINT('',(1.384399010568,-8.061043749121));
#1100 = CARTESIAN_POINT('',(1.380649657156,-8.789054568887));
#1101 = CARTESIAN_POINT('',(1.378110776481,-9.518006280864));
#1102 = CARTESIAN_POINT('',(1.37666319212,-10.24578704415));
#1103 = CARTESIAN_POINT('',(1.376218757219,-10.97179395462));
#1104 = CARTESIAN_POINT('',(1.376721233985,-11.69644450077));
#1105 = CARTESIAN_POINT('',(1.378147491325,-12.420665953));
#1106 = CARTESIAN_POINT('',(1.383678463445,-14.11815178196));
#1107 = CARTESIAN_POINT('',(1.388416810005,-15.05610785257));
#1108 = CARTESIAN_POINT('',(1.39459557876,-15.97992439865));
#1109 = CARTESIAN_POINT('',(1.402381990018,-16.90901628615));
#1110 = CARTESIAN_POINT('',(1.412123642571,-17.85262496224));
#1111 = CARTESIAN_POINT('',(1.424278542331,-18.804541591));
#1112 = CARTESIAN_POINT('',(1.439340192329,-19.73783487583));
#1113 = CARTESIAN_POINT('',(1.462430768344,-20.81531706007));
#1114 = CARTESIAN_POINT('',(1.467329364695,-21.02892204696));
#1115 = CARTESIAN_POINT('',(1.472518294901,-21.23993290897));
#1116 = CARTESIAN_POINT('',(1.478080755554,-21.4496143119));
#1117 = CARTESIAN_POINT('',(1.48409633078,-21.65767708493));
#1118 = CARTESIAN_POINT('',(1.490638096957,-21.86219146614));
#1119 = CARTESIAN_POINT('',(1.497770948702,-22.05953582581));
#1120 = CARTESIAN_POINT('',(1.512217618351,-22.40276558051));
#1121 = CARTESIAN_POINT('',(1.520138161641,-22.57047692731));
#1122 = CARTESIAN_POINT('',(1.529136229936,-22.73074534174));
#1123 = CARTESIAN_POINT('',(1.539084790698,-22.86870863375));
#1124 = CARTESIAN_POINT('',(1.549861242331,-22.97124357369));
#1125 = CARTESIAN_POINT('',(1.56134158276,-23.02691798133));
#1126 = CARTESIAN_POINT('',(1.573398999593,-23.0260024569));
#1127 = CARTESIAN_POINT('',(1.598180124673,-22.89603257018));
#1128 = CARTESIAN_POINT('',(1.609193330596,-22.77810103177));
#1129 = CARTESIAN_POINT('',(1.618995561629,-22.62711829091));
#1130 = CARTESIAN_POINT('',(1.627699957103,-22.45804475921));
#1131 = CARTESIAN_POINT('',(1.635456451682,-22.28057019807));
#1132 = CARTESIAN_POINT('',(1.64245546118,-22.09905353343));
#1133 = CARTESIAN_POINT('',(1.648929257239,-21.91250076197));
#1134 = CARTESIAN_POINT('',(1.663808873064,-21.43807502482));
#1135 = CARTESIAN_POINT('',(1.671693858021,-21.14768138559));
#1136 = CARTESIAN_POINT('',(1.678858513023,-20.85053263692));
#1137 = CARTESIAN_POINT('',(1.68538904811,-20.55095519766));
#1138 = CARTESIAN_POINT('',(1.691378327006,-20.25090140232));
#1139 = CARTESIAN_POINT('',(1.696922257316,-19.95009954731));
#1140 = CARTESIAN_POINT('',(1.702114813782,-19.64625525433));
#1141 = CARTESIAN_POINT('',(1.718702456637,-18.59935640236));
#1142 = CARTESIAN_POINT('',(1.728613086776,-17.84012539865));
#1143 = CARTESIAN_POINT('',(1.736971396614,-17.07337686585));
#1144 = CARTESIAN_POINT('',(1.743968022569,-16.3067879747));
#1145 = CARTESIAN_POINT('',(1.749765651675,-15.54218624903));
#1146 = CARTESIAN_POINT('',(1.754482007404,-14.7772328565));
#1147 = CARTESIAN_POINT('',(1.758173517574,-14.00699395757));
#1148 = CARTESIAN_POINT('',(1.762933885859,-12.60008302282));
#1149 = CARTESIAN_POINT('',(1.764356102975,-11.97390423381));
#1150 = CARTESIAN_POINT('',(1.765087737682,-11.34707330501));
#1151 = CARTESIAN_POINT('',(1.765116210643,-10.71929693761));
#1152 = CARTESIAN_POINT('',(1.764412221491,-10.09047089479));
#1153 = CARTESIAN_POINT('',(1.762930001066,-9.460914423924));
#1154 = CARTESIAN_POINT('',(1.760607457714,-8.831590856992));
#1155 = CARTESIAN_POINT('',(1.754737572428,-7.695593271745));
#1156 = CARTESIAN_POINT('',(1.751519936275,-7.191168160267));
#1157 = CARTESIAN_POINT('',(1.747664652226,-6.688306426108));
#1158 = CARTESIAN_POINT('',(1.743098028136,-6.18546259003));
#1159 = CARTESIAN_POINT('',(1.73772373968,-5.682479662738));
#1160 = CARTESIAN_POINT('',(1.731425892962,-5.180846210814));
#1161 = CARTESIAN_POINT('',(1.724072490966,-4.684014608084));
#1162 = CARTESIAN_POINT('',(1.710310356107,-3.901692833137));
#1163 = CARTESIAN_POINT('',(1.704695129697,-3.611718040856));
#1164 = CARTESIAN_POINT('',(1.698583103988,-3.32515127705));
#1165 = CARTESIAN_POINT('',(1.691871244004,-3.040931281818));
#1166 = CARTESIAN_POINT('',(1.684447677737,-2.75977514644));
#1167 = CARTESIAN_POINT('',(1.676196619766,-2.484348182131));
#1168 = CARTESIAN_POINT('',(1.667004420097,-2.219479748919));
#1169 = CARTESIAN_POINT('',(1.652475208799,-1.868865376075));
#1170 = CARTESIAN_POINT('',(1.64798231376,-1.76800915604));
#1171 = CARTESIAN_POINT('',(1.643268127653,-1.670206074647));
#1172 = CARTESIAN_POINT('',(1.638313175876,-1.576006524099));
#1173 = CARTESIAN_POINT('',(1.63309905534,-1.486175551631));
#1174 = CARTESIAN_POINT('',(1.627608925719,-1.401701391043));
#1175 = CARTESIAN_POINT('',(1.621828005936,-1.323803996592));
#1176 = CARTESIAN_POINT('',(1.610749032496,-1.196586605449));
#1177 = CARTESIAN_POINT('',(1.605508904622,-1.144178010215));
#1178 = CARTESIAN_POINT('',(1.600057174246,-1.09821241323));
#1179 = CARTESIAN_POINT('',(1.594427179672,-1.059936433762));
#1180 = CARTESIAN_POINT('',(1.588652322984,-1.030349101886));
#1181 = CARTESIAN_POINT('',(1.582766220804,-1.010202123623));
#1182 = CARTESIAN_POINT('',(1.576802798347,-1.));
#1183 = CARTESIAN_POINT('',(1.570796326795,-1.));
#1184 = ( GEOMETRIC_REPRESENTATION_CONTEXT(2) 
PARAMETRIC_REPRESENTATION_CONTEXT() REPRESENTATION_CONTEXT('2D SPACE',''
  ) );
#1185 = PCURVE('',#1186,#1191);
#1186 = CYLINDRICAL_SURFACE('',#1187,5.5);
#1187 = AXIS2_PLACEMENT_3D('',#1188,#1189,#1190);
#1188 = CARTESIAN_POINT('',(123.75743824457,31.358983848622,
    25.773498925933));
#1189 = DIRECTION('',(0.,0.866025403784,0.5));
#1190 = DIRECTION('',(0.,-0.5,0.866025403784));
#1191 = DEFINITIONAL_REPRESENTATION('',(#1192),#1314);
#1192 = B_SPLINE_CURVE_WITH_KNOTS('',8,(#1193,#1194,#1195,#1196,#1197,
    #1198,#1199,#1200,#1201,#1202,#1203,#1204,#1205,#1206,#1207,#1208,
    #1209,#1210,#1211,#1212,#1213,#1214,#1215,#1216,#1217,#1218,#1219,
    #1220,#1221,#1222,#1223,#1224,#1225,#1226,#1227,#1228,#1229,#1230,
    #1231,#1232,#1233,#1234,#1235,#1236,#1237,#1238,#1239,#1240,#1241,
    #1242,#1243,#1244,#1245,#1246,#1247,#1248,#1249,#1250,#1251,#1252,
    #1253,#1254,#1255,#1256,#1257,#1258,#1259,#1260,#1261,#1262,#1263,
    #1264,#1265,#1266,#1267,#1268,#1269,#1270,#1271,#1272,#1273,#1274,
    #1275,#1276,#1277,#1278,#1279,#1280,#1281,#1282,#1283,#1284,#1285,
    #1286,#1287,#1288,#1289,#1290,#1291,#1292,#1293,#1294,#1295,#1296,
    #1297,#1298,#1299,#1300,#1301,#1302,#1303,#1304,#1305,#1306,#1307,
    #1308,#1309,#1310,#1311,#1312,#1313),.UNSPECIFIED.,.F.,.F.,(9,7,7,7,
    7,7,7,7,7,7,7,7,7,7,7,7,7,9),(0.,1.38579615711E-02,
    2.481927930741E-02,4.453013944144E-02,6.939878766509E-02,
    0.163950148671,0.289145906223,0.457204525506,0.500050811454,
    0.536763706958,0.572837314808,0.623380217753,0.743003319869,
    0.838830533352,0.916546388498,0.963872121401,0.983711458261,1.),
  .UNSPECIFIED.);
#1193 = CARTESIAN_POINT('',(0.,30.473720558371));
#1194 = CARTESIAN_POINT('',(2.336225931485E-02,30.473720558371));
#1195 = CARTESIAN_POINT('',(4.665892565736E-02,30.478342074078));
#1196 = CARTESIAN_POINT('',(6.9813003165E-02,30.487539621583));
#1197 = CARTESIAN_POINT('',(9.274694094206E-02,30.501181914904));
#1198 = CARTESIAN_POINT('',(0.11538139604,30.519051440373));
#1199 = CARTESIAN_POINT('',(0.137633996439,30.540844031014));
#1200 = CARTESIAN_POINT('',(0.159418104027,30.566168440935));
#1201 = CARTESIAN_POINT('',(0.197428839972,30.616991829937));
#1202 = CARTESIAN_POINT('',(0.213903112097,30.641398201489));
#1203 = CARTESIAN_POINT('',(0.230066824247,30.667611634992));
#1204 = CARTESIAN_POINT('',(0.245922310114,30.695484119772));
#1205 = CARTESIAN_POINT('',(0.261471806795,30.724873033855));
#1206 = CARTESIAN_POINT('',(0.276717454788,30.755641143963));
#1207 = CARTESIAN_POINT('',(0.291661297997,30.787656605522));
#1208 = CARTESIAN_POINT('',(0.332638390879,30.880379420817));
#1209 = CARTESIAN_POINT('',(0.358043243164,30.943683027197));
#1210 = CARTESIAN_POINT('',(0.382572541088,31.010092500505));
#1211 = CARTESIAN_POINT('',(0.406281119585,31.07910190662));
#1212 = CARTESIAN_POINT('',(0.429226397638,31.150307597699));
#1213 = CARTESIAN_POINT('',(0.451468827921,31.223405151289));
#1214 = CARTESIAN_POINT('',(0.473072346426,31.298186309429));
#1215 = CARTESIAN_POINT('',(0.520640916166,31.470864111403));
#1216 = CARTESIAN_POINT('',(0.546274647523,31.569713191051));
#1217 = CARTESIAN_POINT('',(0.571067150033,31.670587196855));
#1218 = CARTESIAN_POINT('',(0.59508144618,31.773106604448));
#1219 = CARTESIAN_POINT('',(0.618382859931,31.877004049264));
#1220 = CARTESIAN_POINT('',(0.6410394296,31.982120050857));
#1221 = CARTESIAN_POINT('',(0.663122320717,32.088398737212));
#1222 = CARTESIAN_POINT('',(0.766768955805,32.604544186545));
#1223 = CARTESIAN_POINT('',(0.842510076379,33.035082069041));
#1224 = CARTESIAN_POINT('',(0.912839792589,33.476082946142));
#1225 = CARTESIAN_POINT('',(0.978574886461,33.920898953647));
#1226 = CARTESIAN_POINT('',(1.040540256219,34.366600882256));
#1227 = CARTESIAN_POINT('',(1.099626501399,34.81363475081));
#1228 = CARTESIAN_POINT('',(1.15681008677,35.265593092081));
#1229 = CARTESIAN_POINT('',(1.28773267102,36.34146286106));
#1230 = CARTESIAN_POINT('',(1.359398133194,36.961861165487));
#1231 = CARTESIAN_POINT('',(1.428697775796,37.586164132161));
#1232 = CARTESIAN_POINT('',(1.496133256411,38.212412324261));
#1233 = CARTESIAN_POINT('',(1.562198115595,38.839918886897));
#1234 = CARTESIAN_POINT('',(1.627389899328,39.468897626445));
#1235 = CARTESIAN_POINT('',(1.692214503754,40.100035394866));
#1236 = CARTESIAN_POINT('',(1.844462129195,41.585047900641));
#1237 = CARTESIAN_POINT('',(1.928823557295,42.40998568206));
#1238 = CARTESIAN_POINT('',(2.013230895356,43.226127771494));
#1239 = CARTESIAN_POINT('',(2.100317926282,44.050316241998));
#1240 = CARTESIAN_POINT('',(2.192312583378,44.890809217859));
#1241 = CARTESIAN_POINT('',(2.291038174179,45.742265491213));
#1242 = CARTESIAN_POINT('',(2.398086376588,46.580291441989));
#1243 = CARTESIAN_POINT('',(2.545207588126,47.550637070964));
#1244 = CARTESIAN_POINT('',(2.575698683347,47.743163305208));
#1245 = CARTESIAN_POINT('',(2.607309076998,47.933498090097));
#1246 = CARTESIAN_POINT('',(2.640497544247,48.122777003321));
#1247 = CARTESIAN_POINT('',(2.675656066001,48.310737374309));
#1248 = CARTESIAN_POINT('',(2.713112844052,48.495630347235));
#1249 = CARTESIAN_POINT('',(2.753147357679,48.674166410734));
#1250 = CARTESIAN_POINT('',(2.832750765742,48.984869593421));
#1251 = CARTESIAN_POINT('',(2.875857321623,49.136766013265));
#1252 = CARTESIAN_POINT('',(2.924112037699,49.282018781297));
#1253 = CARTESIAN_POINT('',(2.976693903186,49.407144038209));
#1254 = CARTESIAN_POINT('',(3.032989626844,49.500184610285));
#1255 = CARTESIAN_POINT('',(3.092536293686,49.550709452006));
#1256 = CARTESIAN_POINT('',(3.154999080819,49.549865869134));
#1257 = CARTESIAN_POINT('',(3.28413168068,49.431961807686));
#1258 = CARTESIAN_POINT('',(3.341875584042,49.324990879006));
#1259 = CARTESIAN_POINT('',(3.393927181595,49.188087566356));
#1260 = CARTESIAN_POINT('',(3.440857493935,49.034876504089));
#1261 = CARTESIAN_POINT('',(3.483337823087,48.87416138578));
#1262 = CARTESIAN_POINT('',(3.522268905358,48.709887426935));
#1263 = CARTESIAN_POINT('',(3.558855514299,48.541162225173));
#1264 = CARTESIAN_POINT('',(3.644525872902,48.112390817198));
#1265 = CARTESIAN_POINT('',(3.691272441539,47.850186747476));
#1266 = CARTESIAN_POINT('',(3.735101593656,47.582168902985));
#1267 = CARTESIAN_POINT('',(3.776362216865,47.312262231881));
#1268 = CARTESIAN_POINT('',(3.815459816955,47.042230698022));
#1269 = CARTESIAN_POINT('',(3.852875164413,46.7718302635));
#1270 = CARTESIAN_POINT('',(3.889167042611,46.499009344324));
#1271 = CARTESIAN_POINT('',(4.009670430124,45.560178548209));
#1272 = CARTESIAN_POINT('',(4.089680838702,44.881232963903));
#1273 = CARTESIAN_POINT('',(4.165830688766,44.197750582459));
#1274 = CARTESIAN_POINT('',(4.238920227239,43.516710862965));
#1275 = CARTESIAN_POINT('',(4.309796162552,42.839784690094));
#1276 = CARTESIAN_POINT('',(4.379381665203,42.164967512561));
#1277 = CARTESIAN_POINT('',(4.448676446218,41.488071192563));
#1278 = CARTESIAN_POINT('',(4.574890683673,40.256804225159));
#1279 = CARTESIAN_POINT('',(4.630939434574,39.710607493011));
#1280 = CARTESIAN_POINT('',(4.687216439969,39.165720697571));
#1281 = CARTESIAN_POINT('',(4.744027981448,38.621966852188));
#1282 = CARTESIAN_POINT('',(4.801673461217,38.079346042624));
#1283 = CARTESIAN_POINT('',(4.860451393652,37.538232402597));
#1284 = CARTESIAN_POINT('',(4.920667932927,36.999545813207));
#1285 = CARTESIAN_POINT('',(5.032913710151,36.031299297916));
#1286 = CARTESIAN_POINT('',(5.084047964923,35.602870781473));
#1287 = CARTESIAN_POINT('',(5.136564585265,35.177288188737));
#1288 = CARTESIAN_POINT('',(5.190943452769,34.753282459222));
#1289 = CARTESIAN_POINT('',(5.247646570847,34.330787379284));
#1290 = CARTESIAN_POINT('',(5.307121010781,33.911118655966));
#1291 = CARTESIAN_POINT('',(5.369812514044,33.497183806263));
#1292 = CARTESIAN_POINT('',(5.476649084469,32.848030366927));
#1293 = CARTESIAN_POINT('',(5.518161540488,32.608036674622));
#1294 = CARTESIAN_POINT('',(5.561362859431,32.37145975876));
#1295 = CARTESIAN_POINT('',(5.606812389786,32.137415979838));
#1296 = CARTESIAN_POINT('',(5.655023378896,31.906501914579));
#1297 = CARTESIAN_POINT('',(5.706462946748,31.680895969357));
#1298 = CARTESIAN_POINT('',(5.761565007668,31.464495183595));
#1299 = CARTESIAN_POINT('',(5.845597125509,31.178678545369));
#1300 = CARTESIAN_POINT('',(5.871242057815,31.096546723125));
#1301 = CARTESIAN_POINT('',(5.897809942173,31.016981464211));
#1302 = CARTESIAN_POINT('',(5.925394325881,30.940422988727));
#1303 = CARTESIAN_POINT('',(5.954082435731,30.867483548416));
#1304 = CARTESIAN_POINT('',(5.983955793239,30.798953349781));
#1305 = CARTESIAN_POINT('',(6.015091737852,30.735807226277));
#1306 = CARTESIAN_POINT('',(6.07422784126,30.632746154955));
#1307 = CARTESIAN_POINT('',(6.10200983112,30.590316012966));
#1308 = CARTESIAN_POINT('',(6.130733383853,30.553124516697));
#1309 = CARTESIAN_POINT('',(6.160236607161,30.522170279484));
#1310 = CARTESIAN_POINT('',(6.190370716838,30.498251130079));
#1311 = CARTESIAN_POINT('',(6.220996253171,30.481966763614));
#1312 = CARTESIAN_POINT('',(6.251978957253,30.473720558371));
#1313 = CARTESIAN_POINT('',(6.28318530718,30.473720558371));
#1314 = ( GEOMETRIC_REPRESENTATION_CONTEXT(2) 
PARAMETRIC_REPRESENTATION_CONTEXT() REPRESENTATION_CONTEXT('2D SPACE',''
  ) );
#1315 = ADVANCED_FACE('',(#1316),#149,.T.);
#1316 = FACE_BOUND('',#1317,.T.);
#1317 = EDGE_LOOP('',(#1318,#1319,#1320,#1321));
#1318 = ORIENTED_EDGE('',*,*,#292,.T.);
#1319 = ORIENTED_EDGE('',*,*,#136,.T.);
#1320 = ORIENTED_EDGE('',*,*,#882,.T.);
#1321 = ORIENTED_EDGE('',*,*,#1322,.F.);
#1322 = EDGE_CURVE('',#253,#861,#1323,.T.);
#1323 = SURFACE_CURVE('',#1324,(#1327,#1334),.PCURVE_S1.);
#1324 = B_SPLINE_CURVE_WITH_KNOTS('',1,(#1325,#1326),.UNSPECIFIED.,.F.,
  .F.,(2,2),(0.,1.),.PIECEWISE_BEZIER_KNOTS.);
#1325 = CARTESIAN_POINT('',(112.45712946961,14.,-4.182501074067));
#1326 = CARTESIAN_POINT('',(110.40512604182,54.,-8.06503969874));
#1327 = PCURVE('',#149,#1328);
#1328 = DEFINITIONAL_REPRESENTATION('',(#1329),#1333);
#1329 = LINE('',#1330,#1331);
#1330 = CARTESIAN_POINT('',(0.,0.));
#1331 = VECTOR('',#1332,1.);
#1332 = DIRECTION('',(0.,1.));
#1333 = ( GEOMETRIC_REPRESENTATION_CONTEXT(2) 
PARAMETRIC_REPRESENTATION_CONTEXT() REPRESENTATION_CONTEXT('2D SPACE',''
  ) );
#1334 = PCURVE('',#268,#1335);
#1335 = DEFINITIONAL_REPRESENTATION('',(#1336),#1340);
#1336 = LINE('',#1337,#1338);
#1337 = CARTESIAN_POINT('',(22.600617549925,0.));
#1338 = VECTOR('',#1339,1.);
#1339 = DIRECTION('',(0.,1.));
#1340 = ( GEOMETRIC_REPRESENTATION_CONTEXT(2) 
PARAMETRIC_REPRESENTATION_CONTEXT() REPRESENTATION_CONTEXT('2D SPACE',''
  ) );
#1341 = ADVANCED_FACE('',(#1342),#268,.T.);
#1342 = FACE_BOUND('',#1343,.T.);
#1343 = EDGE_LOOP('',(#1344,#1345,#1346,#1347));
#1344 = ORIENTED_EDGE('',*,*,#252,.T.);
#1345 = ORIENTED_EDGE('',*,*,#1322,.T.);
#1346 = ORIENTED_EDGE('',*,*,#860,.T.);
#1347 = ORIENTED_EDGE('',*,*,#1348,.F.);
#1348 = EDGE_CURVE('',#210,#839,#1349,.T.);
#1349 = SURFACE_CURVE('',#1350,(#1353,#1360),.PCURVE_S1.);
#1350 = B_SPLINE_CURVE_WITH_KNOTS('',1,(#1351,#1352),.UNSPECIFIED.,.F.,
  .F.,(2,2),(0.,1.),.PIECEWISE_BEZIER_KNOTS.);
#1351 = CARTESIAN_POINT('',(135.05774701953,14.,-4.182501074067));
#1352 = CARTESIAN_POINT('',(137.10975044732,54.,-8.06503969874));
#1353 = PCURVE('',#268,#1354);
#1354 = DEFINITIONAL_REPRESENTATION('',(#1355),#1359);
#1355 = LINE('',#1356,#1357);
#1356 = CARTESIAN_POINT('',(0.,0.));
#1357 = VECTOR('',#1358,1.);
#1358 = DIRECTION('',(0.,1.));
#1359 = ( GEOMETRIC_REPRESENTATION_CONTEXT(2) 
PARAMETRIC_REPRESENTATION_CONTEXT() REPRESENTATION_CONTEXT('2D SPACE',''
  ) );
#1360 = PCURVE('',#226,#1361);
#1361 = DEFINITIONAL_REPRESENTATION('',(#1362),#1366);
#1362 = LINE('',#1363,#1364);
#1363 = CARTESIAN_POINT('',(3.14159265359,0.));
#1364 = VECTOR('',#1365,1.);
#1365 = DIRECTION('',(0.,1.));
#1366 = ( GEOMETRIC_REPRESENTATION_CONTEXT(2) 
PARAMETRIC_REPRESENTATION_CONTEXT() REPRESENTATION_CONTEXT('2D SPACE',''
  ) );
#1367 = ADVANCED_FACE('',(#1368),#226,.T.);
#1368 = FACE_BOUND('',#1369,.T.);
#1369 = EDGE_LOOP('',(#1370,#1371,#1372,#1373));
#1370 = ORIENTED_EDGE('',*,*,#209,.T.);
#1371 = ORIENTED_EDGE('',*,*,#1348,.T.);
#1372 = ORIENTED_EDGE('',*,*,#838,.T.);
#1373 = ORIENTED_EDGE('',*,*,#769,.F.);
#1374 = ADVANCED_FACE('',(#1375),#372,.F.);
#1375 = FACE_BOUND('',#1376,.F.);
#1376 = EDGE_LOOP('',(#1377,#1399,#1400,#1422));
#1377 = ORIENTED_EDGE('',*,*,#1378,.F.);
#1378 = EDGE_CURVE('',#319,#1379,#1381,.T.);
#1379 = VERTEX_POINT('',#1380);
#1380 = CARTESIAN_POINT('',(137.13869267063,54.,40.562951733242));
#1381 = SURFACE_CURVE('',#1382,(#1385,#1392),.PCURVE_S1.);
#1382 = B_SPLINE_CURVE_WITH_KNOTS('',1,(#1383,#1384),.UNSPECIFIED.,.F.,
  .F.,(2,2),(0.,1.),.PIECEWISE_BEZIER_KNOTS.);
#1383 = CARTESIAN_POINT('',(135.05774701953,13.,36.929498925933));
#1384 = CARTESIAN_POINT('',(137.13869267063,54.,40.562951733242));
#1385 = PCURVE('',#372,#1386);
#1386 = DEFINITIONAL_REPRESENTATION('',(#1387),#1391);
#1387 = LINE('',#1388,#1389);
#1388 = CARTESIAN_POINT('',(0.,0.));
#1389 = VECTOR('',#1390,1.);
#1390 = DIRECTION('',(0.,1.));
#1391 = ( GEOMETRIC_REPRESENTATION_CONTEXT(2) 
PARAMETRIC_REPRESENTATION_CONTEXT() REPRESENTATION_CONTEXT('2D SPACE',''
  ) );
#1392 = PCURVE('',#447,#1393);
#1393 = DEFINITIONAL_REPRESENTATION('',(#1394),#1398);
#1394 = LINE('',#1395,#1396);
#1395 = CARTESIAN_POINT('',(22.600617549925,0.));
#1396 = VECTOR('',#1397,1.);
#1397 = DIRECTION('',(0.,1.));
#1398 = ( GEOMETRIC_REPRESENTATION_CONTEXT(2) 
PARAMETRIC_REPRESENTATION_CONTEXT() REPRESENTATION_CONTEXT('2D SPACE',''
  ) );
#1399 = ORIENTED_EDGE('',*,*,#316,.F.);
#1400 = ORIENTED_EDGE('',*,*,#1401,.T.);
#1401 = EDGE_CURVE('',#317,#1402,#1404,.T.);
#1402 = VERTEX_POINT('',#1403);
#1403 = CARTESIAN_POINT('',(150.68243824457,54.,17.198498925933));
#1404 = SURFACE_CURVE('',#1405,(#1408,#1415),.PCURVE_S1.);
#1405 = B_SPLINE_CURVE_WITH_KNOTS('',1,(#1406,#1407),.UNSPECIFIED.,.F.,
  .F.,(2,2),(0.,1.),.PIECEWISE_BEZIER_KNOTS.);
#1406 = CARTESIAN_POINT('',(154.78874701953,13.,17.198498925933));
#1407 = CARTESIAN_POINT('',(150.68243824457,54.,17.198498925933));
#1408 = PCURVE('',#372,#1409);
#1409 = DEFINITIONAL_REPRESENTATION('',(#1410),#1414);
#1410 = LINE('',#1411,#1412);
#1411 = CARTESIAN_POINT('',(1.570796326795,0.));
#1412 = VECTOR('',#1413,1.);
#1413 = DIRECTION('',(0.,1.));
#1414 = ( GEOMETRIC_REPRESENTATION_CONTEXT(2) 
PARAMETRIC_REPRESENTATION_CONTEXT() REPRESENTATION_CONTEXT('2D SPACE',''
  ) );
#1415 = PCURVE('',#720,#1416);
#1416 = DEFINITIONAL_REPRESENTATION('',(#1417),#1421);
#1417 = LINE('',#1418,#1419);
#1418 = CARTESIAN_POINT('',(1.570796326795,0.));
#1419 = VECTOR('',#1420,1.);
#1420 = DIRECTION('',(0.,1.));
#1421 = ( GEOMETRIC_REPRESENTATION_CONTEXT(2) 
PARAMETRIC_REPRESENTATION_CONTEXT() REPRESENTATION_CONTEXT('2D SPACE',''
  ) );
#1422 = ORIENTED_EDGE('',*,*,#1423,.T.);
#1423 = EDGE_CURVE('',#1402,#1379,#1424,.T.);
#1424 = SURFACE_CURVE('',#1425,(#1430,#1436),.PCURVE_S1.);
#1425 = CIRCLE('',#1426,26.925);
#1426 = AXIS2_PLACEMENT_3D('',#1427,#1428,#1429);
#1427 = CARTESIAN_POINT('',(123.75743824457,54.,17.198498925933));
#1428 = DIRECTION('',(0.,-1.,0.));
#1429 = DIRECTION('',(1.,0.,0.));
#1430 = PCURVE('',#372,#1431);
#1431 = DEFINITIONAL_REPRESENTATION('',(#1432),#1435);
#1432 = B_SPLINE_CURVE_WITH_KNOTS('',1,(#1433,#1434),.UNSPECIFIED.,.F.,
  .F.,(2,2),(0.,1.050678343228),.PIECEWISE_BEZIER_KNOTS.);
#1433 = CARTESIAN_POINT('',(1.570796326795,1.));
#1434 = CARTESIAN_POINT('',(0.,1.));
#1435 = ( GEOMETRIC_REPRESENTATION_CONTEXT(2) 
PARAMETRIC_REPRESENTATION_CONTEXT() REPRESENTATION_CONTEXT('2D SPACE',''
  ) );
#1436 = PCURVE('',#1437,#1442);
#1437 = CYLINDRICAL_SURFACE('',#1438,26.925);
#1438 = AXIS2_PLACEMENT_3D('',#1439,#1440,#1441);
#1439 = CARTESIAN_POINT('',(123.75743824457,54.,17.198498925933));
#1440 = DIRECTION('',(0.,-1.,0.));
#1441 = DIRECTION('',(1.,0.,0.));
#1442 = DEFINITIONAL_REPRESENTATION('',(#1443),#1446);
#1443 = B_SPLINE_CURVE_WITH_KNOTS('',1,(#1444,#1445),.UNSPECIFIED.,.F.,
  .F.,(2,2),(0.,1.050678343228),.PIECEWISE_BEZIER_KNOTS.);
#1444 = CARTESIAN_POINT('',(0.,0.));
#1445 = CARTESIAN_POINT('',(1.050678343228,0.));
#1446 = ( GEOMETRIC_REPRESENTATION_CONTEXT(2) 
PARAMETRIC_REPRESENTATION_CONTEXT() REPRESENTATION_CONTEXT('2D SPACE',''
  ) );
#1447 = ADVANCED_FACE('',(#1448),#720,.F.);
#1448 = FACE_BOUND('',#1449,.F.);
#1449 = EDGE_LOOP('',(#1450,#1451,#1452,#1474));
#1450 = ORIENTED_EDGE('',*,*,#1401,.F.);
#1451 = ORIENTED_EDGE('',*,*,#668,.F.);
#1452 = ORIENTED_EDGE('',*,*,#1453,.T.);
#1453 = EDGE_CURVE('',#608,#1454,#1456,.T.);
#1454 = VERTEX_POINT('',#1455);
#1455 = CARTESIAN_POINT('',(137.13869267063,54.,-6.165953881377));
#1456 = SURFACE_CURVE('',#1457,(#1460,#1467),.PCURVE_S1.);
#1457 = B_SPLINE_CURVE_WITH_KNOTS('',1,(#1458,#1459),.UNSPECIFIED.,.F.,
  .F.,(2,2),(0.,1.),.PIECEWISE_BEZIER_KNOTS.);
#1458 = CARTESIAN_POINT('',(135.05774701953,13.,-2.532501074067));
#1459 = CARTESIAN_POINT('',(137.13869267063,54.,-6.165953881377));
#1460 = PCURVE('',#720,#1461);
#1461 = DEFINITIONAL_REPRESENTATION('',(#1462),#1466);
#1462 = LINE('',#1463,#1464);
#1463 = CARTESIAN_POINT('',(3.14159265359,0.));
#1464 = VECTOR('',#1465,1.);
#1465 = DIRECTION('',(0.,1.));
#1466 = ( GEOMETRIC_REPRESENTATION_CONTEXT(2) 
PARAMETRIC_REPRESENTATION_CONTEXT() REPRESENTATION_CONTEXT('2D SPACE',''
  ) );
#1467 = PCURVE('',#637,#1468);
#1468 = DEFINITIONAL_REPRESENTATION('',(#1469),#1473);
#1469 = LINE('',#1470,#1471);
#1470 = CARTESIAN_POINT('',(0.,0.));
#1471 = VECTOR('',#1472,1.);
#1472 = DIRECTION('',(0.,1.));
#1473 = ( GEOMETRIC_REPRESENTATION_CONTEXT(2) 
PARAMETRIC_REPRESENTATION_CONTEXT() REPRESENTATION_CONTEXT('2D SPACE',''
  ) );
#1474 = ORIENTED_EDGE('',*,*,#1475,.T.);
#1475 = EDGE_CURVE('',#1454,#1402,#1476,.T.);
#1476 = SURFACE_CURVE('',#1477,(#1482,#1488),.PCURVE_S1.);
#1477 = CIRCLE('',#1478,26.925);
#1478 = AXIS2_PLACEMENT_3D('',#1479,#1480,#1481);
#1479 = CARTESIAN_POINT('',(123.75743824457,54.,17.198498925933));
#1480 = DIRECTION('',(0.,-1.,0.));
#1481 = DIRECTION('',(1.,0.,0.));
#1482 = PCURVE('',#720,#1483);
#1483 = DEFINITIONAL_REPRESENTATION('',(#1484),#1487);
#1484 = B_SPLINE_CURVE_WITH_KNOTS('',1,(#1485,#1486),.UNSPECIFIED.,.F.,
  .F.,(2,2),(5.232506963952,6.28318530718),.PIECEWISE_BEZIER_KNOTS.);
#1485 = CARTESIAN_POINT('',(3.14159265359,1.));
#1486 = CARTESIAN_POINT('',(1.570796326795,1.));
#1487 = ( GEOMETRIC_REPRESENTATION_CONTEXT(2) 
PARAMETRIC_REPRESENTATION_CONTEXT() REPRESENTATION_CONTEXT('2D SPACE',''
  ) );
#1488 = PCURVE('',#1437,#1489);
#1489 = DEFINITIONAL_REPRESENTATION('',(#1490),#1493);
#1490 = B_SPLINE_CURVE_WITH_KNOTS('',1,(#1491,#1492),.UNSPECIFIED.,.F.,
  .F.,(2,2),(5.232506963952,6.28318530718),.PIECEWISE_BEZIER_KNOTS.);
#1491 = CARTESIAN_POINT('',(5.232506963952,0.));
#1492 = CARTESIAN_POINT('',(6.28318530718,0.));
#1493 = ( GEOMETRIC_REPRESENTATION_CONTEXT(2) 
PARAMETRIC_REPRESENTATION_CONTEXT() REPRESENTATION_CONTEXT('2D SPACE',''
  ) );
#1494 = ADVANCED_FACE('',(#1495),#637,.F.);
#1495 = FACE_BOUND('',#1496,.F.);
#1496 = EDGE_LOOP('',(#1497,#1498,#1499,#1521));
#1497 = ORIENTED_EDGE('',*,*,#1453,.F.);
#1498 = ORIENTED_EDGE('',*,*,#607,.F.);
#1499 = ORIENTED_EDGE('',*,*,#1500,.T.);
#1500 = EDGE_CURVE('',#479,#1501,#1503,.T.);
#1501 = VERTEX_POINT('',#1502);
#1502 = CARTESIAN_POINT('',(110.37618381851,54.,-6.165953881377));
#1503 = SURFACE_CURVE('',#1504,(#1507,#1514),.PCURVE_S1.);
#1504 = B_SPLINE_CURVE_WITH_KNOTS('',1,(#1505,#1506),.UNSPECIFIED.,.F.,
  .F.,(2,2),(0.,1.),.PIECEWISE_BEZIER_KNOTS.);
#1505 = CARTESIAN_POINT('',(112.45712946961,13.,-2.532501074067));
#1506 = CARTESIAN_POINT('',(110.37618381851,54.,-6.165953881377));
#1507 = PCURVE('',#637,#1508);
#1508 = DEFINITIONAL_REPRESENTATION('',(#1509),#1513);
#1509 = LINE('',#1510,#1511);
#1510 = CARTESIAN_POINT('',(22.600617549925,0.));
#1511 = VECTOR('',#1512,1.);
#1512 = DIRECTION('',(0.,1.));
#1513 = ( GEOMETRIC_REPRESENTATION_CONTEXT(2) 
PARAMETRIC_REPRESENTATION_CONTEXT() REPRESENTATION_CONTEXT('2D SPACE',''
  ) );
#1514 = PCURVE('',#548,#1515);
#1515 = DEFINITIONAL_REPRESENTATION('',(#1516),#1520);
#1516 = LINE('',#1517,#1518);
#1517 = CARTESIAN_POINT('',(0.,0.));
#1518 = VECTOR('',#1519,1.);
#1519 = DIRECTION('',(0.,1.));
#1520 = ( GEOMETRIC_REPRESENTATION_CONTEXT(2) 
PARAMETRIC_REPRESENTATION_CONTEXT() REPRESENTATION_CONTEXT('2D SPACE',''
  ) );
#1521 = ORIENTED_EDGE('',*,*,#1522,.T.);
#1522 = EDGE_CURVE('',#1501,#1454,#1523,.T.);
#1523 = SURFACE_CURVE('',#1524,(#1529,#1535),.PCURVE_S1.);
#1524 = CIRCLE('',#1525,26.925);
#1525 = AXIS2_PLACEMENT_3D('',#1526,#1527,#1528);
#1526 = CARTESIAN_POINT('',(123.75743824457,54.,17.198498925933));
#1527 = DIRECTION('',(0.,-1.,0.));
#1528 = DIRECTION('',(1.,0.,0.));
#1529 = PCURVE('',#637,#1530);
#1530 = DEFINITIONAL_REPRESENTATION('',(#1531),#1534);
#1531 = B_SPLINE_CURVE_WITH_KNOTS('',1,(#1532,#1533),.UNSPECIFIED.,.F.,
  .F.,(2,2),(4.192270996817,5.232506963952),.PIECEWISE_BEZIER_KNOTS.);
#1532 = CARTESIAN_POINT('',(22.600617549925,1.));
#1533 = CARTESIAN_POINT('',(0.,1.));
#1534 = ( GEOMETRIC_REPRESENTATION_CONTEXT(2) 
PARAMETRIC_REPRESENTATION_CONTEXT() REPRESENTATION_CONTEXT('2D SPACE',''
  ) );
#1535 = PCURVE('',#1437,#1536);
#1536 = DEFINITIONAL_REPRESENTATION('',(#1537),#1540);
#1537 = B_SPLINE_CURVE_WITH_KNOTS('',1,(#1538,#1539),.UNSPECIFIED.,.F.,
  .F.,(2,2),(4.192270996817,5.232506963952),.PIECEWISE_BEZIER_KNOTS.);
#1538 = CARTESIAN_POINT('',(4.192270996817,0.));
#1539 = CARTESIAN_POINT('',(5.232506963952,0.));
#1540 = ( GEOMETRIC_REPRESENTATION_CONTEXT(2) 
PARAMETRIC_REPRESENTATION_CONTEXT() REPRESENTATION_CONTEXT('2D SPACE',''
  ) );
#1541 = ADVANCED_FACE('',(#1542),#548,.F.);
#1542 = FACE_BOUND('',#1543,.F.);
#1543 = EDGE_LOOP('',(#1544,#1545,#1546,#1568));
#1544 = ORIENTED_EDGE('',*,*,#1500,.F.);
#1545 = ORIENTED_EDGE('',*,*,#478,.F.);
#1546 = ORIENTED_EDGE('',*,*,#1547,.T.);
#1547 = EDGE_CURVE('',#418,#1548,#1550,.T.);
#1548 = VERTEX_POINT('',#1549);
#1549 = CARTESIAN_POINT('',(110.37618381851,54.,40.562951733242));
#1550 = SURFACE_CURVE('',#1551,(#1554,#1561),.PCURVE_S1.);
#1551 = B_SPLINE_CURVE_WITH_KNOTS('',1,(#1552,#1553),.UNSPECIFIED.,.F.,
  .F.,(2,2),(0.,1.),.PIECEWISE_BEZIER_KNOTS.);
#1552 = CARTESIAN_POINT('',(112.45712946961,13.,36.929498925933));
#1553 = CARTESIAN_POINT('',(110.37618381851,54.,40.562951733242));
#1554 = PCURVE('',#548,#1555);
#1555 = DEFINITIONAL_REPRESENTATION('',(#1556),#1560);
#1556 = LINE('',#1557,#1558);
#1557 = CARTESIAN_POINT('',(3.14159265359,0.));
#1558 = VECTOR('',#1559,1.);
#1559 = DIRECTION('',(0.,1.));
#1560 = ( GEOMETRIC_REPRESENTATION_CONTEXT(2) 
PARAMETRIC_REPRESENTATION_CONTEXT() REPRESENTATION_CONTEXT('2D SPACE',''
  ) );
#1561 = PCURVE('',#447,#1562);
#1562 = DEFINITIONAL_REPRESENTATION('',(#1563),#1567);
#1563 = LINE('',#1564,#1565);
#1564 = CARTESIAN_POINT('',(0.,0.));
#1565 = VECTOR('',#1566,1.);
#1566 = DIRECTION('',(0.,1.));
#1567 = ( GEOMETRIC_REPRESENTATION_CONTEXT(2) 
PARAMETRIC_REPRESENTATION_CONTEXT() REPRESENTATION_CONTEXT('2D SPACE',''
  ) );
#1568 = ORIENTED_EDGE('',*,*,#1569,.T.);
#1569 = EDGE_CURVE('',#1548,#1501,#1570,.T.);
#1570 = SURFACE_CURVE('',#1571,(#1576,#1582),.PCURVE_S1.);
#1571 = CIRCLE('',#1572,26.925);
#1572 = AXIS2_PLACEMENT_3D('',#1573,#1574,#1575);
#1573 = CARTESIAN_POINT('',(123.75743824457,54.,17.198498925933));
#1574 = DIRECTION('',(0.,-1.,0.));
#1575 = DIRECTION('',(1.,0.,0.));
#1576 = PCURVE('',#548,#1577);
#1577 = DEFINITIONAL_REPRESENTATION('',(#1578),#1581);
#1578 = B_SPLINE_CURVE_WITH_KNOTS('',1,(#1579,#1580),.UNSPECIFIED.,.F.,
  .F.,(2,2),(2.090914310362,4.192270996817),.PIECEWISE_BEZIER_KNOTS.);
#1579 = CARTESIAN_POINT('',(3.14159265359,1.));
#1580 = CARTESIAN_POINT('',(0.,1.));
#1581 = ( GEOMETRIC_REPRESENTATION_CONTEXT(2) 
PARAMETRIC_REPRESENTATION_CONTEXT() REPRESENTATION_CONTEXT('2D SPACE',''
  ) );
#1582 = PCURVE('',#1437,#1583);
#1583 = DEFINITIONAL_REPRESENTATION('',(#1584),#1587);
#1584 = B_SPLINE_CURVE_WITH_KNOTS('',1,(#1585,#1586),.UNSPECIFIED.,.F.,
  .F.,(2,2),(2.090914310362,4.192270996817),.PIECEWISE_BEZIER_KNOTS.);
#1585 = CARTESIAN_POINT('',(2.090914310362,0.));
#1586 = CARTESIAN_POINT('',(4.192270996817,0.));
#1587 = ( GEOMETRIC_REPRESENTATION_CONTEXT(2) 
PARAMETRIC_REPRESENTATION_CONTEXT() REPRESENTATION_CONTEXT('2D SPACE',''
  ) );
#1588 = ADVANCED_FACE('',(#1589),#447,.F.);
#1589 = FACE_BOUND('',#1590,.F.);
#1590 = EDGE_LOOP('',(#1591,#1592,#1593,#1594,#1616,#1696,#1776));
#1591 = ORIENTED_EDGE('',*,*,#1547,.F.);
#1592 = ORIENTED_EDGE('',*,*,#417,.F.);
#1593 = ORIENTED_EDGE('',*,*,#1378,.T.);
#1594 = ORIENTED_EDGE('',*,*,#1595,.T.);
#1595 = EDGE_CURVE('',#1379,#1596,#1598,.T.);
#1596 = VERTEX_POINT('',#1597);
#1597 = CARTESIAN_POINT('',(127.06479506975,54.,43.919595756545));
#1598 = SURFACE_CURVE('',#1599,(#1604,#1610),.PCURVE_S1.);
#1599 = CIRCLE('',#1600,26.925);
#1600 = AXIS2_PLACEMENT_3D('',#1601,#1602,#1603);
#1601 = CARTESIAN_POINT('',(123.75743824457,54.,17.198498925933));
#1602 = DIRECTION('',(0.,-1.,0.));
#1603 = DIRECTION('',(1.,0.,0.));
#1604 = PCURVE('',#447,#1605);
#1605 = DEFINITIONAL_REPRESENTATION('',(#1606),#1609);
#1606 = B_SPLINE_CURVE_WITH_KNOTS('',1,(#1607,#1608),.UNSPECIFIED.,.F.,
  .F.,(2,2),(1.050678343228,2.090914310362),.PIECEWISE_BEZIER_KNOTS.);
#1607 = CARTESIAN_POINT('',(22.600617549925,1.));
#1608 = CARTESIAN_POINT('',(0.,1.));
#1609 = ( GEOMETRIC_REPRESENTATION_CONTEXT(2) 
PARAMETRIC_REPRESENTATION_CONTEXT() REPRESENTATION_CONTEXT('2D SPACE',''
  ) );
#1610 = PCURVE('',#1437,#1611);
#1611 = DEFINITIONAL_REPRESENTATION('',(#1612),#1615);
#1612 = B_SPLINE_CURVE_WITH_KNOTS('',1,(#1613,#1614),.UNSPECIFIED.,.F.,
  .F.,(2,2),(1.050678343228,2.090914310362),.PIECEWISE_BEZIER_KNOTS.);
#1613 = CARTESIAN_POINT('',(1.050678343228,0.));
#1614 = CARTESIAN_POINT('',(2.090914310362,0.));
#1615 = ( GEOMETRIC_REPRESENTATION_CONTEXT(2) 
PARAMETRIC_REPRESENTATION_CONTEXT() REPRESENTATION_CONTEXT('2D SPACE',''
  ) );
#1616 = ORIENTED_EDGE('',*,*,#1617,.T.);
#1617 = EDGE_CURVE('',#1596,#1618,#1620,.T.);
#1618 = VERTEX_POINT('',#1619);
#1619 = CARTESIAN_POINT('',(123.75743824457,51.330965743982,
    43.655181010555));
#1620 = SURFACE_CURVE('',#1621,(#1644,#1670),.PCURVE_S1.);
#1621 = B_SPLINE_CURVE_WITH_KNOTS('',6,(#1622,#1623,#1624,#1625,#1626,
    #1627,#1628,#1629,#1630,#1631,#1632,#1633,#1634,#1635,#1636,#1637,
    #1638,#1639,#1640,#1641,#1642,#1643),.UNSPECIFIED.,.F.,.F.,(7,5,5,5,
    7),(0.,0.339431208113,0.627442725632,0.777202552908,1.),
  .UNSPECIFIED.);
#1622 = CARTESIAN_POINT('',(127.06479505341,54.,43.919595770748));
#1623 = CARTESIAN_POINT('',(126.94630606322,53.78193300752,
    43.896667324615));
#1624 = CARTESIAN_POINT('',(126.82127268566,53.567089090316,
    43.874352226543));
#1625 = CARTESIAN_POINT('',(126.68906906682,53.355968244768,
    43.852683003586));
#1626 = CARTESIAN_POINT('',(126.54899405497,53.14937711996,
    43.831720910017));
#1627 = CARTESIAN_POINT('',(126.40027419442,52.948425666633,
    43.811551862732));
#1628 = CARTESIAN_POINT('',(126.10743759944,52.590245384195,
    43.775959742281));
#1629 = CARTESIAN_POINT('',(125.96611394424,52.431100238065,
    43.760290062788));
#1630 = CARTESIAN_POINT('',(125.81719582136,52.278083140268,
    43.745353897679));
#1631 = CARTESIAN_POINT('',(125.66005692743,52.132585800535,
    43.731266328744));
#1632 = CARTESIAN_POINT('',(125.494163832,51.996503218394,
    43.718184302972));
#1633 = CARTESIAN_POINT('',(125.22802811985,51.807621896153,
    43.700133557764));
#1634 = CARTESIAN_POINT('',(125.13452236254,51.746219838341,
    43.694286405375));
#1635 = CARTESIAN_POINT('',(125.03851534698,51.688378035473,
    43.688796305685));
#1636 = CARTESIAN_POINT('',(124.94001387193,51.634507018448,
    43.683698020962));
#1637 = CARTESIAN_POINT('',(124.83908804222,51.585051779938,
    43.679029398193));
#1638 = CARTESIAN_POINT('',(124.58235824351,51.474127033996,
    43.668579599025));
#1639 = CARTESIAN_POINT('',(124.42368264176,51.418511150535,
    43.6633615583));
#1640 = CARTESIAN_POINT('',(124.26058279836,51.375223888802,
    43.659313241486));
#1641 = CARTESIAN_POINT('',(124.09411611097,51.345710508581,
    43.656557713692));
#1642 = CARTESIAN_POINT('',(123.92573975895,51.330965743982,
    43.655181010555));
#1643 = CARTESIAN_POINT('',(123.75743824457,51.330965743982,
    43.655181010555));
#1644 = PCURVE('',#447,#1645);
#1645 = DEFINITIONAL_REPRESENTATION('',(#1646),#1669);
#1646 = B_SPLINE_CURVE_WITH_KNOTS('',6,(#1647,#1648,#1649,#1650,#1651,
    #1652,#1653,#1654,#1655,#1656,#1657,#1658,#1659,#1660,#1661,#1662,
    #1663,#1664,#1665,#1666,#1667,#1668),.UNSPECIFIED.,.F.,.F.,(7,5,5,5,
    7),(0.,0.339431208113,0.627442725632,0.777202552908,1.),
  .UNSPECIFIED.);
#1647 = CARTESIAN_POINT('',(13.975852334038,1.));
#1648 = CARTESIAN_POINT('',(13.882243414177,0.994681292866));
#1649 = CARTESIAN_POINT('',(13.783109545153,0.989441197325));
#1650 = CARTESIAN_POINT('',(13.677925743718,0.984291908409));
#1651 = CARTESIAN_POINT('',(13.566102118415,0.979253100487));
#1652 = CARTESIAN_POINT('',(13.446988116465,0.974351845528));
#1653 = CARTESIAN_POINT('',(13.21170744569,0.965615741078));
#1654 = CARTESIAN_POINT('',(13.097890042236,0.961734152148));
#1655 = CARTESIAN_POINT('',(12.977682151985,0.958002027811));
#1656 = CARTESIAN_POINT('',(12.850560541463,0.954453312208));
#1657 = CARTESIAN_POINT('',(12.716080543517,0.951134224839));
#1658 = CARTESIAN_POINT('',(12.499940966049,0.946527363321));
#1659 = CARTESIAN_POINT('',(12.423933973112,0.945029752155));
#1660 = CARTESIAN_POINT('',(12.345828515911,0.943618976475));
#1661 = CARTESIAN_POINT('',(12.265631192486,0.94230504923));
#1662 = CARTESIAN_POINT('',(12.183401616572,0.941098823901));
#1663 = CARTESIAN_POINT('',(11.974099767712,0.938393342293));
#1664 = CARTESIAN_POINT('',(11.844624059124,0.93703685733));
#1665 = CARTESIAN_POINT('',(11.711442057655,0.935981070459));
#1666 = CARTESIAN_POINT('',(11.575440402361,0.935261231917));
#1667 = CARTESIAN_POINT('',(11.437844006388,0.934901603512));
#1668 = CARTESIAN_POINT('',(11.300308774963,0.934901603512));
#1669 = ( GEOMETRIC_REPRESENTATION_CONTEXT(2) 
PARAMETRIC_REPRESENTATION_CONTEXT() REPRESENTATION_CONTEXT('2D SPACE',''
  ) );
#1670 = PCURVE('',#1186,#1671);
#1671 = DEFINITIONAL_REPRESENTATION('',(#1672),#1695);
#1672 = B_SPLINE_CURVE_WITH_KNOTS('',6,(#1673,#1674,#1675,#1676,#1677,
    #1678,#1679,#1680,#1681,#1682,#1683,#1684,#1685,#1686,#1687,#1688,
    #1689,#1690,#1691,#1692,#1693,#1694),.UNSPECIFIED.,.F.,.F.,(7,5,5,5,
    7),(0.,0.339431208113,0.627442725632,0.777202552908,1.),
  .UNSPECIFIED.);
#1673 = CARTESIAN_POINT('',(0.645174161246,28.680743576994));
#1674 = CARTESIAN_POINT('',(0.618210974455,28.480427798713));
#1675 = CARTESIAN_POINT('',(0.590415167093,28.28320995953));
#1676 = CARTESIAN_POINT('',(0.561684961377,28.089539332538));
#1677 = CARTESIAN_POINT('',(0.531910058719,27.900145123474));
#1678 = CARTESIAN_POINT('',(0.500968480229,27.716031536323));
#1679 = CARTESIAN_POINT('',(0.441289943384,27.388042252371));
#1680 = CARTESIAN_POINT('',(0.412944874722,27.242383673187));
#1681 = CARTESIAN_POINT('',(0.38353039669,27.102398896727));
#1682 = CARTESIAN_POINT('',(0.352943919071,26.969350719868));
#1683 = CARTESIAN_POINT('',(0.321095185875,26.844958733835));
#1684 = CARTESIAN_POINT('',(0.270629926182,26.67235733787));
#1685 = CARTESIAN_POINT('',(0.253005055709,26.616258019766));
#1686 = CARTESIAN_POINT('',(0.235010854939,26.563420499237));
#1687 = CARTESIAN_POINT('',(0.216646229843,26.514217687604));
#1688 = CARTESIAN_POINT('',(0.197919754403,26.469053883319));
#1689 = CARTESIAN_POINT('',(0.150484956261,26.367765335841));
#1690 = CARTESIAN_POINT('',(0.121341769303,26.316991547547));
#1691 = CARTESIAN_POINT('',(9.153245206646E-02,26.27747952082));
#1692 = CARTESIAN_POINT('',(6.121414501157E-02,26.250542419899));
#1693 = CARTESIAN_POINT('',(3.060027534248E-02,26.237084727615));
#1694 = CARTESIAN_POINT('',(0.,26.237084727615));
#1695 = ( GEOMETRIC_REPRESENTATION_CONTEXT(2) 
PARAMETRIC_REPRESENTATION_CONTEXT() REPRESENTATION_CONTEXT('2D SPACE',''
  ) );
#1696 = ORIENTED_EDGE('',*,*,#1697,.T.);
#1697 = EDGE_CURVE('',#1618,#1698,#1700,.T.);
#1698 = VERTEX_POINT('',#1699);
#1699 = CARTESIAN_POINT('',(120.45008141939,54.,43.919595756545));
#1700 = SURFACE_CURVE('',#1701,(#1724,#1750),.PCURVE_S1.);
#1701 = B_SPLINE_CURVE_WITH_KNOTS('',6,(#1702,#1703,#1704,#1705,#1706,
    #1707,#1708,#1709,#1710,#1711,#1712,#1713,#1714,#1715,#1716,#1717,
    #1718,#1719,#1720,#1721,#1722,#1723),.UNSPECIFIED.,.F.,.F.,(7,5,5,5,
    7),(0.,0.224344685754,0.366702221079,0.652862211983,1.),
  .UNSPECIFIED.);
#1702 = CARTESIAN_POINT('',(123.75743824457,51.330965743982,
    43.655181010555));
#1703 = CARTESIAN_POINT('',(123.58796702079,51.330965743982,
    43.655181010555));
#1704 = CARTESIAN_POINT('',(123.41842029465,51.345916167843,
    43.656576916364));
#1705 = CARTESIAN_POINT('',(123.25082344607,51.375841300042,
    43.659370884901));
#1706 = CARTESIAN_POINT('',(123.0866619473,51.419718402201,
    43.663474466176));
#1707 = CARTESIAN_POINT('',(122.92700863835,51.476064570076,
    43.668761389427));
#1708 = CARTESIAN_POINT('',(122.67460135091,51.585861104355,
    43.679106134983));
#1709 = CARTESIAN_POINT('',(122.57867406978,51.632865436486,
    43.683543567152));
#1710 = CARTESIAN_POINT('',(122.48493441787,51.683863298048,
    43.688369535471));
#1711 = CARTESIAN_POINT('',(122.39344424076,51.73847258538,
    43.693551540685));
#1712 = CARTESIAN_POINT('',(122.30421287317,51.796338980498,
    43.699059572803));
#1713 = CARTESIAN_POINT('',(122.04232302911,51.97941687043,
    43.716544228333));
#1714 = CARTESIAN_POINT('',(121.87653476956,52.11354344424,
    43.729428252912));
#1715 = CARTESIAN_POINT('',(121.71943799026,52.257145168397,
    43.74332039537));
#1716 = CARTESIAN_POINT('',(121.57051411525,52.40831879537,
    43.758061888314));
#1717 = CARTESIAN_POINT('',(121.42915240985,52.565669228006,
    43.773538226128));
#1718 = CARTESIAN_POINT('',(121.13152754646,52.925645926564,
    43.809266682247));
#1719 = CARTESIAN_POINT('',(120.97862479243,53.130633644664,
    43.829819832583));
#1720 = CARTESIAN_POINT('',(120.83481965573,53.341599362508,
    43.851208600767));
#1721 = CARTESIAN_POINT('',(120.69928294134,53.557338529848,
    43.873339618122));
#1722 = CARTESIAN_POINT('',(120.57126082462,53.776981601037,
    43.896146713698));
#1723 = CARTESIAN_POINT('',(120.45008143573,54.,43.919595770748));
#1724 = PCURVE('',#447,#1725);
#1725 = DEFINITIONAL_REPRESENTATION('',(#1726),#1749);
#1726 = B_SPLINE_CURVE_WITH_KNOTS('',6,(#1727,#1728,#1729,#1730,#1731,
    #1732,#1733,#1734,#1735,#1736,#1737,#1738,#1739,#1740,#1741,#1742,
    #1743,#1744,#1745,#1746,#1747,#1748),.UNSPECIFIED.,.F.,.F.,(7,5,5,5,
    7),(0.,0.224344685754,0.366702221079,0.652862211983,1.),
  .UNSPECIFIED.);
#1727 = CARTESIAN_POINT('',(11.300308774963,0.934901603512));
#1728 = CARTESIAN_POINT('',(11.161817662342,0.934901603512));
#1729 = CARTESIAN_POINT('',(11.023264841757,0.935266247996));
#1730 = CARTESIAN_POINT('',(10.886340341424,0.935996129269));
#1731 = CARTESIAN_POINT('',(10.752292910999,0.937066302493));
#1732 = CARTESIAN_POINT('',(10.622022111484,0.93844059927));
#1733 = CARTESIAN_POINT('',(10.416250750533,0.941118563521));
#1734 = CARTESIAN_POINT('',(10.338094040282,0.942265010646));
#1735 = CARTESIAN_POINT('',(10.261771127223,0.943508860928));
#1736 = CARTESIAN_POINT('',(10.187334585132,0.944840794765));
#1737 = CARTESIAN_POINT('',(10.114793017769,0.946252170256));
#1738 = CARTESIAN_POINT('',(9.902064119086,0.950717484645));
#1739 = CARTESIAN_POINT('',(9.767640963547,0.953988864494));
#1740 = CARTESIAN_POINT('',(9.64052260898,0.957491345571));
#1741 = CARTESIAN_POINT('',(9.52027746761,0.961178507204));
#1742 = CARTESIAN_POINT('',(9.406394886274,0.965016322634));
#1743 = CARTESIAN_POINT('',(9.167187252594,0.973796242111));
#1744 = CARTESIAN_POINT('',(9.044688907482,0.978795942553));
#1745 = CARTESIAN_POINT('',(8.929862645614,0.983941447866));
#1746 = CARTESIAN_POINT('',(8.822010942526,0.989203378777));
#1747 = CARTESIAN_POINT('',(8.72049961016,0.994560526855));
#1748 = CARTESIAN_POINT('',(8.624765215887,1.));
#1749 = ( GEOMETRIC_REPRESENTATION_CONTEXT(2) 
PARAMETRIC_REPRESENTATION_CONTEXT() REPRESENTATION_CONTEXT('2D SPACE',''
  ) );
#1750 = PCURVE('',#1186,#1751);
#1751 = DEFINITIONAL_REPRESENTATION('',(#1752),#1775);
#1752 = B_SPLINE_CURVE_WITH_KNOTS('',6,(#1753,#1754,#1755,#1756,#1757,
    #1758,#1759,#1760,#1761,#1762,#1763,#1764,#1765,#1766,#1767,#1768,
    #1769,#1770,#1771,#1772,#1773,#1774),.UNSPECIFIED.,.F.,.F.,(7,5,5,5,
    7),(0.,0.224344685754,0.366702221079,0.652862211983,1.),
  .UNSPECIFIED.);
#1753 = CARTESIAN_POINT('',(6.28318530718,26.237084727615));
#1754 = CARTESIAN_POINT('',(6.252372357401,26.237084727615));
#1755 = CARTESIAN_POINT('',(6.221545692766,26.250730127381));
#1756 = CARTESIAN_POINT('',(6.191020817343,26.278043036345));
#1757 = CARTESIAN_POINT('',(6.161015221963,26.318093512097));
#1758 = CARTESIAN_POINT('',(6.13168836018,26.369534186508));
#1759 = CARTESIAN_POINT('',(6.085042207653,26.469793147219));
#1760 = CARTESIAN_POINT('',(6.067242742905,26.512718809018));
#1761 = CARTESIAN_POINT('',(6.049769818577,26.559297236827));
#1762 = CARTESIAN_POINT('',(6.032631042068,26.609181269547));
#1763 = CARTESIAN_POINT('',(6.015825993664,26.662049053804));
#1764 = CARTESIAN_POINT('',(5.966225020665,26.829341485121));
#1765 = CARTESIAN_POINT('',(5.934441232193,26.951940517653));
#1766 = CARTESIAN_POINT('',(5.903912507898,27.083249330029));
#1767 = CARTESIAN_POINT('',(5.874550273035,27.221540277842));
#1768 = CARTESIAN_POINT('',(5.84625480837,27.365547918708));
#1769 = CARTESIAN_POINT('',(5.785734898969,27.695161112489));
#1770 = CARTESIAN_POINT('',(5.753981885558,27.882962258995));
#1771 = CARTESIAN_POINT('',(5.723457909255,28.076358314068));
#1772 = CARTESIAN_POINT('',(5.6940323182,28.274259422254));
#1773 = CARTESIAN_POINT('',(5.665586556043,28.475879449456));
#1774 = CARTESIAN_POINT('',(5.638011145934,28.680743576994));
#1775 = ( GEOMETRIC_REPRESENTATION_CONTEXT(2) 
PARAMETRIC_REPRESENTATION_CONTEXT() REPRESENTATION_CONTEXT('2D SPACE',''
  ) );
#1776 = ORIENTED_EDGE('',*,*,#1777,.T.);
#1777 = EDGE_CURVE('',#1698,#1548,#1778,.T.);
#1778 = SURFACE_CURVE('',#1779,(#1784,#1790),.PCURVE_S1.);
#1779 = CIRCLE('',#1780,26.925);
#1780 = AXIS2_PLACEMENT_3D('',#1781,#1782,#1783);
#1781 = CARTESIAN_POINT('',(123.75743824457,54.,17.198498925933));
#1782 = DIRECTION('',(0.,-1.,0.));
#1783 = DIRECTION('',(1.,0.,0.));
#1784 = PCURVE('',#447,#1785);
#1785 = DEFINITIONAL_REPRESENTATION('',(#1786),#1789);
#1786 = B_SPLINE_CURVE_WITH_KNOTS('',1,(#1787,#1788),.UNSPECIFIED.,.F.,
  .F.,(2,2),(1.050678343228,2.090914310362),.PIECEWISE_BEZIER_KNOTS.);
#1787 = CARTESIAN_POINT('',(22.600617549925,1.));
#1788 = CARTESIAN_POINT('',(0.,1.));
#1789 = ( GEOMETRIC_REPRESENTATION_CONTEXT(2) 
PARAMETRIC_REPRESENTATION_CONTEXT() REPRESENTATION_CONTEXT('2D SPACE',''
  ) );
#1790 = PCURVE('',#1437,#1791);
#1791 = DEFINITIONAL_REPRESENTATION('',(#1792),#1795);
#1792 = B_SPLINE_CURVE_WITH_KNOTS('',1,(#1793,#1794),.UNSPECIFIED.,.F.,
  .F.,(2,2),(1.050678343228,2.090914310362),.PIECEWISE_BEZIER_KNOTS.);
#1793 = CARTESIAN_POINT('',(1.050678343228,0.));
#1794 = CARTESIAN_POINT('',(2.090914310362,0.));
#1795 = ( GEOMETRIC_REPRESENTATION_CONTEXT(2) 
PARAMETRIC_REPRESENTATION_CONTEXT() REPRESENTATION_CONTEXT('2D SPACE',''
  ) );
#1796 = ADVANCED_FACE('',(#1797,#1800),#920,.F.);
#1797 = FACE_BOUND('',#1798,.F.);
#1798 = EDGE_LOOP('',(#1799));
#1799 = ORIENTED_EDGE('',*,*,#905,.T.);
#1800 = FACE_BOUND('',#1801,.F.);
#1801 = EDGE_LOOP('',(#1802));
#1802 = ORIENTED_EDGE('',*,*,#1803,.F.);
#1803 = EDGE_CURVE('',#1804,#1804,#1806,.T.);
#1804 = VERTEX_POINT('',#1805);
#1805 = CARTESIAN_POINT('',(150.68243824457,168.,17.198498925933));
#1806 = SURFACE_CURVE('',#1807,(#1812,#1819),.PCURVE_S1.);
#1807 = CIRCLE('',#1808,26.925);
#1808 = AXIS2_PLACEMENT_3D('',#1809,#1810,#1811);
#1809 = CARTESIAN_POINT('',(123.75743824457,168.,17.198498925933));
#1810 = DIRECTION('',(0.,-1.,0.));
#1811 = DIRECTION('',(1.,0.,0.));
#1812 = PCURVE('',#920,#1813);
#1813 = DEFINITIONAL_REPRESENTATION('',(#1814),#1818);
#1814 = CIRCLE('',#1815,26.925);
#1815 = AXIS2_PLACEMENT_2D('',#1816,#1817);
#1816 = CARTESIAN_POINT('',(3.552713678801E-15,0.));
#1817 = DIRECTION('',(0.,1.));
#1818 = ( GEOMETRIC_REPRESENTATION_CONTEXT(2) 
PARAMETRIC_REPRESENTATION_CONTEXT() REPRESENTATION_CONTEXT('2D SPACE',''
  ) );
#1819 = PCURVE('',#1437,#1820);
#1820 = DEFINITIONAL_REPRESENTATION('',(#1821),#1825);
#1821 = LINE('',#1822,#1823);
#1822 = CARTESIAN_POINT('',(0.,-114.));
#1823 = VECTOR('',#1824,1.);
#1824 = DIRECTION('',(1.,0.));
#1825 = ( GEOMETRIC_REPRESENTATION_CONTEXT(2) 
PARAMETRIC_REPRESENTATION_CONTEXT() REPRESENTATION_CONTEXT('2D SPACE',''
  ) );
#1826 = ADVANCED_FACE('',(#1827),#1186,.F.);
#1827 = FACE_BOUND('',#1828,.F.);
#1828 = EDGE_LOOP('',(#1829,#1830,#1851,#1852,#2101,#2102));
#1829 = ORIENTED_EDGE('',*,*,#934,.F.);
#1830 = ORIENTED_EDGE('',*,*,#1831,.F.);
#1831 = EDGE_CURVE('',#1618,#935,#1832,.T.);
#1832 = SEAM_CURVE('',#1833,(#1837,#1844),.PCURVE_S1.);
#1833 = LINE('',#1834,#1835);
#1834 = CARTESIAN_POINT('',(123.75743824457,28.608983848622,
    30.536638646747));
#1835 = VECTOR('',#1836,1.);
#1836 = DIRECTION('',(0.,0.866025403784,0.5));
#1837 = PCURVE('',#1186,#1838);
#1838 = DEFINITIONAL_REPRESENTATION('',(#1839),#1843);
#1839 = LINE('',#1840,#1841);
#1840 = CARTESIAN_POINT('',(6.28318530718,-0.));
#1841 = VECTOR('',#1842,1.);
#1842 = DIRECTION('',(0.,1.));
#1843 = ( GEOMETRIC_REPRESENTATION_CONTEXT(2) 
PARAMETRIC_REPRESENTATION_CONTEXT() REPRESENTATION_CONTEXT('2D SPACE',''
  ) );
#1844 = PCURVE('',#1186,#1845);
#1845 = DEFINITIONAL_REPRESENTATION('',(#1846),#1850);
#1846 = LINE('',#1847,#1848);
#1847 = CARTESIAN_POINT('',(0.,-0.));
#1848 = VECTOR('',#1849,1.);
#1849 = DIRECTION('',(0.,1.));
#1850 = ( GEOMETRIC_REPRESENTATION_CONTEXT(2) 
PARAMETRIC_REPRESENTATION_CONTEXT() REPRESENTATION_CONTEXT('2D SPACE',''
  ) );
#1851 = ORIENTED_EDGE('',*,*,#1617,.F.);
#1852 = ORIENTED_EDGE('',*,*,#1853,.T.);
#1853 = EDGE_CURVE('',#1596,#1698,#1854,.T.);
#1854 = SURFACE_CURVE('',#1855,(#1935,#2018),.PCURVE_S1.);
#1855 = B_SPLINE_CURVE_WITH_KNOTS('',8,(#1856,#1857,#1858,#1859,#1860,
    #1861,#1862,#1863,#1864,#1865,#1866,#1867,#1868,#1869,#1870,#1871,
    #1872,#1873,#1874,#1875,#1876,#1877,#1878,#1879,#1880,#1881,#1882,
    #1883,#1884,#1885,#1886,#1887,#1888,#1889,#1890,#1891,#1892,#1893,
    #1894,#1895,#1896,#1897,#1898,#1899,#1900,#1901,#1902,#1903,#1904,
    #1905,#1906,#1907,#1908,#1909,#1910,#1911,#1912,#1913,#1914,#1915,
    #1916,#1917,#1918,#1919,#1920,#1921,#1922,#1923,#1924,#1925,#1926,
    #1927,#1928,#1929,#1930,#1931,#1932,#1933,#1934),.UNSPECIFIED.,.F.,
  .F.,(9,7,7,7,7,7,7,7,7,7,7,9),(0.,9.695340689339E-02,0.26034971369,
    0.449190901556,0.497314144864,0.540378046452,0.580432774608,
    0.634686157709,0.773264327754,0.891296614551,0.968180217575,1.),
  .UNSPECIFIED.);
#1856 = CARTESIAN_POINT('',(127.06479460494,53.9999994,43.919595814076)
  );
#1857 = CARTESIAN_POINT('',(127.4038578535,54.437680220726,
    43.87762886203));
#1858 = CARTESIAN_POINT('',(127.69481602571,54.898284582783,
    43.836623199935));
#1859 = CARTESIAN_POINT('',(127.94401311382,55.369488756336,
    43.798244578577));
#1860 = CARTESIAN_POINT('',(128.15778257661,55.84403474576,
    43.763163350583));
#1861 = CARTESIAN_POINT('',(128.34185340857,56.318569869817,
    43.73147282802));
#1862 = CARTESIAN_POINT('',(128.50112851303,56.793177036247,
    43.702989431563));
#1863 = CARTESIAN_POINT('',(128.63955571982,57.271075631022,
    43.677462887979));
#1864 = CARTESIAN_POINT('',(128.96248024409,58.57854464836,
    43.616403948266));
#1865 = CARTESIAN_POINT('',(129.10969582197,59.409114811716,
    43.586730760441));
#1866 = CARTESIAN_POINT('',(129.20932138775,60.241364808912,
    43.5659659756));
#1867 = CARTESIAN_POINT('',(129.26751321507,61.071331986527,
    43.553650108781));
#1868 = CARTESIAN_POINT('',(129.28871876825,61.898041351656,
    43.549162950625));
#1869 = CARTESIAN_POINT('',(129.27566046469,62.722668922113,
    43.55198460987));
#1870 = CARTESIAN_POINT('',(129.22927800097,63.54765533649,
    43.561756978875));
#1871 = CARTESIAN_POINT('',(129.05536236007,65.331588841361,
    43.597299689645));
#1872 = CARTESIAN_POINT('',(128.91989236353,66.25471093622,
    43.624593709434));
#1873 = CARTESIAN_POINT('',(128.7452102211,67.164271494214,
    43.658883048375));
#1874 = CARTESIAN_POINT('',(128.52658094403,68.078620615425,
    43.700219541574));
#1875 = CARTESIAN_POINT('',(128.25447882288,69.006484434162,
    43.749084455088));
#1876 = CARTESIAN_POINT('',(127.91636870896,69.941954642825,
    43.805490302009));
#1877 = CARTESIAN_POINT('',(127.49849216053,70.859542579834,
    43.867278422714));
#1878 = CARTESIAN_POINT('',(126.85881959052,71.922301987407,
    43.944604828256));
#1879 = CARTESIAN_POINT('',(126.72326666569,72.133008983702,
    43.960259147131));
#1880 = CARTESIAN_POINT('',(126.57988448378,72.341136085747,
    43.976017675416));
#1881 = CARTESIAN_POINT('',(126.42646576042,72.547927597634,
    43.99196347679));
#1882 = CARTESIAN_POINT('',(126.26088354115,72.75321493535,
    44.008079718716));
#1883 = CARTESIAN_POINT('',(126.08116765009,72.955333456581,
    44.02422528827));
#1884 = CARTESIAN_POINT('',(125.88555237838,73.151072750409,
    44.040115481382));
#1885 = CARTESIAN_POINT('',(125.48183776778,73.500841768425,
    44.068902838933));
#1886 = CARTESIAN_POINT('',(125.2541745215,73.677053975346,
    44.083582032687));
#1887 = CARTESIAN_POINT('',(124.99415949348,73.846981087824,
    44.097959704786));
#1888 = CARTESIAN_POINT('',(124.70510582607,73.994890598987,
    44.110679913898));
#1889 = CARTESIAN_POINT('',(124.39025976948,74.106513560567,
    44.120394876702));
#1890 = CARTESIAN_POINT('',(124.05299908351,74.16899724514,
    44.125851034272));
#1891 = CARTESIAN_POINT('',(123.69689749823,74.170910840234,
    44.125987195637));
#1892 = CARTESIAN_POINT('',(122.98085218217,74.038323283576,
    44.114509715013));
#1893 = CARTESIAN_POINT('',(122.67123320571,73.922291925987,
    44.104490504818));
#1894 = CARTESIAN_POINT('',(122.39549158804,73.773942560188,
    44.091774442063));
#1895 = CARTESIAN_POINT('',(122.15049152365,73.607803750102,
    44.07772389975));
#1896 = CARTESIAN_POINT('',(121.93206737613,73.433323684185,
    44.06318419514));
#1897 = CARTESIAN_POINT('',(121.73494560226,73.254815726645,
    44.048511639582));
#1898 = CARTESIAN_POINT('',(121.55271251528,73.071439128659,
    44.033651257946));
#1899 = CARTESIAN_POINT('',(121.14251609274,72.614848845147,
    43.997266255872));
#1900 = CARTESIAN_POINT('',(120.92762517647,72.33993753956,
    43.975813370598));
#1901 = CARTESIAN_POINT('',(120.73179690183,72.058799066554,
    43.95440106477));
#1902 = CARTESIAN_POINT('',(120.55278053102,71.775289180081,
    43.933364402344));
#1903 = CARTESIAN_POINT('',(120.38815500509,71.49117579196,
    43.912845209054));
#1904 = CARTESIAN_POINT('',(120.23541699486,71.206258969114,
    43.89283155904));
#1905 = CARTESIAN_POINT('',(120.09210001217,70.918536738213,
    43.873203077356));
#1906 = CARTESIAN_POINT('',(119.60809480751,69.873152635357,
    43.804175395701));
#1907 = CARTESIAN_POINT('',(119.31387076732,69.095286080644,
    43.756920689069));
#1908 = CARTESIAN_POINT('',(119.06685414516,68.309130064219,
    43.713923287887));
#1909 = CARTESIAN_POINT('',(118.860818878,67.52356616746,43.675987148878
    ));
#1910 = CARTESIAN_POINT('',(118.69045529436,66.740654196944,
    43.643309177643));
#1911 = CARTESIAN_POINT('',(118.55191689128,65.957590414106,
    43.615915897532));
#1912 = CARTESIAN_POINT('',(118.44333653037,65.16855759807,
    43.593995948124));
#1913 = CARTESIAN_POINT('',(118.29916447842,63.684301896906,
    43.564527330193));
#1914 = CARTESIAN_POINT('',(118.25602009333,63.001599672821,
    43.555510269007));
#1915 = CARTESIAN_POINT('',(118.23577815806,62.318332545712,
    43.551217859455));
#1916 = CARTESIAN_POINT('',(118.23892118969,61.633867794272,
    43.551870306476));
#1917 = CARTESIAN_POINT('',(118.26666096264,60.947911100155,
    43.557736327058));
#1918 = CARTESIAN_POINT('',(118.3209277938,60.260879609181,
    43.56911523927));
#1919 = CARTESIAN_POINT('',(118.40437308533,59.5742531081,
    43.586267061208));
#1920 = CARTESIAN_POINT('',(118.59595805586,58.445793030099,
    43.624256863858));
#1921 = CARTESIAN_POINT('',(118.68507230411,58.003687341968,
    43.641670530185));
#1922 = CARTESIAN_POINT('',(118.78892267697,57.562847596135,
    43.661589456759));
#1923 = CARTESIAN_POINT('',(118.90914922067,57.122344618703,
    43.684114818005));
#1924 = CARTESIAN_POINT('',(119.04780591247,56.682176671564,
    43.709339285559));
#1925 = CARTESIAN_POINT('',(119.20731874558,56.243415796815,
    43.737289164177));
#1926 = CARTESIAN_POINT('',(119.39043639931,55.808387729097,
    43.767841858189));
#1927 = CARTESIAN_POINT('',(119.68697729231,55.203955167936,
    43.814183992327));
#1928 = CARTESIAN_POINT('',(119.77840739586,55.028178218383,
    43.828140774244));
#1929 = CARTESIAN_POINT('',(119.87489248824,54.853413799036,
    43.842494527134));
#1930 = CARTESIAN_POINT('',(119.97689366356,54.679658106688,
    43.857242855759));
#1931 = CARTESIAN_POINT('',(120.08489847015,54.50705427171,
    43.872370788465));
#1932 = CARTESIAN_POINT('',(120.1994149539,54.335902366703,
    43.887846108884));
#1933 = CARTESIAN_POINT('',(120.3209657016,54.166669415136,
    43.903614687644));
#1934 = CARTESIAN_POINT('',(120.4500818842,53.9999994,43.919595814076));
#1935 = PCURVE('',#1186,#1936);
#1936 = DEFINITIONAL_REPRESENTATION('',(#1937),#2017);
#1937 = B_SPLINE_CURVE_WITH_KNOTS('',8,(#1938,#1939,#1940,#1941,#1942,
    #1943,#1944,#1945,#1946,#1947,#1948,#1949,#1950,#1951,#1952,#1953,
    #1954,#1955,#1956,#1957,#1958,#1959,#1960,#1961,#1962,#1963,#1964,
    #1965,#1966,#1967,#1968,#1969,#1970,#1971,#1972,#1973,#1974,#1975,
    #1976,#1977,#1978,#1979,#1980,#1981,#1982,#1983,#1984,#1985,#1986,
    #1987,#1988,#1989,#1990,#1991,#1992,#1993,#1994,#1995,#1996,#1997,
    #1998,#1999,#2000,#2001,#2002,#2003,#2004,#2005,#2006,#2007,#2008,
    #2009,#2010,#2011,#2012,#2013,#2014,#2015,#2016),.UNSPECIFIED.,.F.,
  .F.,(9,7,7,7,7,7,7,7,7,7,7,9),(0.,9.695340689339E-02,0.26034971369,
    0.449190901556,0.497314144864,0.540378046452,0.580432774608,
    0.634686157709,0.773264327754,0.891296614551,0.968180217575,1.),
  .UNSPECIFIED.);
#1938 = CARTESIAN_POINT('',(0.645174059194,28.680743079043));
#1939 = CARTESIAN_POINT('',(0.722330805897,29.038802312518));
#1940 = CARTESIAN_POINT('',(0.793661589326,29.417194560106));
#1941 = CARTESIAN_POINT('',(0.859955169218,29.806080034093));
#1942 = CARTESIAN_POINT('',(0.921931385294,30.199508302201));
#1943 = CARTESIAN_POINT('',(0.980318255856,30.594622513341));
#1944 = CARTESIAN_POINT('',(1.0358990665,30.991402678058));
#1945 = CARTESIAN_POINT('',(1.089530609373,31.392511729775));
#1946 = CARTESIAN_POINT('',(1.23078617446,32.494283643594));
#1947 = CARTESIAN_POINT('',(1.314836329312,33.198741910773));
#1948 = CARTESIAN_POINT('',(1.395213442013,33.909109158225));
#1949 = CARTESIAN_POINT('',(1.472724560403,34.621723884936));
#1950 = CARTESIAN_POINT('',(1.548151327596,35.335431617606));
#1951 = CARTESIAN_POINT('',(1.622289254775,36.050990871907));
#1952 = CARTESIAN_POINT('',(1.695964757783,36.770336249036));
#1953 = CARTESIAN_POINT('',(1.855705015861,38.333039338302));
#1954 = CARTESIAN_POINT('',(1.938628074234,39.146133533142));
#1955 = CARTESIAN_POINT('',(2.021628584599,39.950980752103));
#1956 = CARTESIAN_POINT('',(2.107218398877,40.76349856562));
#1957 = CARTESIAN_POINT('',(2.197528585688,41.591484660636));
#1958 = CARTESIAN_POINT('',(2.294307042854,42.429828549293));
#1959 = CARTESIAN_POINT('',(2.399082157312,43.255377073299));
#1960 = CARTESIAN_POINT('',(2.542806008512,44.214416921139));
#1961 = CARTESIAN_POINT('',(2.572555784258,44.404721692123));
#1962 = CARTESIAN_POINT('',(2.603347502772,44.592844313853));
#1963 = CARTESIAN_POINT('',(2.635609674036,44.779903917121));
#1964 = CARTESIAN_POINT('',(2.669710839321,44.965746087622));
#1965 = CARTESIAN_POINT('',(2.705961591651,45.14885864636));
#1966 = CARTESIAN_POINT('',(2.744627181434,45.326318943889));
#1967 = CARTESIAN_POINT('',(2.822929766121,45.643621477724));
#1968 = CARTESIAN_POINT('',(2.866505807817,45.80356532225));
#1969 = CARTESIAN_POINT('',(2.915490558937,45.957915354501));
#1970 = CARTESIAN_POINT('',(2.969088165617,46.092368853179));
#1971 = CARTESIAN_POINT('',(3.026713269695,46.193894654962));
#1972 = CARTESIAN_POINT('',(3.087938008026,46.250735191906));
#1973 = CARTESIAN_POINT('',(3.152472208622,46.252460494552));
#1974 = CARTESIAN_POINT('',(3.283064839585,46.131897561949));
#1975 = CARTESIAN_POINT('',(3.339889549268,46.026401853544));
#1976 = CARTESIAN_POINT('',(3.391150362132,45.89156950275));
#1977 = CARTESIAN_POINT('',(3.437400558881,45.740663801503));
#1978 = CARTESIAN_POINT('',(3.479290672229,45.58228977966));
#1979 = CARTESIAN_POINT('',(3.51769091785,45.420361075874));
#1980 = CARTESIAN_POINT('',(3.553762965417,45.254122092741));
#1981 = CARTESIAN_POINT('',(3.636482318642,44.840510807061));
#1982 = CARTESIAN_POINT('',(3.681058449132,44.591704189998));
#1983 = CARTESIAN_POINT('',(3.722920803788,44.33752497748));
#1984 = CARTESIAN_POINT('',(3.76238801296,44.081479882357));
#1985 = CARTESIAN_POINT('',(3.799830132266,43.825170874044));
#1986 = CARTESIAN_POINT('',(3.835684639176,43.568418842487));
#1987 = CARTESIAN_POINT('',(3.870458912203,43.309429840451));
#1988 = CARTESIAN_POINT('',(3.992229440098,42.369586809838));
#1989 = CARTESIAN_POINT('',(4.074623777737,41.672307259385));
#1990 = CARTESIAN_POINT('',(4.152819827888,40.969977477235));
#1991 = CARTESIAN_POINT('',(4.227688001244,40.270691116839));
#1992 = CARTESIAN_POINT('',(4.300156851968,39.576330475827));
#1993 = CARTESIAN_POINT('',(4.371249107414,38.884480707052));
#1994 = CARTESIAN_POINT('',(4.442080353625,38.190198269241));
#1995 = CARTESIAN_POINT('',(4.574983297476,36.890060817356));
#1996 = CARTESIAN_POINT('',(4.635983191726,36.294314817485));
#1997 = CARTESIAN_POINT('',(4.697289762087,35.700441923061));
#1998 = CARTESIAN_POINT('',(4.759317420365,35.10800428383));
#1999 = CARTESIAN_POINT('',(4.822474563627,34.516881371119));
#2000 = CARTESIAN_POINT('',(4.887167755895,33.927584102842));
#2001 = CARTESIAN_POINT('',(4.953810753766,33.341524020964));
#2002 = CARTESIAN_POINT('',(5.067831086106,32.383243827583));
#2003 = CARTESIAN_POINT('',(5.113662116702,32.009075903667));
#2004 = CARTESIAN_POINT('',(5.160715226149,31.637256948065));
#2005 = CARTESIAN_POINT('',(5.209340212275,31.267032859789));
#2006 = CARTESIAN_POINT('',(5.259871849053,30.898448469412));
#2007 = CARTESIAN_POINT('',(5.312636559109,30.532445345003));
#2008 = CARTESIAN_POINT('',(5.367964779339,30.170976334005));
#2009 = CARTESIAN_POINT('',(5.450314537314,29.670693448234));
#2010 = CARTESIAN_POINT('',(5.474937999709,29.52544453548));
#2011 = CARTESIAN_POINT('',(5.500162482874,29.381270985093));
#2012 = CARTESIAN_POINT('',(5.526067787933,29.23816830578));
#2013 = CARTESIAN_POINT('',(5.552731023593,29.096252966252));
#2014 = CARTESIAN_POINT('',(5.580227188666,28.955768728818));
#2015 = CARTESIAN_POINT('',(5.608629754597,28.817092982984));
#2016 = CARTESIAN_POINT('',(5.638011247986,28.680743079043));
#2017 = ( GEOMETRIC_REPRESENTATION_CONTEXT(2) 
PARAMETRIC_REPRESENTATION_CONTEXT() REPRESENTATION_CONTEXT('2D SPACE',''
  ) );
#2018 = PCURVE('',#1437,#2019);
#2019 = DEFINITIONAL_REPRESENTATION('',(#2020),#2100);
#2020 = B_SPLINE_CURVE_WITH_KNOTS('',8,(#2021,#2022,#2023,#2024,#2025,
    #2026,#2027,#2028,#2029,#2030,#2031,#2032,#2033,#2034,#2035,#2036,
    #2037,#2038,#2039,#2040,#2041,#2042,#2043,#2044,#2045,#2046,#2047,
    #2048,#2049,#2050,#2051,#2052,#2053,#2054,#2055,#2056,#2057,#2058,
    #2059,#2060,#2061,#2062,#2063,#2064,#2065,#2066,#2067,#2068,#2069,
    #2070,#2071,#2072,#2073,#2074,#2075,#2076,#2077,#2078,#2079,#2080,
    #2081,#2082,#2083,#2084,#2085,#2086,#2087,#2088,#2089,#2090,#2091,
    #2092,#2093,#2094,#2095,#2096,#2097,#2098,#2099),.UNSPECIFIED.,.F.,
  .F.,(9,7,7,7,7,7,7,7,7,7,7,9),(0.,9.695340689339E-02,0.26034971369,
    0.449190901556,0.497314144864,0.540378046452,0.580432774608,
    0.634686157709,0.773264327754,0.891296614551,0.968180217575,1.),
  .UNSPECIFIED.);
#2021 = CARTESIAN_POINT('',(1.447649414757,5.999999999062E-07));
#2022 = CARTESIAN_POINT('',(1.43496044282,-0.437680220726));
#2023 = CARTESIAN_POINT('',(1.4240489544,-0.898284582783));
#2024 = CARTESIAN_POINT('',(1.414685628701,-1.369488756337));
#2025 = CARTESIAN_POINT('',(1.406640560156,-1.84403474576));
#2026 = CARTESIAN_POINT('',(1.399703898314,-2.318569869816));
#2027 = CARTESIAN_POINT('',(1.39369468074,-2.793177036247));
#2028 = CARTESIAN_POINT('',(1.388466840129,-3.271075631022));
#2029 = CARTESIAN_POINT('',(1.376260846476,-4.57854464836));
#2030 = CARTESIAN_POINT('',(1.370683663766,-5.409114811716));
#2031 = CARTESIAN_POINT('',(1.366904035469,-6.241364808912));
#2032 = CARTESIAN_POINT('',(1.36469486362,-7.071331986527));
#2033 = CARTESIAN_POINT('',(1.363889889721,-7.898041351655));
#2034 = CARTESIAN_POINT('',(1.364386050844,-8.722668922114));
#2035 = CARTESIAN_POINT('',(1.366146501281,-9.54765533649));
#2036 = CARTESIAN_POINT('',(1.372739272994,-11.33158884136));
#2037 = CARTESIAN_POINT('',(1.377871737908,-12.25471093622));
#2038 = CARTESIAN_POINT('',(1.38448315666,-13.1642714942));
#2039 = CARTESIAN_POINT('',(1.3927464947,-14.07862061543));
#2040 = CARTESIAN_POINT('',(1.403013058438,-15.00648443415));
#2041 = CARTESIAN_POINT('',(1.415741776496,-15.94195464282));
#2042 = CARTESIAN_POINT('',(1.431425028781,-16.85954257983));
#2043 = CARTESIAN_POINT('',(1.455355554145,-17.9223019874));
#2044 = CARTESIAN_POINT('',(1.460423407373,-18.1330089837));
#2045 = CARTESIAN_POINT('',(1.465780574276,-18.34113608574));
#2046 = CARTESIAN_POINT('',(1.471509058728,-18.54792759763));
#2047 = CARTESIAN_POINT('',(1.477687579055,-18.75321493535));
#2048 = CARTESIAN_POINT('',(1.484388767473,-18.95533345658));
#2049 = CARTESIAN_POINT('',(1.491677535655,-19.1510727504));
#2050 = CARTESIAN_POINT('',(1.506709649597,-19.50084176842));
#2051 = CARTESIAN_POINT('',(1.515182471348,-19.67705397534));
#2052 = CARTESIAN_POINT('',(1.524853550286,-19.84698108782));
#2053 = CARTESIAN_POINT('',(1.535597998042,-19.99489059898));
#2054 = CARTESIAN_POINT('',(1.547294771662,-20.10651356056));
#2055 = CARTESIAN_POINT('',(1.559819832781,-20.16899724514));
#2056 = CARTESIAN_POINT('',(1.573043738758,-20.17091084023));
#2057 = CARTESIAN_POINT('',(1.59964122423,-20.03832328357));
#2058 = CARTESIAN_POINT('',(1.611145020548,-19.92229192598));
#2059 = CARTESIAN_POINT('',(1.6213955952,-19.77394256018));
#2060 = CARTESIAN_POINT('',(1.630508978661,-19.6078037501));
#2061 = CARTESIAN_POINT('',(1.638638711709,-19.43332368418));
#2062 = CARTESIAN_POINT('',(1.645979776633,-19.25481572664));
#2063 = CARTESIAN_POINT('',(1.652770248269,-19.07143912865));
#2064 = CARTESIAN_POINT('',(1.668064842935,-18.61484884514));
#2065 = CARTESIAN_POINT('',(1.67608512234,-18.33993753956));
#2066 = CARTESIAN_POINT('',(1.683401075832,-18.05879906655));
#2067 = CARTESIAN_POINT('',(1.690095156571,-17.77528918008));
#2068 = CARTESIAN_POINT('',(1.696256433325,-17.49117579196));
#2069 = CARTESIAN_POINT('',(1.701977473003,-17.20625896911));
#2070 = CARTESIAN_POINT('',(1.707349904522,-16.91853673821));
#2071 = CARTESIAN_POINT('',(1.725507851007,-15.87315263535));
#2072 = CARTESIAN_POINT('',(1.736573725141,-15.09528608064));
#2073 = CARTESIAN_POINT('',(1.745884908387,-14.30913006422));
#2074 = CARTESIAN_POINT('',(1.753665241469,-13.52356616746));
#2075 = CARTESIAN_POINT('',(1.760107672629,-12.74065419694));
#2076 = CARTESIAN_POINT('',(1.765352585079,-11.9575904141));
#2077 = CARTESIAN_POINT('',(1.769466620818,-11.16855759807));
#2078 = CARTESIAN_POINT('',(1.774931910091,-9.684301896906));
#2079 = CARTESIAN_POINT('',(1.77656890897,-9.00159967282));
#2080 = CARTESIAN_POINT('',(1.777337413933,-8.318332545713));
#2081 = CARTESIAN_POINT('',(1.777218202995,-7.633867794273));
#2082 = CARTESIAN_POINT('',(1.776165148111,-6.947911100153));
#2083 = CARTESIAN_POINT('',(1.77410583451,-6.260879609182));
#2084 = CARTESIAN_POINT('',(1.770941943801,-5.5742531081));
#2085 = CARTESIAN_POINT('',(1.763687897501,-4.445793030099));
#2086 = CARTESIAN_POINT('',(1.760315584977,-4.003687341967));
#2087 = CARTESIAN_POINT('',(1.756388310356,-3.562847596135));
#2088 = CARTESIAN_POINT('',(1.751845461597,-3.122344618703));
#2089 = CARTESIAN_POINT('',(1.746611359421,-2.682176671564));
#2090 = CARTESIAN_POINT('',(1.740597058363,-2.243415796815));
#2091 = CARTESIAN_POINT('',(1.733702376121,-1.808387729097));
#2092 = CARTESIAN_POINT('',(1.722555110569,-1.203955167936));
#2093 = CARTESIAN_POINT('',(1.719120065718,-1.028178218383));
#2094 = CARTESIAN_POINT('',(1.715497195135,-0.853413799036));
#2095 = CARTESIAN_POINT('',(1.711669520949,-0.679658106688));
#2096 = CARTESIAN_POINT('',(1.707619131803,-0.50705427171));
#2097 = CARTESIAN_POINT('',(1.703327405713,-0.335902366703));
#2098 = CARTESIAN_POINT('',(1.698775232936,-0.166669415136));
#2099 = CARTESIAN_POINT('',(1.693943238832,5.999999999062E-07));
#2100 = ( GEOMETRIC_REPRESENTATION_CONTEXT(2) 
PARAMETRIC_REPRESENTATION_CONTEXT() REPRESENTATION_CONTEXT('2D SPACE',''
  ) );
#2101 = ORIENTED_EDGE('',*,*,#1697,.F.);
#2102 = ORIENTED_EDGE('',*,*,#1831,.T.);
#2103 = ADVANCED_FACE('',(#2104),#1437,.F.);
#2104 = FACE_BOUND('',#2105,.F.);
#2105 = EDGE_LOOP('',(#2106,#2127,#2128,#2129,#2130,#2131,#2132,#2133,
    #2134,#2135));
#2106 = ORIENTED_EDGE('',*,*,#2107,.F.);
#2107 = EDGE_CURVE('',#1402,#1804,#2108,.T.);
#2108 = SEAM_CURVE('',#2109,(#2113,#2120),.PCURVE_S1.);
#2109 = LINE('',#2110,#2111);
#2110 = CARTESIAN_POINT('',(150.68243824457,54.,17.198498925933));
#2111 = VECTOR('',#2112,1.);
#2112 = DIRECTION('',(-0.,1.,-0.));
#2113 = PCURVE('',#1437,#2114);
#2114 = DEFINITIONAL_REPRESENTATION('',(#2115),#2119);
#2115 = LINE('',#2116,#2117);
#2116 = CARTESIAN_POINT('',(6.28318530718,0.));
#2117 = VECTOR('',#2118,1.);
#2118 = DIRECTION('',(0.,-1.));
#2119 = ( GEOMETRIC_REPRESENTATION_CONTEXT(2) 
PARAMETRIC_REPRESENTATION_CONTEXT() REPRESENTATION_CONTEXT('2D SPACE',''
  ) );
#2120 = PCURVE('',#1437,#2121);
#2121 = DEFINITIONAL_REPRESENTATION('',(#2122),#2126);
#2122 = LINE('',#2123,#2124);
#2123 = CARTESIAN_POINT('',(0.,0.));
#2124 = VECTOR('',#2125,1.);
#2125 = DIRECTION('',(0.,-1.));
#2126 = ( GEOMETRIC_REPRESENTATION_CONTEXT(2) 
PARAMETRIC_REPRESENTATION_CONTEXT() REPRESENTATION_CONTEXT('2D SPACE',''
  ) );
#2127 = ORIENTED_EDGE('',*,*,#1475,.F.);
#2128 = ORIENTED_EDGE('',*,*,#1522,.F.);
#2129 = ORIENTED_EDGE('',*,*,#1569,.F.);
#2130 = ORIENTED_EDGE('',*,*,#1777,.F.);
#2131 = ORIENTED_EDGE('',*,*,#1853,.F.);
#2132 = ORIENTED_EDGE('',*,*,#1595,.F.);
#2133 = ORIENTED_EDGE('',*,*,#1423,.F.);
#2134 = ORIENTED_EDGE('',*,*,#2107,.T.);
#2135 = ORIENTED_EDGE('',*,*,#1803,.T.);
#2136 = ( GEOMETRIC_REPRESENTATION_CONTEXT(3) 
GLOBAL_UNCERTAINTY_ASSIGNED_CONTEXT((#2140)) 
GLOBAL_UNIT_ASSIGNED_CONTEXT((#2137,#2138,#2139)) REPRESENTATION_CONTEXT
('Context #1','3D Context with UNIT and UNCERTAINTY') );
#2137 = ( LENGTH_UNIT() NAMED_UNIT(*) SI_UNIT(.MILLI.,.METRE.) );
#2138 = ( NAMED_UNIT(*) PLANE_ANGLE_UNIT() SI_UNIT($,.RADIAN.) );
#2139 = ( NAMED_UNIT(*) SI_UNIT($,.STERADIAN.) SOLID_ANGLE_UNIT() );
#2140 = UNCERTAINTY_MEASURE_WITH_UNIT(LENGTH_MEASURE(1.E-06),#2137,
  'distance_accuracy_value','confusion accuracy');
#2141 = PRODUCT_RELATED_PRODUCT_CATEGORY('part',$,(#7));
ENDSEC;
END-ISO-10303-21;
