ISO-10303-21;
HEADER;
FILE_DESCRIPTION(('Open CASCADE Model'),'2;1');
FILE_NAME('Open CASCADE Shape Model','2026-10-04T18:51:17',('Author'),(
    'Open CASCADE'),'Open CASCADE STEP processor 7.9','Open CASCADE 7.9'
  ,'Unknown');
FILE_SCHEMA(('AUTOMOTIVE_DESIGN { 1 0 10303 214 1 1 1 1 }'));
ENDSEC;
DATA;
#1 = APPLICATION_PROTOCOL_DEFINITION('international standard',
  'automotive_design',2000,#2);
#2 = APPLICATION_CONTEXT(
  'core data for automotive mechanical design processes');
#3 = SHAPE_DEFINITION_REPRESENTATION(#4,#10);
#4 = PRODUCT_DEFINITION_SHAPE('','',#5);
#5 = PRODUCT_DEFINITION('design','',#6,#9);
#6 = PRODUCT_DEFINITION_FORMATION('','',#7);
#7 = PRODUCT('Open CASCADE STEP translator 7.9 10',
  'Open CASCADE STEP translator 7.9 10','',(#8));
#8 = PRODUCT_CONTEXT('',#2,'mechanical');
#9 = PRODUCT_DEFINITION_CONTEXT('part definition',#2,'design');
#10 = ADVANCED_BREP_SHAPE_REPRESENTATION('',(#11,#15),#2136);
#11 = AXIS2_PLACEMENT_3D('',#12,#13,#14);
#12 = CARTESIAN_POINT('',(0.,0.,0.));
#13 = DIRECTION('',(0.,0.,1.));
#14 = DIRECTION('',(1.,0.,-0.));
#15 = MANIFOLD_SOLID_BREP('',#16);
#16 = CLOSED_SHELL('',(#17,#180,#764,#811,#1315,#1341,#1367,#1374,#1447,
    #1494,#1541,#1588,#1796,#1826,#2103));
#17 = ADVANCED_FACE('',(#18),#32,.T.);
#18 = FACE_BOUND('',#19,.T.);
#19 = EDGE_LOOP('',(#20,#67,#108,#135));
#20 = ORIENTED_EDGE('',*,*,#21,.T.);
#21 = EDGE_CURVE('',#22,#24,#26,.T.);
#22 = VERTEX_POINT('',#23);
#23 = CARTESIAN_POINT('',(200.34112946961,14.,38.579498925933));
#24 = VERTEX_POINT('',#25);
#25 = CARTESIAN_POINT('',(222.94174701953,14.,38.579498925933));
#26 = SURFACE_CURVE('',#27,(#31,#55),.PCURVE_S1.);
#27 = LINE('',#28,#29);
#28 = CARTESIAN_POINT('',(200.34112946961,14.,38.579498925933));
#29 = VECTOR('',#30,1.);
#30 = DIRECTION('',(1.,0.,0.));
#31 = PCURVE('',#32,#49);
#32 = B_SPLINE_SURFACE_WITH_KNOTS('',7,1,(
    (#33,#34)
    ,(#35,#36)
    ,(#37,#38)
    ,(#39,#40)
    ,(#41,#42)
    ,(#43,#44)
    ,(#45,#46)
    ,(#47,#48
    )),.UNSPECIFIED.,.F.,.F.,.F.,(8,8),(2,2),(0.,22.600617549925),(0.,1.
    ),.PIECEWISE_BEZIER_KNOTS.);
#33 = CARTESIAN_POINT('',(200.34112946961,14.,38.579498925933));
#34 = CARTESIAN_POINT('',(198.28912604182,54.,42.462037550605));
#35 = CARTESIAN_POINT('',(203.5697891196,14.,38.579498925933));
#36 = CARTESIAN_POINT('',(201.7986160149,54.,44.316876909778));
#37 = CARTESIAN_POINT('',(206.79844876959,14.,38.579498925933));
#38 = CARTESIAN_POINT('',(205.60871567992,54.,45.602940081991));
#39 = CARTESIAN_POINT('',(210.02710841958,14.,38.579498925933));
#40 = CARTESIAN_POINT('',(209.60880849358,54.,46.261771755842));
#41 = CARTESIAN_POINT('',(213.25576806956,14.,38.579498925933));
#42 = CARTESIAN_POINT('',(213.67406799556,54.,46.261771755844));
#43 = CARTESIAN_POINT('',(216.48442771955,14.,38.579498925933));
#44 = CARTESIAN_POINT('',(217.67416080922,54.,45.60294008199));
#45 = CARTESIAN_POINT('',(219.71308736954,14.,38.579498925933));
#46 = CARTESIAN_POINT('',(221.48426047424,54.,44.316876909778));
#47 = CARTESIAN_POINT('',(222.94174701953,14.,38.579498925933));
#48 = CARTESIAN_POINT('',(224.99375044732,54.,42.462037550605));
#49 = DEFINITIONAL_REPRESENTATION('',(#50),#54);
#50 = LINE('',#51,#52);
#51 = CARTESIAN_POINT('',(0.,0.));
#52 = VECTOR('',#53,1.);
#53 = DIRECTION('',(1.,0.));
#54 = ( GEOMETRIC_REPRESENTATION_CONTEXT(2) 
PARAMETRIC_REPRESENTATION_CONTEXT() REPRESENTATION_CONTEXT('2D SPACE',''
  ) );
#55 = PCURVE('',#56,#61);
#56 = PLANE('',#57);
#57 = AXIS2_PLACEMENT_3D('',#58,#59,#60);
#58 = CARTESIAN_POINT('',(222.94174701953,14.,17.198498925933));
#59 = DIRECTION('',(0.,1.,0.));
#60 = DIRECTION('',(0.,0.,1.));
#61 = DEFINITIONAL_REPRESENTATION('',(#62),#66);
#62 = LINE('',#63,#64);
#63 = CARTESIAN_POINT('',(21.381,-22.60061754992));
#64 = VECTOR('',#65,1.);
#65 = DIRECTION('',(0.,1.));
#66 = ( GEOMETRIC_REPRESENTATION_CONTEXT(2) 
PARAMETRIC_REPRESENTATION_CONTEXT() REPRESENTATION_CONTEXT('2D SPACE',''
  ) );
#67 = ORIENTED_EDGE('',*,*,#68,.T.);
#68 = EDGE_CURVE('',#24,#69,#71,.T.);
#69 = VERTEX_POINT('',#70);
#70 = CARTESIAN_POINT('',(224.99375044732,54.,42.462037550605));
#71 = SURFACE_CURVE('',#72,(#75,#82),.PCURVE_S1.);
#72 = B_SPLINE_CURVE_WITH_KNOTS('',1,(#73,#74),.UNSPECIFIED.,.F.,.F.,(2,
    2),(0.,1.),.PIECEWISE_BEZIER_KNOTS.);
#73 = CARTESIAN_POINT('',(222.94174701953,14.,38.579498925933));
#74 = CARTESIAN_POINT('',(224.99375044732,54.,42.462037550605));
#75 = PCURVE('',#32,#76);
#76 = DEFINITIONAL_REPRESENTATION('',(#77),#81);
#77 = LINE('',#78,#79);
#78 = CARTESIAN_POINT('',(22.600617549925,0.));
#79 = VECTOR('',#80,1.);
#80 = DIRECTION('',(0.,1.));
#81 = ( GEOMETRIC_REPRESENTATION_CONTEXT(2) 
PARAMETRIC_REPRESENTATION_CONTEXT() REPRESENTATION_CONTEXT('2D SPACE',''
  ) );
#82 = PCURVE('',#83,#102);
#83 = B_SPLINE_SURFACE_WITH_KNOTS('',8,1,(
    (#84,#85)
    ,(#86,#87)
    ,(#88,#89)
    ,(#90,#91)
    ,(#92,#93)
    ,(#94,#95)
    ,(#96,#97)
    ,(#98,#99)
    ,(#100,#101
    )),.UNSPECIFIED.,.F.,.F.,.F.,(9,9),(2,2),(0.,1.570796326795),(0.,1.)
  ,.PIECEWISE_BEZIER_KNOTS.);
#84 = CARTESIAN_POINT('',(222.94174701953,14.,38.579498925933));
#85 = CARTESIAN_POINT('',(224.99375044732,54.,42.462037550605));
#86 = CARTESIAN_POINT('',(227.13989655243,14.,38.579498925933));
#87 = CARTESIAN_POINT('',(228.41883279328,54.000000000001,
    40.651809399956));
#88 = CARTESIAN_POINT('',(231.3380474068,14.,37.637435197153));
#89 = CARTESIAN_POINT('',(231.56343505796,53.999999999998,
    38.310892527255));
#90 = CARTESIAN_POINT('',(235.28955748285,14.,35.75331699233));
#91 = CARTESIAN_POINT('',(234.33162665622,54.000000000004,
    35.489988631143));
#92 = CARTESIAN_POINT('',(238.74783847686,14.,33.004590383263));
#93 = CARTESIAN_POINT('',(236.63847694077,53.999999999995,
    32.260605687047));
#94 = CARTESIAN_POINT('',(241.49656508593,14.,29.54630938925));
#95 = CARTESIAN_POINT('',(238.41568973301,54.000000000004,
    28.712086682403));
#96 = CARTESIAN_POINT('',(243.38068329075,14.,25.594799313196));
#97 = CARTESIAN_POINT('',(239.6161886334,53.999999999998,24.946560702441
    ));
#98 = CARTESIAN_POINT('',(244.32274701953,14.,21.396648458833));
#99 = CARTESIAN_POINT('',(240.21643824457,54.000000000001,21.07252977687
    ));
#100 = CARTESIAN_POINT('',(244.32274701953,14.,17.198498925933));
#101 = CARTESIAN_POINT('',(240.21643824457,54.,17.198498925933));
#102 = DEFINITIONAL_REPRESENTATION('',(#103),#107);
#103 = LINE('',#104,#105);
#104 = CARTESIAN_POINT('',(0.,0.));
#105 = VECTOR('',#106,1.);
#106 = DIRECTION('',(0.,1.));
#107 = ( GEOMETRIC_REPRESENTATION_CONTEXT(2) 
PARAMETRIC_REPRESENTATION_CONTEXT() REPRESENTATION_CONTEXT('2D SPACE',''
  ) );
#108 = ORIENTED_EDGE('',*,*,#109,.T.);
#109 = EDGE_CURVE('',#69,#110,#112,.T.);
#110 = VERTEX_POINT('',#111);
#111 = CARTESIAN_POINT('',(198.28912604182,54.,42.462037550605));
#112 = SURFACE_CURVE('',#113,(#118,#124),.PCURVE_S1.);
#113 = CIRCLE('',#114,28.575);
#114 = AXIS2_PLACEMENT_3D('',#115,#116,#117);
#115 = CARTESIAN_POINT('',(211.64143824457,54.,17.198498925933));
#116 = DIRECTION('',(0.,-1.,0.));
#117 = DIRECTION('',(1.,0.,0.));
#118 = PCURVE('',#32,#119);
#119 = DEFINITIONAL_REPRESENTATION('',(#120),#123);
#120 = B_SPLINE_CURVE_WITH_KNOTS('',1,(#121,#122),.UNSPECIFIED.,.F.,.F.,
  (2,2),(1.084593064129,2.05699958946),.PIECEWISE_BEZIER_KNOTS.);
#121 = CARTESIAN_POINT('',(22.600617549925,1.));
#122 = CARTESIAN_POINT('',(0.,1.));
#123 = ( GEOMETRIC_REPRESENTATION_CONTEXT(2) 
PARAMETRIC_REPRESENTATION_CONTEXT() REPRESENTATION_CONTEXT('2D SPACE',''
  ) );
#124 = PCURVE('',#125,#130);
#125 = CYLINDRICAL_SURFACE('',#126,28.575);
#126 = AXIS2_PLACEMENT_3D('',#127,#128,#129);
#127 = CARTESIAN_POINT('',(211.64143824457,54.,17.198498925933));
#128 = DIRECTION('',(0.,-1.,0.));
#129 = DIRECTION('',(1.,0.,0.));
#130 = DEFINITIONAL_REPRESENTATION('',(#131),#134);
#131 = B_SPLINE_CURVE_WITH_KNOTS('',1,(#132,#133),.UNSPECIFIED.,.F.,.F.,
  (2,2),(1.084593064129,2.05699958946),.PIECEWISE_BEZIER_KNOTS.);
#132 = CARTESIAN_POINT('',(1.084593064129,0.));
#133 = CARTESIAN_POINT('',(2.05699958946,0.));
#134 = ( GEOMETRIC_REPRESENTATION_CONTEXT(2) 
PARAMETRIC_REPRESENTATION_CONTEXT() REPRESENTATION_CONTEXT('2D SPACE',''
  ) );
#135 = ORIENTED_EDGE('',*,*,#136,.F.);
#136 = EDGE_CURVE('',#22,#110,#137,.T.);
#137 = SURFACE_CURVE('',#138,(#141,#148),.PCURVE_S1.);
#138 = B_SPLINE_CURVE_WITH_KNOTS('',1,(#139,#140),.UNSPECIFIED.,.F.,.F.,
  (2,2),(0.,1.),.PIECEWISE_BEZIER_KNOTS.);
#139 = CARTESIAN_POINT('',(200.34112946961,14.,38.579498925933));
#140 = CARTESIAN_POINT('',(198.28912604182,54.,42.462037550605));
#141 = PCURVE('',#32,#142);
#142 = DEFINITIONAL_REPRESENTATION('',(#143),#147);
#143 = LINE('',#144,#145);
#144 = CARTESIAN_POINT('',(0.,0.));
#145 = VECTOR('',#146,1.);
#146 = DIRECTION('',(0.,1.));
#147 = ( GEOMETRIC_REPRESENTATION_CONTEXT(2) 
PARAMETRIC_REPRESENTATION_CONTEXT() REPRESENTATION_CONTEXT('2D SPACE',''
  ) );
#148 = PCURVE('',#149,#174);
#149 = B_SPLINE_SURFACE_WITH_KNOTS('',11,1,(
    (#150,#151)
    ,(#152,#153)
    ,(#154,#155)
    ,(#156,#157)
    ,(#158,#159)
    ,(#160,#161)
    ,(#162,#163)
    ,(#164,#165)
    ,(#166,#167)
    ,(#168,#169)
    ,(#170,#171)
    ,(#172,#173
    )),.UNSPECIFIED.,.F.,.F.,.F.,(12,12),(2,2),(0.,3.14159265359),(0.,1.
    ),.PIECEWISE_BEZIER_KNOTS.);
#150 = CARTESIAN_POINT('',(200.34112946961,14.,-4.182501074067));
#151 = CARTESIAN_POINT('',(198.28912604182,54.,-8.06503969874));
#152 = CARTESIAN_POINT('',(194.23473014902,13.999999999999,
    -4.182501074068));
#153 = CARTESIAN_POINT('',(193.30718808407,54.000000000002,
    -5.431980570523));
#154 = CARTESIAN_POINT('',(188.12833130585,14.000000000002,
    -2.264119110105));
#155 = CARTESIAN_POINT('',(188.89640792899,53.999999999995,
    -1.718246493668));
#156 = CARTESIAN_POINT('',(182.69156992197,13.999999999996,
    1.572644366601));
#157 = CARTESIAN_POINT('',(185.31726213372,54.000000000005,2.93850226573
    ));
#158 = CARTESIAN_POINT('',(178.59410996049,14.000000000005,
    7.064824372015));
#159 = CARTESIAN_POINT('',(182.79285558754,53.999999999999,
    8.329975998458));
#160 = CARTESIAN_POINT('',(176.38750189705,13.999999999995,
    13.686474672907));
#161 = CARTESIAN_POINT('',(181.48716794409,53.999999999996,
    14.188840096117));
#162 = CARTESIAN_POINT('',(176.38750189739,14.000000000003,
    20.710523178957));
#163 = CARTESIAN_POINT('',(181.48716794411,54.000000000003,
    20.208157755748));
#164 = CARTESIAN_POINT('',(178.59410996023,13.999999999998,
    27.332173479852));
#165 = CARTESIAN_POINT('',(182.79285558755,54.000000000002,
    26.067021853407));
#166 = CARTESIAN_POINT('',(182.69156992214,14.000000000001,
    32.824353485263));
#167 = CARTESIAN_POINT('',(185.31726213369,53.999999999995,
    31.458495586136));
#168 = CARTESIAN_POINT('',(188.12833130578,14.,36.661116961971));
#169 = CARTESIAN_POINT('',(188.89640792902,54.000000000004,
    36.115244345533));
#170 = CARTESIAN_POINT('',(194.23473014903,14.,38.579498925933));
#171 = CARTESIAN_POINT('',(193.30718808406,53.999999999999,
    39.828978422388));
#172 = CARTESIAN_POINT('',(200.34112946961,14.,38.579498925933));
#173 = CARTESIAN_POINT('',(198.28912604182,54.,42.462037550605));
#174 = DEFINITIONAL_REPRESENTATION('',(#175),#179);
#175 = LINE('',#176,#177);
#176 = CARTESIAN_POINT('',(3.14159265359,0.));
#177 = VECTOR('',#178,1.);
#178 = DIRECTION('',(0.,1.));
#179 = ( GEOMETRIC_REPRESENTATION_CONTEXT(2) 
PARAMETRIC_REPRESENTATION_CONTEXT() REPRESENTATION_CONTEXT('2D SPACE',''
  ) );
#180 = ADVANCED_FACE('',(#181,#313),#56,.F.);
#181 = FACE_BOUND('',#182,.F.);
#182 = EDGE_LOOP('',(#183,#184,#208,#251,#291));
#183 = ORIENTED_EDGE('',*,*,#21,.T.);
#184 = ORIENTED_EDGE('',*,*,#185,.T.);
#185 = EDGE_CURVE('',#24,#186,#188,.T.);
#186 = VERTEX_POINT('',#187);
#187 = CARTESIAN_POINT('',(244.32274701953,14.,17.198498925933));
#188 = SURFACE_CURVE('',#189,(#194,#201),.PCURVE_S1.);
#189 = CIRCLE('',#190,21.381);
#190 = AXIS2_PLACEMENT_3D('',#191,#192,#193);
#191 = CARTESIAN_POINT('',(222.94174701953,14.,17.198498925933));
#192 = DIRECTION('',(0.,1.,0.));
#193 = DIRECTION('',(0.,0.,1.));
#194 = PCURVE('',#56,#195);
#195 = DEFINITIONAL_REPRESENTATION('',(#196),#200);
#196 = CIRCLE('',#197,21.381);
#197 = AXIS2_PLACEMENT_2D('',#198,#199);
#198 = CARTESIAN_POINT('',(0.,0.));
#199 = DIRECTION('',(1.,0.));
#200 = ( GEOMETRIC_REPRESENTATION_CONTEXT(2) 
PARAMETRIC_REPRESENTATION_CONTEXT() REPRESENTATION_CONTEXT('2D SPACE',''
  ) );
#201 = PCURVE('',#83,#202);
#202 = DEFINITIONAL_REPRESENTATION('',(#203),#207);
#203 = LINE('',#204,#205);
#204 = CARTESIAN_POINT('',(0.,0.));
#205 = VECTOR('',#206,1.);
#206 = DIRECTION('',(1.,0.));
#207 = ( GEOMETRIC_REPRESENTATION_CONTEXT(2) 
PARAMETRIC_REPRESENTATION_CONTEXT() REPRESENTATION_CONTEXT('2D SPACE',''
  ) );
#208 = ORIENTED_EDGE('',*,*,#209,.T.);
#209 = EDGE_CURVE('',#186,#210,#212,.T.);
#210 = VERTEX_POINT('',#211);
#211 = CARTESIAN_POINT('',(222.94174701953,14.,-4.182501074067));
#212 = SURFACE_CURVE('',#213,(#218,#225),.PCURVE_S1.);
#213 = CIRCLE('',#214,21.381);
#214 = AXIS2_PLACEMENT_3D('',#215,#216,#217);
#215 = CARTESIAN_POINT('',(222.94174701953,14.,17.198498925933));
#216 = DIRECTION('',(0.,1.,0.));
#217 = DIRECTION('',(0.,0.,1.));
#218 = PCURVE('',#56,#219);
#219 = DEFINITIONAL_REPRESENTATION('',(#220),#224);
#220 = CIRCLE('',#221,21.381);
#221 = AXIS2_PLACEMENT_2D('',#222,#223);
#222 = CARTESIAN_POINT('',(0.,0.));
#223 = DIRECTION('',(1.,0.));
#224 = ( GEOMETRIC_REPRESENTATION_CONTEXT(2) 
PARAMETRIC_REPRESENTATION_CONTEXT() REPRESENTATION_CONTEXT('2D SPACE',''
  ) );
#225 = PCURVE('',#226,#245);
#226 = B_SPLINE_SURFACE_WITH_KNOTS('',8,1,(
    (#227,#228)
    ,(#229,#230)
    ,(#231,#232)
    ,(#233,#234)
    ,(#235,#236)
    ,(#237,#238)
    ,(#239,#240)
    ,(#241,#242)
    ,(#243,#244
    )),.UNSPECIFIED.,.F.,.F.,.F.,(9,9),(2,2),(1.570796326795,
    3.14159265359),(0.,1.),.PIECEWISE_BEZIER_KNOTS.);
#227 = CARTESIAN_POINT('',(244.32274701953,14.,17.198498925933));
#228 = CARTESIAN_POINT('',(240.21643824457,54.,17.198498925933));
#229 = CARTESIAN_POINT('',(244.32274701953,14.,13.000349393032));
#230 = CARTESIAN_POINT('',(240.21643824457,54.,13.324468074996));
#231 = CARTESIAN_POINT('',(243.38068329076,14.,8.802198538669));
#232 = CARTESIAN_POINT('',(239.61618863341,54.,9.450437149423));
#233 = CARTESIAN_POINT('',(241.49656508592,13.999999999999,
    4.850688462614));
#234 = CARTESIAN_POINT('',(238.41568973299,54.,5.684911169465));
#235 = CARTESIAN_POINT('',(238.74783847687,14.,1.392407468603));
#236 = CARTESIAN_POINT('',(236.63847694079,54.,2.136392164816));
#237 = CARTESIAN_POINT('',(235.28955748284,14.,-1.356319140465));
#238 = CARTESIAN_POINT('',(234.33162665621,54.,-1.092990779275));
#239 = CARTESIAN_POINT('',(231.3380474068,14.,-3.240437345288));
#240 = CARTESIAN_POINT('',(231.56343505797,54.,-3.913894675391));
#241 = CARTESIAN_POINT('',(227.13989655243,14.,-4.182501074067));
#242 = CARTESIAN_POINT('',(228.41883279328,54.,-6.254811548091));
#243 = CARTESIAN_POINT('',(222.94174701953,14.,-4.182501074067));
#244 = CARTESIAN_POINT('',(224.99375044732,54.,-8.06503969874));
#245 = DEFINITIONAL_REPRESENTATION('',(#246),#250);
#246 = LINE('',#247,#248);
#247 = CARTESIAN_POINT('',(0.,0.));
#248 = VECTOR('',#249,1.);
#249 = DIRECTION('',(1.,0.));
#250 = ( GEOMETRIC_REPRESENTATION_CONTEXT(2) 
PARAMETRIC_REPRESENTATION_CONTEXT() REPRESENTATION_CONTEXT('2D SPACE',''
  ) );
#251 = ORIENTED_EDGE('',*,*,#252,.T.);
#252 = EDGE_CURVE('',#210,#253,#255,.T.);
#253 = VERTEX_POINT('',#254);
#254 = CARTESIAN_POINT('',(200.34112946961,14.,-4.182501074067));
#255 = SURFACE_CURVE('',#256,(#260,#267),.PCURVE_S1.);
#256 = LINE('',#257,#258);
#257 = CARTESIAN_POINT('',(222.94174701953,14.,-4.182501074067));
#258 = VECTOR('',#259,1.);
#259 = DIRECTION('',(-1.,0.,0.));
#260 = PCURVE('',#56,#261);
#261 = DEFINITIONAL_REPRESENTATION('',(#262),#266);
#262 = LINE('',#263,#264);
#263 = CARTESIAN_POINT('',(-21.381,0.));
#264 = VECTOR('',#265,1.);
#265 = DIRECTION('',(0.,-1.));
#266 = ( GEOMETRIC_REPRESENTATION_CONTEXT(2) 
PARAMETRIC_REPRESENTATION_CONTEXT() REPRESENTATION_CONTEXT('2D SPACE',''
  ) );
#267 = PCURVE('',#268,#285);
#268 = B_SPLINE_SURFACE_WITH_KNOTS('',7,1,(
    (#269,#270)
    ,(#271,#272)
    ,(#273,#274)
    ,(#275,#276)
    ,(#277,#278)
    ,(#279,#280)
    ,(#281,#282)
    ,(#283,#284
    )),.UNSPECIFIED.,.F.,.F.,.F.,(8,8),(2,2),(0.,22.600617549925),(0.,1.
    ),.PIECEWISE_BEZIER_KNOTS.);
#269 = CARTESIAN_POINT('',(222.94174701953,14.,-4.182501074067));
#270 = CARTESIAN_POINT('',(224.99375044732,54.,-8.06503969874));
#271 = CARTESIAN_POINT('',(219.71308736954,14.,-4.182501074067));
#272 = CARTESIAN_POINT('',(221.48426047424,54.,-9.919879057913));
#273 = CARTESIAN_POINT('',(216.48442771955,14.,-4.182501074067));
#274 = CARTESIAN_POINT('',(217.67416080922,54.,-11.20594223012));
#275 = CARTESIAN_POINT('',(213.25576806956,14.,-4.182501074067));
#276 = CARTESIAN_POINT('',(213.67406799556,54.,-11.86477390397));
#277 = CARTESIAN_POINT('',(210.02710841958,14.,-4.182501074067));
#278 = CARTESIAN_POINT('',(209.60880849358,54.,-11.86477390397));
#279 = CARTESIAN_POINT('',(206.79844876959,14.,-4.182501074067));
#280 = CARTESIAN_POINT('',(205.60871567992,54.,-11.20594223012));
#281 = CARTESIAN_POINT('',(203.5697891196,14.,-4.182501074067));
#282 = CARTESIAN_POINT('',(201.7986160149,54.,-9.919879057913));
#283 = CARTESIAN_POINT('',(200.34112946961,14.,-4.182501074067));
#284 = CARTESIAN_POINT('',(198.28912604182,54.,-8.06503969874));
#285 = DEFINITIONAL_REPRESENTATION('',(#286),#290);
#286 = LINE('',#287,#288);
#287 = CARTESIAN_POINT('',(0.,0.));
#288 = VECTOR('',#289,1.);
#289 = DIRECTION('',(1.,0.));
#290 = ( GEOMETRIC_REPRESENTATION_CONTEXT(2) 
PARAMETRIC_REPRESENTATION_CONTEXT() REPRESENTATION_CONTEXT('2D SPACE',''
  ) );
#291 = ORIENTED_EDGE('',*,*,#292,.T.);
#292 = EDGE_CURVE('',#253,#22,#293,.T.);
#293 = SURFACE_CURVE('',#294,(#299,#306),.PCURVE_S1.);
#294 = CIRCLE('',#295,21.381);
#295 = AXIS2_PLACEMENT_3D('',#296,#297,#298);
#296 = CARTESIAN_POINT('',(200.34112946961,14.,17.198498925933));
#297 = DIRECTION('',(0.,1.,0.));
#298 = DIRECTION('',(0.,0.,-1.));
#299 = PCURVE('',#56,#300);
#300 = DEFINITIONAL_REPRESENTATION('',(#301),#305);
#301 = CIRCLE('',#302,21.381);
#302 = AXIS2_PLACEMENT_2D('',#303,#304);
#303 = CARTESIAN_POINT('',(0.,-22.60061754992));
#304 = DIRECTION('',(-1.,0.));
#305 = ( GEOMETRIC_REPRESENTATION_CONTEXT(2) 
PARAMETRIC_REPRESENTATION_CONTEXT() REPRESENTATION_CONTEXT('2D SPACE',''
  ) );
#306 = PCURVE('',#149,#307);
#307 = DEFINITIONAL_REPRESENTATION('',(#308),#312);
#308 = LINE('',#309,#310);
#309 = CARTESIAN_POINT('',(0.,0.));
#310 = VECTOR('',#311,1.);
#311 = DIRECTION('',(1.,0.));
#312 = ( GEOMETRIC_REPRESENTATION_CONTEXT(2) 
PARAMETRIC_REPRESENTATION_CONTEXT() REPRESENTATION_CONTEXT('2D SPACE',''
  ) );
#313 = FACE_BOUND('',#314,.F.);
#314 = EDGE_LOOP('',(#315,#416,#477,#606,#667));
#315 = ORIENTED_EDGE('',*,*,#316,.T.);
#316 = EDGE_CURVE('',#317,#319,#321,.T.);
#317 = VERTEX_POINT('',#318);
#318 = CARTESIAN_POINT('',(242.57259314697,14.,17.198498925933));
#319 = VERTEX_POINT('',#320);
#320 = CARTESIAN_POINT('',(222.99250179151,14.,37.018119726111));
#321 = SURFACE_CURVE('',#322,(#345,#371),.PCURVE_S1.);
#322 = B_SPLINE_CURVE_WITH_KNOTS('',6,(#323,#324,#325,#326,#327,#328,
    #329,#330,#331,#332,#333,#334,#335,#336,#337,#338,#339,#340,#341,
    #342,#343,#344),.UNSPECIFIED.,.F.,.F.,(7,5,5,5,7),(0.,0.351288435075
    ,0.497356526044,0.704341894582,1.),.UNSPECIFIED.);
#323 = CARTESIAN_POINT('',(242.57259314697,14.,17.198498925933));
#324 = CARTESIAN_POINT('',(242.57259314697,14.,19.007429114217));
#325 = CARTESIAN_POINT('',(242.37463047345,14.,20.816748931152));
#326 = CARTESIAN_POINT('',(241.97855513535,14.,22.598502204205));
#327 = CARTESIAN_POINT('',(241.38972061941,14.,24.326162419639));
#328 = CARTESIAN_POINT('',(240.61731265708,14.,25.974265369228));
#329 = CARTESIAN_POINT('',(239.28456641748,14.,28.161270594799));
#330 = CARTESIAN_POINT('',(238.86390967214,14.,28.785754423894));
#331 = CARTESIAN_POINT('',(238.41502613199,14.,29.390748054973));
#332 = CARTESIAN_POINT('',(237.93905006601,14.,29.974666567164));
#333 = CARTESIAN_POINT('',(237.43723283854,14.,30.536014987167));
#334 = CARTESIAN_POINT('',(236.16516527748,14.,31.834871582666));
#335 = CARTESIAN_POINT('',(235.37021958554,14.,32.548240100509));
#336 = CARTESIAN_POINT('',(234.53001824068,14.,33.209470053294));
#337 = CARTESIAN_POINT('',(233.64885229684,14.,33.815038663364));
#338 = CARTESIAN_POINT('',(232.73134556203,14.,34.361866642113));
#339 = CARTESIAN_POINT('',(230.42716255148,14.,35.540892023724));
#340 = CARTESIAN_POINT('',(229.007680131,14.,36.109406506005));
#341 = CARTESIAN_POINT('',(227.53875940795,14.,36.54527348293));
#342 = CARTESIAN_POINT('',(226.03583022876,14.,36.843505508754));
#343 = CARTESIAN_POINT('',(224.5148652188,14.,37.001190372678));
#344 = CARTESIAN_POINT('',(222.99250179151,14.,37.018119726111));
#345 = PCURVE('',#56,#346);
#346 = DEFINITIONAL_REPRESENTATION('',(#347),#370);
#347 = B_SPLINE_CURVE_WITH_KNOTS('',6,(#348,#349,#350,#351,#352,#353,
    #354,#355,#356,#357,#358,#359,#360,#361,#362,#363,#364,#365,#366,
    #367,#368,#369),.UNSPECIFIED.,.F.,.F.,(7,5,5,5,7),(0.,0.351288435075
    ,0.497356526044,0.704341894582,1.),.UNSPECIFIED.);
#348 = CARTESIAN_POINT('',(-3.552713678801E-15,19.63084612744));
#349 = CARTESIAN_POINT('',(1.808930188284,19.630846127441));
#350 = CARTESIAN_POINT('',(3.61825000522,19.432883453919));
#351 = CARTESIAN_POINT('',(5.400003278272,19.036808115814));
#352 = CARTESIAN_POINT('',(7.127663493706,18.447973599876));
#353 = CARTESIAN_POINT('',(8.775766443296,17.675565637549));
#354 = CARTESIAN_POINT('',(10.962771668866,16.34281939795));
#355 = CARTESIAN_POINT('',(11.587255497962,15.922162652612));
#356 = CARTESIAN_POINT('',(12.19224912904,15.473279112459));
#357 = CARTESIAN_POINT('',(12.776167641231,14.997303046477));
#358 = CARTESIAN_POINT('',(13.337516061235,14.495485819009));
#359 = CARTESIAN_POINT('',(14.636372656734,13.223418257952));
#360 = CARTESIAN_POINT('',(15.349741174577,12.428472566011));
#361 = CARTESIAN_POINT('',(16.010971127361,11.58827122115));
#362 = CARTESIAN_POINT('',(16.616539737431,10.707105277307));
#363 = CARTESIAN_POINT('',(17.163367716181,9.789598542499));
#364 = CARTESIAN_POINT('',(18.342393097792,7.485415531947));
#365 = CARTESIAN_POINT('',(18.910907580072,6.065933111472));
#366 = CARTESIAN_POINT('',(19.346774556997,4.59701238842));
#367 = CARTESIAN_POINT('',(19.645006582822,3.094083209224));
#368 = CARTESIAN_POINT('',(19.802691446745,1.573118199266));
#369 = CARTESIAN_POINT('',(19.819620800178,5.075477197812E-02));
#370 = ( GEOMETRIC_REPRESENTATION_CONTEXT(2) 
PARAMETRIC_REPRESENTATION_CONTEXT() REPRESENTATION_CONTEXT('2D SPACE',''
  ) );
#371 = PCURVE('',#372,#391);
#372 = B_SPLINE_SURFACE_WITH_KNOTS('',8,1,(
    (#373,#374)
    ,(#375,#376)
    ,(#377,#378)
    ,(#379,#380)
    ,(#381,#382)
    ,(#383,#384)
    ,(#385,#386)
    ,(#387,#388)
    ,(#389,#390
    )),.UNSPECIFIED.,.F.,.F.,.F.,(9,9),(2,2),(0.,1.570796326795),(0.,1.)
  ,.PIECEWISE_BEZIER_KNOTS.);
#373 = CARTESIAN_POINT('',(222.94174701953,13.,36.929498925933));
#374 = CARTESIAN_POINT('',(225.02269267063,54.,40.562951733242));
#375 = CARTESIAN_POINT('',(226.81591981003,13.,36.929498925933));
#376 = CARTESIAN_POINT('',(228.09125824138,54.,38.805527454407));
#377 = CARTESIAN_POINT('',(230.69009382001,13.,36.060135498939));
#378 = CARTESIAN_POINT('',(230.89603872876,54.000000000001,
    36.58752024867));
#379 = CARTESIAN_POINT('',(234.3366606462,13.,34.321417183642));
#380 = CARTESIAN_POINT('',(233.35638715891,54.,33.955126734256));
#381 = CARTESIAN_POINT('',(237.52806152982,13.,31.784813436226));
#382 = CARTESIAN_POINT('',(235.40133726581,54.,30.971474045874));
#383 = CARTESIAN_POINT('',(240.06466527725,13.,28.593412552598));
#384 = CARTESIAN_POINT('',(236.97412890043,54.,27.714123776308));
#385 = CARTESIAN_POINT('',(241.80338359254,13.,24.946845726414));
#386 = CARTESIAN_POINT('',(238.03566597442,54.,24.270876899734));
#387 = CARTESIAN_POINT('',(242.67274701953,13.,21.072671716431));
#388 = CARTESIAN_POINT('',(238.56643824457,54.,20.734688224858));
#389 = CARTESIAN_POINT('',(242.67274701953,13.,17.198498925933));
#390 = CARTESIAN_POINT('',(238.56643824457,54.,17.198498925933));
#391 = DEFINITIONAL_REPRESENTATION('',(#392),#415);
#392 = B_SPLINE_CURVE_WITH_KNOTS('',6,(#393,#394,#395,#396,#397,#398,
    #399,#400,#401,#402,#403,#404,#405,#406,#407,#408,#409,#410,#411,
    #412,#413,#414),.UNSPECIFIED.,.F.,.F.,(7,5,5,5,7),(0.,0.351288435075
    ,0.497356526044,0.704341894582,1.),.UNSPECIFIED.);
#393 = CARTESIAN_POINT('',(1.570796326795,2.439024390244E-02));
#394 = CARTESIAN_POINT('',(1.47892123411,2.439024390244E-02));
#395 = CARTESIAN_POINT('',(1.387026714607,2.439024390244E-02));
#396 = CARTESIAN_POINT('',(1.295151463731,2.439024390244E-02));
#397 = CARTESIAN_POINT('',(1.203269640322,2.439024390244E-02));
#398 = CARTESIAN_POINT('',(1.111355186875,2.439024390244E-02));
#399 = CARTESIAN_POINT('',(0.981230698153,2.439024390244E-02));
#400 = CARTESIAN_POINT('',(0.943012200147,2.439024390244E-02));
#401 = CARTESIAN_POINT('',(0.904791129394,2.439024390244E-02));
#402 = CARTESIAN_POINT('',(0.866567293117,2.439024390244E-02));
#403 = CARTESIAN_POINT('',(0.828340498438,2.439024390244E-02));
#404 = CARTESIAN_POINT('',(0.735936917178,2.439024390244E-02));
#405 = CARTESIAN_POINT('',(0.681755356486,2.439024390244E-02));
#406 = CARTESIAN_POINT('',(0.627568297025,2.439024390244E-02));
#407 = CARTESIAN_POINT('',(0.573373429184,2.439024390244E-02));
#408 = CARTESIAN_POINT('',(0.51916842366,2.439024390244E-02));
#409 = CARTESIAN_POINT('',(0.387518222749,2.439024390244E-02));
#410 = CARTESIAN_POINT('',(0.31005365396,2.439024390244E-02));
#411 = CARTESIAN_POINT('',(0.232578357815,2.439024390244E-02));
#412 = CARTESIAN_POINT('',(0.155080789233,2.439024390244E-02));
#413 = CARTESIAN_POINT('',(7.75492311977E-02,2.439024390244E-02));
#414 = CARTESIAN_POINT('',(0.,2.439024390244E-02));
#415 = ( GEOMETRIC_REPRESENTATION_CONTEXT(2) 
PARAMETRIC_REPRESENTATION_CONTEXT() REPRESENTATION_CONTEXT('2D SPACE',''
  ) );
#416 = ORIENTED_EDGE('',*,*,#417,.T.);
#417 = EDGE_CURVE('',#319,#418,#420,.T.);
#418 = VERTEX_POINT('',#419);
#419 = CARTESIAN_POINT('',(200.29037469763,14.,37.018119726111));
#420 = SURFACE_CURVE('',#421,(#432,#446),.PCURVE_S1.);
#421 = B_SPLINE_CURVE_WITH_KNOTS('',5,(#422,#423,#424,#425,#426,#427,
    #428,#429,#430,#431),.UNSPECIFIED.,.F.,.F.,(6,4,6),(0.,0.5,1.),
  .UNSPECIFIED.);
#422 = CARTESIAN_POINT('',(222.99250179151,14.,37.018119726111));
#423 = CARTESIAN_POINT('',(220.7253624214,14.,37.052113930414));
#424 = CARTESIAN_POINT('',(218.45595538758,14.,37.078348058712));
#425 = CARTESIAN_POINT('',(216.18497503458,14.,37.096091488673));
#426 = CARTESIAN_POINT('',(213.91320638255,14.,37.104962339235));
#427 = CARTESIAN_POINT('',(209.36967010659,14.,37.104962339235));
#428 = CARTESIAN_POINT('',(207.09790145456,14.,37.096091488673));
#429 = CARTESIAN_POINT('',(204.82692110156,14.,37.078348058712));
#430 = CARTESIAN_POINT('',(202.55751406774,14.,37.052113930414));
#431 = CARTESIAN_POINT('',(200.29037469763,14.,37.018119726111));
#432 = PCURVE('',#56,#433);
#433 = DEFINITIONAL_REPRESENTATION('',(#434),#445);
#434 = B_SPLINE_CURVE_WITH_KNOTS('',5,(#435,#436,#437,#438,#439,#440,
    #441,#442,#443,#444),.UNSPECIFIED.,.F.,.F.,(6,4,6),(0.,0.5,1.),
  .UNSPECIFIED.);
#435 = CARTESIAN_POINT('',(19.819620800178,5.075477197803E-02));
#436 = CARTESIAN_POINT('',(19.853615004482,-2.216384598129));
#437 = CARTESIAN_POINT('',(19.87984913278,-4.485791631956));
#438 = CARTESIAN_POINT('',(19.897592562741,-6.756771984956));
#439 = CARTESIAN_POINT('',(19.906463413303,-9.028540636984));
#440 = CARTESIAN_POINT('',(19.906463413303,-13.57207691294));
#441 = CARTESIAN_POINT('',(19.89759256274,-15.84384556497));
#442 = CARTESIAN_POINT('',(19.87984913278,-18.11482591796));
#443 = CARTESIAN_POINT('',(19.853615004482,-20.38423295179));
#444 = CARTESIAN_POINT('',(19.819620800178,-22.6513723219));
#445 = ( GEOMETRIC_REPRESENTATION_CONTEXT(2) 
PARAMETRIC_REPRESENTATION_CONTEXT() REPRESENTATION_CONTEXT('2D SPACE',''
  ) );
#446 = PCURVE('',#447,#464);
#447 = B_SPLINE_SURFACE_WITH_KNOTS('',7,1,(
    (#448,#449)
    ,(#450,#451)
    ,(#452,#453)
    ,(#454,#455)
    ,(#456,#457)
    ,(#458,#459)
    ,(#460,#461)
    ,(#462,#463
    )),.UNSPECIFIED.,.F.,.F.,.F.,(8,8),(2,2),(0.,22.600617549925),(0.,1.
    ),.PIECEWISE_BEZIER_KNOTS.);
#448 = CARTESIAN_POINT('',(200.34112946961,13.,36.929498925933));
#449 = CARTESIAN_POINT('',(198.26018381851,54.,40.562951733242));
#450 = CARTESIAN_POINT('',(203.5697891196,13.,36.929498925933));
#451 = CARTESIAN_POINT('',(201.73226155602,54.,42.551474896009));
#452 = CARTESIAN_POINT('',(206.79844876959,13.,36.929498925933));
#453 = CARTESIAN_POINT('',(205.54909491956,54.,43.938033041532));
#454 = CARTESIAN_POINT('',(210.02710841958,13.,36.929498925933));
#455 = CARTESIAN_POINT('',(209.58544641733,54.,44.650913082517));
#456 = CARTESIAN_POINT('',(213.25576806956,13.,36.929498925933));
#457 = CARTESIAN_POINT('',(213.69743007181,54.,44.650913082518));
#458 = CARTESIAN_POINT('',(216.48442771955,13.,36.929498925933));
#459 = CARTESIAN_POINT('',(217.73378156958,54.,43.938033041531));
#460 = CARTESIAN_POINT('',(219.71308736954,13.,36.929498925933));
#461 = CARTESIAN_POINT('',(221.55061493312,54.,42.551474896009));
#462 = CARTESIAN_POINT('',(222.94174701953,13.,36.929498925933));
#463 = CARTESIAN_POINT('',(225.02269267063,54.,40.562951733242));
#464 = DEFINITIONAL_REPRESENTATION('',(#465),#476);
#465 = B_SPLINE_CURVE_WITH_KNOTS('',5,(#466,#467,#468,#469,#470,#471,
    #472,#473,#474,#475),.UNSPECIFIED.,.F.,.F.,(6,4,6),(0.,0.5,1.),
  .UNSPECIFIED.);
#466 = CARTESIAN_POINT('',(22.600617549925,2.439024390244E-02));
#467 = CARTESIAN_POINT('',(20.337639461091,2.439024390244E-02));
#468 = CARTESIAN_POINT('',(18.076815667904,2.439024390244E-02));
#469 = CARTESIAN_POINT('',(15.81748354927,2.439024390244E-02));
#470 = CARTESIAN_POINT('',(13.558895919079,2.439024390244E-02));
#471 = CARTESIAN_POINT('',(9.041721630845,2.439024390244E-02));
#472 = CARTESIAN_POINT('',(6.783134000655,2.439024390244E-02));
#473 = CARTESIAN_POINT('',(4.52380188202,2.439024390244E-02));
#474 = CARTESIAN_POINT('',(2.262978088834,2.439024390244E-02));
#475 = CARTESIAN_POINT('',(0.,2.439024390244E-02));
#476 = ( GEOMETRIC_REPRESENTATION_CONTEXT(2) 
PARAMETRIC_REPRESENTATION_CONTEXT() REPRESENTATION_CONTEXT('2D SPACE',''
  ) );
#477 = ORIENTED_EDGE('',*,*,#478,.T.);
#478 = EDGE_CURVE('',#418,#479,#481,.T.);
#479 = VERTEX_POINT('',#480);
#480 = CARTESIAN_POINT('',(200.29037469763,14.,-2.621121874246));
#481 = SURFACE_CURVE('',#482,(#513,#547),.PCURVE_S1.);
#482 = B_SPLINE_CURVE_WITH_KNOTS('',8,(#483,#484,#485,#486,#487,#488,
    #489,#490,#491,#492,#493,#494,#495,#496,#497,#498,#499,#500,#501,
    #502,#503,#504,#505,#506,#507,#508,#509,#510,#511,#512),
  .UNSPECIFIED.,.F.,.F.,(9,7,7,7,9),(0.,0.250817267704,0.499999990634,
    0.750182047306,1.),.UNSPECIFIED.);
#483 = CARTESIAN_POINT('',(200.29037469763,14.,37.018119726111));
#484 = CARTESIAN_POINT('',(198.35354117349,14.,36.996581282213));
#485 = CARTESIAN_POINT('',(196.41790303836,14.,36.758050383267));
#486 = CARTESIAN_POINT('',(194.51373202104,14.,36.302525246056));
#487 = CARTESIAN_POINT('',(192.66916314303,14.,35.635595837098));
#488 = CARTESIAN_POINT('',(190.9108272894,14.,34.766449273729));
#489 = CARTESIAN_POINT('',(189.2636707812,14.,33.708117995979));
#490 = CARTESIAN_POINT('',(187.75101399321,14.,32.477159689525));
#491 = CARTESIAN_POINT('',(185.0449823068,14.,29.722746816004));
#492 = CARTESIAN_POINT('',(183.8479071723,14.,28.199536816019));
#493 = CARTESIAN_POINT('',(182.82329027785,14.,26.54658475045));
#494 = CARTESIAN_POINT('',(181.98684582871,14.,24.787050595157));
#495 = CARTESIAN_POINT('',(181.35080612327,14.,22.945575421057));
#496 = CARTESIAN_POINT('',(180.92363854885,14.,21.048325029663));
#497 = CARTESIAN_POINT('',(180.71028334889,14.,19.122819667039));
#498 = CARTESIAN_POINT('',(180.71028334889,14.,15.266460801285));
#499 = CARTESIAN_POINT('',(180.92535328728,14.,13.333214194739));
#500 = CARTESIAN_POINT('',(181.35596137789,14.,11.428570226));
#501 = CARTESIAN_POINT('',(181.99708177701,14.,9.580379126866));
#502 = CARTESIAN_POINT('',(182.84011244019,14.,7.815112023683));
#503 = CARTESIAN_POINT('',(183.87262651301,14.,6.157684150169));
#504 = CARTESIAN_POINT('',(185.07866736055,14.,4.631502358613));
#505 = CARTESIAN_POINT('',(187.79327743408,14.,1.885543041643));
#506 = CARTESIAN_POINT('',(189.30310124576,14.,0.663605757879));
#507 = CARTESIAN_POINT('',(190.94590062933,14.,-0.386751491088));
#508 = CARTESIAN_POINT('',(192.69859849017,14.,-1.249219677035));
#509 = CARTESIAN_POINT('',(194.53652068771,14.,-1.910967727231));
#510 = CARTESIAN_POINT('',(196.43334165939,14.,-2.362950019817));
#511 = CARTESIAN_POINT('',(198.36125813537,14.,-2.599669246371));
#512 = CARTESIAN_POINT('',(200.29037469763,14.,-2.621121874246));
#513 = PCURVE('',#56,#514);
#514 = DEFINITIONAL_REPRESENTATION('',(#515),#546);
#515 = B_SPLINE_CURVE_WITH_KNOTS('',8,(#516,#517,#518,#519,#520,#521,
    #522,#523,#524,#525,#526,#527,#528,#529,#530,#531,#532,#533,#534,
    #535,#536,#537,#538,#539,#540,#541,#542,#543,#544,#545),
  .UNSPECIFIED.,.F.,.F.,(9,7,7,7,9),(0.,0.250817267704,0.499999990634,
    0.750182047306,1.),.UNSPECIFIED.);
#516 = CARTESIAN_POINT('',(19.819620800178,-22.6513723219));
#517 = CARTESIAN_POINT('',(19.79808235628,-24.58820584604));
#518 = CARTESIAN_POINT('',(19.559551457334,-26.52384398117));
#519 = CARTESIAN_POINT('',(19.104026320123,-28.42801499848));
#520 = CARTESIAN_POINT('',(18.437096911165,-30.2725838765));
#521 = CARTESIAN_POINT('',(17.567950347797,-32.03091973013));
#522 = CARTESIAN_POINT('',(16.509619070046,-33.67807623833));
#523 = CARTESIAN_POINT('',(15.278660763592,-35.19073302632));
#524 = CARTESIAN_POINT('',(12.524247890071,-37.89676471272));
#525 = CARTESIAN_POINT('',(11.001037890086,-39.09383984723));
#526 = CARTESIAN_POINT('',(9.348085824517,-40.11845674168));
#527 = CARTESIAN_POINT('',(7.588551669224,-40.95490119082));
#528 = CARTESIAN_POINT('',(5.747076495124,-41.59094089626));
#529 = CARTESIAN_POINT('',(3.849826103731,-42.01810847068));
#530 = CARTESIAN_POINT('',(1.924320741106,-42.23146367064));
#531 = CARTESIAN_POINT('',(-1.932038124647,-42.23146367064));
#532 = CARTESIAN_POINT('',(-3.865284731194,-42.01639373225));
#533 = CARTESIAN_POINT('',(-5.769928699933,-41.58578564163));
#534 = CARTESIAN_POINT('',(-7.618119799067,-40.94466524252));
#535 = CARTESIAN_POINT('',(-9.38338690225,-40.10163457934));
#536 = CARTESIAN_POINT('',(-11.04081477576,-39.06912050652));
#537 = CARTESIAN_POINT('',(-12.56699656732,-37.86307965897));
#538 = CARTESIAN_POINT('',(-15.31295588429,-35.14846958545));
#539 = CARTESIAN_POINT('',(-16.53489316805,-33.63864577377));
#540 = CARTESIAN_POINT('',(-17.58525041702,-31.9958463902));
#541 = CARTESIAN_POINT('',(-18.44771860296,-30.24314852936));
#542 = CARTESIAN_POINT('',(-19.10946665316,-28.40522633182));
#543 = CARTESIAN_POINT('',(-19.56144894575,-26.50840536014));
#544 = CARTESIAN_POINT('',(-19.7981681723,-24.58048888416));
#545 = CARTESIAN_POINT('',(-19.81962080017,-22.6513723219));
#546 = ( GEOMETRIC_REPRESENTATION_CONTEXT(2) 
PARAMETRIC_REPRESENTATION_CONTEXT() REPRESENTATION_CONTEXT('2D SPACE',''
  ) );
#547 = PCURVE('',#548,#573);
#548 = B_SPLINE_SURFACE_WITH_KNOTS('',11,1,(
    (#549,#550)
    ,(#551,#552)
    ,(#553,#554)
    ,(#555,#556)
    ,(#557,#558)
    ,(#559,#560)
    ,(#561,#562)
    ,(#563,#564)
    ,(#565,#566)
    ,(#567,#568)
    ,(#569,#570)
    ,(#571,#572
    )),.UNSPECIFIED.,.F.,.F.,.F.,(12,12),(2,2),(0.,3.14159265359),(0.,1.
    ),.PIECEWISE_BEZIER_KNOTS.);
#549 = CARTESIAN_POINT('',(200.34112946961,13.,-2.532501074067));
#550 = CARTESIAN_POINT('',(198.26018381851,54.,-6.165953881377));
#551 = CARTESIAN_POINT('',(194.70596904705,13.,-2.532501074068));
#552 = CARTESIAN_POINT('',(193.7968157156,54.000000000001,
    -3.609700384889));
#553 = CARTESIAN_POINT('',(189.07080906509,13.000000000001,
    -0.762163179164));
#554 = CARTESIAN_POINT('',(189.87060646093,53.999999999999,
    -0.115534129113));
#555 = CARTESIAN_POINT('',(184.05360973553,12.999999999997,
    2.778512194248));
#556 = CARTESIAN_POINT('',(186.70055168233,54.000000000001,
    4.191127232102));
#557 = CARTESIAN_POINT('',(180.27235616926,13.000000000004,
    7.846853417143));
#558 = CARTESIAN_POINT('',(184.47267245812,54.,9.127341438358));
#559 = CARTESIAN_POINT('',(178.23603496358,12.999999999997,
    13.957502221553));
#560 = CARTESIAN_POINT('',(183.32283841827,53.999999999999,
    14.462542822397));
#561 = CARTESIAN_POINT('',(178.23603496382,13.000000000002,
    20.439495630311));
#562 = CARTESIAN_POINT('',(183.32283841827,54.,19.934455029468));
#563 = CARTESIAN_POINT('',(180.27235616907,12.999999999999,
    26.550144434724));
#564 = CARTESIAN_POINT('',(184.47267245813,54.,25.269656413507));
#565 = CARTESIAN_POINT('',(184.05360973566,13.000000000001,
    31.618485657615));
#566 = CARTESIAN_POINT('',(186.70055168233,53.999999999999,
    30.205870619763));
#567 = CARTESIAN_POINT('',(189.07080906503,13.,35.15916103103));
#568 = CARTESIAN_POINT('',(189.87060646094,54.000000000001,
    34.512531980979));
#569 = CARTESIAN_POINT('',(194.70596904707,13.,36.929498925933));
#570 = CARTESIAN_POINT('',(193.7968157156,54.,38.006698236755));
#571 = CARTESIAN_POINT('',(200.34112946961,13.,36.929498925933));
#572 = CARTESIAN_POINT('',(198.26018381851,54.,40.562951733242));
#573 = DEFINITIONAL_REPRESENTATION('',(#574),#605);
#574 = B_SPLINE_CURVE_WITH_KNOTS('',8,(#575,#576,#577,#578,#579,#580,
    #581,#582,#583,#584,#585,#586,#587,#588,#589,#590,#591,#592,#593,
    #594,#595,#596,#597,#598,#599,#600,#601,#602,#603,#604),
  .UNSPECIFIED.,.F.,.F.,(9,7,7,7,9),(0.,0.250817267704,0.499999990634,
    0.750182047306,1.),.UNSPECIFIED.);
#575 = CARTESIAN_POINT('',(3.14159265359,2.439024390244E-02));
#576 = CARTESIAN_POINT('',(3.042930305255,2.439024390244E-02));
#577 = CARTESIAN_POINT('',(2.944246176629,2.439024390244E-02));
#578 = CARTESIAN_POINT('',(2.845633853619,2.439024390244E-02));
#579 = CARTESIAN_POINT('',(2.74707970755,2.439024390244E-02));
#580 = CARTESIAN_POINT('',(2.648555656323,2.439024390244E-02));
#581 = CARTESIAN_POINT('',(2.550033735577,2.439024390244E-02));
#582 = CARTESIAN_POINT('',(2.45150153278,2.439024390244E-02));
#583 = CARTESIAN_POINT('',(2.255245839744,2.439024390244E-02));
#584 = CARTESIAN_POINT('',(2.157399300137,2.439024390244E-02));
#585 = CARTESIAN_POINT('',(2.059602742547,2.439024390244E-02));
#586 = CARTESIAN_POINT('',(1.96184349854,2.439024390244E-02));
#587 = CARTESIAN_POINT('',(1.864094298902,2.439024390244E-02));
#588 = CARTESIAN_POINT('',(1.766327917486,2.439024390244E-02));
#589 = CARTESIAN_POINT('',(1.668532075591,2.439024390244E-02));
#590 = CARTESIAN_POINT('',(1.4726686141,2.439024390244E-02));
#591 = CARTESIAN_POINT('',(1.374479599062,2.439024390244E-02));
#592 = CARTESIAN_POINT('',(1.276320711133,2.439024390244E-02));
#593 = CARTESIAN_POINT('',(1.178179335565,2.439024390244E-02));
#594 = CARTESIAN_POINT('',(1.080027795784,2.439024390244E-02));
#595 = CARTESIAN_POINT('',(0.981838371972,2.439024390244E-02));
#596 = CARTESIAN_POINT('',(0.883598048797,2.439024390244E-02));
#597 = CARTESIAN_POINT('',(0.687341193798,2.439024390244E-02));
#598 = CARTESIAN_POINT('',(0.589201977473,2.439024390244E-02));
#599 = CARTESIAN_POINT('',(0.491072449172,2.439024390244E-02));
#600 = CARTESIAN_POINT('',(0.39294053249,2.439024390244E-02));
#601 = CARTESIAN_POINT('',(0.294778717865,2.439024390244E-02));
#602 = CARTESIAN_POINT('',(0.196559377805,2.439024390244E-02));
#603 = CARTESIAN_POINT('',(9.826924610287E-02,2.439024390244E-02));
#604 = CARTESIAN_POINT('',(0.,2.439024390244E-02));
#605 = ( GEOMETRIC_REPRESENTATION_CONTEXT(2) 
PARAMETRIC_REPRESENTATION_CONTEXT() REPRESENTATION_CONTEXT('2D SPACE',''
  ) );
#606 = ORIENTED_EDGE('',*,*,#607,.T.);
#607 = EDGE_CURVE('',#479,#608,#610,.T.);
#608 = VERTEX_POINT('',#609);
#609 = CARTESIAN_POINT('',(222.99250179151,14.,-2.621121874246));
#610 = SURFACE_CURVE('',#611,(#622,#636),.PCURVE_S1.);
#611 = B_SPLINE_CURVE_WITH_KNOTS('',5,(#612,#613,#614,#615,#616,#617,
    #618,#619,#620,#621),.UNSPECIFIED.,.F.,.F.,(6,4,6),(0.,0.5,1.),
  .UNSPECIFIED.);
#612 = CARTESIAN_POINT('',(200.29037469763,14.,-2.621121874246));
#613 = CARTESIAN_POINT('',(202.55751406774,14.,-2.655116078549));
#614 = CARTESIAN_POINT('',(204.82692110156,14.,-2.681350206847));
#615 = CARTESIAN_POINT('',(207.09790145456,14.,-2.699093636808));
#616 = CARTESIAN_POINT('',(209.36967010659,14.,-2.70796448737));
#617 = CARTESIAN_POINT('',(213.91320638255,14.,-2.70796448737));
#618 = CARTESIAN_POINT('',(216.18497503458,14.,-2.699093636808));
#619 = CARTESIAN_POINT('',(218.45595538758,14.,-2.681350206847));
#620 = CARTESIAN_POINT('',(220.7253624214,14.,-2.655116078549));
#621 = CARTESIAN_POINT('',(222.99250179151,14.,-2.621121874246));
#622 = PCURVE('',#56,#623);
#623 = DEFINITIONAL_REPRESENTATION('',(#624),#635);
#624 = B_SPLINE_CURVE_WITH_KNOTS('',5,(#625,#626,#627,#628,#629,#630,
    #631,#632,#633,#634),.UNSPECIFIED.,.F.,.F.,(6,4,6),(0.,0.5,1.),
  .UNSPECIFIED.);
#625 = CARTESIAN_POINT('',(-19.81962080017,-22.6513723219));
#626 = CARTESIAN_POINT('',(-19.85361500448,-20.38423295179));
#627 = CARTESIAN_POINT('',(-19.87984913278,-18.11482591796));
#628 = CARTESIAN_POINT('',(-19.89759256274,-15.84384556496));
#629 = CARTESIAN_POINT('',(-19.9064634133,-13.57207691294));
#630 = CARTESIAN_POINT('',(-19.9064634133,-9.028540636983));
#631 = CARTESIAN_POINT('',(-19.89759256274,-6.756771984956));
#632 = CARTESIAN_POINT('',(-19.87984913278,-4.485791631955));
#633 = CARTESIAN_POINT('',(-19.85361500448,-2.216384598129));
#634 = CARTESIAN_POINT('',(-19.81962080017,5.075477197803E-02));
#635 = ( GEOMETRIC_REPRESENTATION_CONTEXT(2) 
PARAMETRIC_REPRESENTATION_CONTEXT() REPRESENTATION_CONTEXT('2D SPACE',''
  ) );
#636 = PCURVE('',#637,#654);
#637 = B_SPLINE_SURFACE_WITH_KNOTS('',7,1,(
    (#638,#639)
    ,(#640,#641)
    ,(#642,#643)
    ,(#644,#645)
    ,(#646,#647)
    ,(#648,#649)
    ,(#650,#651)
    ,(#652,#653
    )),.UNSPECIFIED.,.F.,.F.,.F.,(8,8),(2,2),(0.,22.600617549925),(0.,1.
    ),.PIECEWISE_BEZIER_KNOTS.);
#638 = CARTESIAN_POINT('',(222.94174701953,13.,-2.532501074067));
#639 = CARTESIAN_POINT('',(225.02269267063,54.,-6.165953881377));
#640 = CARTESIAN_POINT('',(219.71308736954,13.,-2.532501074067));
#641 = CARTESIAN_POINT('',(221.55061493312,54.,-8.154477044144));
#642 = CARTESIAN_POINT('',(216.48442771955,13.,-2.532501074067));
#643 = CARTESIAN_POINT('',(217.73378156958,54.,-9.541035189666));
#644 = CARTESIAN_POINT('',(213.25576806956,13.,-2.532501074067));
#645 = CARTESIAN_POINT('',(213.69743007181,54.,-10.25391523065));
#646 = CARTESIAN_POINT('',(210.02710841958,13.,-2.532501074067));
#647 = CARTESIAN_POINT('',(209.58544641733,54.,-10.25391523065));
#648 = CARTESIAN_POINT('',(206.79844876959,13.,-2.532501074067));
#649 = CARTESIAN_POINT('',(205.54909491956,54.,-9.541035189667));
#650 = CARTESIAN_POINT('',(203.5697891196,13.,-2.532501074067));
#651 = CARTESIAN_POINT('',(201.73226155602,54.,-8.154477044144));
#652 = CARTESIAN_POINT('',(200.34112946961,13.,-2.532501074067));
#653 = CARTESIAN_POINT('',(198.26018381851,54.,-6.165953881377));
#654 = DEFINITIONAL_REPRESENTATION('',(#655),#666);
#655 = B_SPLINE_CURVE_WITH_KNOTS('',5,(#656,#657,#658,#659,#660,#661,
    #662,#663,#664,#665),.UNSPECIFIED.,.F.,.F.,(6,4,6),(0.,0.5,1.),
  .UNSPECIFIED.);
#656 = CARTESIAN_POINT('',(22.600617549925,2.439024390244E-02));
#657 = CARTESIAN_POINT('',(20.337639461091,2.439024390244E-02));
#658 = CARTESIAN_POINT('',(18.076815667905,2.439024390244E-02));
#659 = CARTESIAN_POINT('',(15.817483549269,2.439024390244E-02));
#660 = CARTESIAN_POINT('',(13.558895919079,2.439024390244E-02));
#661 = CARTESIAN_POINT('',(9.041721630845,2.439024390244E-02));
#662 = CARTESIAN_POINT('',(6.783134000656,2.439024390244E-02));
#663 = CARTESIAN_POINT('',(4.523801882019,2.439024390244E-02));
#664 = CARTESIAN_POINT('',(2.262978088834,2.439024390244E-02));
#665 = CARTESIAN_POINT('',(0.,2.439024390244E-02));
#666 = ( GEOMETRIC_REPRESENTATION_CONTEXT(2) 
PARAMETRIC_REPRESENTATION_CONTEXT() REPRESENTATION_CONTEXT('2D SPACE',''
  ) );
#667 = ORIENTED_EDGE('',*,*,#668,.T.);
#668 = EDGE_CURVE('',#608,#317,#669,.T.);
#669 = SURFACE_CURVE('',#670,(#693,#719),.PCURVE_S1.);
#670 = B_SPLINE_CURVE_WITH_KNOTS('',6,(#671,#672,#673,#674,#675,#676,
    #677,#678,#679,#680,#681,#682,#683,#684,#685,#686,#687,#688,#689,
    #690,#691,#692),.UNSPECIFIED.,.F.,.F.,(7,5,5,5,7),(0.,0.295658105418
    ,0.502643473956,0.648711564925,1.),.UNSPECIFIED.);
#671 = CARTESIAN_POINT('',(222.99250179151,14.,-2.621121874246));
#672 = CARTESIAN_POINT('',(224.5148652188,14.,-2.604192520813));
#673 = CARTESIAN_POINT('',(226.03583022876,14.,-2.446507656889));
#674 = CARTESIAN_POINT('',(227.53875940795,14.,-2.148275631066));
#675 = CARTESIAN_POINT('',(229.00768013101,14.,-1.712408654139));
#676 = CARTESIAN_POINT('',(230.42716255148,14.,-1.14389417186));
#677 = CARTESIAN_POINT('',(232.73134556203,14.,3.513120975154E-02));
#678 = CARTESIAN_POINT('',(233.64885229684,14.,0.581959188501));
#679 = CARTESIAN_POINT('',(234.53001824068,14.,1.187527798571));
#680 = CARTESIAN_POINT('',(235.37021958554,14.,1.848757751355));
#681 = CARTESIAN_POINT('',(236.16516527748,14.,2.562126269198));
#682 = CARTESIAN_POINT('',(237.43723283854,14.,3.860982864697));
#683 = CARTESIAN_POINT('',(237.93905006601,14.,4.4223312847));
#684 = CARTESIAN_POINT('',(238.41502613199,14.,5.006249796891));
#685 = CARTESIAN_POINT('',(238.86390967214,14.,5.611243427969));
#686 = CARTESIAN_POINT('',(239.28456641748,14.,6.235727257065));
#687 = CARTESIAN_POINT('',(240.61731265708,14.,8.422732482636));
#688 = CARTESIAN_POINT('',(241.38972061941,14.,10.070835432225));
#689 = CARTESIAN_POINT('',(241.97855513535,14.,11.798495647659));
#690 = CARTESIAN_POINT('',(242.37463047345,14.,13.580248920713));
#691 = CARTESIAN_POINT('',(242.57259314697,14.,15.389568737648));
#692 = CARTESIAN_POINT('',(242.57259314697,14.,17.198498925933));
#693 = PCURVE('',#56,#694);
#694 = DEFINITIONAL_REPRESENTATION('',(#695),#718);
#695 = B_SPLINE_CURVE_WITH_KNOTS('',6,(#696,#697,#698,#699,#700,#701,
    #702,#703,#704,#705,#706,#707,#708,#709,#710,#711,#712,#713,#714,
    #715,#716,#717),.UNSPECIFIED.,.F.,.F.,(7,5,5,5,7),(0.,0.295658105418
    ,0.502643473956,0.648711564925,1.),.UNSPECIFIED.);
#696 = CARTESIAN_POINT('',(-19.81962080017,5.075477197803E-02));
#697 = CARTESIAN_POINT('',(-19.80269144674,1.573118199265));
#698 = CARTESIAN_POINT('',(-19.64500658282,3.094083209225));
#699 = CARTESIAN_POINT('',(-19.34677455699,4.597012388417));
#700 = CARTESIAN_POINT('',(-18.91090758007,6.065933111473));
#701 = CARTESIAN_POINT('',(-18.34239309779,7.485415531946));
#702 = CARTESIAN_POINT('',(-17.16336771618,9.789598542498));
#703 = CARTESIAN_POINT('',(-16.61653973743,10.707105277305));
#704 = CARTESIAN_POINT('',(-16.01097112736,11.588271221151));
#705 = CARTESIAN_POINT('',(-15.34974117457,12.428472566008));
#706 = CARTESIAN_POINT('',(-14.63637265673,13.223418257951));
#707 = CARTESIAN_POINT('',(-13.33751606123,14.495485819007));
#708 = CARTESIAN_POINT('',(-12.77616764123,14.997303046476));
#709 = CARTESIAN_POINT('',(-12.19224912904,15.473279112458));
#710 = CARTESIAN_POINT('',(-11.58725549796,15.922162652611));
#711 = CARTESIAN_POINT('',(-10.96277166886,16.342819397949));
#712 = CARTESIAN_POINT('',(-8.775766443297,17.675565637548));
#713 = CARTESIAN_POINT('',(-7.127663493707,18.447973599875));
#714 = CARTESIAN_POINT('',(-5.400003278273,19.036808115815));
#715 = CARTESIAN_POINT('',(-3.61825000522,19.432883453918));
#716 = CARTESIAN_POINT('',(-1.808930188285,19.63084612744));
#717 = CARTESIAN_POINT('',(0.,19.63084612744));
#718 = ( GEOMETRIC_REPRESENTATION_CONTEXT(2) 
PARAMETRIC_REPRESENTATION_CONTEXT() REPRESENTATION_CONTEXT('2D SPACE',''
  ) );
#719 = PCURVE('',#720,#739);
#720 = B_SPLINE_SURFACE_WITH_KNOTS('',8,1,(
    (#721,#722)
    ,(#723,#724)
    ,(#725,#726)
    ,(#727,#728)
    ,(#729,#730)
    ,(#731,#732)
    ,(#733,#734)
    ,(#735,#736)
    ,(#737,#738
    )),.UNSPECIFIED.,.F.,.F.,.F.,(9,9),(2,2),(1.570796326795,
    3.14159265359),(0.,1.),.PIECEWISE_BEZIER_KNOTS.);
#721 = CARTESIAN_POINT('',(242.67274701953,13.,17.198498925933));
#722 = CARTESIAN_POINT('',(238.56643824457,54.,17.198498925933));
#723 = CARTESIAN_POINT('',(242.67274701953,13.,13.324326135434));
#724 = CARTESIAN_POINT('',(238.56643824457,54.,13.662309627007));
#725 = CARTESIAN_POINT('',(241.80338359254,13.,9.450152125451));
#726 = CARTESIAN_POINT('',(238.03566597442,54.,10.126120952131));
#727 = CARTESIAN_POINT('',(240.06466527724,13.,5.803585299267));
#728 = CARTESIAN_POINT('',(236.97412890043,54.,6.682874075558));
#729 = CARTESIAN_POINT('',(237.52806152983,13.,2.61218441564));
#730 = CARTESIAN_POINT('',(235.40133726581,54.,3.425523805991));
#731 = CARTESIAN_POINT('',(234.3366606462,13.,7.558066822324E-02));
#732 = CARTESIAN_POINT('',(233.35638715891,54.,0.441871117609));
#733 = CARTESIAN_POINT('',(230.69009382001,13.,-1.663137647074));
#734 = CARTESIAN_POINT('',(230.89603872876,54.,-2.190522396804));
#735 = CARTESIAN_POINT('',(226.81591981003,13.,-2.532501074067));
#736 = CARTESIAN_POINT('',(228.09125824138,54.,-4.408529602542));
#737 = CARTESIAN_POINT('',(222.94174701953,13.,-2.532501074067));
#738 = CARTESIAN_POINT('',(225.02269267063,54.,-6.165953881377));
#739 = DEFINITIONAL_REPRESENTATION('',(#740),#763);
#740 = B_SPLINE_CURVE_WITH_KNOTS('',6,(#741,#742,#743,#744,#745,#746,
    #747,#748,#749,#750,#751,#752,#753,#754,#755,#756,#757,#758,#759,
    #760,#761,#762),.UNSPECIFIED.,.F.,.F.,(7,5,5,5,7),(0.,0.295658105418
    ,0.502643473956,0.648711564925,1.),.UNSPECIFIED.);
#741 = CARTESIAN_POINT('',(3.14159265359,2.439024390244E-02));
#742 = CARTESIAN_POINT('',(3.064043422392,2.439024390244E-02));
#743 = CARTESIAN_POINT('',(2.986511864357,2.439024390244E-02));
#744 = CARTESIAN_POINT('',(2.909014295775,2.439024390244E-02));
#745 = CARTESIAN_POINT('',(2.83153899963,2.439024390244E-02));
#746 = CARTESIAN_POINT('',(2.754074430841,2.439024390244E-02));
#747 = CARTESIAN_POINT('',(2.62242422993,2.439024390244E-02));
#748 = CARTESIAN_POINT('',(2.568219224406,2.439024390244E-02));
#749 = CARTESIAN_POINT('',(2.514024356565,2.439024390244E-02));
#750 = CARTESIAN_POINT('',(2.459837297104,2.439024390244E-02));
#751 = CARTESIAN_POINT('',(2.405655736412,2.439024390244E-02));
#752 = CARTESIAN_POINT('',(2.313252155152,2.439024390244E-02));
#753 = CARTESIAN_POINT('',(2.275025360473,2.439024390244E-02));
#754 = CARTESIAN_POINT('',(2.236801524196,2.439024390244E-02));
#755 = CARTESIAN_POINT('',(2.198580453443,2.439024390244E-02));
#756 = CARTESIAN_POINT('',(2.160361955437,2.439024390244E-02));
#757 = CARTESIAN_POINT('',(2.030237466715,2.439024390244E-02));
#758 = CARTESIAN_POINT('',(1.938323013268,2.439024390244E-02));
#759 = CARTESIAN_POINT('',(1.84644118986,2.439024390244E-02));
#760 = CARTESIAN_POINT('',(1.754565938982,2.439024390244E-02));
#761 = CARTESIAN_POINT('',(1.66267141948,2.439024390244E-02));
#762 = CARTESIAN_POINT('',(1.570796326795,2.439024390244E-02));
#763 = ( GEOMETRIC_REPRESENTATION_CONTEXT(2) 
PARAMETRIC_REPRESENTATION_CONTEXT() REPRESENTATION_CONTEXT('2D SPACE',''
  ) );
#764 = ADVANCED_FACE('',(#765),#83,.T.);
#765 = FACE_BOUND('',#766,.T.);
#766 = EDGE_LOOP('',(#767,#768,#790,#810));
#767 = ORIENTED_EDGE('',*,*,#185,.T.);
#768 = ORIENTED_EDGE('',*,*,#769,.T.);
#769 = EDGE_CURVE('',#186,#770,#772,.T.);
#770 = VERTEX_POINT('',#771);
#771 = CARTESIAN_POINT('',(240.21643824457,54.,17.198498925933));
#772 = SURFACE_CURVE('',#773,(#776,#783),.PCURVE_S1.);
#773 = B_SPLINE_CURVE_WITH_KNOTS('',1,(#774,#775),.UNSPECIFIED.,.F.,.F.,
  (2,2),(0.,1.),.PIECEWISE_BEZIER_KNOTS.);
#774 = CARTESIAN_POINT('',(244.32274701953,14.,17.198498925933));
#775 = CARTESIAN_POINT('',(240.21643824457,54.,17.198498925933));
#776 = PCURVE('',#83,#777);
#777 = DEFINITIONAL_REPRESENTATION('',(#778),#782);
#778 = LINE('',#779,#780);
#779 = CARTESIAN_POINT('',(1.570796326795,0.));
#780 = VECTOR('',#781,1.);
#781 = DIRECTION('',(0.,1.));
#782 = ( GEOMETRIC_REPRESENTATION_CONTEXT(2) 
PARAMETRIC_REPRESENTATION_CONTEXT() REPRESENTATION_CONTEXT('2D SPACE',''
  ) );
#783 = PCURVE('',#226,#784);
#784 = DEFINITIONAL_REPRESENTATION('',(#785),#789);
#785 = LINE('',#786,#787);
#786 = CARTESIAN_POINT('',(1.570796326795,0.));
#787 = VECTOR('',#788,1.);
#788 = DIRECTION('',(0.,1.));
#789 = ( GEOMETRIC_REPRESENTATION_CONTEXT(2) 
PARAMETRIC_REPRESENTATION_CONTEXT() REPRESENTATION_CONTEXT('2D SPACE',''
  ) );
#790 = ORIENTED_EDGE('',*,*,#791,.T.);
#791 = EDGE_CURVE('',#770,#69,#792,.T.);
#792 = SURFACE_CURVE('',#793,(#798,#804),.PCURVE_S1.);
#793 = CIRCLE('',#794,28.575);
#794 = AXIS2_PLACEMENT_3D('',#795,#796,#797);
#795 = CARTESIAN_POINT('',(211.64143824457,54.,17.198498925933));
#796 = DIRECTION('',(0.,-1.,0.));
#797 = DIRECTION('',(1.,0.,0.));
#798 = PCURVE('',#83,#799);
#799 = DEFINITIONAL_REPRESENTATION('',(#800),#803);
#800 = B_SPLINE_CURVE_WITH_KNOTS('',1,(#801,#802),.UNSPECIFIED.,.F.,.F.,
  (2,2),(0.,1.084593064129),.PIECEWISE_BEZIER_KNOTS.);
#801 = CARTESIAN_POINT('',(1.570796326795,1.));
#802 = CARTESIAN_POINT('',(0.,1.));
#803 = ( GEOMETRIC_REPRESENTATION_CONTEXT(2) 
PARAMETRIC_REPRESENTATION_CONTEXT() REPRESENTATION_CONTEXT('2D SPACE',''
  ) );
#804 = PCURVE('',#125,#805);
#805 = DEFINITIONAL_REPRESENTATION('',(#806),#809);
#806 = B_SPLINE_CURVE_WITH_KNOTS('',1,(#807,#808),.UNSPECIFIED.,.F.,.F.,
  (2,2),(0.,1.084593064129),.PIECEWISE_BEZIER_KNOTS.);
#807 = CARTESIAN_POINT('',(0.,0.));
#808 = CARTESIAN_POINT('',(1.084593064129,0.));
#809 = ( GEOMETRIC_REPRESENTATION_CONTEXT(2) 
PARAMETRIC_REPRESENTATION_CONTEXT() REPRESENTATION_CONTEXT('2D SPACE',''
  ) );
#810 = ORIENTED_EDGE('',*,*,#68,.F.);
#811 = ADVANCED_FACE('',(#812,#931),#125,.T.);
#812 = FACE_BOUND('',#813,.T.);
#813 = EDGE_LOOP('',(#814,#837,#859,#881,#901,#902,#903,#904));
#814 = ORIENTED_EDGE('',*,*,#815,.F.);
#815 = EDGE_CURVE('',#770,#816,#818,.T.);
#816 = VERTEX_POINT('',#817);
#817 = CARTESIAN_POINT('',(240.21643824457,168.,17.198498925933));
#818 = SEAM_CURVE('',#819,(#823,#830),.PCURVE_S1.);
#819 = LINE('',#820,#821);
#820 = CARTESIAN_POINT('',(240.21643824457,54.,17.198498925933));
#821 = VECTOR('',#822,1.);
#822 = DIRECTION('',(-0.,1.,-0.));
#823 = PCURVE('',#125,#824);
#824 = DEFINITIONAL_REPRESENTATION('',(#825),#829);
#825 = LINE('',#826,#827);
#826 = CARTESIAN_POINT('',(6.28318530718,0.));
#827 = VECTOR('',#828,1.);
#828 = DIRECTION('',(0.,-1.));
#829 = ( GEOMETRIC_REPRESENTATION_CONTEXT(2) 
PARAMETRIC_REPRESENTATION_CONTEXT() REPRESENTATION_CONTEXT('2D SPACE',''
  ) );
#830 = PCURVE('',#125,#831);
#831 = DEFINITIONAL_REPRESENTATION('',(#832),#836);
#832 = LINE('',#833,#834);
#833 = CARTESIAN_POINT('',(0.,0.));
#834 = VECTOR('',#835,1.);
#835 = DIRECTION('',(0.,-1.));
#836 = ( GEOMETRIC_REPRESENTATION_CONTEXT(2) 
PARAMETRIC_REPRESENTATION_CONTEXT() REPRESENTATION_CONTEXT('2D SPACE',''
  ) );
#837 = ORIENTED_EDGE('',*,*,#838,.F.);
#838 = EDGE_CURVE('',#839,#770,#841,.T.);
#839 = VERTEX_POINT('',#840);
#840 = CARTESIAN_POINT('',(224.99375044732,54.,-8.06503969874));
#841 = SURFACE_CURVE('',#842,(#847,#853),.PCURVE_S1.);
#842 = CIRCLE('',#843,28.575);
#843 = AXIS2_PLACEMENT_3D('',#844,#845,#846);
#844 = CARTESIAN_POINT('',(211.64143824457,54.,17.198498925933));
#845 = DIRECTION('',(0.,-1.,0.));
#846 = DIRECTION('',(1.,0.,0.));
#847 = PCURVE('',#125,#848);
#848 = DEFINITIONAL_REPRESENTATION('',(#849),#852);
#849 = B_SPLINE_CURVE_WITH_KNOTS('',1,(#850,#851),.UNSPECIFIED.,.F.,.F.,
  (2,2),(5.19859224305,6.28318530718),.PIECEWISE_BEZIER_KNOTS.);
#850 = CARTESIAN_POINT('',(5.19859224305,0.));
#851 = CARTESIAN_POINT('',(6.28318530718,0.));
#852 = ( GEOMETRIC_REPRESENTATION_CONTEXT(2) 
PARAMETRIC_REPRESENTATION_CONTEXT() REPRESENTATION_CONTEXT('2D SPACE',''
  ) );
#853 = PCURVE('',#226,#854);
#854 = DEFINITIONAL_REPRESENTATION('',(#855),#858);
#855 = B_SPLINE_CURVE_WITH_KNOTS('',1,(#856,#857),.UNSPECIFIED.,.F.,.F.,
  (2,2),(5.19859224305,6.28318530718),.PIECEWISE_BEZIER_KNOTS.);
#856 = CARTESIAN_POINT('',(3.14159265359,1.));
#857 = CARTESIAN_POINT('',(1.570796326795,1.));
#858 = ( GEOMETRIC_REPRESENTATION_CONTEXT(2) 
PARAMETRIC_REPRESENTATION_CONTEXT() REPRESENTATION_CONTEXT('2D SPACE',''
  ) );
#859 = ORIENTED_EDGE('',*,*,#860,.F.);
#860 = EDGE_CURVE('',#861,#839,#863,.T.);
#861 = VERTEX_POINT('',#862);
#862 = CARTESIAN_POINT('',(198.28912604182,54.,-8.06503969874));
#863 = SURFACE_CURVE('',#864,(#869,#875),.PCURVE_S1.);
#864 = CIRCLE('',#865,28.575);
#865 = AXIS2_PLACEMENT_3D('',#866,#867,#868);
#866 = CARTESIAN_POINT('',(211.64143824457,54.,17.198498925933));
#867 = DIRECTION('',(0.,-1.,0.));
#868 = DIRECTION('',(1.,0.,0.));
#869 = PCURVE('',#125,#870);
#870 = DEFINITIONAL_REPRESENTATION('',(#871),#874);
#871 = B_SPLINE_CURVE_WITH_KNOTS('',1,(#872,#873),.UNSPECIFIED.,.F.,.F.,
  (2,2),(4.226185717719,5.19859224305),.PIECEWISE_BEZIER_KNOTS.);
#872 = CARTESIAN_POINT('',(4.226185717719,0.));
#873 = CARTESIAN_POINT('',(5.19859224305,0.));
#874 = ( GEOMETRIC_REPRESENTATION_CONTEXT(2) 
PARAMETRIC_REPRESENTATION_CONTEXT() REPRESENTATION_CONTEXT('2D SPACE',''
  ) );
#875 = PCURVE('',#268,#876);
#876 = DEFINITIONAL_REPRESENTATION('',(#877),#880);
#877 = B_SPLINE_CURVE_WITH_KNOTS('',1,(#878,#879),.UNSPECIFIED.,.F.,.F.,
  (2,2),(4.226185717719,5.19859224305),.PIECEWISE_BEZIER_KNOTS.);
#878 = CARTESIAN_POINT('',(22.600617549925,1.));
#879 = CARTESIAN_POINT('',(0.,1.));
#880 = ( GEOMETRIC_REPRESENTATION_CONTEXT(2) 
PARAMETRIC_REPRESENTATION_CONTEXT() REPRESENTATION_CONTEXT('2D SPACE',''
  ) );
#881 = ORIENTED_EDGE('',*,*,#882,.F.);
#882 = EDGE_CURVE('',#110,#861,#883,.T.);
#883 = SURFACE_CURVE('',#884,(#889,#895),.PCURVE_S1.);
#884 = CIRCLE('',#885,28.575);
#885 = AXIS2_PLACEMENT_3D('',#886,#887,#888);
#886 = CARTESIAN_POINT('',(211.64143824457,54.,17.198498925933));
#887 = DIRECTION('',(0.,-1.,0.));
#888 = DIRECTION('',(1.,0.,0.));
#889 = PCURVE('',#125,#890);
#890 = DEFINITIONAL_REPRESENTATION('',(#891),#894);
#891 = B_SPLINE_CURVE_WITH_KNOTS('',1,(#892,#893),.UNSPECIFIED.,.F.,.F.,
  (2,2),(2.05699958946,4.226185717719),.PIECEWISE_BEZIER_KNOTS.);
#892 = CARTESIAN_POINT('',(2.05699958946,0.));
#893 = CARTESIAN_POINT('',(4.226185717719,0.));
#894 = ( GEOMETRIC_REPRESENTATION_CONTEXT(2) 
PARAMETRIC_REPRESENTATION_CONTEXT() REPRESENTATION_CONTEXT('2D SPACE',''
  ) );
#895 = PCURVE('',#149,#896);
#896 = DEFINITIONAL_REPRESENTATION('',(#897),#900);
#897 = B_SPLINE_CURVE_WITH_KNOTS('',1,(#898,#899),.UNSPECIFIED.,.F.,.F.,
  (2,2),(2.05699958946,4.226185717719),.PIECEWISE_BEZIER_KNOTS.);
#898 = CARTESIAN_POINT('',(3.14159265359,1.));
#899 = CARTESIAN_POINT('',(0.,1.));
#900 = ( GEOMETRIC_REPRESENTATION_CONTEXT(2) 
PARAMETRIC_REPRESENTATION_CONTEXT() REPRESENTATION_CONTEXT('2D SPACE',''
  ) );
#901 = ORIENTED_EDGE('',*,*,#109,.F.);
#902 = ORIENTED_EDGE('',*,*,#791,.F.);
#903 = ORIENTED_EDGE('',*,*,#815,.T.);
#904 = ORIENTED_EDGE('',*,*,#905,.T.);
#905 = EDGE_CURVE('',#816,#816,#906,.T.);
#906 = SURFACE_CURVE('',#907,(#912,#919),.PCURVE_S1.);
#907 = CIRCLE('',#908,28.575);
#908 = AXIS2_PLACEMENT_3D('',#909,#910,#911);
#909 = CARTESIAN_POINT('',(211.64143824457,168.,17.198498925933));
#910 = DIRECTION('',(0.,-1.,0.));
#911 = DIRECTION('',(1.,0.,0.));
#912 = PCURVE('',#125,#913);
#913 = DEFINITIONAL_REPRESENTATION('',(#914),#918);
#914 = LINE('',#915,#916);
#915 = CARTESIAN_POINT('',(0.,-114.));
#916 = VECTOR('',#917,1.);
#917 = DIRECTION('',(1.,0.));
#918 = ( GEOMETRIC_REPRESENTATION_CONTEXT(2) 
PARAMETRIC_REPRESENTATION_CONTEXT() REPRESENTATION_CONTEXT('2D SPACE',''
  ) );
#919 = PCURVE('',#920,#925);
#920 = PLANE('',#921);
#921 = AXIS2_PLACEMENT_3D('',#922,#923,#924);
#922 = CARTESIAN_POINT('',(211.64143824457,168.,17.198498925933));
#923 = DIRECTION('',(-0.,-1.,-0.));
#924 = DIRECTION('',(0.,0.,-1.));
#925 = DEFINITIONAL_REPRESENTATION('',(#926),#930);
#926 = CIRCLE('',#927,28.575);
#927 = AXIS2_PLACEMENT_2D('',#928,#929);
#928 = CARTESIAN_POINT('',(-3.552713678801E-15,0.));
#929 = DIRECTION('',(0.,1.));
#930 = ( GEOMETRIC_REPRESENTATION_CONTEXT(2) 
PARAMETRIC_REPRESENTATION_CONTEXT() REPRESENTATION_CONTEXT('2D SPACE',''
  ) );
#931 = FACE_BOUND('',#932,.T.);
#932 = EDGE_LOOP('',(#933));
#933 = ORIENTED_EDGE('',*,*,#934,.F.);
#934 = EDGE_CURVE('',#935,#935,#937,.T.);
#935 = VERTEX_POINT('',#936);
#936 = CARTESIAN_POINT('',(211.64143824457,55.,45.773498925933));
#937 = SURFACE_CURVE('',#938,(#1060,#1185),.PCURVE_S1.);
#938 = B_SPLINE_CURVE_WITH_KNOTS('',8,(#939,#940,#941,#942,#943,#944,
    #945,#946,#947,#948,#949,#950,#951,#952,#953,#954,#955,#956,#957,
    #958,#959,#960,#961,#962,#963,#964,#965,#966,#967,#968,#969,#970,
    #971,#972,#973,#974,#975,#976,#977,#978,#979,#980,#981,#982,#983,
    #984,#985,#986,#987,#988,#989,#990,#991,#992,#993,#994,#995,#996,
    #997,#998,#999,#1000,#1001,#1002,#1003,#1004,#1005,#1006,#1007,#1008
    ,#1009,#1010,#1011,#1012,#1013,#1014,#1015,#1016,#1017,#1018,#1019,
    #1020,#1021,#1022,#1023,#1024,#1025,#1026,#1027,#1028,#1029,#1030,
    #1031,#1032,#1033,#1034,#1035,#1036,#1037,#1038,#1039,#1040,#1041,
    #1042,#1043,#1044,#1045,#1046,#1047,#1048,#1049,#1050,#1051,#1052,
    #1053,#1054,#1055,#1056,#1057,#1058,#1059),.UNSPECIFIED.,.T.,.F.,(9,
    7,7,7,7,7,7,7,7,7,7,7,7,7,7,7,7,9),(0.,1.385796131896E-02,
    2.481927885732E-02,4.453013751078E-02,6.939878528276E-02,
    0.163950142071,0.28914589741,0.457204513724,0.500050798824,
    0.536763693481,0.572837300498,0.623380203957,0.743003309556,
    0.838830526884,0.916546385147,0.963872119948,0.983711457607,1.),
  .UNSPECIFIED.);
#939 = CARTESIAN_POINT('',(211.64143824457,55.,45.773498925933));
#940 = CARTESIAN_POINT('',(211.7699306708,55.,45.773498925933));
#941 = CARTESIAN_POINT('',(211.89806250125,55.005717638834,
    45.772838716387));
#942 = CARTESIAN_POINT('',(212.02530289009,55.017096873781,
    45.771524398318));
#943 = CARTESIAN_POINT('',(212.15112127192,55.033973435591,
    45.769577922448));
#944 = CARTESIAN_POINT('',(212.27498734615,55.056074908215,
    45.767036099878));
#945 = CARTESIAN_POINT('',(212.39637106138,55.083020808528,
    45.763949612761));
#946 = CARTESIAN_POINT('',(212.51474259986,55.114322666062,
    45.760382024983));
#947 = CARTESIAN_POINT('',(212.72039997023,55.177116864553,
    45.753266060787));
#948 = CARTESIAN_POINT('',(212.80921535469,55.20726406919,
    45.749862313749));
#949 = CARTESIAN_POINT('',(212.89601452128,55.239633671734,
    45.746223384522));
#950 = CARTESIAN_POINT('',(212.9807973293,55.274040462476,45.74237404439
    ));
#951 = CARTESIAN_POINT('',(213.06356749126,55.310306066905,
    45.73833800312));
#952 = CARTESIAN_POINT('',(213.14433257289,55.348258945709,
    45.734137908963));
#953 = CARTESIAN_POINT('',(213.22310399317,55.387734394774,
    45.729795348653));
#954 = CARTESIAN_POINT('',(213.43798777624,55.502014113852,
    45.717302692699));
#955 = CARTESIAN_POINT('',(213.56989599424,55.579980985505,
    45.708867334084));
#956 = CARTESIAN_POINT('',(213.69591579157,55.661710125411,
    45.700127260443));
#957 = CARTESIAN_POINT('',(213.81637206998,55.746569063349,
    45.691166072604));
#958 = CARTESIAN_POINT('',(213.93161411157,55.834053490927,
    45.682049973938));
#959 = CARTESIAN_POINT('',(214.04200917077,55.923782858918,
    45.672829260954));
#960 = CARTESIAN_POINT('',(214.14793606634,56.015495974583,
    45.663539813886));
#961 = CARTESIAN_POINT('',(214.37827091322,56.227076846607,
    45.642426588881));
#962 = CARTESIAN_POINT('',(214.50029412311,56.348061673943,
    45.630572880286));
#963 = CARTESIAN_POINT('',(214.6162578796,56.471382662843,45.61872267348
    ));
#964 = CARTESIAN_POINT('',(214.72658154843,56.596567877501,
    45.606934336522));
#965 = CARTESIAN_POINT('',(214.8316886641,56.723285335335,45.59524815098
    ));
#966 = CARTESIAN_POINT('',(214.93200120942,56.851336477853,
    45.583689069356));
#967 = CARTESIAN_POINT('',(215.02793389516,56.98064964152,45.57226947251
    ));
#968 = CARTESIAN_POINT('',(215.46950242065,57.60790952858,
    45.518114355625));
#969 = CARTESIAN_POINT('',(215.76541182092,58.128891225165,
    45.476823442806));
#970 = CARTESIAN_POINT('',(216.01513300773,58.66003422454,
    45.438858386166));
#971 = CARTESIAN_POINT('',(216.22601451305,59.193316318238,
    45.404818803838));
#972 = CARTESIAN_POINT('',(216.40455483135,59.725361738591,
    45.374693039032));
#973 = CARTESIAN_POINT('',(216.55615029226,60.256838655679,
    45.348215596674));
#974 = CARTESIAN_POINT('',(216.68493846294,60.792058973264,
    45.325103596159));
#975 = CARTESIAN_POINT('',(216.93702016231,62.061043749123,
    45.278897003368));
#976 = CARTESIAN_POINT('',(217.04224843792,62.789054568884,
    45.258741883926));
#977 = CARTESIAN_POINT('',(217.11343827605,63.518006280865,
    45.244766415868));
#978 = CARTESIAN_POINT('',(217.1540103568,64.245787044153,
    45.236709541276));
#979 = CARTESIAN_POINT('',(217.16646834801,64.971793954624,
    45.234241810963));
#980 = CARTESIAN_POINT('',(217.15239083968,65.696444500781,
    45.237067726395));
#981 = CARTESIAN_POINT('',(217.11240564377,66.420665952998,
    45.244954912052));
#982 = CARTESIAN_POINT('',(216.95721089131,68.118151781972,
    45.274848222709));
#983 = CARTESIAN_POINT('',(216.82419463646,69.056107852568,
    45.300136215979));
#984 = CARTESIAN_POINT('',(216.65059228842,69.979924398646,
    45.332323200163));
#985 = CARTESIAN_POINT('',(216.43155481306,70.909016286175,
    45.371465787139));
#986 = CARTESIAN_POINT('',(216.15709159618,71.852624962232,
    45.418073569392));
#987 = CARTESIAN_POINT('',(215.8139547278,72.80454159101,45.472218150514
    ));
#988 = CARTESIAN_POINT('',(215.38756301744,73.73783487584,45.53175866438
    ));
#989 = CARTESIAN_POINT('',(214.73196211058,74.815317059608,
    45.606196034957));
#990 = CARTESIAN_POINT('',(214.59279732187,75.028922047756,
    45.621273813492));
#991 = CARTESIAN_POINT('',(214.44529986841,75.23993290893,
    45.636461849253));
#992 = CARTESIAN_POINT('',(214.28709275447,75.449614311146,
    45.651840832375));
#993 = CARTESIAN_POINT('',(214.11589420524,75.657677085007,
    45.667386280365));
#994 = CARTESIAN_POINT('',(213.92960154686,75.862191466996,
    45.682942927136));
#995 = CARTESIAN_POINT('',(213.72634291702,76.059535825212,
    45.698204596479));
#996 = CARTESIAN_POINT('',(213.31440767946,76.402765580508,
    45.725119588097));
#997 = CARTESIAN_POINT('',(213.08846509888,76.570476927333,
    45.738427854118));
#998 = CARTESIAN_POINT('',(212.83165365345,76.730745341723,
    45.751340353534));
#999 = CARTESIAN_POINT('',(212.54756434744,76.868708633773,
    45.762631436031));
#1000 = CARTESIAN_POINT('',(212.23969385943,76.971243573689,
    45.771116854643));
#1001 = CARTESIAN_POINT('',(211.91162098876,77.026917981335,
    45.775735635381));
#1002 = CARTESIAN_POINT('',(211.56704254342,77.026002456902,
    45.775634204469));
#1003 = CARTESIAN_POINT('',(210.85900264408,76.89603257019,
    45.764940528812));
#1004 = CARTESIAN_POINT('',(210.54441050048,76.778101031776,
    45.755262087795));
#1005 = CARTESIAN_POINT('',(210.26454652531,76.627118290912,
    45.742965240746));
#1006 = CARTESIAN_POINT('',(210.01616643595,76.458044759211,
    45.729387063328));
#1007 = CARTESIAN_POINT('',(209.79495612953,76.28057019807,
    45.715351783651));
#1008 = CARTESIAN_POINT('',(209.59545253429,76.09905353344,
    45.701199951532));
#1009 = CARTESIAN_POINT('',(209.4110156068,75.912500761977,
    45.686868426469));
#1010 = CARTESIAN_POINT('',(208.98734153971,75.438075015619,
    45.651055090991));
#1011 = CARTESIAN_POINT('',(208.76303627114,75.147681401004,
    45.629623490679));
#1012 = CARTESIAN_POINT('',(208.55940998351,74.850532636618,
    45.608264530742));
#1013 = CARTESIAN_POINT('',(208.37396750942,74.550955183191,
    45.587334533093));
#1014 = CARTESIAN_POINT('',(208.20403180865,74.250901403036,
    45.566979884903));
#1015 = CARTESIAN_POINT('',(208.04685130551,73.950099563468,
    45.547183112837));
#1016 = CARTESIAN_POINT('',(207.89974145011,73.646255244486,
    45.527815025824));
#1017 = CARTESIAN_POINT('',(207.43014207149,72.599356411728,
    45.463435436775));
#1018 = CARTESIAN_POINT('',(207.15017344284,71.840125370725,
    45.420570939268));
#1019 = CARTESIAN_POINT('',(206.91450540258,71.073376895545,
    45.381653594447));
#1020 = CARTESIAN_POINT('',(206.71753210293,70.306787975363,
    45.347345062545));
#1021 = CARTESIAN_POINT('',(206.55451137366,69.542186219353,
    45.317821751714));
#1022 = CARTESIAN_POINT('',(206.42202249143,68.777232883031,
    45.293125539923));
#1023 = CARTESIAN_POINT('',(206.31839308089,68.006993948985,
    45.273425805902));
#1024 = CARTESIAN_POINT('',(206.18481399779,66.600083022816,
    45.247733091965));
#1025 = CARTESIAN_POINT('',(206.14493328795,65.973904233818,
    45.239913104852));
#1026 = CARTESIAN_POINT('',(206.1244270827,65.347073305017,
    45.23584253041));
#1027 = CARTESIAN_POINT('',(206.12363080246,64.719296937615,
    45.235675403766));
#1028 = CARTESIAN_POINT('',(206.14336201357,64.090470894788,
    45.239592439931));
#1029 = CARTESIAN_POINT('',(206.18491591973,63.460914423923,
    45.247788953656));
#1030 = CARTESIAN_POINT('',(206.2500672277,62.831590856995,
    45.260436167203));
#1031 = CARTESIAN_POINT('',(206.41488842332,61.695593271747,
    45.291548671543));
#1032 = CARTESIAN_POINT('',(206.50527869558,61.191168160264,
    45.308381560353));
#1033 = CARTESIAN_POINT('',(206.61364728953,60.688306426109,
    45.328198447625));
#1034 = CARTESIAN_POINT('',(206.74210918002,60.18546259003,
    45.351138060955));
#1035 = CARTESIAN_POINT('',(206.89343269146,59.682479662738,
    45.377339886488));
#1036 = CARTESIAN_POINT('',(207.07096560872,59.180846210816,
    45.40685706536));
#1037 = CARTESIAN_POINT('',(207.27854781285,58.684014608082,
    45.43952494469));
#1038 = CARTESIAN_POINT('',(207.66768972301,57.901692833137,
    45.496239128092));
#1039 = CARTESIAN_POINT('',(207.82659520265,57.611718040855,
    45.51850281663));
#1040 = CARTESIAN_POINT('',(207.99970482552,57.325151277052,
    45.541697179573));
#1041 = CARTESIAN_POINT('',(208.18997335719,57.040931281818,
    45.565893094002));
#1042 = CARTESIAN_POINT('',(208.40062026316,56.759775146437,
    45.59104167482));
#1043 = CARTESIAN_POINT('',(208.63499424267,56.484348182132,
    45.616883280331));
#1044 = CARTESIAN_POINT('',(208.89639736438,56.219479748919,
    45.642847292452));
#1045 = CARTESIAN_POINT('',(209.31003626659,55.868865376059,
    45.67849592363));
#1046 = CARTESIAN_POINT('',(209.43799823945,55.768009156051,
    45.688920376499));
#1047 = CARTESIAN_POINT('',(209.57231694971,55.67020607466,
    45.699189764782));
#1048 = CARTESIAN_POINT('',(209.71355241832,55.576006524096,
    45.709231221414));
#1049 = CARTESIAN_POINT('',(209.86223434198,55.486175551618,
    45.718944149202));
#1050 = CARTESIAN_POINT('',(210.01884739515,55.401701391039,
    45.728197289995));
#1051 = CARTESIAN_POINT('',(210.18381602555,55.323803996602,
    45.736827287952));
#1052 = CARTESIAN_POINT('',(210.50007795048,55.196586605449,
    45.751052130376));
#1053 = CARTESIAN_POINT('',(210.64969997996,55.144178010215,
    45.756966196096));
#1054 = CARTESIAN_POINT('',(210.80539993924,55.09821241323,
    45.762197952936));
#1055 = CARTESIAN_POINT('',(210.96622379994,55.059936433762,
    45.766585419657));
#1056 = CARTESIAN_POINT('',(211.13121257977,55.030349101886,
    45.769993882917));
#1057 = CARTESIAN_POINT('',(211.29939852876,55.010202123623,
    45.772320739957));
#1058 = CARTESIAN_POINT('',(211.46980331997,55.,45.773498925933));
#1059 = CARTESIAN_POINT('',(211.64143824457,55.,45.773498925933));
#1060 = PCURVE('',#125,#1061);
#1061 = DEFINITIONAL_REPRESENTATION('',(#1062),#1184);
#1062 = B_SPLINE_CURVE_WITH_KNOTS('',8,(#1063,#1064,#1065,#1066,#1067,
    #1068,#1069,#1070,#1071,#1072,#1073,#1074,#1075,#1076,#1077,#1078,
    #1079,#1080,#1081,#1082,#1083,#1084,#1085,#1086,#1087,#1088,#1089,
    #1090,#1091,#1092,#1093,#1094,#1095,#1096,#1097,#1098,#1099,#1100,
    #1101,#1102,#1103,#1104,#1105,#1106,#1107,#1108,#1109,#1110,#1111,
    #1112,#1113,#1114,#1115,#1116,#1117,#1118,#1119,#1120,#1121,#1122,
    #1123,#1124,#1125,#1126,#1127,#1128,#1129,#1130,#1131,#1132,#1133,
    #1134,#1135,#1136,#1137,#1138,#1139,#1140,#1141,#1142,#1143,#1144,
    #1145,#1146,#1147,#1148,#1149,#1150,#1151,#1152,#1153,#1154,#1155,
    #1156,#1157,#1158,#1159,#1160,#1161,#1162,#1163,#1164,#1165,#1166,
    #1167,#1168,#1169,#1170,#1171,#1172,#1173,#1174,#1175,#1176,#1177,
    #1178,#1179,#1180,#1181,#1182,#1183),.UNSPECIFIED.,.T.,.F.,(9,7,7,7,
    7,7,7,7,7,7,7,7,7,7,7,7,7,9),(0.,1.385796131896E-02,
    2.481927885732E-02,4.453013751078E-02,6.939878528276E-02,
    0.163950142071,0.28914589741,0.457204513724,0.500050798824,
    0.536763693481,0.572837300498,0.623380203957,0.743003309556,
    0.838830526884,0.916546385147,0.963872119948,0.983711457607,1.),
  .UNSPECIFIED.);
#1063 = CARTESIAN_POINT('',(1.570796326795,-1.));
#1064 = CARTESIAN_POINT('',(1.566299653961,-1.));
#1065 = CARTESIAN_POINT('',(1.561815600953,-1.005717638834));
#1066 = CARTESIAN_POINT('',(1.557362604818,-1.017096873781));
#1067 = CARTESIAN_POINT('',(1.5529590988,-1.033973435591));
#1068 = CARTESIAN_POINT('',(1.5486235222,-1.056074908215));
#1069 = CARTESIAN_POINT('',(1.544374330224,-1.083020808528));
#1070 = CARTESIAN_POINT('',(1.540230003843,-1.114322666062));
#1071 = CARTESIAN_POINT('',(1.533028588497,-1.177116864553));
#1072 = CARTESIAN_POINT('',(1.529918177512,-1.20726406919));
#1073 = CARTESIAN_POINT('',(1.526877950383,-1.239633671734));
#1074 = CARTESIAN_POINT('',(1.523907902073,-1.274040462476));
#1075 = CARTESIAN_POINT('',(1.521007898821,-1.310306066905));
#1076 = CARTESIAN_POINT('',(1.518177678138,-1.348258945709));
#1077 = CARTESIAN_POINT('',(1.515416848808,-1.387734394774));
#1078 = CARTESIAN_POINT('',(1.507884158755,-1.502014113852));
#1079 = CARTESIAN_POINT('',(1.50325859551,-1.579980985505));
#1080 = CARTESIAN_POINT('',(1.498837964258,-1.661710125411));
#1081 = CARTESIAN_POINT('',(1.494610973072,-1.746569063349));
#1082 = CARTESIAN_POINT('',(1.490565488143,-1.834053490927));
#1083 = CARTESIAN_POINT('',(1.486688746917,-1.923782858918));
#1084 = CARTESIAN_POINT('',(1.482967571241,-2.015495974583));
#1085 = CARTESIAN_POINT('',(1.474873066412,-2.227076846607));
#1086 = CARTESIAN_POINT('',(1.47058274834,-2.348061673943));
#1087 = CARTESIAN_POINT('',(1.466503473118,-2.471382662843));
#1088 = CARTESIAN_POINT('',(1.462620727528,-2.596567877501));
#1089 = CARTESIAN_POINT('',(1.458919833802,-2.723285335335));
#1090 = CARTESIAN_POINT('',(1.455386145112,-2.851336477853));
#1091 = CARTESIAN_POINT('',(1.452005241073,-2.98064964152));
#1092 = CARTESIAN_POINT('',(1.436436492393,-3.60790952858));
#1093 = CARTESIAN_POINT('',(1.425982064219,-4.128891225165));
#1094 = CARTESIAN_POINT('',(1.417143341976,-4.660034224541));
#1095 = CARTESIAN_POINT('',(1.409668322415,-5.193316318238));
#1096 = CARTESIAN_POINT('',(1.403332135766,-5.725361738589));
#1097 = CARTESIAN_POINT('',(1.397946729153,-6.25683865568));
#1098 = CARTESIAN_POINT('',(1.393367743693,-6.792058973264));
#1099 = CARTESIAN_POINT('',(1.384399010568,-8.061043749123));
#1100 = CARTESIAN_POINT('',(1.380649657156,-8.789054568883));
#1101 = CARTESIAN_POINT('',(1.378110776481,-9.518006280866));
#1102 = CARTESIAN_POINT('',(1.37666319212,-10.24578704415));
#1103 = CARTESIAN_POINT('',(1.376218757219,-10.97179395462));
#1104 = CARTESIAN_POINT('',(1.376721233985,-11.69644450078));
#1105 = CARTESIAN_POINT('',(1.378147491325,-12.42066595299));
#1106 = CARTESIAN_POINT('',(1.383678463445,-14.11815178197));
#1107 = CARTESIAN_POINT('',(1.388416810005,-15.05610785256));
#1108 = CARTESIAN_POINT('',(1.39459557876,-15.97992439864));
#1109 = CARTESIAN_POINT('',(1.402381990018,-16.90901628617));
#1110 = CARTESIAN_POINT('',(1.412123642571,-17.85262496223));
#1111 = CARTESIAN_POINT('',(1.424278542331,-18.804541591));
#1112 = CARTESIAN_POINT('',(1.439340192329,-19.73783487584));
#1113 = CARTESIAN_POINT('',(1.462430768334,-20.8153170596));
#1114 = CARTESIAN_POINT('',(1.467329364717,-21.02892204775));
#1115 = CARTESIAN_POINT('',(1.472518294895,-21.23993290893));
#1116 = CARTESIAN_POINT('',(1.478080755531,-21.44961431114));
#1117 = CARTESIAN_POINT('',(1.484096330788,-21.657677085));
#1118 = CARTESIAN_POINT('',(1.490638096986,-21.86219146699));
#1119 = CARTESIAN_POINT('',(1.497770948677,-22.05953582521));
#1120 = CARTESIAN_POINT('',(1.51221761835,-22.4027655805));
#1121 = CARTESIAN_POINT('',(1.520138161642,-22.57047692733));
#1122 = CARTESIAN_POINT('',(1.529136229935,-22.73074534172));
#1123 = CARTESIAN_POINT('',(1.539084790698,-22.86870863376));
#1124 = CARTESIAN_POINT('',(1.549861242331,-22.97124357369));
#1125 = CARTESIAN_POINT('',(1.56134158276,-23.02691798133));
#1126 = CARTESIAN_POINT('',(1.573398999593,-23.0260024569));
#1127 = CARTESIAN_POINT('',(1.598180124673,-22.89603257019));
#1128 = CARTESIAN_POINT('',(1.609193330596,-22.77810103177));
#1129 = CARTESIAN_POINT('',(1.618995561629,-22.62711829091));
#1130 = CARTESIAN_POINT('',(1.627699957103,-22.45804475921));
#1131 = CARTESIAN_POINT('',(1.635456451682,-22.28057019807));
#1132 = CARTESIAN_POINT('',(1.64245546118,-22.09905353343));
#1133 = CARTESIAN_POINT('',(1.648929257239,-21.91250076197));
#1134 = CARTESIAN_POINT('',(1.663808873353,-21.43807501561));
#1135 = CARTESIAN_POINT('',(1.671693857625,-21.147681401));
#1136 = CARTESIAN_POINT('',(1.678858512967,-20.85053263661));
#1137 = CARTESIAN_POINT('',(1.685389048455,-20.55095518319));
#1138 = CARTESIAN_POINT('',(1.691378327057,-20.25090140303));
#1139 = CARTESIAN_POINT('',(1.69692225697,-19.95009956346));
#1140 = CARTESIAN_POINT('',(1.702114813938,-19.64625524448));
#1141 = CARTESIAN_POINT('',(1.718702456489,-18.59935641172));
#1142 = CARTESIAN_POINT('',(1.728613087129,-17.84012537072));
#1143 = CARTESIAN_POINT('',(1.736971396336,-17.07337689554));
#1144 = CARTESIAN_POINT('',(1.743968022486,-16.30678797536));
#1145 = CARTESIAN_POINT('',(1.749765651958,-15.54218621935));
#1146 = CARTESIAN_POINT('',(1.754482007234,-14.77723288303));
#1147 = CARTESIAN_POINT('',(1.758173517603,-14.00699394898));
#1148 = CARTESIAN_POINT('',(1.762933885859,-12.60008302281));
#1149 = CARTESIAN_POINT('',(1.764356102975,-11.97390423381));
#1150 = CARTESIAN_POINT('',(1.765087737682,-11.34707330501));
#1151 = CARTESIAN_POINT('',(1.765116210643,-10.71929693761));
#1152 = CARTESIAN_POINT('',(1.764412221491,-10.09047089478));
#1153 = CARTESIAN_POINT('',(1.762930001066,-9.460914423923));
#1154 = CARTESIAN_POINT('',(1.760607457714,-8.831590856995));
#1155 = CARTESIAN_POINT('',(1.754737572428,-7.695593271747));
#1156 = CARTESIAN_POINT('',(1.751519936275,-7.191168160264));
#1157 = CARTESIAN_POINT('',(1.747664652226,-6.688306426108));
#1158 = CARTESIAN_POINT('',(1.743098028136,-6.18546259003));
#1159 = CARTESIAN_POINT('',(1.73772373968,-5.682479662738));
#1160 = CARTESIAN_POINT('',(1.731425892962,-5.180846210816));
#1161 = CARTESIAN_POINT('',(1.724072490966,-4.684014608082));
#1162 = CARTESIAN_POINT('',(1.710310356107,-3.901692833137));
#1163 = CARTESIAN_POINT('',(1.704695129697,-3.611718040854));
#1164 = CARTESIAN_POINT('',(1.698583103988,-3.325151277053));
#1165 = CARTESIAN_POINT('',(1.691871244004,-3.040931281818));
#1166 = CARTESIAN_POINT('',(1.684447677737,-2.759775146436));
#1167 = CARTESIAN_POINT('',(1.676196619766,-2.484348182133));
#1168 = CARTESIAN_POINT('',(1.667004420097,-2.219479748919));
#1169 = CARTESIAN_POINT('',(1.652475208798,-1.868865376059));
#1170 = CARTESIAN_POINT('',(1.64798231376,-1.768009156051));
#1171 = CARTESIAN_POINT('',(1.643268127653,-1.67020607466));
#1172 = CARTESIAN_POINT('',(1.638313175876,-1.576006524096));
#1173 = CARTESIAN_POINT('',(1.633099055339,-1.486175551618));
#1174 = CARTESIAN_POINT('',(1.627608925719,-1.401701391039));
#1175 = CARTESIAN_POINT('',(1.621828005937,-1.323803996602));
#1176 = CARTESIAN_POINT('',(1.610749032496,-1.196586605449));
#1177 = CARTESIAN_POINT('',(1.605508904622,-1.144178010215));
#1178 = CARTESIAN_POINT('',(1.600057174246,-1.09821241323));
#1179 = CARTESIAN_POINT('',(1.594427179672,-1.059936433762));
#1180 = CARTESIAN_POINT('',(1.588652322984,-1.030349101886));
#1181 = CARTESIAN_POINT('',(1.582766220804,-1.010202123623));
#1182 = CARTESIAN_POINT('',(1.576802798347,-1.));
#1183 = CARTESIAN_POINT('',(1.570796326795,-1.));
#1184 = ( GEOMETRIC_REPRESENTATION_CONTEXT(2) 
PARAMETRIC_REPRESENTATION_CONTEXT() REPRESENTATION_CONTEXT('2D SPACE',''
  ) );
#1185 = PCURVE('',#1186,#1191);
#1186 = CYLINDRICAL_SURFACE('',#1187,5.5);
#1187 = AXIS2_PLACEMENT_3D('',#1188,#1189,#1190);
#1188 = CARTESIAN_POINT('',(211.64143824457,31.358983848622,
    25.773498925933));
#1189 = DIRECTION('',(0.,0.866025403784,0.5));
#1190 = DIRECTION('',(0.,-0.5,0.866025403784));
#1191 = DEFINITIONAL_REPRESENTATION('',(#1192),#1314);
#1192 = B_SPLINE_CURVE_WITH_KNOTS('',8,(#1193,#1194,#1195,#1196,#1197,
    #1198,#1199,#1200,#1201,#1202,#1203,#1204,#1205,#1206,#1207,#1208,
    #1209,#1210,#1211,#1212,#1213,#1214,#1215,#1216,#1217,#1218,#1219,
    #1220,#1221,#1222,#1223,#1224,#1225,#1226,#1227,#1228,#1229,#1230,
    #1231,#1232,#1233,#1234,#1235,#1236,#1237,#1238,#1239,#1240,#1241,
    #1242,#1243,#1244,#1245,#1246,#1247,#1248,#1249,#1250,#1251,#1252,
    #1253,#1254,#1255,#1256,#1257,#1258,#1259,#1260,#1261,#1262,#1263,
    #1264,#1265,#1266,#1267,#1268,#1269,#1270,#1271,#1272,#1273,#1274,
    #1275,#1276,#1277,#1278,#1279,#1280,#1281,#1282,#1283,#1284,#1285,
    #1286,#1287,#1288,#1289,#1290,#1291,#1292,#1293,#1294,#1295,#1296,
    #1297,#1298,#1299,#1300,#1301,#1302,#1303,#1304,#1305,#1306,#1307,
    #1308,#1309,#1310,#1311,#1312,#1313),.UNSPECIFIED.,.F.,.F.,(9,7,7,7,
    7,7,7,7,7,7,7,7,7,7,7,7,7,9),(0.,1.385796131896E-02,
    2.481927885732E-02,4.453013751078E-02,6.939878528276E-02,
    0.163950142071,0.28914589741,0.457204513724,0.500050798824,
    0.536763693481,0.572837300498,0.623380203957,0.743003309556,
    0.838830526884,0.916546385147,0.963872119948,0.983711457607,1.),
  .UNSPECIFIED.);
#1193 = CARTESIAN_POINT('',(0.,30.473720558371));
#1194 = CARTESIAN_POINT('',(2.336225931484E-02,30.473720558371));
#1195 = CARTESIAN_POINT('',(4.665892565737E-02,30.478342074078));
#1196 = CARTESIAN_POINT('',(6.981300316501E-02,30.487539621583));
#1197 = CARTESIAN_POINT('',(9.274694094206E-02,30.501181914904));
#1198 = CARTESIAN_POINT('',(0.11538139604,30.519051440373));
#1199 = CARTESIAN_POINT('',(0.137633996439,30.540844031014));
#1200 = CARTESIAN_POINT('',(0.159418104027,30.566168440935));
#1201 = CARTESIAN_POINT('',(0.197428839974,30.61699182994));
#1202 = CARTESIAN_POINT('',(0.213903112098,30.64139820149));
#1203 = CARTESIAN_POINT('',(0.230066824246,30.66761163499));
#1204 = CARTESIAN_POINT('',(0.245922310112,30.695484119769));
#1205 = CARTESIAN_POINT('',(0.261471806793,30.724873033853));
#1206 = CARTESIAN_POINT('',(0.276717454789,30.755641143966));
#1207 = CARTESIAN_POINT('',(0.291661297998,30.787656605526));
#1208 = CARTESIAN_POINT('',(0.332638389373,30.880379417409));
#1209 = CARTESIAN_POINT('',(0.358043243867,30.943683029606));
#1210 = CARTESIAN_POINT('',(0.382572542508,31.010092504174));
#1211 = CARTESIAN_POINT('',(0.40628111972,31.079101906246));
#1212 = CARTESIAN_POINT('',(0.429226396369,31.150307593632));
#1213 = CARTESIAN_POINT('',(0.451468827095,31.223405149286));
#1214 = CARTESIAN_POINT('',(0.473072347624,31.298186313777));
#1215 = CARTESIAN_POINT('',(0.520640916166,31.470864111402));
#1216 = CARTESIAN_POINT('',(0.546274647523,31.569713191051));
#1217 = CARTESIAN_POINT('',(0.571067150033,31.670587196855));
#1218 = CARTESIAN_POINT('',(0.59508144618,31.773106604448));
#1219 = CARTESIAN_POINT('',(0.618382859931,31.877004049264));
#1220 = CARTESIAN_POINT('',(0.6410394296,31.982120050857));
#1221 = CARTESIAN_POINT('',(0.663122320717,32.088398737212));
#1222 = CARTESIAN_POINT('',(0.766768953635,32.604544175739));
#1223 = CARTESIAN_POINT('',(0.842510082543,33.035082103479));
#1224 = CARTESIAN_POINT('',(0.912839786181,33.47608290566));
#1225 = CARTESIAN_POINT('',(0.978574886031,33.920898955021));
#1226 = CARTESIAN_POINT('',(1.040540262633,34.366600922611));
#1227 = CARTESIAN_POINT('',(1.099626496136,34.813634713156));
#1228 = CARTESIAN_POINT('',(1.156810088287,35.265593104549));
#1229 = CARTESIAN_POINT('',(1.28773267102,36.341462861063));
#1230 = CARTESIAN_POINT('',(1.359398133194,36.961861165484));
#1231 = CARTESIAN_POINT('',(1.428697775796,37.586164132163));
#1232 = CARTESIAN_POINT('',(1.496133256411,38.21241232426));
#1233 = CARTESIAN_POINT('',(1.562198115595,38.839918886895));
#1234 = CARTESIAN_POINT('',(1.627389899329,39.468897626449));
#1235 = CARTESIAN_POINT('',(1.692214503754,40.100035394863));
#1236 = CARTESIAN_POINT('',(1.844462129196,41.585047900647));
#1237 = CARTESIAN_POINT('',(1.928823557294,42.409985682052));
#1238 = CARTESIAN_POINT('',(2.013230895356,43.226127771483));
#1239 = CARTESIAN_POINT('',(2.100317926283,44.050316242024));
#1240 = CARTESIAN_POINT('',(2.192312583378,44.890809217844));
#1241 = CARTESIAN_POINT('',(2.291038174179,45.742265491213));
#1242 = CARTESIAN_POINT('',(2.398086376588,46.580291441991));
#1243 = CARTESIAN_POINT('',(2.545207588063,47.550637070547));
#1244 = CARTESIAN_POINT('',(2.575698683481,47.743163305926));
#1245 = CARTESIAN_POINT('',(2.60730907697,47.933498090057));
#1246 = CARTESIAN_POINT('',(2.640497544111,48.122777002639));
#1247 = CARTESIAN_POINT('',(2.675656066039,48.310737374379));
#1248 = CARTESIAN_POINT('',(2.713112844219,48.495630348006));
#1249 = CARTESIAN_POINT('',(2.753147357539,48.674166410187));
#1250 = CARTESIAN_POINT('',(2.832750765741,48.984869593416));
#1251 = CARTESIAN_POINT('',(2.875857321626,49.136766013281));
#1252 = CARTESIAN_POINT('',(2.924112037696,49.282018781272));
#1253 = CARTESIAN_POINT('',(2.976693903186,49.40714403823));
#1254 = CARTESIAN_POINT('',(3.032989626846,49.500184610275));
#1255 = CARTESIAN_POINT('',(3.092536293686,49.550709452008));
#1256 = CARTESIAN_POINT('',(3.154999080819,49.549865869135));
#1257 = CARTESIAN_POINT('',(3.28413168068,49.431961807686));
#1258 = CARTESIAN_POINT('',(3.341875584043,49.324990879004));
#1259 = CARTESIAN_POINT('',(3.393927181595,49.188087566359));
#1260 = CARTESIAN_POINT('',(3.440857493935,49.034876504089));
#1261 = CARTESIAN_POINT('',(3.483337823087,48.874161385777));
#1262 = CARTESIAN_POINT('',(3.522268905358,48.709887426937));
#1263 = CARTESIAN_POINT('',(3.558855514299,48.541162225173));
#1264 = CARTESIAN_POINT('',(3.644525874565,48.112390808878));
#1265 = CARTESIAN_POINT('',(3.691272439128,47.850186761369));
#1266 = CARTESIAN_POINT('',(3.735101593435,47.582168902739));
#1267 = CARTESIAN_POINT('',(3.77636221901,47.312262218845));
#1268 = CARTESIAN_POINT('',(3.815459817135,47.042230698635));
#1269 = CARTESIAN_POINT('',(3.852875162178,46.771830278031));
#1270 = CARTESIAN_POINT('',(3.889167043745,46.499009335491));
#1271 = CARTESIAN_POINT('',(4.009670429046,45.560178556606));
#1272 = CARTESIAN_POINT('',(4.089680841711,44.881232939002));
#1273 = CARTESIAN_POINT('',(4.165830685775,44.197750608772));
#1274 = CARTESIAN_POINT('',(4.238920227017,43.516710863684));
#1275 = CARTESIAN_POINT('',(4.309796165551,42.839784663785));
#1276 = CARTESIAN_POINT('',(4.379381662678,42.164967535926));
#1277 = CARTESIAN_POINT('',(4.448676446988,41.488071185047));
#1278 = CARTESIAN_POINT('',(4.574890683673,40.256804225155));
#1279 = CARTESIAN_POINT('',(4.630939434573,39.710607493015));
#1280 = CARTESIAN_POINT('',(4.687216439969,39.165720697575));
#1281 = CARTESIAN_POINT('',(4.744027981448,38.621966852187));
#1282 = CARTESIAN_POINT('',(4.801673461218,38.07934604262));
#1283 = CARTESIAN_POINT('',(4.860451393652,37.538232402596));
#1284 = CARTESIAN_POINT('',(4.920667932927,36.99954581321));
#1285 = CARTESIAN_POINT('',(5.032913710151,36.031299297917));
#1286 = CARTESIAN_POINT('',(5.084047964923,35.602870781471));
#1287 = CARTESIAN_POINT('',(5.136564585265,35.177288188738));
#1288 = CARTESIAN_POINT('',(5.190943452769,34.753282459222));
#1289 = CARTESIAN_POINT('',(5.247646570847,34.330787379283));
#1290 = CARTESIAN_POINT('',(5.30712101078,33.911118655968));
#1291 = CARTESIAN_POINT('',(5.369812514045,33.497183806262));
#1292 = CARTESIAN_POINT('',(5.476649084469,32.848030366927));
#1293 = CARTESIAN_POINT('',(5.518161540489,32.608036674622));
#1294 = CARTESIAN_POINT('',(5.56136285943,32.37145975876));
#1295 = CARTESIAN_POINT('',(5.606812389786,32.137415979838));
#1296 = CARTESIAN_POINT('',(5.655023378897,31.906501914578));
#1297 = CARTESIAN_POINT('',(5.706462946747,31.680895969358));
#1298 = CARTESIAN_POINT('',(5.761565007668,31.464495183595));
#1299 = CARTESIAN_POINT('',(5.845597125513,31.178678545356));
#1300 = CARTESIAN_POINT('',(5.871242057813,31.096546723134));
#1301 = CARTESIAN_POINT('',(5.897809942169,31.016981464222));
#1302 = CARTESIAN_POINT('',(5.92539432588,30.940422988725));
#1303 = CARTESIAN_POINT('',(5.954082435736,30.867483548406));
#1304 = CARTESIAN_POINT('',(5.983955793242,30.798953349778));
#1305 = CARTESIAN_POINT('',(6.015091737847,30.735807226285));
#1306 = CARTESIAN_POINT('',(6.07422784126,30.632746154955));
#1307 = CARTESIAN_POINT('',(6.10200983112,30.590316012966));
#1308 = CARTESIAN_POINT('',(6.130733383853,30.553124516697));
#1309 = CARTESIAN_POINT('',(6.160236607162,30.522170279484));
#1310 = CARTESIAN_POINT('',(6.190370716838,30.498251130079));
#1311 = CARTESIAN_POINT('',(6.220996253171,30.481966763614));
#1312 = CARTESIAN_POINT('',(6.251978957253,30.473720558371));
#1313 = CARTESIAN_POINT('',(6.28318530718,30.473720558371));
#1314 = ( GEOMETRIC_REPRESENTATION_CONTEXT(2) 
PARAMETRIC_REPRESENTATION_CONTEXT() REPRESENTATION_CONTEXT('2D SPACE',''
  ) );
#1315 = ADVANCED_FACE('',(#1316),#149,.T.);
#1316 = FACE_BOUND('',#1317,.T.);
#1317 = EDGE_LOOP('',(#1318,#1319,#1320,#1321));
#1318 = ORIENTED_EDGE('',*,*,#292,.T.);
#1319 = ORIENTED_EDGE('',*,*,#136,.T.);
#1320 = ORIENTED_EDGE('',*,*,#882,.T.);
#1321 = ORIENTED_EDGE('',*,*,#1322,.F.);
#1322 = EDGE_CURVE('',#253,#861,#1323,.T.);
#1323 = SURFACE_CURVE('',#1324,(#1327,#1334),.PCURVE_S1.);
#1324 = B_SPLINE_CURVE_WITH_KNOTS('',1,(#1325,#1326),.UNSPECIFIED.,.F.,
  .F.,(2,2),(0.,1.),.PIECEWISE_BEZIER_KNOTS.);
#1325 = CARTESIAN_POINT('',(200.34112946961,14.,-4.182501074067));
#1326 = CARTESIAN_POINT('',(198.28912604182,54.,-8.06503969874));
#1327 = PCURVE('',#149,#1328);
#1328 = DEFINITIONAL_REPRESENTATION('',(#1329),#1333);
#1329 = LINE('',#1330,#1331);
#1330 = CARTESIAN_POINT('',(0.,0.));
#1331 = VECTOR('',#1332,1.);
#1332 = DIRECTION('',(0.,1.));
#1333 = ( GEOMETRIC_REPRESENTATION_CONTEXT(2) 
PARAMETRIC_REPRESENTATION_CONTEXT() REPRESENTATION_CONTEXT('2D SPACE',''
  ) );
#1334 = PCURVE('',#268,#1335);
#1335 = DEFINITIONAL_REPRESENTATION('',(#1336),#1340);
#1336 = LINE('',#1337,#1338);
#1337 = CARTESIAN_POINT('',(22.600617549925,0.));
#1338 = VECTOR('',#1339,1.);
#1339 = DIRECTION('',(0.,1.));
#1340 = ( GEOMETRIC_REPRESENTATION_CONTEXT(2) 
PARAMETRIC_REPRESENTATION_CONTEXT() REPRESENTATION_CONTEXT('2D SPACE',''
  ) );
#1341 = ADVANCED_FACE('',(#1342),#268,.T.);
#1342 = FACE_BOUND('',#1343,.T.);
#1343 = EDGE_LOOP('',(#1344,#1345,#1346,#1347));
#1344 = ORIENTED_EDGE('',*,*,#252,.T.);
#1345 = ORIENTED_EDGE('',*,*,#1322,.T.);
#1346 = ORIENTED_EDGE('',*,*,#860,.T.);
#1347 = ORIENTED_EDGE('',*,*,#1348,.F.);
#1348 = EDGE_CURVE('',#210,#839,#1349,.T.);
#1349 = SURFACE_CURVE('',#1350,(#1353,#1360),.PCURVE_S1.);
#1350 = B_SPLINE_CURVE_WITH_KNOTS('',1,(#1351,#1352),.UNSPECIFIED.,.F.,
  .F.,(2,2),(0.,1.),.PIECEWISE_BEZIER_KNOTS.);
#1351 = CARTESIAN_POINT('',(222.94174701953,14.,-4.182501074067));
#1352 = CARTESIAN_POINT('',(224.99375044732,54.,-8.06503969874));
#1353 = PCURVE('',#268,#1354);
#1354 = DEFINITIONAL_REPRESENTATION('',(#1355),#1359);
#1355 = LINE('',#1356,#1357);
#1356 = CARTESIAN_POINT('',(0.,0.));
#1357 = VECTOR('',#1358,1.);
#1358 = DIRECTION('',(0.,1.));
#1359 = ( GEOMETRIC_REPRESENTATION_CONTEXT(2) 
PARAMETRIC_REPRESENTATION_CONTEXT() REPRESENTATION_CONTEXT('2D SPACE',''
  ) );
#1360 = PCURVE('',#226,#1361);
#1361 = DEFINITIONAL_REPRESENTATION('',(#1362),#1366);
#1362 = LINE('',#1363,#1364);
#1363 = CARTESIAN_POINT('',(3.14159265359,0.));
#1364 = VECTOR('',#1365,1.);
#1365 = DIRECTION('',(0.,1.));
#1366 = ( GEOMETRIC_REPRESENTATION_CONTEXT(2) 
PARAMETRIC_REPRESENTATION_CONTEXT() REPRESENTATION_CONTEXT('2D SPACE',''
  ) );
#1367 = ADVANCED_FACE('',(#1368),#226,.T.);
#1368 = FACE_BOUND('',#1369,.T.);
#1369 = EDGE_LOOP('',(#1370,#1371,#1372,#1373));
#1370 = ORIENTED_EDGE('',*,*,#209,.T.);
#1371 = ORIENTED_EDGE('',*,*,#1348,.T.);
#1372 = ORIENTED_EDGE('',*,*,#838,.T.);
#1373 = ORIENTED_EDGE('',*,*,#769,.F.);
#1374 = ADVANCED_FACE('',(#1375),#372,.F.);
#1375 = FACE_BOUND('',#1376,.F.);
#1376 = EDGE_LOOP('',(#1377,#1399,#1400,#1422));
#1377 = ORIENTED_EDGE('',*,*,#1378,.F.);
#1378 = EDGE_CURVE('',#319,#1379,#1381,.T.);
#1379 = VERTEX_POINT('',#1380);
#1380 = CARTESIAN_POINT('',(225.02269267063,54.,40.562951733242));
#1381 = SURFACE_CURVE('',#1382,(#1385,#1392),.PCURVE_S1.);
#1382 = B_SPLINE_CURVE_WITH_KNOTS('',1,(#1383,#1384),.UNSPECIFIED.,.F.,
  .F.,(2,2),(0.,1.),.PIECEWISE_BEZIER_KNOTS.);
#1383 = CARTESIAN_POINT('',(222.94174701953,13.,36.929498925933));
#1384 = CARTESIAN_POINT('',(225.02269267063,54.,40.562951733242));
#1385 = PCURVE('',#372,#1386);
#1386 = DEFINITIONAL_REPRESENTATION('',(#1387),#1391);
#1387 = LINE('',#1388,#1389);
#1388 = CARTESIAN_POINT('',(0.,0.));
#1389 = VECTOR('',#1390,1.);
#1390 = DIRECTION('',(0.,1.));
#1391 = ( GEOMETRIC_REPRESENTATION_CONTEXT(2) 
PARAMETRIC_REPRESENTATION_CONTEXT() REPRESENTATION_CONTEXT('2D SPACE',''
  ) );
#1392 = PCURVE('',#447,#1393);
#1393 = DEFINITIONAL_REPRESENTATION('',(#1394),#1398);
#1394 = LINE('',#1395,#1396);
#1395 = CARTESIAN_POINT('',(22.600617549925,0.));
#1396 = VECTOR('',#1397,1.);
#1397 = DIRECTION('',(0.,1.));
#1398 = ( GEOMETRIC_REPRESENTATION_CONTEXT(2) 
PARAMETRIC_REPRESENTATION_CONTEXT() REPRESENTATION_CONTEXT('2D SPACE',''
  ) );
#1399 = ORIENTED_EDGE('',*,*,#316,.F.);
#1400 = ORIENTED_EDGE('',*,*,#1401,.T.);
#1401 = EDGE_CURVE('',#317,#1402,#1404,.T.);
#1402 = VERTEX_POINT('',#1403);
#1403 = CARTESIAN_POINT('',(238.56643824457,54.,17.198498925933));
#1404 = SURFACE_CURVE('',#1405,(#1408,#1415),.PCURVE_S1.);
#1405 = B_SPLINE_CURVE_WITH_KNOTS('',1,(#1406,#1407),.UNSPECIFIED.,.F.,
  .F.,(2,2),(0.,1.),.PIECEWISE_BEZIER_KNOTS.);
#1406 = CARTESIAN_POINT('',(242.67274701953,13.,17.198498925933));
#1407 = CARTESIAN_POINT('',(238.56643824457,54.,17.198498925933));
#1408 = PCURVE('',#372,#1409);
#1409 = DEFINITIONAL_REPRESENTATION('',(#1410),#1414);
#1410 = LINE('',#1411,#1412);
#1411 = CARTESIAN_POINT('',(1.570796326795,0.));
#1412 = VECTOR('',#1413,1.);
#1413 = DIRECTION('',(0.,1.));
#1414 = ( GEOMETRIC_REPRESENTATION_CONTEXT(2) 
PARAMETRIC_REPRESENTATION_CONTEXT() REPRESENTATION_CONTEXT('2D SPACE',''
  ) );
#1415 = PCURVE('',#720,#1416);
#1416 = DEFINITIONAL_REPRESENTATION('',(#1417),#1421);
#1417 = LINE('',#1418,#1419);
#1418 = CARTESIAN_POINT('',(1.570796326795,0.));
#1419 = VECTOR('',#1420,1.);
#1420 = DIRECTION('',(0.,1.));
#1421 = ( GEOMETRIC_REPRESENTATION_CONTEXT(2) 
PARAMETRIC_REPRESENTATION_CONTEXT() REPRESENTATION_CONTEXT('2D SPACE',''
  ) );
#1422 = ORIENTED_EDGE('',*,*,#1423,.T.);
#1423 = EDGE_CURVE('',#1402,#1379,#1424,.T.);
#1424 = SURFACE_CURVE('',#1425,(#1430,#1436),.PCURVE_S1.);
#1425 = CIRCLE('',#1426,26.925);
#1426 = AXIS2_PLACEMENT_3D('',#1427,#1428,#1429);
#1427 = CARTESIAN_POINT('',(211.64143824457,54.,17.198498925933));
#1428 = DIRECTION('',(0.,-1.,0.));
#1429 = DIRECTION('',(1.,0.,0.));
#1430 = PCURVE('',#372,#1431);
#1431 = DEFINITIONAL_REPRESENTATION('',(#1432),#1435);
#1432 = B_SPLINE_CURVE_WITH_KNOTS('',1,(#1433,#1434),.UNSPECIFIED.,.F.,
  .F.,(2,2),(0.,1.050678343228),.PIECEWISE_BEZIER_KNOTS.);
#1433 = CARTESIAN_POINT('',(1.570796326795,1.));
#1434 = CARTESIAN_POINT('',(0.,1.));
#1435 = ( GEOMETRIC_REPRESENTATION_CONTEXT(2) 
PARAMETRIC_REPRESENTATION_CONTEXT() REPRESENTATION_CONTEXT('2D SPACE',''
  ) );
#1436 = PCURVE('',#1437,#1442);
#1437 = CYLINDRICAL_SURFACE('',#1438,26.925);
#1438 = AXIS2_PLACEMENT_3D('',#1439,#1440,#1441);
#1439 = CARTESIAN_POINT('',(211.64143824457,54.,17.198498925933));
#1440 = DIRECTION('',(0.,-1.,0.));
#1441 = DIRECTION('',(1.,0.,0.));
#1442 = DEFINITIONAL_REPRESENTATION('',(#1443),#1446);
#1443 = B_SPLINE_CURVE_WITH_KNOTS('',1,(#1444,#1445),.UNSPECIFIED.,.F.,
  .F.,(2,2),(0.,1.050678343228),.PIECEWISE_BEZIER_KNOTS.);
#1444 = CARTESIAN_POINT('',(0.,0.));
#1445 = CARTESIAN_POINT('',(1.050678343228,0.));
#1446 = ( GEOMETRIC_REPRESENTATION_CONTEXT(2) 
PARAMETRIC_REPRESENTATION_CONTEXT() REPRESENTATION_CONTEXT('2D SPACE',''
  ) );
#1447 = ADVANCED_FACE('',(#1448),#720,.F.);
#1448 = FACE_BOUND('',#1449,.F.);
#1449 = EDGE_LOOP('',(#1450,#1451,#1452,#1474));
#1450 = ORIENTED_EDGE('',*,*,#1401,.F.);
#1451 = ORIENTED_EDGE('',*,*,#668,.F.);
#1452 = ORIENTED_EDGE('',*,*,#1453,.T.);
#1453 = EDGE_CURVE('',#608,#1454,#1456,.T.);
#1454 = VERTEX_POINT('',#1455);
#1455 = CARTESIAN_POINT('',(225.02269267063,54.,-6.165953881377));
#1456 = SURFACE_CURVE('',#1457,(#1460,#1467),.PCURVE_S1.);
#1457 = B_SPLINE_CURVE_WITH_KNOTS('',1,(#1458,#1459),.UNSPECIFIED.,.F.,
  .F.,(2,2),(0.,1.),.PIECEWISE_BEZIER_KNOTS.);
#1458 = CARTESIAN_POINT('',(222.94174701953,13.,-2.532501074067));
#1459 = CARTESIAN_POINT('',(225.02269267063,54.,-6.165953881377));
#1460 = PCURVE('',#720,#1461);
#1461 = DEFINITIONAL_REPRESENTATION('',(#1462),#1466);
#1462 = LINE('',#1463,#1464);
#1463 = CARTESIAN_POINT('',(3.14159265359,0.));
#1464 = VECTOR('',#1465,1.);
#1465 = DIRECTION('',(0.,1.));
#1466 = ( GEOMETRIC_REPRESENTATION_CONTEXT(2) 
PARAMETRIC_REPRESENTATION_CONTEXT() REPRESENTATION_CONTEXT('2D SPACE',''
  ) );
#1467 = PCURVE('',#637,#1468);
#1468 = DEFINITIONAL_REPRESENTATION('',(#1469),#1473);
#1469 = LINE('',#1470,#1471);
#1470 = CARTESIAN_POINT('',(0.,0.));
#1471 = VECTOR('',#1472,1.);
#1472 = DIRECTION('',(0.,1.));
#1473 = ( GEOMETRIC_REPRESENTATION_CONTEXT(2) 
PARAMETRIC_REPRESENTATION_CONTEXT() REPRESENTATION_CONTEXT('2D SPACE',''
  ) );
#1474 = ORIENTED_EDGE('',*,*,#1475,.T.);
#1475 = EDGE_CURVE('',#1454,#1402,#1476,.T.);
#1476 = SURFACE_CURVE('',#1477,(#1482,#1488),.PCURVE_S1.);
#1477 = CIRCLE('',#1478,26.925);
#1478 = AXIS2_PLACEMENT_3D('',#1479,#1480,#1481);
#1479 = CARTESIAN_POINT('',(211.64143824457,54.,17.198498925933));
#1480 = DIRECTION('',(0.,-1.,0.));
#1481 = DIRECTION('',(1.,0.,0.));
#1482 = PCURVE('',#720,#1483);
#1483 = DEFINITIONAL_REPRESENTATION('',(#1484),#1487);
#1484 = B_SPLINE_CURVE_WITH_KNOTS('',1,(#1485,#1486),.UNSPECIFIED.,.F.,
  .F.,(2,2),(5.232506963952,6.28318530718),.PIECEWISE_BEZIER_KNOTS.);
#1485 = CARTESIAN_POINT('',(3.14159265359,1.));
#1486 = CARTESIAN_POINT('',(1.570796326795,1.));
#1487 = ( GEOMETRIC_REPRESENTATION_CONTEXT(2) 
PARAMETRIC_REPRESENTATION_CONTEXT() REPRESENTATION_CONTEXT('2D SPACE',''
  ) );
#1488 = PCURVE('',#1437,#1489);
#1489 = DEFINITIONAL_REPRESENTATION('',(#1490),#1493);
#1490 = B_SPLINE_CURVE_WITH_KNOTS('',1,(#1491,#1492),.UNSPECIFIED.,.F.,
  .F.,(2,2),(5.232506963952,6.28318530718),.PIECEWISE_BEZIER_KNOTS.);
#1491 = CARTESIAN_POINT('',(5.232506963952,0.));
#1492 = CARTESIAN_POINT('',(6.28318530718,0.));
#1493 = ( GEOMETRIC_REPRESENTATION_CONTEXT(2) 
PARAMETRIC_REPRESENTATION_CONTEXT() REPRESENTATION_CONTEXT('2D SPACE',''
  ) );
#1494 = ADVANCED_FACE('',(#1495),#637,.F.);
#1495 = FACE_BOUND('',#1496,.F.);
#1496 = EDGE_LOOP('',(#1497,#1498,#1499,#1521));
#1497 = ORIENTED_EDGE('',*,*,#1453,.F.);
#1498 = ORIENTED_EDGE('',*,*,#607,.F.);
#1499 = ORIENTED_EDGE('',*,*,#1500,.T.);
#1500 = EDGE_CURVE('',#479,#1501,#1503,.T.);
#1501 = VERTEX_POINT('',#1502);
#1502 = CARTESIAN_POINT('',(198.26018381851,54.,-6.165953881377));
#1503 = SURFACE_CURVE('',#1504,(#1507,#1514),.PCURVE_S1.);
#1504 = B_SPLINE_CURVE_WITH_KNOTS('',1,(#1505,#1506),.UNSPECIFIED.,.F.,
  .F.,(2,2),(0.,1.),.PIECEWISE_BEZIER_KNOTS.);
#1505 = CARTESIAN_POINT('',(200.34112946961,13.,-2.532501074067));
#1506 = CARTESIAN_POINT('',(198.26018381851,54.,-6.165953881377));
#1507 = PCURVE('',#637,#1508);
#1508 = DEFINITIONAL_REPRESENTATION('',(#1509),#1513);
#1509 = LINE('',#1510,#1511);
#1510 = CARTESIAN_POINT('',(22.600617549925,0.));
#1511 = VECTOR('',#1512,1.);
#1512 = DIRECTION('',(0.,1.));
#1513 = ( GEOMETRIC_REPRESENTATION_CONTEXT(2) 
PARAMETRIC_REPRESENTATION_CONTEXT() REPRESENTATION_CONTEXT('2D SPACE',''
  ) );
#1514 = PCURVE('',#548,#1515);
#1515 = DEFINITIONAL_REPRESENTATION('',(#1516),#1520);
#1516 = LINE('',#1517,#1518);
#1517 = CARTESIAN_POINT('',(0.,0.));
#1518 = VECTOR('',#1519,1.);
#1519 = DIRECTION('',(0.,1.));
#1520 = ( GEOMETRIC_REPRESENTATION_CONTEXT(2) 
PARAMETRIC_REPRESENTATION_CONTEXT() REPRESENTATION_CONTEXT('2D SPACE',''
  ) );
#1521 = ORIENTED_EDGE('',*,*,#1522,.T.);
#1522 = EDGE_CURVE('',#1501,#1454,#1523,.T.);
#1523 = SURFACE_CURVE('',#1524,(#1529,#1535),.PCURVE_S1.);
#1524 = CIRCLE('',#1525,26.925);
#1525 = AXIS2_PLACEMENT_3D('',#1526,#1527,#1528);
#1526 = CARTESIAN_POINT('',(211.64143824457,54.,17.198498925933));
#1527 = DIRECTION('',(0.,-1.,0.));
#1528 = DIRECTION('',(1.,0.,0.));
#1529 = PCURVE('',#637,#1530);
#1530 = DEFINITIONAL_REPRESENTATION('',(#1531),#1534);
#1531 = B_SPLINE_CURVE_WITH_KNOTS('',1,(#1532,#1533),.UNSPECIFIED.,.F.,
  .F.,(2,2),(4.192270996817,5.232506963952),.PIECEWISE_BEZIER_KNOTS.);
#1532 = CARTESIAN_POINT('',(22.600617549925,1.));
#1533 = CARTESIAN_POINT('',(0.,1.));
#1534 = ( GEOMETRIC_REPRESENTATION_CONTEXT(2) 
PARAMETRIC_REPRESENTATION_CONTEXT() REPRESENTATION_CONTEXT('2D SPACE',''
  ) );
#1535 = PCURVE('',#1437,#1536);
#1536 = DEFINITIONAL_REPRESENTATION('',(#1537),#1540);
#1537 = B_SPLINE_CURVE_WITH_KNOTS('',1,(#1538,#1539),.UNSPECIFIED.,.F.,
  .F.,(2,2),(4.192270996817,5.232506963952),.PIECEWISE_BEZIER_KNOTS.);
#1538 = CARTESIAN_POINT('',(4.192270996817,0.));
#1539 = CARTESIAN_POINT('',(5.232506963952,0.));
#1540 = ( GEOMETRIC_REPRESENTATION_CONTEXT(2) 
PARAMETRIC_REPRESENTATION_CONTEXT() REPRESENTATION_CONTEXT('2D SPACE',''
  ) );
#1541 = ADVANCED_FACE('',(#1542),#548,.F.);
#1542 = FACE_BOUND('',#1543,.F.);
#1543 = EDGE_LOOP('',(#1544,#1545,#1546,#1568));
#1544 = ORIENTED_EDGE('',*,*,#1500,.F.);
#1545 = ORIENTED_EDGE('',*,*,#478,.F.);
#1546 = ORIENTED_EDGE('',*,*,#1547,.T.);
#1547 = EDGE_CURVE('',#418,#1548,#1550,.T.);
#1548 = VERTEX_POINT('',#1549);
#1549 = CARTESIAN_POINT('',(198.26018381851,54.,40.562951733242));
#1550 = SURFACE_CURVE('',#1551,(#1554,#1561),.PCURVE_S1.);
#1551 = B_SPLINE_CURVE_WITH_KNOTS('',1,(#1552,#1553),.UNSPECIFIED.,.F.,
  .F.,(2,2),(0.,1.),.PIECEWISE_BEZIER_KNOTS.);
#1552 = CARTESIAN_POINT('',(200.34112946961,13.,36.929498925933));
#1553 = CARTESIAN_POINT('',(198.26018381851,54.,40.562951733242));
#1554 = PCURVE('',#548,#1555);
#1555 = DEFINITIONAL_REPRESENTATION('',(#1556),#1560);
#1556 = LINE('',#1557,#1558);
#1557 = CARTESIAN_POINT('',(3.14159265359,0.));
#1558 = VECTOR('',#1559,1.);
#1559 = DIRECTION('',(0.,1.));
#1560 = ( GEOMETRIC_REPRESENTATION_CONTEXT(2) 
PARAMETRIC_REPRESENTATION_CONTEXT() REPRESENTATION_CONTEXT('2D SPACE',''
  ) );
#1561 = PCURVE('',#447,#1562);
#1562 = DEFINITIONAL_REPRESENTATION('',(#1563),#1567);
#1563 = LINE('',#1564,#1565);
#1564 = CARTESIAN_POINT('',(0.,0.));
#1565 = VECTOR('',#1566,1.);
#1566 = DIRECTION('',(0.,1.));
#1567 = ( GEOMETRIC_REPRESENTATION_CONTEXT(2) 
PARAMETRIC_REPRESENTATION_CONTEXT() REPRESENTATION_CONTEXT('2D SPACE',''
  ) );
#1568 = ORIENTED_EDGE('',*,*,#1569,.T.);
#1569 = EDGE_CURVE('',#1548,#1501,#1570,.T.);
#1570 = SURFACE_CURVE('',#1571,(#1576,#1582),.PCURVE_S1.);
#1571 = CIRCLE('',#1572,26.925);
#1572 = AXIS2_PLACEMENT_3D('',#1573,#1574,#1575);
#1573 = CARTESIAN_POINT('',(211.64143824457,54.,17.198498925933));
#1574 = DIRECTION('',(0.,-1.,0.));
#1575 = DIRECTION('',(1.,0.,0.));
#1576 = PCURVE('',#548,#1577);
#1577 = DEFINITIONAL_REPRESENTATION('',(#1578),#1581);
#1578 = B_SPLINE_CURVE_WITH_KNOTS('',1,(#1579,#1580),.UNSPECIFIED.,.F.,
  .F.,(2,2),(2.090914310362,4.192270996817),.PIECEWISE_BEZIER_KNOTS.);
#1579 = CARTESIAN_POINT('',(3.14159265359,1.));
#1580 = CARTESIAN_POINT('',(0.,1.));
#1581 = ( GEOMETRIC_REPRESENTATION_CONTEXT(2) 
PARAMETRIC_REPRESENTATION_CONTEXT() REPRESENTATION_CONTEXT('2D SPACE',''
  ) );
#1582 = PCURVE('',#1437,#1583);
#1583 = DEFINITIONAL_REPRESENTATION('',(#1584),#1587);
#1584 = B_SPLINE_CURVE_WITH_KNOTS('',1,(#1585,#1586),.UNSPECIFIED.,.F.,
  .F.,(2,2),(2.090914310362,4.192270996817),.PIECEWISE_BEZIER_KNOTS.);
#1585 = CARTESIAN_POINT('',(2.090914310362,0.));
#1586 = CARTESIAN_POINT('',(4.192270996817,0.));
#1587 = ( GEOMETRIC_REPRESENTATION_CONTEXT(2) 
PARAMETRIC_REPRESENTATION_CONTEXT() REPRESENTATION_CONTEXT('2D SPACE',''
  ) );
#1588 = ADVANCED_FACE('',(#1589),#447,.F.);
#1589 = FACE_BOUND('',#1590,.F.);
#1590 = EDGE_LOOP('',(#1591,#1592,#1593,#1594,#1616,#1696,#1776));
#1591 = ORIENTED_EDGE('',*,*,#1547,.F.);
#1592 = ORIENTED_EDGE('',*,*,#417,.F.);
#1593 = ORIENTED_EDGE('',*,*,#1378,.T.);
#1594 = ORIENTED_EDGE('',*,*,#1595,.T.);
#1595 = EDGE_CURVE('',#1379,#1596,#1598,.T.);
#1596 = VERTEX_POINT('',#1597);
#1597 = CARTESIAN_POINT('',(214.94879506975,54.,43.919595756544));
#1598 = SURFACE_CURVE('',#1599,(#1604,#1610),.PCURVE_S1.);
#1599 = CIRCLE('',#1600,26.925);
#1600 = AXIS2_PLACEMENT_3D('',#1601,#1602,#1603);
#1601 = CARTESIAN_POINT('',(211.64143824457,54.,17.198498925933));
#1602 = DIRECTION('',(0.,-1.,0.));
#1603 = DIRECTION('',(1.,0.,0.));
#1604 = PCURVE('',#447,#1605);
#1605 = DEFINITIONAL_REPRESENTATION('',(#1606),#1609);
#1606 = B_SPLINE_CURVE_WITH_KNOTS('',1,(#1607,#1608),.UNSPECIFIED.,.F.,
  .F.,(2,2),(1.050678343228,2.090914310362),.PIECEWISE_BEZIER_KNOTS.);
#1607 = CARTESIAN_POINT('',(22.600617549925,1.));
#1608 = CARTESIAN_POINT('',(0.,1.));
#1609 = ( GEOMETRIC_REPRESENTATION_CONTEXT(2) 
PARAMETRIC_REPRESENTATION_CONTEXT() REPRESENTATION_CONTEXT('2D SPACE',''
  ) );
#1610 = PCURVE('',#1437,#1611);
#1611 = DEFINITIONAL_REPRESENTATION('',(#1612),#1615);
#1612 = B_SPLINE_CURVE_WITH_KNOTS('',1,(#1613,#1614),.UNSPECIFIED.,.F.,
  .F.,(2,2),(1.050678343228,2.090914310362),.PIECEWISE_BEZIER_KNOTS.);
#1613 = CARTESIAN_POINT('',(1.050678343228,0.));
#1614 = CARTESIAN_POINT('',(2.090914310362,0.));
#1615 = ( GEOMETRIC_REPRESENTATION_CONTEXT(2) 
PARAMETRIC_REPRESENTATION_CONTEXT() REPRESENTATION_CONTEXT('2D SPACE',''
  ) );
#1616 = ORIENTED_EDGE('',*,*,#1617,.T.);
#1617 = EDGE_CURVE('',#1596,#1618,#1620,.T.);
#1618 = VERTEX_POINT('',#1619);
#1619 = CARTESIAN_POINT('',(211.64143824457,51.330965743982,
    43.655181010555));
#1620 = SURFACE_CURVE('',#1621,(#1644,#1670),.PCURVE_S1.);
#1621 = B_SPLINE_CURVE_WITH_KNOTS('',6,(#1622,#1623,#1624,#1625,#1626,
    #1627,#1628,#1629,#1630,#1631,#1632,#1633,#1634,#1635,#1636,#1637,
    #1638,#1639,#1640,#1641,#1642,#1643),.UNSPECIFIED.,.F.,.F.,(7,5,5,5,
    7),(0.,0.339431208114,0.627442725632,0.777202552908,1.),
  .UNSPECIFIED.);
#1622 = CARTESIAN_POINT('',(214.94879505341,54.,43.919595770748));
#1623 = CARTESIAN_POINT('',(214.83030606322,53.78193300752,
    43.896667324614));
#1624 = CARTESIAN_POINT('',(214.70527268566,53.567089090316,
    43.874352226543));
#1625 = CARTESIAN_POINT('',(214.57306906682,53.355968244768,
    43.852683003585));
#1626 = CARTESIAN_POINT('',(214.43299405497,53.14937711996,
    43.831720910017));
#1627 = CARTESIAN_POINT('',(214.28427419442,52.948425666633,
    43.811551862732));
#1628 = CARTESIAN_POINT('',(213.99143759944,52.590245384195,
    43.775959742281));
#1629 = CARTESIAN_POINT('',(213.85011394424,52.431100238065,
    43.760290062788));
#1630 = CARTESIAN_POINT('',(213.70119582136,52.278083140269,
    43.745353897679));
#1631 = CARTESIAN_POINT('',(213.54405692743,52.132585800535,
    43.731266328744));
#1632 = CARTESIAN_POINT('',(213.378163832,51.996503218394,
    43.718184302972));
#1633 = CARTESIAN_POINT('',(213.11202811985,51.807621896153,
    43.700133557764));
#1634 = CARTESIAN_POINT('',(213.01852236254,51.746219838341,
    43.694286405375));
#1635 = CARTESIAN_POINT('',(212.92251534698,51.688378035473,
    43.688796305685));
#1636 = CARTESIAN_POINT('',(212.82401387193,51.634507018448,
    43.683698020962));
#1637 = CARTESIAN_POINT('',(212.72308804222,51.585051779938,
    43.679029398193));
#1638 = CARTESIAN_POINT('',(212.46635824351,51.474127033996,
    43.668579599025));
#1639 = CARTESIAN_POINT('',(212.30768264176,51.418511150535,
    43.6633615583));
#1640 = CARTESIAN_POINT('',(212.14458279836,51.375223888802,
    43.659313241486));
#1641 = CARTESIAN_POINT('',(211.97811611097,51.34571050858,
    43.656557713692));
#1642 = CARTESIAN_POINT('',(211.80973975895,51.330965743982,
    43.655181010555));
#1643 = CARTESIAN_POINT('',(211.64143824457,51.330965743982,
    43.655181010555));
#1644 = PCURVE('',#447,#1645);
#1645 = DEFINITIONAL_REPRESENTATION('',(#1646),#1669);
#1646 = B_SPLINE_CURVE_WITH_KNOTS('',6,(#1647,#1648,#1649,#1650,#1651,
    #1652,#1653,#1654,#1655,#1656,#1657,#1658,#1659,#1660,#1661,#1662,
    #1663,#1664,#1665,#1666,#1667,#1668),.UNSPECIFIED.,.F.,.F.,(7,5,5,5,
    7),(0.,0.339431208114,0.627442725632,0.777202552908,1.),
  .UNSPECIFIED.);
#1647 = CARTESIAN_POINT('',(13.975852334038,1.));
#1648 = CARTESIAN_POINT('',(13.882243414177,0.994681292866));
#1649 = CARTESIAN_POINT('',(13.783109545153,0.989441197325));
#1650 = CARTESIAN_POINT('',(13.677925743718,0.984291908409));
#1651 = CARTESIAN_POINT('',(13.566102118415,0.979253100487));
#1652 = CARTESIAN_POINT('',(13.446988116465,0.974351845528));
#1653 = CARTESIAN_POINT('',(13.21170744569,0.965615741078));
#1654 = CARTESIAN_POINT('',(13.097890042236,0.961734152148));
#1655 = CARTESIAN_POINT('',(12.977682151986,0.958002027811));
#1656 = CARTESIAN_POINT('',(12.850560541463,0.954453312208));
#1657 = CARTESIAN_POINT('',(12.716080543517,0.951134224839));
#1658 = CARTESIAN_POINT('',(12.499940966049,0.946527363321));
#1659 = CARTESIAN_POINT('',(12.423933973112,0.945029752155));
#1660 = CARTESIAN_POINT('',(12.345828515912,0.943618976475));
#1661 = CARTESIAN_POINT('',(12.265631192486,0.94230504923));
#1662 = CARTESIAN_POINT('',(12.183401616572,0.941098823901));
#1663 = CARTESIAN_POINT('',(11.974099767712,0.938393342293));
#1664 = CARTESIAN_POINT('',(11.844624059124,0.93703685733));
#1665 = CARTESIAN_POINT('',(11.711442057655,0.935981070459));
#1666 = CARTESIAN_POINT('',(11.575440402361,0.935261231917));
#1667 = CARTESIAN_POINT('',(11.437844006388,0.934901603512));
#1668 = CARTESIAN_POINT('',(11.300308774963,0.934901603512));
#1669 = ( GEOMETRIC_REPRESENTATION_CONTEXT(2) 
PARAMETRIC_REPRESENTATION_CONTEXT() REPRESENTATION_CONTEXT('2D SPACE',''
  ) );
#1670 = PCURVE('',#1186,#1671);
#1671 = DEFINITIONAL_REPRESENTATION('',(#1672),#1695);
#1672 = B_SPLINE_CURVE_WITH_KNOTS('',6,(#1673,#1674,#1675,#1676,#1677,
    #1678,#1679,#1680,#1681,#1682,#1683,#1684,#1685,#1686,#1687,#1688,
    #1689,#1690,#1691,#1692,#1693,#1694),.UNSPECIFIED.,.F.,.F.,(7,5,5,5,
    7),(0.,0.339431208114,0.627442725632,0.777202552908,1.),
  .UNSPECIFIED.);
#1673 = CARTESIAN_POINT('',(0.645174161246,28.680743576994));
#1674 = CARTESIAN_POINT('',(0.618210974455,28.480427798713));
#1675 = CARTESIAN_POINT('',(0.590415167093,28.28320995953));
#1676 = CARTESIAN_POINT('',(0.561684961377,28.089539332539));
#1677 = CARTESIAN_POINT('',(0.531910058719,27.900145123474));
#1678 = CARTESIAN_POINT('',(0.500968480229,27.716031536323));
#1679 = CARTESIAN_POINT('',(0.441289943384,27.388042252371));
#1680 = CARTESIAN_POINT('',(0.412944874722,27.242383673187));
#1681 = CARTESIAN_POINT('',(0.38353039669,27.102398896728));
#1682 = CARTESIAN_POINT('',(0.352943919071,26.969350719868));
#1683 = CARTESIAN_POINT('',(0.321095185875,26.844958733835));
#1684 = CARTESIAN_POINT('',(0.270629926182,26.67235733787));
#1685 = CARTESIAN_POINT('',(0.253005055709,26.616258019766));
#1686 = CARTESIAN_POINT('',(0.235010854939,26.563420499237));
#1687 = CARTESIAN_POINT('',(0.216646229843,26.514217687604));
#1688 = CARTESIAN_POINT('',(0.197919754403,26.469053883319));
#1689 = CARTESIAN_POINT('',(0.150484956261,26.367765335841));
#1690 = CARTESIAN_POINT('',(0.121341769303,26.316991547547));
#1691 = CARTESIAN_POINT('',(9.153245206644E-02,26.27747952082));
#1692 = CARTESIAN_POINT('',(6.121414501158E-02,26.250542419899));
#1693 = CARTESIAN_POINT('',(3.060027534247E-02,26.237084727615));
#1694 = CARTESIAN_POINT('',(0.,26.237084727615));
#1695 = ( GEOMETRIC_REPRESENTATION_CONTEXT(2) 
PARAMETRIC_REPRESENTATION_CONTEXT() REPRESENTATION_CONTEXT('2D SPACE',''
  ) );
#1696 = ORIENTED_EDGE('',*,*,#1697,.T.);
#1697 = EDGE_CURVE('',#1618,#1698,#1700,.T.);
#1698 = VERTEX_POINT('',#1699);
#1699 = CARTESIAN_POINT('',(208.33408141939,54.,43.919595756544));
#1700 = SURFACE_CURVE('',#1701,(#1724,#1750),.PCURVE_S1.);
#1701 = B_SPLINE_CURVE_WITH_KNOTS('',6,(#1702,#1703,#1704,#1705,#1706,
    #1707,#1708,#1709,#1710,#1711,#1712,#1713,#1714,#1715,#1716,#1717,
    #1718,#1719,#1720,#1721,#1722,#1723),.UNSPECIFIED.,.F.,.F.,(7,5,5,5,
    7),(0.,0.22434468575,0.366702221075,0.652862211977,1.),
  .UNSPECIFIED.);
#1702 = CARTESIAN_POINT('',(211.64143824457,51.330965743982,
    43.655181010555));
#1703 = CARTESIAN_POINT('',(211.47196702079,51.330965743982,
    43.655181010555));
#1704 = CARTESIAN_POINT('',(211.30242029466,51.345916167842,
    43.656576916364));
#1705 = CARTESIAN_POINT('',(211.13482344608,51.37584130004,
    43.659370884901));
#1706 = CARTESIAN_POINT('',(210.97066194732,51.419718402198,
    43.663474466176));
#1707 = CARTESIAN_POINT('',(210.81100863837,51.476064570071,
    43.668761389426));
#1708 = CARTESIAN_POINT('',(210.55860135092,51.585861104348,
    43.679106134982));
#1709 = CARTESIAN_POINT('',(210.46267406979,51.632865436478,
    43.683543567152));
#1710 = CARTESIAN_POINT('',(210.36893441788,51.683863298039,
    43.68836953547));
#1711 = CARTESIAN_POINT('',(210.27744424077,51.738472585371,
    43.693551540684));
#1712 = CARTESIAN_POINT('',(210.18821287319,51.796338980488,
    43.699059572802));
#1713 = CARTESIAN_POINT('',(209.92632302913,51.979416870418,
    43.716544228332));
#1714 = CARTESIAN_POINT('',(209.76053476957,52.113543444227,
    43.72942825291));
#1715 = CARTESIAN_POINT('',(209.60343799028,52.257145168382,
    43.743320395369));
#1716 = CARTESIAN_POINT('',(209.45451411527,52.408318795354,
    43.758061888313));
#1717 = CARTESIAN_POINT('',(209.31315240986,52.565669227988,
    43.773538226126));
#1718 = CARTESIAN_POINT('',(209.01552754647,52.925645926547,
    43.809266682246));
#1719 = CARTESIAN_POINT('',(208.86262479244,53.130633644651,
    43.829819832582));
#1720 = CARTESIAN_POINT('',(208.71881965574,53.341599362498,
    43.851208600766));
#1721 = CARTESIAN_POINT('',(208.58328294134,53.557338529842,
    43.873339618122));
#1722 = CARTESIAN_POINT('',(208.45526082462,53.776981601033,
    43.896146713698));
#1723 = CARTESIAN_POINT('',(208.33408143573,54.,43.919595770748));
#1724 = PCURVE('',#447,#1725);
#1725 = DEFINITIONAL_REPRESENTATION('',(#1726),#1749);
#1726 = B_SPLINE_CURVE_WITH_KNOTS('',6,(#1727,#1728,#1729,#1730,#1731,
    #1732,#1733,#1734,#1735,#1736,#1737,#1738,#1739,#1740,#1741,#1742,
    #1743,#1744,#1745,#1746,#1747,#1748),.UNSPECIFIED.,.F.,.F.,(7,5,5,5,
    7),(0.,0.22434468575,0.366702221075,0.652862211977,1.),
  .UNSPECIFIED.);
#1727 = CARTESIAN_POINT('',(11.300308774963,0.934901603512));
#1728 = CARTESIAN_POINT('',(11.161817662344,0.934901603512));
#1729 = CARTESIAN_POINT('',(11.023264841761,0.935266247996));
#1730 = CARTESIAN_POINT('',(10.886340341431,0.935996129269));
#1731 = CARTESIAN_POINT('',(10.752292911008,0.937066302493));
#1732 = CARTESIAN_POINT('',(10.622022111495,0.93844059927));
#1733 = CARTESIAN_POINT('',(10.416250750545,0.941118563521));
#1734 = CARTESIAN_POINT('',(10.338094040295,0.942265010646));
#1735 = CARTESIAN_POINT('',(10.261771127235,0.943508860928));
#1736 = CARTESIAN_POINT('',(10.187334585145,0.944840794765));
#1737 = CARTESIAN_POINT('',(10.114793017781,0.946252170256));
#1738 = CARTESIAN_POINT('',(9.902064119098,0.950717484644));
#1739 = CARTESIAN_POINT('',(9.76764096356,0.953988864493));
#1740 = CARTESIAN_POINT('',(9.640522608993,0.95749134557));
#1741 = CARTESIAN_POINT('',(9.520277467623,0.961178507204));
#1742 = CARTESIAN_POINT('',(9.406394886287,0.965016322634));
#1743 = CARTESIAN_POINT('',(9.167187252604,0.973796242111));
#1744 = CARTESIAN_POINT('',(9.044688907489,0.978795942552));
#1745 = CARTESIAN_POINT('',(8.929862645619,0.983941447866));
#1746 = CARTESIAN_POINT('',(8.822010942529,0.989203378777));
#1747 = CARTESIAN_POINT('',(8.720499610162,0.994560526854));
#1748 = CARTESIAN_POINT('',(8.624765215887,1.));
#1749 = ( GEOMETRIC_REPRESENTATION_CONTEXT(2) 
PARAMETRIC_REPRESENTATION_CONTEXT() REPRESENTATION_CONTEXT('2D SPACE',''
  ) );
#1750 = PCURVE('',#1186,#1751);
#1751 = DEFINITIONAL_REPRESENTATION('',(#1752),#1775);
#1752 = B_SPLINE_CURVE_WITH_KNOTS('',6,(#1753,#1754,#1755,#1756,#1757,
    #1758,#1759,#1760,#1761,#1762,#1763,#1764,#1765,#1766,#1767,#1768,
    #1769,#1770,#1771,#1772,#1773,#1774),.UNSPECIFIED.,.F.,.F.,(7,5,5,5,
    7),(0.,0.22434468575,0.366702221075,0.652862211977,1.),
  .UNSPECIFIED.);
#1753 = CARTESIAN_POINT('',(6.28318530718,26.237084727615));
#1754 = CARTESIAN_POINT('',(6.252372357402,26.237084727615));
#1755 = CARTESIAN_POINT('',(6.221545692767,26.25073012738));
#1756 = CARTESIAN_POINT('',(6.191020817345,26.278043036344));
#1757 = CARTESIAN_POINT('',(6.161015221965,26.318093512094));
#1758 = CARTESIAN_POINT('',(6.131688360182,26.369534186504));
#1759 = CARTESIAN_POINT('',(6.085042207656,26.469793147212));
#1760 = CARTESIAN_POINT('',(6.067242742908,26.51271880901));
#1761 = CARTESIAN_POINT('',(6.04976981858,26.559297236819));
#1762 = CARTESIAN_POINT('',(6.032631042071,26.609181269539));
#1763 = CARTESIAN_POINT('',(6.015825993667,26.662049053795));
#1764 = CARTESIAN_POINT('',(5.966225020668,26.82934148511));
#1765 = CARTESIAN_POINT('',(5.934441232196,26.95194051764));
#1766 = CARTESIAN_POINT('',(5.903912507901,27.083249330015));
#1767 = CARTESIAN_POINT('',(5.874550273038,27.221540277827));
#1768 = CARTESIAN_POINT('',(5.846254808373,27.365547918692));
#1769 = CARTESIAN_POINT('',(5.785734898972,27.695161112474));
#1770 = CARTESIAN_POINT('',(5.75398188556,27.882962258983));
#1771 = CARTESIAN_POINT('',(5.723457909257,28.076358314059));
#1772 = CARTESIAN_POINT('',(5.6940323182,28.274259422248));
#1773 = CARTESIAN_POINT('',(5.665586556044,28.475879449453));
#1774 = CARTESIAN_POINT('',(5.638011145934,28.680743576994));
#1775 = ( GEOMETRIC_REPRESENTATION_CONTEXT(2) 
PARAMETRIC_REPRESENTATION_CONTEXT() REPRESENTATION_CONTEXT('2D SPACE',''
  ) );
#1776 = ORIENTED_EDGE('',*,*,#1777,.T.);
#1777 = EDGE_CURVE('',#1698,#1548,#1778,.T.);
#1778 = SURFACE_CURVE('',#1779,(#1784,#1790),.PCURVE_S1.);
#1779 = CIRCLE('',#1780,26.925);
#1780 = AXIS2_PLACEMENT_3D('',#1781,#1782,#1783);
#1781 = CARTESIAN_POINT('',(211.64143824457,54.,17.198498925933));
#1782 = DIRECTION('',(0.,-1.,0.));
#1783 = DIRECTION('',(1.,0.,0.));
#1784 = PCURVE('',#447,#1785);
#1785 = DEFINITIONAL_REPRESENTATION('',(#1786),#1789);
#1786 = B_SPLINE_CURVE_WITH_KNOTS('',1,(#1787,#1788),.UNSPECIFIED.,.F.,
  .F.,(2,2),(1.050678343228,2.090914310362),.PIECEWISE_BEZIER_KNOTS.);
#1787 = CARTESIAN_POINT('',(22.600617549925,1.));
#1788 = CARTESIAN_POINT('',(0.,1.));
#1789 = ( GEOMETRIC_REPRESENTATION_CONTEXT(2) 
PARAMETRIC_REPRESENTATION_CONTEXT() REPRESENTATION_CONTEXT('2D SPACE',''
  ) );
#1790 = PCURVE('',#1437,#1791);
#1791 = DEFINITIONAL_REPRESENTATION('',(#1792),#1795);
#1792 = B_SPLINE_CURVE_WITH_KNOTS('',1,(#1793,#1794),.UNSPECIFIED.,.F.,
  .F.,(2,2),(1.050678343228,2.090914310362),.PIECEWISE_BEZIER_KNOTS.);
#1793 = CARTESIAN_POINT('',(1.050678343228,0.));
#1794 = CARTESIAN_POINT('',(2.090914310362,0.));
#1795 = ( GEOMETRIC_REPRESENTATION_CONTEXT(2) 
PARAMETRIC_REPRESENTATION_CONTEXT() REPRESENTATION_CONTEXT('2D SPACE',''
  ) );
#1796 = ADVANCED_FACE('',(#1797,#1800),#920,.F.);
#1797 = FACE_BOUND('',#1798,.F.);
#1798 = EDGE_LOOP('',(#1799));
#1799 = ORIENTED_EDGE('',*,*,#905,.T.);
#1800 = FACE_BOUND('',#1801,.F.);
#1801 = EDGE_LOOP('',(#1802));
#1802 = ORIENTED_EDGE('',*,*,#1803,.F.);
#1803 = EDGE_CURVE('',#1804,#1804,#1806,.T.);
#1804 = VERTEX_POINT('',#1805);
#1805 = CARTESIAN_POINT('',(238.56643824457,168.,17.198498925933));
#1806 = SURFACE_CURVE('',#1807,(#1812,#1819),.PCURVE_S1.);
#1807 = CIRCLE('',#1808,26.925);
#1808 = AXIS2_PLACEMENT_3D('',#1809,#1810,#1811);
#1809 = CARTESIAN_POINT('',(211.64143824457,168.,17.198498925933));
#1810 = DIRECTION('',(0.,-1.,0.));
#1811 = DIRECTION('',(1.,0.,0.));
#1812 = PCURVE('',#920,#1813);
#1813 = DEFINITIONAL_REPRESENTATION('',(#1814),#1818);
#1814 = CIRCLE('',#1815,26.925);
#1815 = AXIS2_PLACEMENT_2D('',#1816,#1817);
#1816 = CARTESIAN_POINT('',(-3.552713678801E-15,0.));
#1817 = DIRECTION('',(0.,1.));
#1818 = ( GEOMETRIC_REPRESENTATION_CONTEXT(2) 
PARAMETRIC_REPRESENTATION_CONTEXT() REPRESENTATION_CONTEXT('2D SPACE',''
  ) );
#1819 = PCURVE('',#1437,#1820);
#1820 = DEFINITIONAL_REPRESENTATION('',(#1821),#1825);
#1821 = LINE('',#1822,#1823);
#1822 = CARTESIAN_POINT('',(0.,-114.));
#1823 = VECTOR('',#1824,1.);
#1824 = DIRECTION('',(1.,0.));
#1825 = ( GEOMETRIC_REPRESENTATION_CONTEXT(2) 
PARAMETRIC_REPRESENTATION_CONTEXT() REPRESENTATION_CONTEXT('2D SPACE',''
  ) );
#1826 = ADVANCED_FACE('',(#1827),#1186,.F.);
#1827 = FACE_BOUND('',#1828,.F.);
#1828 = EDGE_LOOP('',(#1829,#1830,#1851,#1852,#2101,#2102));
#1829 = ORIENTED_EDGE('',*,*,#934,.F.);
#1830 = ORIENTED_EDGE('',*,*,#1831,.F.);
#1831 = EDGE_CURVE('',#1618,#935,#1832,.T.);
#1832 = SEAM_CURVE('',#1833,(#1837,#1844),.PCURVE_S1.);
#1833 = LINE('',#1834,#1835);
#1834 = CARTESIAN_POINT('',(211.64143824457,28.608983848622,
    30.536638646747));
#1835 = VECTOR('',#1836,1.);
#1836 = DIRECTION('',(0.,0.866025403784,0.5));
#1837 = PCURVE('',#1186,#1838);
#1838 = DEFINITIONAL_REPRESENTATION('',(#1839),#1843);
#1839 = LINE('',#1840,#1841);
#1840 = CARTESIAN_POINT('',(6.28318530718,-0.));
#1841 = VECTOR('',#1842,1.);
#1842 = DIRECTION('',(0.,1.));
#1843 = ( GEOMETRIC_REPRESENTATION_CONTEXT(2) 
PARAMETRIC_REPRESENTATION_CONTEXT() REPRESENTATION_CONTEXT('2D SPACE',''
  ) );
#1844 = PCURVE('',#1186,#1845);
#1845 = DEFINITIONAL_REPRESENTATION('',(#1846),#1850);
#1846 = LINE('',#1847,#1848);
#1847 = CARTESIAN_POINT('',(0.,-0.));
#1848 = VECTOR('',#1849,1.);
#1849 = DIRECTION('',(0.,1.));
#1850 = ( GEOMETRIC_REPRESENTATION_CONTEXT(2) 
PARAMETRIC_REPRESENTATION_CONTEXT() REPRESENTATION_CONTEXT('2D SPACE',''
  ) );
#1851 = ORIENTED_EDGE('',*,*,#1617,.F.);
#1852 = ORIENTED_EDGE('',*,*,#1853,.T.);
#1853 = EDGE_CURVE('',#1596,#1698,#1854,.T.);
#1854 = SURFACE_CURVE('',#1855,(#1935,#2018),.PCURVE_S1.);
#1855 = B_SPLINE_CURVE_WITH_KNOTS('',8,(#1856,#1857,#1858,#1859,#1860,
    #1861,#1862,#1863,#1864,#1865,#1866,#1867,#1868,#1869,#1870,#1871,
    #1872,#1873,#1874,#1875,#1876,#1877,#1878,#1879,#1880,#1881,#1882,
    #1883,#1884,#1885,#1886,#1887,#1888,#1889,#1890,#1891,#1892,#1893,
    #1894,#1895,#1896,#1897,#1898,#1899,#1900,#1901,#1902,#1903,#1904,
    #1905,#1906,#1907,#1908,#1909,#1910,#1911,#1912,#1913,#1914,#1915,
    #1916,#1917,#1918,#1919,#1920,#1921,#1922,#1923,#1924,#1925,#1926,
    #1927,#1928,#1929,#1930,#1931,#1932,#1933,#1934),.UNSPECIFIED.,.F.,
  .F.,(9,7,7,7,7,7,7,7,7,7,7,9),(0.,9.695340947884E-02,0.260349720633,
    0.449190913538,0.49731415813,0.540378060867,0.580432788407,
    0.634686171264,0.773264336338,0.891296619071,0.968180218898,1.),
  .UNSPECIFIED.);
#1856 = CARTESIAN_POINT('',(214.94879460494,53.9999994,43.919595814076)
  );
#1857 = CARTESIAN_POINT('',(215.2878578535,54.437680220724,
    43.87762886203));
#1858 = CARTESIAN_POINT('',(215.57881602571,54.898284582785,
    43.836623199935));
#1859 = CARTESIAN_POINT('',(215.82801311382,55.369488756335,
    43.798244578577));
#1860 = CARTESIAN_POINT('',(216.04178257661,55.844034745761,
    43.763163350583));
#1861 = CARTESIAN_POINT('',(216.22585340857,56.318569869819,
    43.73147282802));
#1862 = CARTESIAN_POINT('',(216.38512851303,56.793177036245,
    43.702989431563));
#1863 = CARTESIAN_POINT('',(216.52355571982,57.271075631022,
    43.677462887979));
#1864 = CARTESIAN_POINT('',(216.84648024409,58.578544648362,
    43.616403948266));
#1865 = CARTESIAN_POINT('',(216.99369582196,59.40911481171,
    43.586730760442));
#1866 = CARTESIAN_POINT('',(217.09332138775,60.241364808913,
    43.565965975599));
#1867 = CARTESIAN_POINT('',(217.15151321507,61.071331986537,
    43.553650108781));
#1868 = CARTESIAN_POINT('',(217.17271876824,61.898041351654,
    43.549162950625));
#1869 = CARTESIAN_POINT('',(217.1596604647,62.722668922096,
    43.551984609869));
#1870 = CARTESIAN_POINT('',(217.11327800096,63.547655336503,
    43.561756978875));
#1871 = CARTESIAN_POINT('',(216.93936236007,65.331588841361,
    43.597299689645));
#1872 = CARTESIAN_POINT('',(216.80389236353,66.254710936217,
    43.624593709433));
#1873 = CARTESIAN_POINT('',(216.6292102211,67.164271494213,
    43.658883048374));
#1874 = CARTESIAN_POINT('',(216.41058094403,68.078620615432,
    43.700219541574));
#1875 = CARTESIAN_POINT('',(216.13847882288,69.006484434159,
    43.749084455088));
#1876 = CARTESIAN_POINT('',(215.80036870896,69.941954642823,
    43.805490302009));
#1877 = CARTESIAN_POINT('',(215.38249216053,70.859542579835,
    43.867278422714));
#1878 = CARTESIAN_POINT('',(214.74281959051,71.922301987408,
    43.944604828256));
#1879 = CARTESIAN_POINT('',(214.60726666569,72.1330089837,43.96025914713
    ));
#1880 = CARTESIAN_POINT('',(214.46388448379,72.341136085745,
    43.976017675416));
#1881 = CARTESIAN_POINT('',(214.31046576042,72.547927597635,
    43.99196347679));
#1882 = CARTESIAN_POINT('',(214.14488354114,72.753214935352,
    44.008079718716));
#1883 = CARTESIAN_POINT('',(213.96516765009,72.955333456581,
    44.02422528827));
#1884 = CARTESIAN_POINT('',(213.76955237838,73.151072750407,
    44.040115481381));
#1885 = CARTESIAN_POINT('',(213.36583776778,73.500841768424,
    44.068902838933));
#1886 = CARTESIAN_POINT('',(213.13817452149,73.677053975353,
    44.083582032688));
#1887 = CARTESIAN_POINT('',(212.87815949349,73.846981087812,
    44.097959704786));
#1888 = CARTESIAN_POINT('',(212.58910582606,73.994890598998,
    44.110679913898));
#1889 = CARTESIAN_POINT('',(212.2742597695,74.106513560561,
    44.120394876702));
#1890 = CARTESIAN_POINT('',(211.9369990835,74.168997245141,
    44.125851034272));
#1891 = CARTESIAN_POINT('',(211.58089749823,74.170910840234,
    44.125987195637));
#1892 = CARTESIAN_POINT('',(210.86485219668,74.038323286262,
    44.114509715246));
#1893 = CARTESIAN_POINT('',(210.55523316771,73.922291913955,
    44.104490503805));
#1894 = CARTESIAN_POINT('',(210.2794916214,73.773942576477,
    44.091774443408));
#1895 = CARTESIAN_POINT('',(210.0344915309,73.607803748395,
    44.07772389963));
#1896 = CARTESIAN_POINT('',(209.81606734257,73.433323668117,
    44.063184193812));
#1897 = CARTESIAN_POINT('',(209.61894562443,73.254815742563,
    44.048511640871));
#1898 = CARTESIAN_POINT('',(209.43671251029,73.071439123105,
    44.033651257503));
#1899 = CARTESIAN_POINT('',(209.02651609694,72.614848849818,
    43.997266256244));
#1900 = CARTESIAN_POINT('',(208.81162517045,72.33993753149,
    43.97581336999));
#1901 = CARTESIAN_POINT('',(208.61579690092,72.058799066657,
    43.954401064748));
#1902 = CARTESIAN_POINT('',(208.43678053619,71.775289187712,
    43.933364402903));
#1903 = CARTESIAN_POINT('',(208.27215500602,71.491175791934,
    43.912845209082));
#1904 = CARTESIAN_POINT('',(208.11941698983,71.206258960955,
    43.892831558458));
#1905 = CARTESIAN_POINT('',(207.97610001437,70.918536742976,
    43.873203077671));
#1906 = CARTESIAN_POINT('',(207.49209481279,69.873152646756,
    43.804175396454));
#1907 = CARTESIAN_POINT('',(207.1978707548,69.095286046632,
    43.756920687194));
#1908 = CARTESIAN_POINT('',(206.95085415501,68.309130100375,
    43.71392328946));
#1909 = CARTESIAN_POINT('',(206.74481888096,67.523566168273,
    43.675987149262));
#1910 = CARTESIAN_POINT('',(206.57445528434,66.740654160809,
    43.643309176051));
#1911 = CARTESIAN_POINT('',(206.43591689729,65.957590446396,
    43.615915898564));
#1912 = CARTESIAN_POINT('',(206.32733652936,65.168557587617,
    43.593995947917));
#1913 = CARTESIAN_POINT('',(206.18316447919,63.684301904818,
    43.564527330351));
#1914 = CARTESIAN_POINT('',(206.14002009158,63.001599661294,
    43.555510268653));
#1915 = CARTESIAN_POINT('',(206.11977815971,62.318332543648,
    43.551217859783));
#1916 = CARTESIAN_POINT('',(206.12292118959,61.633867803579,
    43.551870306457));
#1917 = CARTESIAN_POINT('',(206.15066096097,60.947911101577,
    43.557736326724));
#1918 = CARTESIAN_POINT('',(206.20492779575,60.260879599813,
    43.569115239657));
#1919 = CARTESIAN_POINT('',(206.2883730845,59.574253112984,
    43.586267061044));
#1920 = CARTESIAN_POINT('',(206.47995805586,58.445793030104,
    43.624256863858));
#1921 = CARTESIAN_POINT('',(206.56907230411,58.003687341963,
    43.641670530185));
#1922 = CARTESIAN_POINT('',(206.67292267697,57.562847596131,
    43.661589456759));
#1923 = CARTESIAN_POINT('',(206.79314922067,57.122344618705,
    43.684114818005));
#1924 = CARTESIAN_POINT('',(206.93180591247,56.682176671569,
    43.709339285559));
#1925 = CARTESIAN_POINT('',(207.09131874558,56.243415796817,
    43.737289164177));
#1926 = CARTESIAN_POINT('',(207.27443639931,55.808387729092,
    43.767841858189));
#1927 = CARTESIAN_POINT('',(207.57097729231,55.203955167937,
    43.814183992326));
#1928 = CARTESIAN_POINT('',(207.66240739586,55.028178218383,
    43.828140774244));
#1929 = CARTESIAN_POINT('',(207.75889248824,54.853413799035,
    43.842494527134));
#1930 = CARTESIAN_POINT('',(207.86089366356,54.679658106686,
    43.857242855759));
#1931 = CARTESIAN_POINT('',(207.96889847015,54.50705427171,
    43.872370788465));
#1932 = CARTESIAN_POINT('',(208.0834149539,54.335902366703,
    43.887846108884));
#1933 = CARTESIAN_POINT('',(208.2049657016,54.166669415137,
    43.903614687644));
#1934 = CARTESIAN_POINT('',(208.3340818842,53.9999994,43.919595814076));
#1935 = PCURVE('',#1186,#1936);
#1936 = DEFINITIONAL_REPRESENTATION('',(#1937),#2017);
#1937 = B_SPLINE_CURVE_WITH_KNOTS('',8,(#1938,#1939,#1940,#1941,#1942,
    #1943,#1944,#1945,#1946,#1947,#1948,#1949,#1950,#1951,#1952,#1953,
    #1954,#1955,#1956,#1957,#1958,#1959,#1960,#1961,#1962,#1963,#1964,
    #1965,#1966,#1967,#1968,#1969,#1970,#1971,#1972,#1973,#1974,#1975,
    #1976,#1977,#1978,#1979,#1980,#1981,#1982,#1983,#1984,#1985,#1986,
    #1987,#1988,#1989,#1990,#1991,#1992,#1993,#1994,#1995,#1996,#1997,
    #1998,#1999,#2000,#2001,#2002,#2003,#2004,#2005,#2006,#2007,#2008,
    #2009,#2010,#2011,#2012,#2013,#2014,#2015,#2016),.UNSPECIFIED.,.F.,
  .F.,(9,7,7,7,7,7,7,7,7,7,7,9),(0.,9.695340947884E-02,0.260349720633,
    0.449190913538,0.49731415813,0.540378060867,0.580432788407,
    0.634686171264,0.773264336338,0.891296619071,0.968180218898,1.),
  .UNSPECIFIED.);
#1938 = CARTESIAN_POINT('',(0.645174059194,28.680743079043));
#1939 = CARTESIAN_POINT('',(0.722330805896,29.038802312517));
#1940 = CARTESIAN_POINT('',(0.793661589326,29.417194560108));
#1941 = CARTESIAN_POINT('',(0.859955169218,29.806080034092));
#1942 = CARTESIAN_POINT('',(0.921931385294,30.199508302202));
#1943 = CARTESIAN_POINT('',(0.980318255856,30.594622513343));
#1944 = CARTESIAN_POINT('',(1.0358990665,30.991402678057));
#1945 = CARTESIAN_POINT('',(1.089530609373,31.392511729775));
#1946 = CARTESIAN_POINT('',(1.23078617446,32.494283643596));
#1947 = CARTESIAN_POINT('',(1.314836329311,33.198741910768));
#1948 = CARTESIAN_POINT('',(1.395213442013,33.909109158226));
#1949 = CARTESIAN_POINT('',(1.472724560404,34.621723884946));
#1950 = CARTESIAN_POINT('',(1.548151327595,35.335431617604));
#1951 = CARTESIAN_POINT('',(1.622289254773,36.050990871892));
#1952 = CARTESIAN_POINT('',(1.695964757784,36.770336249048));
#1953 = CARTESIAN_POINT('',(1.855705015861,38.333039338302));
#1954 = CARTESIAN_POINT('',(1.938628074234,39.146133533138));
#1955 = CARTESIAN_POINT('',(2.0216285846,39.950980752107));
#1956 = CARTESIAN_POINT('',(2.107218398876,40.76349856562));
#1957 = CARTESIAN_POINT('',(2.197528585689,41.591484660639));
#1958 = CARTESIAN_POINT('',(2.294307042854,42.429828549289));
#1959 = CARTESIAN_POINT('',(2.399082157312,43.2553770733));
#1960 = CARTESIAN_POINT('',(2.542806008512,44.21441692114));
#1961 = CARTESIAN_POINT('',(2.572555784258,44.404721692121));
#1962 = CARTESIAN_POINT('',(2.603347502772,44.592844313852));
#1963 = CARTESIAN_POINT('',(2.635609674037,44.779903917122));
#1964 = CARTESIAN_POINT('',(2.669710839321,44.965746087623));
#1965 = CARTESIAN_POINT('',(2.705961591651,45.14885864636));
#1966 = CARTESIAN_POINT('',(2.744627181434,45.326318943888));
#1967 = CARTESIAN_POINT('',(2.822929766121,45.643621477723));
#1968 = CARTESIAN_POINT('',(2.866505807818,45.803565322257));
#1969 = CARTESIAN_POINT('',(2.915490558934,45.957915354488));
#1970 = CARTESIAN_POINT('',(2.96908816562,46.092368853192));
#1971 = CARTESIAN_POINT('',(3.026713269693,46.193894654955));
#1972 = CARTESIAN_POINT('',(3.087938008027,46.250735191907));
#1973 = CARTESIAN_POINT('',(3.152472208622,46.252460494553));
#1974 = CARTESIAN_POINT('',(3.28306483694,46.131897564391));
#1975 = CARTESIAN_POINT('',(3.339889556285,46.026401842617));
#1976 = CARTESIAN_POINT('',(3.391150355865,45.891569517528));
#1977 = CARTESIAN_POINT('',(3.437400557625,45.740663799966));
#1978 = CARTESIAN_POINT('',(3.47929067853,45.582289765081));
#1979 = CARTESIAN_POINT('',(3.517690913574,45.420361090304));
#1980 = CARTESIAN_POINT('',(3.553762966423,45.25412208771));
#1981 = CARTESIAN_POINT('',(3.636482317796,44.840510811292));
#1982 = CARTESIAN_POINT('',(3.681058450408,44.591704182705));
#1983 = CARTESIAN_POINT('',(3.722920803917,44.337524977557));
#1984 = CARTESIAN_POINT('',(3.76238801183,44.081479889245));
#1985 = CARTESIAN_POINT('',(3.79983013213,43.825170874036));
#1986 = CARTESIAN_POINT('',(3.835684640311,43.56841883513));
#1987 = CARTESIAN_POINT('',(3.870458911648,43.309429844733));
#1988 = CARTESIAN_POINT('',(3.992229438771,42.369586820086));
#1989 = CARTESIAN_POINT('',(4.074623781431,41.672307228994));
#1990 = CARTESIAN_POINT('',(4.15281982423,40.969977509332));
#1991 = CARTESIAN_POINT('',(4.227688000962,40.270691117735));
#1992 = CARTESIAN_POINT('',(4.300156855637,39.576330443738));
#1993 = CARTESIAN_POINT('',(4.371249104337,38.884480735531));
#1994 = CARTESIAN_POINT('',(4.442080354561,38.190198260084));
#1995 = CARTESIAN_POINT('',(4.574983296768,36.890060824286));
#1996 = CARTESIAN_POINT('',(4.635983192725,36.294314807324));
#1997 = CARTESIAN_POINT('',(4.697289762351,35.70044192144));
#1998 = CARTESIAN_POINT('',(4.759317419494,35.108004291881));
#1999 = CARTESIAN_POINT('',(4.822474563424,34.516881372181));
#2000 = CARTESIAN_POINT('',(4.887167756852,33.927584094924));
#2001 = CARTESIAN_POINT('',(4.953810753273,33.341524025111));
#2002 = CARTESIAN_POINT('',(5.067831086106,32.383243827587));
#2003 = CARTESIAN_POINT('',(5.113662116702,32.009075903663));
#2004 = CARTESIAN_POINT('',(5.16071522615,31.637256948061));
#2005 = CARTESIAN_POINT('',(5.209340212275,31.267032859791));
#2006 = CARTESIAN_POINT('',(5.259871849053,30.898448469417));
#2007 = CARTESIAN_POINT('',(5.312636559109,30.532445345004));
#2008 = CARTESIAN_POINT('',(5.367964779339,30.170976334001));
#2009 = CARTESIAN_POINT('',(5.450314537314,29.670693448235));
#2010 = CARTESIAN_POINT('',(5.474937999709,29.52544453548));
#2011 = CARTESIAN_POINT('',(5.500162482874,29.381270985092));
#2012 = CARTESIAN_POINT('',(5.526067787933,29.238168305779));
#2013 = CARTESIAN_POINT('',(5.552731023593,29.096252966251));
#2014 = CARTESIAN_POINT('',(5.580227188666,28.955768728819));
#2015 = CARTESIAN_POINT('',(5.608629754596,28.817092982985));
#2016 = CARTESIAN_POINT('',(5.638011247986,28.680743079043));
#2017 = ( GEOMETRIC_REPRESENTATION_CONTEXT(2) 
PARAMETRIC_REPRESENTATION_CONTEXT() REPRESENTATION_CONTEXT('2D SPACE',''
  ) );
#2018 = PCURVE('',#1437,#2019);
#2019 = DEFINITIONAL_REPRESENTATION('',(#2020),#2100);
#2020 = B_SPLINE_CURVE_WITH_KNOTS('',8,(#2021,#2022,#2023,#2024,#2025,
    #2026,#2027,#2028,#2029,#2030,#2031,#2032,#2033,#2034,#2035,#2036,
    #2037,#2038,#2039,#2040,#2041,#2042,#2043,#2044,#2045,#2046,#2047,
    #2048,#2049,#2050,#2051,#2052,#2053,#2054,#2055,#2056,#2057,#2058,
    #2059,#2060,#2061,#2062,#2063,#2064,#2065,#2066,#2067,#2068,#2069,
    #2070,#2071,#2072,#2073,#2074,#2075,#2076,#2077,#2078,#2079,#2080,
    #2081,#2082,#2083,#2084,#2085,#2086,#2087,#2088,#2089,#2090,#2091,
    #2092,#2093,#2094,#2095,#2096,#2097,#2098,#2099),.UNSPECIFIED.,.F.,
  .F.,(9,7,7,7,7,7,7,7,7,7,7,9),(0.,9.695340947884E-02,0.260349720633,
    0.449190913538,0.49731415813,0.540378060867,0.580432788407,
    0.634686171264,0.773264336338,0.891296619071,0.968180218898,1.),
  .UNSPECIFIED.);
#2021 = CARTESIAN_POINT('',(1.447649414757,5.999999999062E-07));
#2022 = CARTESIAN_POINT('',(1.43496044282,-0.437680220724));
#2023 = CARTESIAN_POINT('',(1.4240489544,-0.898284582785));
#2024 = CARTESIAN_POINT('',(1.414685628701,-1.369488756334));
#2025 = CARTESIAN_POINT('',(1.406640560156,-1.844034745761));
#2026 = CARTESIAN_POINT('',(1.399703898314,-2.318569869819));
#2027 = CARTESIAN_POINT('',(1.39369468074,-2.793177036245));
#2028 = CARTESIAN_POINT('',(1.388466840129,-3.271075631022));
#2029 = CARTESIAN_POINT('',(1.376260846476,-4.578544648362));
#2030 = CARTESIAN_POINT('',(1.370683663766,-5.40911481171));
#2031 = CARTESIAN_POINT('',(1.366904035469,-6.241364808913));
#2032 = CARTESIAN_POINT('',(1.36469486362,-7.071331986537));
#2033 = CARTESIAN_POINT('',(1.363889889721,-7.898041351653));
#2034 = CARTESIAN_POINT('',(1.364386050844,-8.722668922096));
#2035 = CARTESIAN_POINT('',(1.366146501281,-9.547655336503));
#2036 = CARTESIAN_POINT('',(1.372739272994,-11.33158884136));
#2037 = CARTESIAN_POINT('',(1.377871737908,-12.25471093621));
#2038 = CARTESIAN_POINT('',(1.38448315666,-13.16427149421));
#2039 = CARTESIAN_POINT('',(1.3927464947,-14.07862061543));
#2040 = CARTESIAN_POINT('',(1.403013058438,-15.00648443415));
#2041 = CARTESIAN_POINT('',(1.415741776496,-15.94195464282));
#2042 = CARTESIAN_POINT('',(1.431425028781,-16.85954257983));
#2043 = CARTESIAN_POINT('',(1.455355554145,-17.9223019874));
#2044 = CARTESIAN_POINT('',(1.460423407373,-18.1330089837));
#2045 = CARTESIAN_POINT('',(1.465780574276,-18.34113608574));
#2046 = CARTESIAN_POINT('',(1.471509058728,-18.54792759763));
#2047 = CARTESIAN_POINT('',(1.477687579056,-18.75321493535));
#2048 = CARTESIAN_POINT('',(1.484388767473,-18.95533345658));
#2049 = CARTESIAN_POINT('',(1.491677535655,-19.1510727504));
#2050 = CARTESIAN_POINT('',(1.506709649597,-19.50084176842));
#2051 = CARTESIAN_POINT('',(1.515182471348,-19.67705397535));
#2052 = CARTESIAN_POINT('',(1.524853550285,-19.84698108781));
#2053 = CARTESIAN_POINT('',(1.535597998042,-19.99489059899));
#2054 = CARTESIAN_POINT('',(1.547294771661,-20.10651356056));
#2055 = CARTESIAN_POINT('',(1.559819832781,-20.16899724514));
#2056 = CARTESIAN_POINT('',(1.573043738758,-20.17091084023));
#2057 = CARTESIAN_POINT('',(1.599641223691,-20.03832328626));
#2058 = CARTESIAN_POINT('',(1.611145021961,-19.92229191395));
#2059 = CARTESIAN_POINT('',(1.621395593959,-19.77394257647));
#2060 = CARTESIAN_POINT('',(1.630508978392,-19.60780374839));
#2061 = CARTESIAN_POINT('',(1.638638712957,-19.43332366811));
#2062 = CARTESIAN_POINT('',(1.645979775808,-19.25481574256));
#2063 = CARTESIAN_POINT('',(1.652770248455,-19.0714391231));
#2064 = CARTESIAN_POINT('',(1.668064842778,-18.61484884981));
#2065 = CARTESIAN_POINT('',(1.676085122564,-18.33993753149));
#2066 = CARTESIAN_POINT('',(1.683401075865,-18.05879906665));
#2067 = CARTESIAN_POINT('',(1.690095156378,-17.77528918771));
#2068 = CARTESIAN_POINT('',(1.696256433291,-17.49117579193));
#2069 = CARTESIAN_POINT('',(1.701977473191,-17.20625896095));
#2070 = CARTESIAN_POINT('',(1.70734990444,-16.91853674297));
#2071 = CARTESIAN_POINT('',(1.725507850809,-15.87315264675));
#2072 = CARTESIAN_POINT('',(1.736573725611,-15.09528604663));
#2073 = CARTESIAN_POINT('',(1.745884908016,-14.30913010037));
#2074 = CARTESIAN_POINT('',(1.753665241358,-13.52356616827));
#2075 = CARTESIAN_POINT('',(1.760107673006,-12.7406541608));
#2076 = CARTESIAN_POINT('',(1.765352584852,-11.95759044639));
#2077 = CARTESIAN_POINT('',(1.769466620856,-11.16855758761));
#2078 = CARTESIAN_POINT('',(1.774931910062,-9.684301904818));
#2079 = CARTESIAN_POINT('',(1.776568909037,-9.001599661294));
#2080 = CARTESIAN_POINT('',(1.777337413871,-8.318332543649));
#2081 = CARTESIAN_POINT('',(1.777218202999,-7.633867803579));
#2082 = CARTESIAN_POINT('',(1.776165148174,-6.947911101576));
#2083 = CARTESIAN_POINT('',(1.774105834436,-6.260879599814));
#2084 = CARTESIAN_POINT('',(1.770941943832,-5.574253112984));
#2085 = CARTESIAN_POINT('',(1.763687897501,-4.445793030104));
#2086 = CARTESIAN_POINT('',(1.760315584977,-4.003687341963));
#2087 = CARTESIAN_POINT('',(1.756388310356,-3.562847596131));
#2088 = CARTESIAN_POINT('',(1.751845461597,-3.122344618705));
#2089 = CARTESIAN_POINT('',(1.746611359421,-2.682176671569));
#2090 = CARTESIAN_POINT('',(1.740597058363,-2.243415796817));
#2091 = CARTESIAN_POINT('',(1.733702376121,-1.808387729092));
#2092 = CARTESIAN_POINT('',(1.722555110569,-1.203955167937));
#2093 = CARTESIAN_POINT('',(1.719120065718,-1.028178218383));
#2094 = CARTESIAN_POINT('',(1.715497195135,-0.853413799035));
#2095 = CARTESIAN_POINT('',(1.711669520949,-0.679658106687));
#2096 = CARTESIAN_POINT('',(1.707619131803,-0.50705427171));
#2097 = CARTESIAN_POINT('',(1.703327405713,-0.335902366703));
#2098 = CARTESIAN_POINT('',(1.698775232936,-0.166669415137));
#2099 = CARTESIAN_POINT('',(1.693943238832,5.999999999062E-07));
#2100 = ( GEOMETRIC_REPRESENTATION_CONTEXT(2) 
PARAMETRIC_REPRESENTATION_CONTEXT() REPRESENTATION_CONTEXT('2D SPACE',''
  ) );
#2101 = ORIENTED_EDGE('',*,*,#1697,.F.);
#2102 = ORIENTED_EDGE('',*,*,#1831,.T.);
#2103 = ADVANCED_FACE('',(#2104),#1437,.F.);
#2104 = FACE_BOUND('',#2105,.F.);
#2105 = EDGE_LOOP('',(#2106,#2127,#2128,#2129,#2130,#2131,#2132,#2133,
    #2134,#2135));
#2106 = ORIENTED_EDGE('',*,*,#2107,.F.);
#2107 = EDGE_CURVE('',#1402,#1804,#2108,.T.);
#2108 = SEAM_CURVE('',#2109,(#2113,#2120),.PCURVE_S1.);
#2109 = LINE('',#2110,#2111);
#2110 = CARTESIAN_POINT('',(238.56643824457,54.,17.198498925933));
#2111 = VECTOR('',#2112,1.);
#2112 = DIRECTION('',(-0.,1.,-0.));
#2113 = PCURVE('',#1437,#2114);
#2114 = DEFINITIONAL_REPRESENTATION('',(#2115),#2119);
#2115 = LINE('',#2116,#2117);
#2116 = CARTESIAN_POINT('',(6.28318530718,0.));
#2117 = VECTOR('',#2118,1.);
#2118 = DIRECTION('',(0.,-1.));
#2119 = ( GEOMETRIC_REPRESENTATION_CONTEXT(2) 
PARAMETRIC_REPRESENTATION_CONTEXT() REPRESENTATION_CONTEXT('2D SPACE',''
  ) );
#2120 = PCURVE('',#1437,#2121);
#2121 = DEFINITIONAL_REPRESENTATION('',(#2122),#2126);
#2122 = LINE('',#2123,#2124);
#2123 = CARTESIAN_POINT('',(0.,0.));
#2124 = VECTOR('',#2125,1.);
#2125 = DIRECTION('',(0.,-1.));
#2126 = ( GEOMETRIC_REPRESENTATION_CONTEXT(2) 
PARAMETRIC_REPRESENTATION_CONTEXT() REPRESENTATION_CONTEXT('2D SPACE',''
  ) );
#2127 = ORIENTED_EDGE('',*,*,#1475,.F.);
#2128 = ORIENTED_EDGE('',*,*,#1522,.F.);
#2129 = ORIENTED_EDGE('',*,*,#1569,.F.);
#2130 = ORIENTED_EDGE('',*,*,#1777,.F.);
#2131 = ORIENTED_EDGE('',*,*,#1853,.F.);
#2132 = ORIENTED_EDGE('',*,*,#1595,.F.);
#2133 = ORIENTED_EDGE('',*,*,#1423,.F.);
#2134 = ORIENTED_EDGE('',*,*,#2107,.T.);
#2135 = ORIENTED_EDGE('',*,*,#1803,.T.);
#2136 = ( GEOMETRIC_REPRESENTATION_CONTEXT(3) 
GLOBAL_UNCERTAINTY_ASSIGNED_CONTEXT((#2140)) 
GLOBAL_UNIT_ASSIGNED_CONTEXT((#2137,#2138,#2139)) REPRESENTATION_CONTEXT
('Context #1','3D Context with UNIT and UNCERTAINTY') );
#2137 = ( LENGTH_UNIT() NAMED_UNIT(*) SI_UNIT(.MILLI.,.METRE.) );
#2138 = ( NAMED_UNIT(*) PLANE_ANGLE_UNIT() SI_UNIT($,.RADIAN.) );
#2139 = ( NAMED_UNIT(*) SI_UNIT($,.STERADIAN.) SOLID_ANGLE_UNIT() );
#2140 = UNCERTAINTY_MEASURE_WITH_UNIT(LENGTH_MEASURE(1.E-06),#2137,
  'distance_accuracy_value','confusion accuracy');
#2141 = PRODUCT_RELATED_PRODUCT_CATEGORY('part',$,(#7));
ENDSEC;
END-ISO-10303-21;
