ISO-10303-21;
HEADER;
FILE_DESCRIPTION (( 'STEP AP214' ),
    '1' );
FILE_NAME ('07k_flange.STEP',
    '2026-10-04T18:06:06',
    ( '' ),
    ( '' ),
    'SwSTEP 2.0',
    'SolidWorks 2026',
    '' );
FILE_SCHEMA (( 'AUTOMOTIVE_DESIGN' ));
ENDSEC;

DATA;
#1 = CARTESIAN_POINT ( 'NONE',  ( 8.529887169104961586, 0.3750000000000000555, 1.851670632534839989 ) ) ;
#2 = EDGE_CURVE ( 'NONE', #2475, #2501, #4759, .T. ) ;
#3 = ORIENTED_EDGE ( 'NONE', *, *, #2014, .T. ) ;
#4 = PLANE ( 'NONE',  #506 ) ;
#5 = CLOSED_SHELL ( 'NONE', ( #1549, #2338, #900, #2779, #1073, #469, #5274, #3184, #2150, #3315, #4309, #2551, #1675, #5327, #3454, #3655, #2900, #2566, #1808, #1951, #208, #3208, #4737, #3664, #2807, #733, #5098, #2419, #1002, #569, #2076, #3893, #4304, #730, #4035, #2679, #5369, #4499, #2309, #1741, #3611, #4798, #2954, #4701, #2173, #2668, #4881, #3155, #3107, #2580, #2832, #2522, #4086, #2356, #4109, #5398, #3959, #4397, #5097, #4749, #5265, #4508, #2818, #3219, #1081, #1420, #4577, #4925, #2142, #661, #2647, #2736, #3932, #1272, #1945, #4000, #2290, #1095, #4640, #2410, #1802, #4632, #3728, #1712, #101, #974, #2068, #5067, #3705, #3084, #2109, #1407, #1771, #3999, #5167, #2216, #3288, #1250, #626, #805, #2651, #4129, #2048, #2520, #4958, #2021, #1856, #1421, #979, #2226, #5338, #222, #3788, #2680, #4257, #699, #1939, #332, #4457, #2985, #2979, #2184, #2872, #2480, #3259, #799, #5291, #5235, #1166, #3082, #4670, #3380, #2340, #3281, #3536, #223, #235, #1314, #4334, #5177, #3187, #3352, #4494, #3179, #25, #1426, #5069, #165, #3994, #2880, #2408, #2632, #3525, #533, #6, #4680, #822, #4063, #279, #3768, #265, #2939, #3899, #132, #434, #3887, #4258, #5111, #448, #3800, #237, #75, #4402, #4392 ) ) ;
#6 = ADVANCED_FACE ( 'NONE', ( #1015 ), #3988, .F. ) ;
#7 = LINE ( 'NONE', #2927, #5335 ) ;
#8 = CARTESIAN_POINT ( 'NONE',  ( 2.688000000000000611, 0.3750000000000000555, -0.1550000000000000266 ) ) ;
#9 = CARTESIAN_POINT ( 'NONE',  ( 4.428840088369081940, 0.1100000000000000006, 0.01210625692648227558 ) ) ;
#10 = ORIENTED_EDGE ( 'NONE', *, *, #4267, .T. ) ;
#11 = DIRECTION ( 'NONE',  ( -1.000000000000000000, -0.000000000000000000, -2.064423126679161354E-18 ) ) ;
#12 = DIRECTION ( 'NONE',  ( -4.480698032809951709E-15, -0.9396926207859092051, 0.3420201433256662704 ) ) ;
#13 = CYLINDRICAL_SURFACE ( 'NONE', #2263, 0.1549999999999998601 ) ;
#14 = ORIENTED_EDGE ( 'NONE', *, *, #2004, .T. ) ;
#15 = CARTESIAN_POINT ( 'NONE',  ( 1.855840088369080654, 0.000000000000000000, 1.442106256926482644 ) ) ;
#16 = ORIENTED_EDGE ( 'NONE', *, *, #1414, .T. ) ;
#17 = CARTESIAN_POINT ( 'NONE',  ( 12.23584008836908232, 0.1100000000000000006, -0.08789374307351774385 ) ) ;
#18 = EDGE_CURVE ( 'NONE', #3213, #1350, #252, .T. ) ;
#19 = FACE_BOUND ( 'NONE', #2845, .T. ) ;
#20 = CARTESIAN_POINT ( 'NONE',  ( 11.34884008836908542, 0.1100000000000000006, -0.08789374307351774385 ) ) ;
#21 = PLANE ( 'NONE',  #4204 ) ;
#22 = CARTESIAN_POINT ( 'NONE',  ( 3.178815647672321276, 0.000000000000000000, 0.2000000000000000111 ) ) ;
#23 = ORIENTED_EDGE ( 'NONE', *, *, #3295, .F. ) ;
#24 = EDGE_CURVE ( 'NONE', #1917, #3612, #459, .T. ) ;
#25 = ADVANCED_FACE ( 'NONE', ( #1643 ), #1254, .F. ) ;
#26 = DIRECTION ( 'NONE',  ( -0.000000000000000000, 1.000000000000000000, -0.000000000000000000 ) ) ;
#27 = EDGE_LOOP ( 'NONE', ( #3044, #442, #369, #1639 ) ) ;
#28 = DIRECTION ( 'NONE',  ( 0.000000000000000000, 1.000000000000000000, 0.000000000000000000 ) ) ;
#29 = PLANE ( 'NONE',  #2182 ) ;
#30 = LINE ( 'NONE', #2565, #5432 ) ;
#31 = EDGE_CURVE ( 'NONE', #2427, #1480, #970, .T. ) ;
#32 = CARTESIAN_POINT ( 'NONE',  ( 5.315840088369081506, 0.000000000000000000, 1.342106256926482777 ) ) ;
#33 = EDGE_CURVE ( 'NONE', #2370, #804, #1540, .T. ) ;
#34 = DIRECTION ( 'NONE',  ( 0.000000000000000000, 1.000000000000000000, 0.000000000000000000 ) ) ;
#35 = ORIENTED_EDGE ( 'NONE', *, *, #1369, .F. ) ;
#36 = CARTESIAN_POINT ( 'NONE',  ( 5.309840088369079503, 0.3750000000000000555, -0.07489374307351720494 ) ) ;
#37 = CARTESIAN_POINT ( 'NONE',  ( 12.23584008836908232, 0.000000000000000000, 0.6771062569264825193 ) ) ;
#38 = CARTESIAN_POINT ( 'NONE',  ( 1.855840088369080432, 0.1100000000000000006, 0.01210625692648258263 ) ) ;
#39 = ORIENTED_EDGE ( 'NONE', *, *, #831, .T. ) ;
#40 = EDGE_CURVE ( 'NONE', #4391, #4156, #714, .T. ) ;
#41 = DIRECTION ( 'NONE',  ( 0.000000000000000000, 0.000000000000000000, 1.000000000000000000 ) ) ;
#42 = ORIENTED_EDGE ( 'NONE', *, *, #2750, .T. ) ;
#43 = DIRECTION ( 'NONE',  ( -0.000000000000000000, -1.000000000000000000, -0.000000000000000000 ) ) ;
#44 = CARTESIAN_POINT ( 'NONE',  ( 13.49688369930709086, 0.3750000000000000555, 1.196670632534842182 ) ) ;
#45 = VERTEX_POINT ( 'NONE', #3810 ) ;
#46 = DIRECTION ( 'NONE',  ( 1.000000000000000000, 0.000000000000000000, 3.849842155671182938E-17 ) ) ;
#47 = FILL_AREA_STYLE ('',( #464 ) ) ;
#48 = DIRECTION ( 'NONE',  ( 0.000000000000000000, 1.000000000000000000, 0.000000000000000000 ) ) ;
#49 = VERTEX_POINT ( 'NONE', #2136 ) ;
#50 = LINE ( 'NONE', #2223, #1891 ) ;
#51 = ORIENTED_EDGE ( 'NONE', *, *, #4267, .F. ) ;
#52 = CARTESIAN_POINT ( 'NONE',  ( 6.260257689473142761, 0.000000000000000000, 0.1400000000000000133 ) ) ;
#53 = AXIS2_PLACEMENT_3D ( 'NONE', #1432, #1923, #4754 ) ;
#54 = CARTESIAN_POINT ( 'NONE',  ( 15.69584008836908318, 0.000000000000000000, 1.442106256926482644 ) ) ;
#55 = EDGE_CURVE ( 'NONE', #1814, #5425, #2112, .T. ) ;
#56 = ORIENTED_EDGE ( 'NONE', *, *, #2986, .F. ) ;
#57 = EDGE_CURVE ( 'NONE', #2180, #3129, #2470, .T. ) ;
#58 = VECTOR ( 'NONE', #485, 39.37007874015748143 ) ;
#59 = DIRECTION ( 'NONE',  ( -0.000000000000000000, 1.000000000000000000, -0.000000000000000000 ) ) ;
#60 = VERTEX_POINT ( 'NONE', #44 ) ;
#61 = DIRECTION ( 'NONE',  ( 0.000000000000000000, 0.000000000000000000, 1.000000000000000000 ) ) ;
#62 = VECTOR ( 'NONE', #4898, 39.37007874015748854 ) ;
#63 = ORIENTED_EDGE ( 'NONE', *, *, #1580, .T. ) ;
#64 = DIRECTION ( 'NONE',  ( 0.000000000000000000, 0.000000000000000000, -1.000000000000000000 ) ) ;
#65 = FACE_OUTER_BOUND ( 'NONE', #1410, .T. ) ;
#66 = EDGE_CURVE ( 'NONE', #1525, #3469, #437, .T. ) ;
#67 = AXIS2_PLACEMENT_3D ( 'NONE', #1855, #1769, #1794 ) ;
#68 = CARTESIAN_POINT ( 'NONE',  ( 0.9688400883690775345, 0.1100000000000000006, -0.08789374307351748017 ) ) ;
#69 = AXIS2_PLACEMENT_3D ( 'NONE', #3132, #5201, #2746 ) ;
#70 = VERTEX_POINT ( 'NONE', #403 ) ;
#71 = EDGE_CURVE ( 'NONE', #1501, #2574, #5045, .T. ) ;
#72 = AXIS2_PLACEMENT_3D ( 'NONE', #516, #2194, #3476 ) ;
#73 = CARTESIAN_POINT ( 'NONE',  ( 11.35484008836908032, 0.3125000000000000000, 0.6771062569264827413 ) ) ;
#74 = ORIENTED_EDGE ( 'NONE', *, *, #2763, .F. ) ;
#75 = ADVANCED_FACE ( 'NONE', ( #4149 ), #5301, .F. ) ;
#76 = CARTESIAN_POINT ( 'NONE',  ( 3.178815647672321276, 0.3750000000000000555, 0.2000000000000000111 ) ) ;
#77 = AXIS2_PLACEMENT_3D ( 'NONE', #2528, #2844, #4211 ) ;
#78 = AXIS2_PLACEMENT_3D ( 'NONE', #521, #2557, #1756 ) ;
#79 = FACE_OUTER_BOUND ( 'NONE', #1955, .T. ) ;
#80 = EDGE_LOOP ( 'NONE', ( #2204, #2639, #2108, #2465 ) ) ;
#82 = LINE ( 'NONE', #5107, #4357 ) ;
#81 = VECTOR ( 'NONE', #4417, 39.37007874015748143 ) ;
#83 = AXIS2_PLACEMENT_3D ( 'NONE', #2047, #5374, #1942 ) ;
#84 = DIRECTION ( 'NONE',  ( -1.000000000000000000, 0.000000000000000000, -0.000000000000000000 ) ) ;
#85 = CARTESIAN_POINT ( 'NONE',  ( 4.434840088369080391, 0.3750000000000000555, 1.429106256926482521 ) ) ;
#86 = VERTEX_POINT ( 'NONE', #2051 ) ;
#87 = AXIS2_PLACEMENT_3D ( 'NONE', #1579, #2748, #4461 ) ;
#88 = DIRECTION ( 'NONE',  ( 0.000000000000000000, 1.000000000000000000, 0.000000000000000000 ) ) ;
#89 = VERTEX_POINT ( 'NONE', #3346 ) ;
#90 = CARTESIAN_POINT ( 'NONE',  ( 2.338000000000000522, 0.3750000000000000555, -0.3049999999999999378 ) ) ;
#91 = DIRECTION ( 'NONE',  ( 0.000000000000000000, 1.000000000000000000, 0.000000000000000000 ) ) ;
#92 = ORIENTED_EDGE ( 'NONE', *, *, #3105, .T. ) ;
#93 =( NAMED_UNIT ( * ) PLANE_ANGLE_UNIT ( ) SI_UNIT ( $, .RADIAN. ) );
#94 = DIRECTION ( 'NONE',  ( -1.000000000000000000, 0.000000000000000000, 0.000000000000000000 ) ) ;
#95 = CARTESIAN_POINT ( 'NONE',  ( 1.849840088369080204, 0.3125000000000000000, 0.6771062569264825193 ) ) ;
#96 = ORIENTED_EDGE ( 'NONE', *, *, #4932, .T. ) ;
#97 = FACE_BOUND ( 'NONE', #835, .T. ) ;
#98 = DIRECTION ( 'NONE',  ( 0.000000000000000000, 1.000000000000000000, 0.000000000000000000 ) ) ;
#99 = VECTOR ( 'NONE', #1695, 39.37007874015748143 ) ;
#100 = LINE ( 'NONE', #3083, #4008 ) ;
#101 = ADVANCED_FACE ( 'NONE', ( #875 ), #4045, .F. ) ;
#102 = CARTESIAN_POINT ( 'NONE',  ( 7.888840088369082792, 0.000000000000000000, 1.342106256926482777 ) ) ;
#103 = ORIENTED_EDGE ( 'NONE', *, *, #1842, .F. ) ;
#104 = DIRECTION ( 'NONE',  ( 1.000000000000000000, 0.000000000000000000, 0.000000000000000000 ) ) ;
#105 = DIRECTION ( 'NONE',  ( 0.000000000000000000, 1.000000000000000000, 0.000000000000000000 ) ) ;
#106 = EDGE_CURVE ( 'NONE', #986, #4138, #1763, .T. ) ;
#107 = ORIENTED_EDGE ( 'NONE', *, *, #2322, .F. ) ;
#108 = CARTESIAN_POINT ( 'NONE',  ( 7.416954631958789790, 0.3750000000000000555, -0.1620888030140345548 ) ) ;
#109 = CARTESIAN_POINT ( 'NONE',  ( 5.309840088369080391, 0.3125000000000000000, 0.6771062569264825193 ) ) ;
#110 = DIRECTION ( 'NONE',  ( -0.000000000000000000, -1.000000000000000000, -0.000000000000000000 ) ) ;
#111 = VERTEX_POINT ( 'NONE', #4609 ) ;
#112 = DIRECTION ( 'NONE',  ( 0.000000000000000000, 0.000000000000000000, 1.000000000000000000 ) ) ;
#113 = ORIENTED_EDGE ( 'NONE', *, *, #4431, .T. ) ;
#114 = DIRECTION ( 'NONE',  ( 0.000000000000000000, -1.000000000000000000, 0.000000000000000000 ) ) ;
#115 = CARTESIAN_POINT ( 'NONE',  ( 8.775840088369081471, 0.1100000000000000006, 1.342106256926482777 ) ) ;
#116 = ORIENTED_EDGE ( 'NONE', *, *, #2243, .T. ) ;
#117 = CARTESIAN_POINT ( 'NONE',  ( 14.80884008836908450, 0.000000000000000000, 0.6771062569264825193 ) ) ;
#118 = LINE ( 'NONE', #857, #1473 ) ;
#119 = DIRECTION ( 'NONE',  ( -0.000000000000000000, -1.000000000000000000, -0.000000000000000000 ) ) ;
#120 = ORIENTED_EDGE ( 'NONE', *, *, #1367, .T. ) ;
#121 = CARTESIAN_POINT ( 'NONE',  ( 13.84588584993493932, 0.3750000000000000555, 0.000000000000000000 ) ) ;
#122 = FACE_OUTER_BOUND ( 'NONE', #5349, .T. ) ;
#123 = CARTESIAN_POINT ( 'NONE',  ( 16.73260502127741844, 0.3750000000000000555, 1.260695215269646230 ) ) ;
#124 = EDGE_LOOP ( 'NONE', ( #5389, #868, #871, #1413 ) ) ;
#125 = CARTESIAN_POINT ( 'NONE',  ( 15.69584008836908318, 0.000000000000000000, 1.342106256926482333 ) ) ;
#126 = EDGE_CURVE ( 'NONE', #3390, #5012, #688, .T. ) ;
#127 = CARTESIAN_POINT ( 'NONE',  ( 8.775840088369077918, 0.07896441934635377302, 0.1371062569264824560 ) ) ;
#128 = ORIENTED_EDGE ( 'NONE', *, *, #5264, .F. ) ;
#129 = CYLINDRICAL_SURFACE ( 'NONE', #4984, 0.7519999999999998908 ) ;
#130 = DIRECTION ( 'NONE',  ( 0.000000000000000000, 0.000000000000000000, 1.000000000000000000 ) ) ;
#131 = ORIENTED_EDGE ( 'NONE', *, *, #2121, .T. ) ;
#132 = ADVANCED_FACE ( 'NONE', ( #5399 ), #2895, .F. ) ;
#133 = DIRECTION ( 'NONE',  ( 1.000000000000000000, 0.000000000000000000, 3.849842155671173077E-17 ) ) ;
#134 = ORIENTED_EDGE ( 'NONE', *, *, #907, .T. ) ;
#135 = CARTESIAN_POINT ( 'NONE',  ( 12.23584008836908232, 0.1100000000000000006, 0.6771062569264825193 ) ) ;
#136 = DIRECTION ( 'NONE',  ( 0.000000000000000000, -0.9396926207859092051, 0.3420201433256662704 ) ) ;
#137 = ORIENTED_EDGE ( 'NONE', *, *, #3552, .F. ) ;
#138 = ORIENTED_EDGE ( 'NONE', *, *, #507, .F. ) ;
#139 = CARTESIAN_POINT ( 'NONE',  ( 7.925474621455776969, 0.000000000000000000, 1.716357056455910968 ) ) ;
#140 = VECTOR ( 'NONE', #3876, 39.37007874015748143 ) ;
#141 = CARTESIAN_POINT ( 'NONE',  ( 2.688000000000000611, 0.3750000000000000555, 0.1550000000000000266 ) ) ;
#142 = LINE ( 'NONE', #4303, #4284 ) ;
#143 = AXIS2_PLACEMENT_3D ( 'NONE', #4866, #1584, #3141 ) ;
#144 = VECTOR ( 'NONE', #4661, 39.37007874015748143 ) ;
#145 = CARTESIAN_POINT ( 'NONE',  ( 7.925474621455776969, 0.3750000000000000555, 1.871357056455910772 ) ) ;
#146 = CIRCLE ( 'NONE', #2253, 0.7650000000000001243 ) ;
#147 = DIRECTION ( 'NONE',  ( 0.000000000000000000, 1.000000000000000000, 0.000000000000000000 ) ) ;
#148 = ORIENTED_EDGE ( 'NONE', *, *, #1386, .T. ) ;
#149 = CIRCLE ( 'NONE', #3770, 0.5400000000000001465 ) ;
#150 = VECTOR ( 'NONE', #2398, 39.37007874015748143 ) ;
#151 = CARTESIAN_POINT ( 'NONE',  ( 6.978375382568811958, 0.3750000000000000555, 0.3606805018837709875 ) ) ;
#152 = CONICAL_SURFACE ( 'NONE', #2530, 0.6249999999999998890, 0.3490658503988632866 ) ;
#153 = ORIENTED_EDGE ( 'NONE', *, *, #24, .F. ) ;
#154 = EDGE_CURVE ( 'NONE', #5169, #213, #3786, .T. ) ;
#155 = CARTESIAN_POINT ( 'NONE',  ( -0.4291789783003779890, 0.3750000000000000555, 1.351670632534839989 ) ) ;
#156 = VECTOR ( 'NONE', #1419, 39.37007874015748143 ) ;
#157 = ORIENTED_EDGE ( 'NONE', *, *, #3366, .F. ) ;
#158 = CIRCLE ( 'NONE', #3937, 0.6249999999999996669 ) ;
#159 = FACE_OUTER_BOUND ( 'NONE', #3368, .T. ) ;
#160 = ORIENTED_EDGE ( 'NONE', *, *, #2244, .T. ) ;
#161 = VECTOR ( 'NONE', #1123, 39.37007874015748143 ) ;
#162 = VECTOR ( 'NONE', #4170, 39.37007874015748143 ) ;
#163 = DIRECTION ( 'NONE',  ( 0.000000000000000000, 1.000000000000000000, 0.000000000000000000 ) ) ;
#164 = ORIENTED_EDGE ( 'NONE', *, *, #4205, .T. ) ;
#165 = ADVANCED_FACE ( 'NONE', ( #19, #3759 ), #2945, .T. ) ;
#166 = DIRECTION ( 'NONE',  ( 0.000000000000000000, 0.000000000000000000, -1.000000000000000000 ) ) ;
#167 = DIRECTION ( 'NONE',  ( 0.000000000000000000, 0.000000000000000000, -1.000000000000000000 ) ) ;
#168 = ORIENTED_EDGE ( 'NONE', *, *, #4762, .F. ) ;
#169 = AXIS2_PLACEMENT_3D ( 'NONE', #2363, #4084, #5213 ) ;
#170 = VECTOR ( 'NONE', #4219, 39.37007874015748143 ) ;
#171 = ORIENTED_EDGE ( 'NONE', *, *, #3047, .F. ) ;
#172 = EDGE_CURVE ( 'NONE', #2660, #1067, #885, .T. ) ;
#173 = AXIS2_PLACEMENT_3D ( 'NONE', #1933, #695, #741 ) ;
#174 = CARTESIAN_POINT ( 'NONE',  ( 7.888840088369080128, 0.3124999999999979461, 0.05210625692648283847 ) ) ;
#175 = ORIENTED_EDGE ( 'NONE', *, *, #5062, .T. ) ;
#176 = EDGE_CURVE ( 'NONE', #3254, #3266, #1001, .T. ) ;
#177 = DIRECTION ( 'NONE',  ( 0.000000000000000000, 1.000000000000000000, 0.000000000000000000 ) ) ;
#178 = DIRECTION ( 'NONE',  ( 0.000000000000000000, 0.000000000000000000, -1.000000000000000000 ) ) ;
#179 = DIRECTION ( 'NONE',  ( 0.000000000000000000, 0.000000000000000000, 1.000000000000000000 ) ) ;
#180 = DIRECTION ( 'NONE',  ( 0.000000000000000000, 1.000000000000000000, 0.000000000000000000 ) ) ;
#181 = PRODUCT_DEFINITION_CONTEXT ( 'detailed design', #3081, 'design' ) ;
#182 = AXIS2_PLACEMENT_3D ( 'NONE', #4886, #2798, #1278 ) ;
#183 = ORIENTED_EDGE ( 'NONE', *, *, #1477, .F. ) ;
#184 = DIRECTION ( 'NONE',  ( 0.000000000000000000, 1.000000000000000000, 0.000000000000000000 ) ) ;
#185 = VERTEX_POINT ( 'NONE', #3455 ) ;
#186 = CARTESIAN_POINT ( 'NONE',  ( 6.260257689473142761, 0.000000000000000000, -0.01500000000000001159 ) ) ;
#187 = EDGE_LOOP ( 'NONE', ( #319, #14, #2049, #131 ) ) ;
#188 = CARTESIAN_POINT ( 'NONE',  ( 13.49688369930709086, 0.000000000000000000, 1.196670632534842182 ) ) ;
#189 = ORIENTED_EDGE ( 'NONE', *, *, #2237, .T. ) ;
#190 = CARTESIAN_POINT ( 'NONE',  ( 0.9688400883690793108, 0.07896441934635377302, 0.1371062569264826225 ) ) ;
#191 = EDGE_LOOP ( 'NONE', ( #295, #4908, #5391, #1950 ) ) ;
#192 = DIRECTION ( 'NONE',  ( -0.000000000000000000, -1.000000000000000000, -0.000000000000000000 ) ) ;
#193 = CARTESIAN_POINT ( 'NONE',  ( -0.4291789783003779890, 0.000000000000000000, 1.601670632534839989 ) ) ;
#194 = EDGE_LOOP ( 'NONE', ( #2382, #2362, #1284, #1920 ) ) ;
#195 = EDGE_CURVE ( 'NONE', #4504, #534, #5411, .T. ) ;
#196 = VERTEX_POINT ( 'NONE', #1365 ) ;
#197 = LINE ( 'NONE', #2374, #315 ) ;
#198 = ORIENTED_EDGE ( 'NONE', *, *, #4027, .F. ) ;
#199 = CARTESIAN_POINT ( 'NONE',  ( 9.782508224398357655, 0.000000000000000000, -0.1318039101121819268 ) ) ;
#200 = CARTESIAN_POINT ( 'NONE',  ( 14.81484008836907940, 0.3125000000000000000, 0.6771062569264827413 ) ) ;
#201 = EDGE_CURVE ( 'NONE', #1861, #3880, #1342, .T. ) ;
#202 = DIRECTION ( 'NONE',  ( -0.000000000000000000, -1.000000000000000000, -0.000000000000000000 ) ) ;
#203 = ORIENTED_EDGE ( 'NONE', *, *, #5427, .F. ) ;
#204 = DIRECTION ( 'NONE',  ( 0.000000000000000000, 0.000000000000000000, 1.000000000000000000 ) ) ;
#205 = FACE_OUTER_BOUND ( 'NONE', #1213, .T. ) ;
#206 = ORIENTED_EDGE ( 'NONE', *, *, #5326, .T. ) ;
#207 = DIRECTION ( 'NONE',  ( 0.000000000000000000, 0.000000000000000000, 1.000000000000000000 ) ) ;
#208 = ADVANCED_FACE ( 'NONE', ( #79 ), #5156, .T. ) ;
#209 = EDGE_LOOP ( 'NONE', ( #743, #1458, #2808, #398 ) ) ;
#210 = CARTESIAN_POINT ( 'NONE',  ( 11.34884008836908187, 0.3124999999999979461, 0.05210625692648283847 ) ) ;
#211 = ORIENTED_EDGE ( 'NONE', *, *, #779, .T. ) ;
#212 = LINE ( 'NONE', #1453, #1921 ) ;
#213 = VERTEX_POINT ( 'NONE', #127 ) ;
#214 = CARTESIAN_POINT ( 'NONE',  ( 11.34884008836908187, 0.3124999999999979461, 0.6771062569264827413 ) ) ;
#215 = PLANE ( 'NONE',  #4639 ) ;
#216 = DIRECTION ( 'NONE',  ( -0.000000000000000000, -1.000000000000000000, -0.000000000000000000 ) ) ;
#217 = ORIENTED_EDGE ( 'NONE', *, *, #3923, .T. ) ;
#218 = CARTESIAN_POINT ( 'NONE',  ( 14.81484008836907940, 0.3125000000000000000, -0.07489374307351720494 ) ) ;
#219 = DIRECTION ( 'NONE',  ( 0.7029513348070000056, 0.000000000000000000, -0.7112379495591170109 ) ) ;
#220 = EDGE_LOOP ( 'NONE', ( #1460, #5405, #5024, #239 ) ) ;
#221 = CARTESIAN_POINT ( 'NONE',  ( 15.69584008836907962, 0.3124999999999979461, 1.302106256926482519 ) ) ;
#222 = ADVANCED_FACE ( 'NONE', ( #5187 ), #896, .F. ) ;
#223 = ADVANCED_FACE ( 'NONE', ( #4721 ), #5209, .F. ) ;
#224 = DIRECTION ( 'NONE',  ( -0.000000000000000000, -1.000000000000000000, -0.000000000000000000 ) ) ;
#225 = LINE ( 'NONE', #4837, #3510 ) ;
#226 = CIRCLE ( 'NONE', #926, 0.1549999999999978340 ) ;
#227 = LINE ( 'NONE', #2775, #4359 ) ;
#228 = EDGE_LOOP ( 'NONE', ( #4427, #1096, #4249, #355 ) ) ;
#229 = DIRECTION ( 'NONE',  ( 0.000000000000000000, 1.000000000000000000, 0.000000000000000000 ) ) ;
#230 = ORIENTED_EDGE ( 'NONE', *, *, #3497, .T. ) ;
#231 = AXIS2_PLACEMENT_3D ( 'NONE', #5379, #3683, #2841 ) ;
#232 = AXIS2_PLACEMENT_3D ( 'NONE', #2043, #3309, #5123 ) ;
#233 = FACE_OUTER_BOUND ( 'NONE', #3028, .T. ) ;
#234 = AXIS2_PLACEMENT_3D ( 'NONE', #5181, #5060, #5144 ) ;
#235 = ADVANCED_FACE ( 'NONE', ( #483 ), #1998, .F. ) ;
#236 = ORIENTED_EDGE ( 'NONE', *, *, #4327, .F. ) ;
#237 = ADVANCED_FACE ( 'NONE', ( #2160 ), #4199, .F. ) ;
#238 = DIRECTION ( 'NONE',  ( 0.000000000000000000, 0.000000000000000000, -1.000000000000000000 ) ) ;
#239 = ORIENTED_EDGE ( 'NONE', *, *, #4927, .T. ) ;
#240 = LINE ( 'NONE', #1561, #4812 ) ;
#241 = VERTEX_POINT ( 'NONE', #3894 ) ;
#242 = CIRCLE ( 'NONE', #4107, 0.6650000000000001465 ) ;
#244 = CARTESIAN_POINT ( 'NONE',  ( 12.22984008836908032, 0.3125000000000000000, 0.6771062569264825193 ) ) ;
#243 = AXIS2_PLACEMENT_3D ( 'NONE', #3249, #1184, #4545 ) ;
#245 = AXIS2_PLACEMENT_3D ( 'NONE', #109, #1780, #4647 ) ;
#246 = DIRECTION ( 'NONE',  ( 1.000000000000000000, 0.000000000000000000, 2.064423126679161354E-18 ) ) ;
#247 = VECTOR ( 'NONE', #1143, 39.37007874015748143 ) ;
#248 = DIRECTION ( 'NONE',  ( -0.000000000000000000, -1.000000000000000000, -0.000000000000000000 ) ) ;
#249 = ORIENTED_EDGE ( 'NONE', *, *, #596, .T. ) ;
#250 = AXIS2_PLACEMENT_3D ( 'NONE', #2740, #3631, #684 ) ;
#251 = MECHANICAL_DESIGN_GEOMETRIC_PRESENTATION_REPRESENTATION (  '', ( #2622 ), #4899 ) ;
#252 = LINE ( 'NONE', #3609, #99 ) ;
#253 = CARTESIAN_POINT ( 'NONE',  ( 0.9688400883690804211, 0.1100000000000000006, 0.6771062569264827413 ) ) ;
#254 = ORIENTED_EDGE ( 'NONE', *, *, #4067, .T. ) ;
#255 = CYLINDRICAL_SURFACE ( 'NONE', #69, 0.4000000000000000222 ) ;
#256 = VECTOR ( 'NONE', #2983, 39.37007874015748143 ) ;
#257 = AXIS2_PLACEMENT_3D ( 'NONE', #5152, #1395, #1447 ) ;
#258 = CARTESIAN_POINT ( 'NONE',  ( 8.775840088369081471, 0.000000000000000000, 0.6771062569264825193 ) ) ;
#259 = DIRECTION ( 'NONE',  ( 1.000000000000000000, 0.000000000000000000, -0.000000000000000000 ) ) ;
#260 = AXIS2_PLACEMENT_3D ( 'NONE', #1980, #2423, #2013 ) ;
#261 = FACE_OUTER_BOUND ( 'NONE', #4718, .T. ) ;
#262 = ORIENTED_EDGE ( 'NONE', *, *, #2175, .F. ) ;
#263 = LINE ( 'NONE', #4817, #2169 ) ;
#264 = ORIENTED_EDGE ( 'NONE', *, *, #5025, .T. ) ;
#265 = ADVANCED_FACE ( 'NONE', ( #5105 ), #2955, .F. ) ;
#266 = CARTESIAN_POINT ( 'NONE',  ( 4.434840088369080391, 0.3750000000000000555, -0.07489374307351720494 ) ) ;
#267 = ORIENTED_EDGE ( 'NONE', *, *, #2911, .T. ) ;
#268 = DIRECTION ( 'NONE',  ( 0.000000000000000000, 0.000000000000000000, 1.000000000000000000 ) ) ;
#269 = DIRECTION ( 'NONE',  ( -4.480698032809951709E-15, -0.9396926207859092051, 0.3420201433256662704 ) ) ;
#270 = ORIENTED_EDGE ( 'NONE', *, *, #4540, .F. ) ;
#271 = ORIENTED_EDGE ( 'NONE', *, *, #4370, .F. ) ;
#272 = EDGE_CURVE ( 'NONE', #4126, #1224, #1849, .T. ) ;
#273 = CARTESIAN_POINT ( 'NONE',  ( 0.9688400883690779786, 0.000000000000000000, 0.01210625692648254967 ) ) ;
#274 = PLANE ( 'NONE',  #4462 ) ;
#275 = CARTESIAN_POINT ( 'NONE',  ( 4.428840088369081940, 0.07896441934635442528, 0.1371062569264823727 ) ) ;
#276 = EDGE_LOOP ( 'NONE', ( #635, #5313, #3112, #2128 ) ) ;
#277 = DIRECTION ( 'NONE',  ( 0.000000000000000000, 1.000000000000000000, 0.000000000000000000 ) ) ;
#278 = DIRECTION ( 'NONE',  ( 0.000000000000000000, 1.000000000000000000, 0.000000000000000000 ) ) ;
#279 = ADVANCED_FACE ( 'NONE', ( #4748 ), #1564, .F. ) ;
#280 = ORIENTED_EDGE ( 'NONE', *, *, #2046, .T. ) ;
#281 = DIRECTION ( 'NONE',  ( 0.000000000000000000, 0.000000000000000000, -1.000000000000000000 ) ) ;
#282 = DIRECTION ( 'NONE',  ( 0.000000000000000000, 1.000000000000000000, 0.000000000000000000 ) ) ;
#283 = DIRECTION ( 'NONE',  ( 0.000000000000000000, 0.000000000000000000, -1.000000000000000000 ) ) ;
#284 = DIRECTION ( 'NONE',  ( 0.000000000000000000, 0.000000000000000000, 1.000000000000000000 ) ) ;
#285 = EDGE_LOOP ( 'NONE', ( #2702, #3010, #3930, #2559 ) ) ;
#286 = DIRECTION ( 'NONE',  ( -0.000000000000000000, -1.000000000000000000, -0.000000000000000000 ) ) ;
#287 = VERTEX_POINT ( 'NONE', #2654 ) ;
#288 = LINE ( 'NONE', #266, #3318 ) ;
#289 = EDGE_LOOP ( 'NONE', ( #4951, #264, #3765, #5249 ) ) ;
#290 = FACE_OUTER_BOUND ( 'NONE', #2032, .T. ) ;
#291 = EDGE_CURVE ( 'NONE', #4126, #1599, #2441, .T. ) ;
#292 = ORIENTED_EDGE ( 'NONE', *, *, #639, .F. ) ;
#293 = EDGE_CURVE ( 'NONE', #4530, #3855, #4729, .T. ) ;
#294 = DIRECTION ( 'NONE',  ( 1.000000000000000000, 0.000000000000000000, 0.000000000000000000 ) ) ;
#295 = ORIENTED_EDGE ( 'NONE', *, *, #2505, .T. ) ;
#296 = DIRECTION ( 'NONE',  ( -0.000000000000000000, -1.000000000000000000, -0.000000000000000000 ) ) ;
#297 = ORIENTED_EDGE ( 'NONE', *, *, #1783, .F. ) ;
#298 = DIRECTION ( 'NONE',  ( 0.000000000000000000, 0.000000000000000000, 1.000000000000000000 ) ) ;
#299 = EDGE_CURVE ( 'NONE', #5198, #2953, #4987, .T. ) ;
#300 = DIRECTION ( 'NONE',  ( 0.000000000000000000, 0.000000000000000000, 1.000000000000000000 ) ) ;
#301 = ORIENTED_EDGE ( 'NONE', *, *, #1641, .F. ) ;
#302 = VERTEX_POINT ( 'NONE', #151 ) ;
#303 = EDGE_LOOP ( 'NONE', ( #3174, #3429, #2100, #23 ) ) ;
#304 = DIRECTION ( 'NONE',  ( 1.000000000000000000, -0.000000000000000000, -7.699684311342356015E-17 ) ) ;
#305 = VERTEX_POINT ( 'NONE', #1833 ) ;
#306 = DIRECTION ( 'NONE',  ( 0.000000000000000000, -1.000000000000000000, 0.000000000000000000 ) ) ;
#307 = CARTESIAN_POINT ( 'NONE',  ( 15.69584008836908318, 0.1100000000000000006, 0.01210625692648258263 ) ) ;
#308 = CARTESIAN_POINT ( 'NONE',  ( 11.34884008836908365, 0.3750000000000000555, 1.217106256926482777 ) ) ;
#309 = CARTESIAN_POINT ( 'NONE',  ( 7.888840088369082792, 0.3750000000000000555, 0.1371062569264823727 ) ) ;
#310 = ORIENTED_EDGE ( 'NONE', *, *, #3596, .F. ) ;
#311 = DIRECTION ( 'NONE',  ( 0.000000000000000000, 0.000000000000000000, -1.000000000000000000 ) ) ;
#312 = ORIENTED_EDGE ( 'NONE', *, *, #71, .T. ) ;
#313 = CARTESIAN_POINT ( 'NONE',  ( 0.9688400883690780896, 0.000000000000000000, 0.01210625692648254967 ) ) ;
#314 = VERTEX_POINT ( 'NONE', #4080 ) ;
#315 = VECTOR ( 'NONE', #3989, 39.37007874015748143 ) ;
#316 = CARTESIAN_POINT ( 'NONE',  ( 9.129830827888563149, 0.000000000000000000, -0.2932913001602637793 ) ) ;
#317 = ORIENTED_EDGE ( 'NONE', *, *, #71, .F. ) ;
#318 = CARTESIAN_POINT ( 'NONE',  ( 11.17839442598823751, 0.000000000000000000, -0.3049999999999999378 ) ) ;
#319 = ORIENTED_EDGE ( 'NONE', *, *, #4458, .T. ) ;
#320 = AXIS2_PLACEMENT_3D ( 'NONE', #1755, #5077, #4669 ) ;
#321 = EDGE_CURVE ( 'NONE', #992, #1890, #4907, .T. ) ;
#322 = VECTOR ( 'NONE', #2460, 39.37007874015748143 ) ;
#323 = CARTESIAN_POINT ( 'NONE',  ( 9.033758635138257276, 0.000000000000000000, -0.3049999999999999378 ) ) ;
#324 = LINE ( 'NONE', #4484, #1567 ) ;
#325 = VECTOR ( 'NONE', #2462, 39.37007874015748143 ) ;
#326 = FACE_BOUND ( 'NONE', #4189, .T. ) ;
#327 = ORIENTED_EDGE ( 'NONE', *, *, #1843, .F. ) ;
#328 = VECTOR ( 'NONE', #3859, 39.37007874015748143 ) ;
#329 = AXIS2_PLACEMENT_3D ( 'NONE', #3916, #3026, #1753 ) ;
#330 = VECTOR ( 'NONE', #3714, 39.37007874015748143 ) ;
#331 = AXIS2_PLACEMENT_3D ( 'NONE', #2010, #2035, #1575 ) ;
#332 = ADVANCED_FACE ( 'NONE', ( #3230 ), #1029, .T. ) ;
#333 = DIRECTION ( 'NONE',  ( 0.000000000000000000, 0.000000000000000000, -1.000000000000000000 ) ) ;
#334 = ORIENTED_EDGE ( 'NONE', *, *, #1912, .T. ) ;
#335 = VECTOR ( 'NONE', #2731, 39.37007874015748143 ) ;
#336 = DIRECTION ( 'NONE',  ( 0.000000000000000000, 1.000000000000000000, 0.000000000000000000 ) ) ;
#337 = DIRECTION ( 'NONE',  ( -0.000000000000000000, -1.000000000000000000, -0.000000000000000000 ) ) ;
#338 = VECTOR ( 'NONE', #447, 39.37007874015748143 ) ;
#340 = VECTOR ( 'NONE', #878, 39.37007874015748143 ) ;
#339 = CARTESIAN_POINT ( 'NONE',  ( 15.69584008836908318, 0.000000000000000000, 0.01210625692648258263 ) ) ;
#341 = EDGE_CURVE ( 'NONE', #3463, #1359, #5233, .T. ) ;
#342 = AXIS2_PLACEMENT_3D ( 'NONE', #3043, #964, #4343 ) ;
#343 = CARTESIAN_POINT ( 'NONE',  ( 4.428840088369081940, 0.3750000000000000555, 1.217106256926482777 ) ) ;
#344 = AXIS2_PLACEMENT_3D ( 'NONE', #4226, #5101, #41 ) ;
#345 = ORIENTED_EDGE ( 'NONE', *, *, #866, .T. ) ;
#346 = CARTESIAN_POINT ( 'NONE',  ( 7.888840088369082792, 0.3750000000000000555, 1.217106256926482777 ) ) ;
#347 = ORIENTED_EDGE ( 'NONE', *, *, #1784, .F. ) ;
#348 = CIRCLE ( 'NONE', #3856, 0.2499999999999994171 ) ;
#349 = DIRECTION ( 'NONE',  ( 0.000000000000000000, 0.000000000000000000, -1.000000000000000000 ) ) ;
#350 = EDGE_LOOP ( 'NONE', ( #10, #4216, #4054, #1171 ) ) ;
#351 = LINE ( 'NONE', #5395, #2786 ) ;
#352 = VERTEX_POINT ( 'NONE', #313 ) ;
#353 = CARTESIAN_POINT ( 'NONE',  ( 7.498871561196371438, 0.3750000000000000555, 1.675932798833090098 ) ) ;
#354 = VERTEX_POINT ( 'NONE', #703 ) ;
#355 = ORIENTED_EDGE ( 'NONE', *, *, #3900, .F. ) ;
#356 = CARTESIAN_POINT ( 'NONE',  ( 8.775840088369081471, 0.3750000000000000555, 0.1371062569264823727 ) ) ;
#357 = CARTESIAN_POINT ( 'NONE',  ( 12.23584008836908232, 0.000000000000000000, 1.442106256926482644 ) ) ;
#358 = DIRECTION ( 'NONE',  ( -0.000000000000000000, -1.000000000000000000, -0.000000000000000000 ) ) ;
#359 = ORIENTED_EDGE ( 'NONE', *, *, #5112, .T. ) ;
#360 = VECTOR ( 'NONE', #2111, 39.37007874015748143 ) ;
#361 = VERTEX_POINT ( 'NONE', #2755 ) ;
#362 = CARTESIAN_POINT ( 'NONE',  ( 8.769840088369079467, 0.3750000000000000555, -0.07489374307351720494 ) ) ;
#363 = VERTEX_POINT ( 'NONE', #2706 ) ;
#364 = DIRECTION ( 'NONE',  ( -1.000000000000000000, -0.000000000000000000, -2.064423126679161354E-18 ) ) ;
#365 = CARTESIAN_POINT ( 'NONE',  ( 8.769840088369079467, 0.3750000000000000555, 1.429106256926482299 ) ) ;
#366 = DIRECTION ( 'NONE',  ( -0.000000000000000000, 1.000000000000000000, -0.000000000000000000 ) ) ;
#367 = EDGE_CURVE ( 'NONE', #642, #4368, #2355, .T. ) ;
#368 = DIRECTION ( 'NONE',  ( -2.731847993664263218E-15, 0.000000000000000000, 1.000000000000000000 ) ) ;
#369 = ORIENTED_EDGE ( 'NONE', *, *, #3295, .T. ) ;
#370 = LINE ( 'NONE', #4139, #671 ) ;
#371 = ORIENTED_EDGE ( 'NONE', *, *, #4163, .F. ) ;
#372 = EDGE_CURVE ( 'NONE', #3251, #2865, #1989, .T. ) ;
#373 = DIRECTION ( 'NONE',  ( -0.000000000000000000, -1.000000000000000000, -0.000000000000000000 ) ) ;
#374 = ORIENTED_EDGE ( 'NONE', *, *, #18, .T. ) ;
#375 = CYLINDRICAL_SURFACE ( 'NONE', #83, 0.1550000000000000266 ) ;
#376 = ORIENTED_EDGE ( 'NONE', *, *, #4829, .T. ) ;
#377 = CARTESIAN_POINT ( 'NONE',  ( 8.775840088369081471, 0.07896441934635377302, 1.217106256926482999 ) ) ;
#378 = CARTESIAN_POINT ( 'NONE',  ( 7.888840088369082792, 0.1100000000000000006, -0.08789374307351774385 ) ) ;
#379 = VERTEX_POINT ( 'NONE', #5266 ) ;
#380 = DIRECTION ( 'NONE',  ( 0.000000000000000000, 0.000000000000000000, -1.000000000000000000 ) ) ;
#381 = CARTESIAN_POINT ( 'NONE',  ( 12.23584008836908232, 0.1100000000000000006, 0.6771062569264825193 ) ) ;
#382 = FACE_OUTER_BOUND ( 'NONE', #1983, .T. ) ;
#383 = ORIENTED_EDGE ( 'NONE', *, *, #391, .T. ) ;
#384 = FACE_OUTER_BOUND ( 'NONE', #5359, .T. ) ;
#385 = ORIENTED_EDGE ( 'NONE', *, *, #4327, .T. ) ;
#386 = CARTESIAN_POINT ( 'NONE',  ( 7.425474621455776969, 0.3750000000000000555, 1.601670632534839989 ) ) ;
#387 = DIRECTION ( 'NONE',  ( 0.6427220075350847939, 0.000000000000000000, -0.7660994850736230211 ) ) ;
#388 = DIRECTION ( 'NONE',  ( 0.000000000000000000, 1.000000000000000000, 0.000000000000000000 ) ) ;
#389 = EDGE_CURVE ( 'NONE', #379, #2542, #3620, .T. ) ;
#390 = DIRECTION ( 'NONE',  ( 0.000000000000000000, 1.000000000000000000, 0.000000000000000000 ) ) ;
#391 = EDGE_CURVE ( 'NONE', #1635, #111, #2811, .T. ) ;
#392 = ORIENTED_EDGE ( 'NONE', *, *, #4262, .F. ) ;
#393 = CARTESIAN_POINT ( 'NONE',  ( 7.888840088369082792, 0.000000000000000000, 0.6771062569264825193 ) ) ;
#394 = FACE_OUTER_BOUND ( 'NONE', #1249, .T. ) ;
#395 = ORIENTED_EDGE ( 'NONE', *, *, #1986, .T. ) ;
#396 = CARTESIAN_POINT ( 'NONE',  ( 7.888840088369082792, 0.000000000000000000, 0.1371062569264823727 ) ) ;
#397 = EDGE_CURVE ( 'NONE', #735, #5140, #1058, .T. ) ;
#398 = ORIENTED_EDGE ( 'NONE', *, *, #3923, .F. ) ;
#399 = CARTESIAN_POINT ( 'NONE',  ( 7.888840088369082792, 0.000000000000000000, -0.08789374307351774385 ) ) ;
#400 = ORIENTED_EDGE ( 'NONE', *, *, #1747, .T. ) ;
#401 = PLANE ( 'NONE',  #1662 ) ;
#402 = EDGE_CURVE ( 'NONE', #2298, #2427, #3597, .T. ) ;
#403 = CARTESIAN_POINT ( 'NONE',  ( 12.23584008836908232, 0.000000000000000000, 0.1371062569264823727 ) ) ;
#404 = VECTOR ( 'NONE', #26, 39.37007874015748143 ) ;
#405 = EDGE_CURVE ( 'NONE', #2275, #2199, #288, .T. ) ;
#406 = FACE_OUTER_BOUND ( 'NONE', #194, .T. ) ;
#407 = DIRECTION ( 'NONE',  ( 0.000000000000000000, 0.000000000000000000, -1.000000000000000000 ) ) ;
#408 = LINE ( 'NONE', #5049, #3769 ) ;
#409 = ORIENTED_EDGE ( 'NONE', *, *, #4862, .F. ) ;
#410 = VECTOR ( 'NONE', #46, 39.37007874015748143 ) ;
#411 = AXIS2_PLACEMENT_3D ( 'NONE', #2571, #4246, #179 ) ;
#412 = LINE ( 'NONE', #795, #4870 ) ;
#413 = EDGE_LOOP ( 'NONE', ( #3885, #1484 ) ) ;
#414 = DIRECTION ( 'NONE',  ( -0.02807442541171487060, 0.000000000000000000, -0.9996058356361281483 ) ) ;
#415 = CARTESIAN_POINT ( 'NONE',  ( 1.849840088369080204, 0.3125000000000000000, 1.429106256926482299 ) ) ;
#416 = VECTOR ( 'NONE', #12, 39.37007874015748143 ) ;
#417 = AXIS2_PLACEMENT_3D ( 'NONE', #4217, #446, #2586 ) ;
#418 = CIRCLE ( 'NONE', #3848, 0.7519999999999997797 ) ;
#419 = DIRECTION ( 'NONE',  ( 3.849842155671173077E-17, 0.000000000000000000, -1.000000000000000000 ) ) ;
#420 = ORIENTED_EDGE ( 'NONE', *, *, #5363, .T. ) ;
#421 = DIRECTION ( 'NONE',  ( -4.370956789862820361E-15, 0.000000000000000000, 1.000000000000000000 ) ) ;
#422 = AXIS2_PLACEMENT_3D ( 'NONE', #3167, #2826, #1100 ) ;
#423 = CIRCLE ( 'NONE', #78, 0.2500000000000000555 ) ;
#424 = DIRECTION ( 'NONE',  ( 0.000000000000000000, 0.000000000000000000, 1.000000000000000000 ) ) ;
#425 = AXIS2_PLACEMENT_3D ( 'NONE', #1925, #358, #1236 ) ;
#426 = AXIS2_PLACEMENT_3D ( 'NONE', #4954, #1637, #4586 ) ;
#427 = LINE ( 'NONE', #2104, #1214 ) ;
#428 = VERTEX_POINT ( 'NONE', #4791 ) ;
#429 = FACE_OUTER_BOUND ( 'NONE', #491, .T. ) ;
#430 = VECTOR ( 'NONE', #110, 39.37007874015748143 ) ;
#431 = ORIENTED_EDGE ( 'NONE', *, *, #4500, .T. ) ;
#432 = CIRCLE ( 'NONE', #2261, 0.6249999999999998890 ) ;
#433 = LINE ( 'NONE', #1253, #1486 ) ;
#434 = ADVANCED_FACE ( 'NONE', ( #4501 ), #767, .F. ) ;
#435 = EDGE_CURVE ( 'NONE', #4212, #2122, #1083, .T. ) ;
#436 = AXIS2_PLACEMENT_3D ( 'NONE', #3753, #4172, #4956 ) ;
#437 = LINE ( 'NONE', #1953, #2804 ) ;
#438 = CYLINDRICAL_SURFACE ( 'NONE', #493, 0.2500000000000001110 ) ;
#439 = CARTESIAN_POINT ( 'NONE',  ( 8.529887169104961586, 0.3750000000000000555, 1.601670632534839989 ) ) ;
#440 = EDGE_CURVE ( 'NONE', #445, #4888, #2782, .T. ) ;
#441 = CYLINDRICAL_SURFACE ( 'NONE', #4296, 0.7519999999999997797 ) ;
#442 = ORIENTED_EDGE ( 'NONE', *, *, #1450, .T. ) ;
#443 = EDGE_CURVE ( 'NONE', #428, #897, #724, .T. ) ;
#444 = CARTESIAN_POINT ( 'NONE',  ( 10.24185051130040414, 0.3750000000000000555, 0.4499999999999989564 ) ) ;
#445 = VERTEX_POINT ( 'NONE', #2321 ) ;
#446 = DIRECTION ( 'NONE',  ( 0.000000000000000000, 1.000000000000000000, 0.000000000000000000 ) ) ;
#447 = DIRECTION ( 'NONE',  ( -0.000000000000000000, -1.000000000000000000, -0.000000000000000000 ) ) ;
#448 = ADVANCED_FACE ( 'NONE', ( #3197 ), #152, .F. ) ;
#449 = CARTESIAN_POINT ( 'NONE',  ( 7.888840088369082792, 0.1100000000000000006, 0.01210625692648241263 ) ) ;
#450 = FACE_OUTER_BOUND ( 'NONE', #2498, .T. ) ;
#451 = ORIENTED_EDGE ( 'NONE', *, *, #4896, .T. ) ;
#452 = CARTESIAN_POINT ( 'NONE',  ( 7.888840088369082792, 0.1100000000000000006, 0.6771062569264825193 ) ) ;
#453 = CARTESIAN_POINT ( 'NONE',  ( 1.855840088369080432, 0.3750000000000000555, 0.6771062569264827413 ) ) ;
#454 = LINE ( 'NONE', #867, #591 ) ;
#455 = ORIENTED_EDGE ( 'NONE', *, *, #195, .F. ) ;
#456 = DIRECTION ( 'NONE',  ( 0.000000000000000000, 0.000000000000000000, 1.000000000000000000 ) ) ;
#457 = EDGE_LOOP ( 'NONE', ( #3875, #2055, #1838, #5075 ) ) ;
#458 = DIRECTION ( 'NONE',  ( 0.000000000000000000, 0.000000000000000000, 1.000000000000000000 ) ) ;
#459 = LINE ( 'NONE', #5074, #1589 ) ;
#460 = EDGE_LOOP ( 'NONE', ( #1431, #5081 ) ) ;
#461 = EDGE_CURVE ( 'NONE', #3375, #3260, #3560, .T. ) ;
#462 = LINE ( 'NONE', #2604, #1894 ) ;
#463 = EDGE_CURVE ( 'NONE', #4108, #3040, #4414, .T. ) ;
#464 = FILL_AREA_STYLE_COLOUR ( '', #1653 ) ;
#465 = FACE_OUTER_BOUND ( 'NONE', #3627, .T. ) ;
#466 = ORIENTED_EDGE ( 'NONE', *, *, #5427, .T. ) ;
#467 = CYLINDRICAL_SURFACE ( 'NONE', #1103, 0.2499999999999988620 ) ;
#468 = ORIENTED_EDGE ( 'NONE', *, *, #2812, .T. ) ;
#469 = ADVANCED_FACE ( 'NONE', ( #233 ), #13, .F. ) ;
#470 = PLANE ( 'NONE',  #4631 ) ;
#471 = DIRECTION ( 'NONE',  ( -0.000000000000000000, -1.000000000000000000, -0.000000000000000000 ) ) ;
#472 =( NAMED_UNIT ( * ) SI_UNIT ( $, .STERADIAN. ) SOLID_ANGLE_UNIT ( ) );
#473 = CARTESIAN_POINT ( 'NONE',  ( -0.05747951400767795094, 0.3750000000000000555, -0.05500000000000002803 ) ) ;
#474 = EDGE_CURVE ( 'NONE', #3395, #3906, #3042, .T. ) ;
#475 = CARTESIAN_POINT ( 'NONE',  ( 13.49688369930709086, 0.3750000000000000555, 1.351670632534839989 ) ) ;
#476 = DIRECTION ( 'NONE',  ( -0.000000000000000000, 1.000000000000000000, -0.000000000000000000 ) ) ;
#477 = DIRECTION ( 'NONE',  ( 0.000000000000000000, -0.9396926207859092051, 0.3420201433256662704 ) ) ;
#478 = LINE ( 'NONE', #145, #3758 ) ;
#479 = EDGE_LOOP ( 'NONE', ( #4771, #2754, #3008, #3075 ) ) ;
#480 = CARTESIAN_POINT ( 'NONE',  ( 0.9688400883690804211, 0.000000000000000000, 0.6771062569264827413 ) ) ;
#481 = ORIENTED_EDGE ( 'NONE', *, *, #1619, .F. ) ;
#482 = DIRECTION ( 'NONE',  ( 0.000000000000000000, 1.000000000000000000, 0.000000000000000000 ) ) ;
#483 = FACE_OUTER_BOUND ( 'NONE', #3837, .T. ) ;
#484 = ORIENTED_EDGE ( 'NONE', *, *, #2481, .T. ) ;
#485 = DIRECTION ( 'NONE',  ( -1.000000000000000000, 0.000000000000000000, 6.159747449073876923E-16 ) ) ;
#486 = CARTESIAN_POINT ( 'NONE',  ( 7.723394425988239220, 0.3750000000000000555, -0.3049999999999999933 ) ) ;
#487 = DIRECTION ( 'NONE',  ( 0.000000000000000000, 0.000000000000000000, 1.000000000000000000 ) ) ;
#488 = ORIENTED_EDGE ( 'NONE', *, *, #3209, .T. ) ;
#489 = AXIS2_PLACEMENT_3D ( 'NONE', #764, #1542, #3211 ) ;
#490 = DIRECTION ( 'NONE',  ( 0.000000000000000000, 1.000000000000000000, 0.000000000000000000 ) ) ;
#491 = EDGE_LOOP ( 'NONE', ( #3760, #765, #978, #2834 ) ) ;
#492 = DIRECTION ( 'NONE',  ( -1.000000000000000000, 0.000000000000000000, 6.159747449073876923E-16 ) ) ;
#493 = AXIS2_PLACEMENT_3D ( 'NONE', #2114, #2556, #5047 ) ;
#494 = CARTESIAN_POINT ( 'NONE',  ( 15.69584008836908318, 0.1100000000000000006, 1.442106256926482644 ) ) ;
#495 = ORIENTED_EDGE ( 'NONE', *, *, #3973, .T. ) ;
#496 = VECTOR ( 'NONE', #944, 39.37007874015748143 ) ;
#497 = EDGE_CURVE ( 'NONE', #642, #2660, #1248, .T. ) ;
#498 = CIRCLE ( 'NONE', #4363, 0.4000000000000000777 ) ;
#499 = FACE_OUTER_BOUND ( 'NONE', #4324, .T. ) ;
#500 = ORIENTED_EDGE ( 'NONE', *, *, #4642, .T. ) ;
#501 = CARTESIAN_POINT ( 'NONE',  ( 15.68984008836907940, 0.3750000000000000555, 1.429106256926482299 ) ) ;
#502 = VECTOR ( 'NONE', #1791, 39.37007874015748143 ) ;
#503 = ORIENTED_EDGE ( 'NONE', *, *, #440, .T. ) ;
#504 = DIRECTION ( 'NONE',  ( -0.000000000000000000, 1.000000000000000000, -0.000000000000000000 ) ) ;
#505 = DIRECTION ( 'NONE',  ( -0.000000000000000000, -1.000000000000000000, -0.000000000000000000 ) ) ;
#506 = AXIS2_PLACEMENT_3D ( 'NONE', #5385, #1261, #5029 ) ;
#507 = EDGE_CURVE ( 'NONE', #2719, #305, #418, .T. ) ;
#508 = VECTOR ( 'NONE', #580, 39.37007874015748143 ) ;
#509 = CARTESIAN_POINT ( 'NONE',  ( 9.993457670815844907, 0.000000000000000000, 0.1716981132075470762 ) ) ;
#510 = VECTOR ( 'NONE', #1690, 39.37007874015748143 ) ;
#511 = PLANE ( 'NONE',  #4289 ) ;
#512 = ORIENTED_EDGE ( 'NONE', *, *, #2272, .F. ) ;
#513 = DIRECTION ( 'NONE',  ( 0.000000000000000000, 0.000000000000000000, 1.000000000000000000 ) ) ;
#514 = CIRCLE ( 'NONE', #864, 0.5399999999999999245 ) ;
#515 = CIRCLE ( 'NONE', #1303, 0.6650000000000001465 ) ;
#516 = CARTESIAN_POINT ( 'NONE',  ( 0.9688400883690804211, 0.000000000000000000, 0.6771062569264827413 ) ) ;
#517 = VERTEX_POINT ( 'NONE', #2890 ) ;
#519 = CARTESIAN_POINT ( 'NONE',  ( 1.855840088369080432, 0.1100000000000000006, 1.342106256926482777 ) ) ;
#518 = CIRCLE ( 'NONE', #954, 0.2500000000000014433 ) ;
#520 = CIRCLE ( 'NONE', #3595, 0.1549999999999976674 ) ;
#521 = CARTESIAN_POINT ( 'NONE',  ( 7.321062073806592352, 0.000000000000000000, 1.851670632534839989 ) ) ;
#522 = DIRECTION ( 'NONE',  ( 0.000000000000000000, 0.000000000000000000, -1.000000000000000000 ) ) ;
#523 = ORIENTED_EDGE ( 'NONE', *, *, #2846, .T. ) ;
#524 = AXIS2_PLACEMENT_3D ( 'NONE', #3396, #5103, #4690 ) ;
#525 = LINE ( 'NONE', #3440, #140 ) ;
#526 = EDGE_LOOP ( 'NONE', ( #1687, #2947 ) ) ;
#527 = DIRECTION ( 'NONE',  ( 0.9707282504006573554, 0.000000000000000000, 0.2401804818757737880 ) ) ;
#528 = DIRECTION ( 'NONE',  ( 0.000000000000000000, 0.000000000000000000, 1.000000000000000000 ) ) ;
#529 = EDGE_LOOP ( 'NONE', ( #1203, #3646, #1560, #3695 ) ) ;
#530 = DIRECTION ( 'NONE',  ( 0.000000000000000000, 0.000000000000000000, 1.000000000000000000 ) ) ;
#531 = CYLINDRICAL_SURFACE ( 'NONE', #4629, 0.7650000000000012346 ) ;
#532 = LINE ( 'NONE', #4711, #1382 ) ;
#533 = ADVANCED_FACE ( 'NONE', ( #4931 ), #2131, .F. ) ;
#534 = VERTEX_POINT ( 'NONE', #1228 ) ;
#535 = EDGE_CURVE ( 'NONE', #2003, #3260, #4583, .T. ) ;
#536 = CARTESIAN_POINT ( 'NONE',  ( 12.23584008836908055, 0.3124999999999979461, 1.302106256926482519 ) ) ;
#537 = CARTESIAN_POINT ( 'NONE',  ( 0.9688400883690804211, 0.1100000000000000006, 1.342106256926482777 ) ) ;
#538 = EDGE_CURVE ( 'NONE', #1962, #5378, #4990, .T. ) ;
#539 = FACE_BOUND ( 'NONE', #3120, .T. ) ;
#540 = VERTEX_POINT ( 'NONE', #5040 ) ;
#541 = FACE_OUTER_BOUND ( 'NONE', #209, .T. ) ;
#542 = DIRECTION ( 'NONE',  ( 0.000000000000000000, 0.000000000000000000, 1.000000000000000000 ) ) ;
#543 = ORIENTED_EDGE ( 'NONE', *, *, #3958, .F. ) ;
#544 = DIRECTION ( 'NONE',  ( 3.849842155671182938E-17, 0.000000000000000000, -1.000000000000000000 ) ) ;
#545 = CARTESIAN_POINT ( 'NONE',  ( 0.9688400883690804211, 0.3124999999999979461, 1.302106256926482297 ) ) ;
#546 = ORIENTED_EDGE ( 'NONE', *, *, #4135, .F. ) ;
#547 = DIRECTION ( 'NONE',  ( 4.438812645433182019E-15, -0.9396926207859092051, -0.3420201433256662704 ) ) ;
#548 = ORIENTED_EDGE ( 'NONE', *, *, #2396, .T. ) ;
#549 = DIRECTION ( 'NONE',  ( 0.000000000000000000, 0.000000000000000000, -1.000000000000000000 ) ) ;
#550 = CARTESIAN_POINT ( 'NONE',  ( 15.69584008836908318, 0.000000000000000000, 0.6771062569264825193 ) ) ;
#551 = ORIENTED_EDGE ( 'NONE', *, *, #1414, .F. ) ;
#552 = ORIENTED_EDGE ( 'NONE', *, *, #4829, .F. ) ;
#553 = LINE ( 'NONE', #2568, #4883 ) ;
#554 = CARTESIAN_POINT ( 'NONE',  ( 16.73260502127741844, 0.000000000000000000, 1.260695215269646230 ) ) ;
#555 = DIRECTION ( 'NONE',  ( 0.000000000000000000, 0.000000000000000000, 1.000000000000000000 ) ) ;
#556 = APPLICATION_CONTEXT ( 'automotive_design' ) ;
#557 = EDGE_CURVE ( 'NONE', #992, #1644, #3781, .T. ) ;
#558 = EDGE_CURVE ( 'NONE', #4486, #3371, #4455, .T. ) ;
#559 = DIRECTION ( 'NONE',  ( 0.000000000000000000, 0.000000000000000000, -1.000000000000000000 ) ) ;
#560 = CARTESIAN_POINT ( 'NONE',  ( 8.529887169104961586, 0.000000000000000000, 1.851670632534839989 ) ) ;
#561 = ORIENTED_EDGE ( 'NONE', *, *, #4603, .T. ) ;
#562 = EDGE_CURVE ( 'NONE', #5221, #2180, #2619, .T. ) ;
#563 = DIRECTION ( 'NONE',  ( -0.000000000000000000, -1.000000000000000000, -0.000000000000000000 ) ) ;
#564 = ORIENTED_EDGE ( 'NONE', *, *, #4896, .F. ) ;
#565 = PLANE ( 'NONE',  #3052 ) ;
#566 = DIRECTION ( 'NONE',  ( 0.000000000000000000, 0.000000000000000000, 1.000000000000000000 ) ) ;
#567 = ORIENTED_EDGE ( 'NONE', *, *, #3747, .F. ) ;
#568 = EDGE_CURVE ( 'NONE', #786, #1504, #5371, .T. ) ;
#569 = ADVANCED_FACE ( 'NONE', ( #5393 ), #4630, .F. ) ;
#570 = CARTESIAN_POINT ( 'NONE',  ( 11.17839442598823751, 0.3750000000000000555, -0.3049999999999999378 ) ) ;
#571 = EDGE_LOOP ( 'NONE', ( #1817, #5254, #5276, #1003 ) ) ;
#572 = CARTESIAN_POINT ( 'NONE',  ( -0.2500000000000000555, 0.000000000000000000, -0.3049999999999999933 ) ) ;
#573 = FACE_OUTER_BOUND ( 'NONE', #2959, .T. ) ;
#574 = ORIENTED_EDGE ( 'NONE', *, *, #863, .F. ) ;
#575 = EDGE_LOOP ( 'NONE', ( #1798, #3177, #4338, #3562 ) ) ;
#576 = LINE ( 'NONE', #4046, #2430 ) ;
#577 = VECTOR ( 'NONE', #2395, 39.37007874015748143 ) ;
#578 = ORIENTED_EDGE ( 'NONE', *, *, #3831, .T. ) ;
#579 = LINE ( 'NONE', #971, #849 ) ;
#580 = DIRECTION ( 'NONE',  ( -0.000000000000000000, 1.000000000000000000, -0.000000000000000000 ) ) ;
#581 = AXIS2_PLACEMENT_3D ( 'NONE', #3372, #4230, #2196 ) ;
#582 = VECTOR ( 'NONE', #3589, 39.37007874015748143 ) ;
#583 = CARTESIAN_POINT ( 'NONE',  ( 15.69584008836908318, 0.1100000000000000006, 1.342106256926482333 ) ) ;
#584 = VECTOR ( 'NONE', #4723, 39.37007874015748143 ) ;
#585 = FACE_BOUND ( 'NONE', #4358, .T. ) ;
#586 = VECTOR ( 'NONE', #4707, 39.37007874015748143 ) ;
#587 = ORIENTED_EDGE ( 'NONE', *, *, #272, .T. ) ;
#588 = AXIS2_PLACEMENT_3D ( 'NONE', #473, #3467, #3416 ) ;
#589 = VECTOR ( 'NONE', #3041, 39.37007874015748143 ) ;
#590 = DIRECTION ( 'NONE',  ( 0.000000000000000000, 1.000000000000000000, 0.000000000000000000 ) ) ;
#591 = VECTOR ( 'NONE', #3282, 39.37007874015748143 ) ;
#592 = ORIENTED_EDGE ( 'NONE', *, *, #57, .T. ) ;
#593 = DIRECTION ( 'NONE',  ( 0.000000000000000000, 0.000000000000000000, 1.000000000000000000 ) ) ;
#594 = AXIS2_PLACEMENT_3D ( 'NONE', #3356, #1263, #387 ) ;
#595 = VECTOR ( 'NONE', #4533, 39.37007874015748143 ) ;
#596 = EDGE_CURVE ( 'NONE', #1861, #2370, #3341, .T. ) ;
#597 = CYLINDRICAL_SURFACE ( 'NONE', #1221, 0.5400000000000002576 ) ;
#598 = ORIENTED_EDGE ( 'NONE', *, *, #3865, .T. ) ;
#599 = AXIS2_PLACEMENT_3D ( 'NONE', #3934, #2172, #528 ) ;
#600 = AXIS2_PLACEMENT_3D ( 'NONE', #3090, #1004, #2675 ) ;
#601 = FACE_OUTER_BOUND ( 'NONE', #778, .T. ) ;
#602 = EDGE_CURVE ( 'NONE', #3906, #2719, #454, .T. ) ;
#603 = ORIENTED_EDGE ( 'NONE', *, *, #4469, .T. ) ;
#604 = DIRECTION ( 'NONE',  ( 0.000000000000000000, 0.000000000000000000, -1.000000000000000000 ) ) ;
#605 = EDGE_CURVE ( 'NONE', #2732, #4368, #4371, .T. ) ;
#606 = DIRECTION ( 'NONE',  ( 1.000000000000000000, 0.000000000000000000, -3.122111992759159443E-16 ) ) ;
#607 = ORIENTED_EDGE ( 'NONE', *, *, #4526, .T. ) ;
#608 = VECTOR ( 'NONE', #4233, 39.37007874015748143 ) ;
#609 = AXIS2_PLACEMENT_3D ( 'NONE', #5141, #3824, #937 ) ;
#610 = ORIENTED_EDGE ( 'NONE', *, *, #2415, .T. ) ;
#611 = CIRCLE ( 'NONE', #3334, 0.1549999999999976674 ) ;
#612 = DIRECTION ( 'NONE',  ( 0.000000000000000000, 0.000000000000000000, -1.000000000000000000 ) ) ;
#613 = ORIENTED_EDGE ( 'NONE', *, *, #4824, .T. ) ;
#614 = CARTESIAN_POINT ( 'NONE',  ( 0.000000000000000000, 0.3750000000000000555, 0.000000000000000000 ) ) ;
#615 = CARTESIAN_POINT ( 'NONE',  ( 0.9748400883690785390, 0.3750000000000000555, 1.429106256926482521 ) ) ;
#616 = EDGE_CURVE ( 'NONE', #185, #5221, #427, .T. ) ;
#617 = CYLINDRICAL_SURFACE ( 'NONE', #3048, 0.4000000000000000222 ) ;
#618 = ORIENTED_EDGE ( 'NONE', *, *, #2499, .F. ) ;
#619 = DIRECTION ( 'NONE',  ( 0.000000000000000000, 1.000000000000000000, 0.000000000000000000 ) ) ;
#620 = ORIENTED_EDGE ( 'NONE', *, *, #2717, .F. ) ;
#621 = CARTESIAN_POINT ( 'NONE',  ( 11.34884008836908187, 0.3124999999999979461, 1.302106256926482519 ) ) ;
#622 = VERTEX_POINT ( 'NONE', #4556 ) ;
#623 = DIRECTION ( 'NONE',  ( 0.000000000000000000, 0.000000000000000000, -1.000000000000000000 ) ) ;
#624 = DIRECTION ( 'NONE',  ( 1.000000000000000000, -0.000000000000000000, -7.699684311342365876E-17 ) ) ;
#625 = EDGE_LOOP ( 'NONE', ( #5279, #1280, #3752, #4201 ) ) ;
#626 = ADVANCED_FACE ( 'NONE', ( #4523 ), #747, .T. ) ;
#627 = EDGE_CURVE ( 'NONE', #3750, #1224, #4714, .T. ) ;
#628 = DIRECTION ( 'NONE',  ( -0.000000000000000000, 1.000000000000000000, -0.000000000000000000 ) ) ;
#629 = DIRECTION ( 'NONE',  ( 0.000000000000000000, -0.9396926207859092051, 0.3420201433256662704 ) ) ;
#630 = LINE ( 'NONE', #4853, #1398 ) ;
#631 = EDGE_LOOP ( 'NONE', ( #4345, #1680, #1657, #2134 ) ) ;
#632 = ORIENTED_EDGE ( 'NONE', *, *, #3335, .F. ) ;
#633 = VERTEX_POINT ( 'NONE', #2626 ) ;
#634 = CARTESIAN_POINT ( 'NONE',  ( 8.775840088369081471, 0.000000000000000000, 0.6771062569264825193 ) ) ;
#635 = ORIENTED_EDGE ( 'NONE', *, *, #736, .F. ) ;
#636 = DIRECTION ( 'NONE',  ( 0.000000000000000000, 0.000000000000000000, -1.000000000000000000 ) ) ;
#637 = CARTESIAN_POINT ( 'NONE',  ( 8.775840088369081471, 0.000000000000000000, 1.442106256926482644 ) ) ;
#638 = DIRECTION ( 'NONE',  ( 4.438812645433182019E-15, -0.9396926207859092051, -0.3420201433256662704 ) ) ;
#639 = EDGE_CURVE ( 'NONE', #1591, #3466, #5099, .T. ) ;
#640 = EDGE_CURVE ( 'NONE', #89, #3033, #2770, .T. ) ;
#641 = CARTESIAN_POINT ( 'NONE',  ( 6.260257689473142761, 0.3750000000000000555, -0.01500000000000001159 ) ) ;
#642 = VERTEX_POINT ( 'NONE', #3889 ) ;
#643 = CARTESIAN_POINT ( 'NONE',  ( 5.315840088369081506, 0.1100000000000000006, 0.6771062569264825193 ) ) ;
#644 = ORIENTED_EDGE ( 'NONE', *, *, #4354, .F. ) ;
#645 = CARTESIAN_POINT ( 'NONE',  ( 14.80884008836908450, 0.3750000000000000555, 0.1371062569264825115 ) ) ;
#646 = EDGE_LOOP ( 'NONE', ( #1754, #3091, #1192, #3965 ) ) ;
#647 = LINE ( 'NONE', #3565, #2705 ) ;
#648 = ORIENTED_EDGE ( 'NONE', *, *, #463, .F. ) ;
#649 = CARTESIAN_POINT ( 'NONE',  ( 14.80884008836908450, 0.000000000000000000, 0.01210625692648268498 ) ) ;
#650 = ORIENTED_EDGE ( 'NONE', *, *, #5039, .F. ) ;
#651 = CARTESIAN_POINT ( 'NONE',  ( 10.87195463195878808, 0.000000000000000000, -0.1620888030140353597 ) ) ;
#652 = LINE ( 'NONE', #987, #2354 ) ;
#653 = CARTESIAN_POINT ( 'NONE',  ( 16.73962362763034761, 0.000000000000000000, 1.510596674178678267 ) ) ;
#654 = ORIENTED_EDGE ( 'NONE', *, *, #3921, .T. ) ;
#655 = ORIENTED_EDGE ( 'NONE', *, *, #2, .T. ) ;
#656 = CARTESIAN_POINT ( 'NONE',  ( 2.688000000000000611, 0.3750000000000000555, 0.000000000000000000 ) ) ;
#657 = ORIENTED_EDGE ( 'NONE', *, *, #1580, .F. ) ;
#658 = LINE ( 'NONE', #199, #2867 ) ;
#659 = CARTESIAN_POINT ( 'NONE',  ( 5.315840088369081506, 0.000000000000000000, 0.01210625692648231028 ) ) ;
#660 = CARTESIAN_POINT ( 'NONE',  ( 6.786850511300405842, 0.3750000000000000555, 0.2000000000000000111 ) ) ;
#661 = ADVANCED_FACE ( 'NONE', ( #122 ), #997, .F. ) ;
#662 = VECTOR ( 'NONE', #88, 39.37007874015748143 ) ;
#663 = CARTESIAN_POINT ( 'NONE',  ( 4.428840088369081940, 0.1100000000000000006, 1.442106256926483088 ) ) ;
#664 = ORIENTED_EDGE ( 'NONE', *, *, #5062, .F. ) ;
#665 = DIRECTION ( 'NONE',  ( 0.000000000000000000, 0.000000000000000000, -1.000000000000000000 ) ) ;
#666 = EDGE_CURVE ( 'NONE', #4486, #4005, #478, .T. ) ;
#667 = ORIENTED_EDGE ( 'NONE', *, *, #558, .T. ) ;
#668 = EDGE_CURVE ( 'NONE', #3591, #3040, #1745, .T. ) ;
#669 = AXIS2_PLACEMENT_3D ( 'NONE', #1422, #4350, #2669 ) ;
#670 = CARTESIAN_POINT ( 'NONE',  ( 1.855840088369080654, 0.1100000000000000006, 1.442106256926482644 ) ) ;
#671 = VECTOR ( 'NONE', #11, 39.37007874015748143 ) ;
#672 = ORIENTED_EDGE ( 'NONE', *, *, #4093, .F. ) ;
#673 = CARTESIAN_POINT ( 'NONE',  ( 9.033758635138257276, 0.000000000000000000, 0.09499999999999998723 ) ) ;
#674 = EDGE_LOOP ( 'NONE', ( #4869, #2908, #2741, #4015 ) ) ;
#675 = CARTESIAN_POINT ( 'NONE',  ( 11.35484008836908032, 0.3125000000000000000, 1.429106256926482521 ) ) ;
#676 = ORIENTED_EDGE ( 'NONE', *, *, #2648, .F. ) ;
#677 = CIRCLE ( 'NONE', #331, 0.1549999999999979450 ) ;
#678 = EDGE_CURVE ( 'NONE', #1623, #3570, #2687, .T. ) ;
#679 = AXIS2_PLACEMENT_3D ( 'NONE', #4820, #2405, #1882 ) ;
#680 = CARTESIAN_POINT ( 'NONE',  ( 6.260257689473142761, 0.3750000000000000555, 0.1400000000000000133 ) ) ;
#681 = AXIS2_PLACEMENT_3D ( 'NONE', #758, #2030, #4916 ) ;
#682 = LINE ( 'NONE', #3544, #4895 ) ;
#683 = AXIS2_PLACEMENT_3D ( 'NONE', #2293, #2806, #1053 ) ;
#684 = DIRECTION ( 'NONE',  ( 0.000000000000000000, 0.000000000000000000, -1.000000000000000000 ) ) ;
#685 = EDGE_LOOP ( 'NONE', ( #707, #267, #4419, #1437 ) ) ;
#686 = CIRCLE ( 'NONE', #3414, 0.6650000000000001465 ) ;
#687 = CIRCLE ( 'NONE', #3763, 0.2799999999999973621 ) ;
#688 = LINE ( 'NONE', #4488, #3164 ) ;
#689 = DIRECTION ( 'NONE',  ( 0.000000000000000000, 0.000000000000000000, 1.000000000000000000 ) ) ;
#690 = VERTEX_POINT ( 'NONE', #3832 ) ;
#691 = PLANE ( 'NONE',  #4279 ) ;
#692 = VECTOR ( 'NONE', #269, 39.37007874015748143 ) ;
#693 = CIRCLE ( 'NONE', #257, 0.7650000000000012346 ) ;
#694 = CARTESIAN_POINT ( 'NONE',  ( 15.64904226588826042, 0.3750000000000000555, -0.3049999999999999378 ) ) ;
#695 = DIRECTION ( 'NONE',  ( 0.000000000000000000, 0.000000000000000000, 1.000000000000000000 ) ) ;
#696 = VECTOR ( 'NONE', #3060, 39.37007874015748143 ) ;
#697 = EDGE_CURVE ( 'NONE', #4156, #4911, #1795, .T. ) ;
#698 = CARTESIAN_POINT ( 'NONE',  ( 4.428840088369080163, 0.3124999999999979461, 0.05210625692648283847 ) ) ;
#699 = ADVANCED_FACE ( 'NONE', ( #3389 ), #2595, .F. ) ;
#700 = ORIENTED_EDGE ( 'NONE', *, *, #5345, .T. ) ;
#701 = CYLINDRICAL_SURFACE ( 'NONE', #3308, 0.7650000000000000133 ) ;
#702 = VERTEX_POINT ( 'NONE', #3472 ) ;
#703 = CARTESIAN_POINT ( 'NONE',  ( 6.538457670815847500, 0.3750000000000000555, 0.1716981132075470207 ) ) ;
#704 = EDGE_CURVE ( 'NONE', #3778, #4052, #4305, .T. ) ;
#705 = ORIENTED_EDGE ( 'NONE', *, *, #4431, .F. ) ;
#706 = CARTESIAN_POINT ( 'NONE',  ( 4.434840088369080391, 0.3125000000000000000, 1.429106256926482521 ) ) ;
#707 = ORIENTED_EDGE ( 'NONE', *, *, #4469, .F. ) ;
#708 = CARTESIAN_POINT ( 'NONE',  ( 1.855840088369080432, 0.000000000000000000, 0.6771062569264827413 ) ) ;
#709 = ORIENTED_EDGE ( 'NONE', *, *, #3561, .T. ) ;
#710 = DIRECTION ( 'NONE',  ( -0.000000000000000000, -1.000000000000000000, -0.000000000000000000 ) ) ;
#711 = FACE_OUTER_BOUND ( 'NONE', #3644, .T. ) ;
#712 = CARTESIAN_POINT ( 'NONE',  ( 7.925474621455776969, 0.3750000000000000555, 1.871357056455910772 ) ) ;
#713 = VERTEX_POINT ( 'NONE', #5149 ) ;
#714 = LINE ( 'NONE', #3319, #3067 ) ;
#715 = DIRECTION ( 'NONE',  ( -0.000000000000000000, -1.000000000000000000, -0.000000000000000000 ) ) ;
#716 = VERTEX_POINT ( 'NONE', #509 ) ;
#717 = PLANE ( 'NONE',  #854 ) ;
#718 = DIRECTION ( 'NONE',  ( 0.000000000000000000, 1.000000000000000000, 0.000000000000000000 ) ) ;
#719 = FACE_OUTER_BOUND ( 'NONE', #2759, .T. ) ;
#720 = CARTESIAN_POINT ( 'NONE',  ( 8.121065057584534230, 0.000000000000000000, 1.909668673527836091 ) ) ;
#721 = ORIENTED_EDGE ( 'NONE', *, *, #4475, .T. ) ;
#722 = FACE_OUTER_BOUND ( 'NONE', #80, .T. ) ;
#723 = ORIENTED_EDGE ( 'NONE', *, *, #201, .T. ) ;
#724 = LINE ( 'NONE', #4474, #1913 ) ;
#725 = ORIENTED_EDGE ( 'NONE', *, *, #461, .T. ) ;
#726 = CARTESIAN_POINT ( 'NONE',  ( 8.775840088369081471, 0.1100000000000000006, 0.01210625692648231028 ) ) ;
#727 = ORIENTED_EDGE ( 'NONE', *, *, #389, .F. ) ;
#728 = CARTESIAN_POINT ( 'NONE',  ( 1.855840088369080654, 0.1100000000000000006, 1.442106256926482644 ) ) ;
#729 = ORIENTED_EDGE ( 'NONE', *, *, #2316, .F. ) ;
#730 = ADVANCED_FACE ( 'NONE', ( #3450 ), #3508, .F. ) ;
#731 = DIRECTION ( 'NONE',  ( 0.000000000000000000, 1.000000000000000000, 0.000000000000000000 ) ) ;
#732 = CARTESIAN_POINT ( 'NONE',  ( 14.80884008836908450, 0.1100000000000000006, 1.342106256926482333 ) ) ;
#733 = ADVANCED_FACE ( 'NONE', ( #1393 ), #3056, .F. ) ;
#734 = CARTESIAN_POINT ( 'NONE',  ( 0.9748400883690804264, 0.3125000000000000000, -0.07489374307351720494 ) ) ;
#735 = VERTEX_POINT ( 'NONE', #583 ) ;
#736 = EDGE_CURVE ( 'NONE', #2298, #1328, #3864, .T. ) ;
#737 = DIRECTION ( 'NONE',  ( -0.000000000000000000, -1.000000000000000000, -0.000000000000000000 ) ) ;
#738 = VERTEX_POINT ( 'NONE', #4744 ) ;
#739 = DIRECTION ( 'NONE',  ( 0.000000000000000000, 0.000000000000000000, -1.000000000000000000 ) ) ;
#740 = CYLINDRICAL_SURFACE ( 'NONE', #4983, 0.1550000000000000266 ) ;
#741 = DIRECTION ( 'NONE',  ( 1.000000000000000000, 0.000000000000000000, -0.000000000000000000 ) ) ;
#742 = DIRECTION ( 'NONE',  ( 1.000000000000000000, 0.000000000000000000, -0.000000000000000000 ) ) ;
#743 = ORIENTED_EDGE ( 'NONE', *, *, #4167, .F. ) ;
#744 = DIRECTION ( 'NONE',  ( 0.000000000000000000, 0.000000000000000000, 1.000000000000000000 ) ) ;
#745 = ORIENTED_EDGE ( 'NONE', *, *, #1354, .T. ) ;
#746 = VECTOR ( 'NONE', #3163, 39.37007874015748143 ) ;
#747 = CYLINDRICAL_SURFACE ( 'NONE', #4188, 0.6650000000000001465 ) ;
#748 = ORIENTED_EDGE ( 'NONE', *, *, #1812, .F. ) ;
#749 = CIRCLE ( 'NONE', #1459, 0.6649999999999999245 ) ;
#750 = CARTESIAN_POINT ( 'NONE',  ( 5.674830827888587947, 0.3750000000000000555, -0.2932913001602628356 ) ) ;
#751 = ORIENTED_EDGE ( 'NONE', *, *, #1776, .T. ) ;
#752 = PLANE ( 'NONE',  #436 ) ;
#753 = ORIENTED_EDGE ( 'NONE', *, *, #2041, .T. ) ;
#754 = VECTOR ( 'NONE', #4914, 39.37007874015748143 ) ;
#755 = VECTOR ( 'NONE', #2854, 39.37007874015748143 ) ;
#756 = LINE ( 'NONE', #4064, #3123 ) ;
#757 = EDGE_CURVE ( 'NONE', #3466, #2387, #100, .T. ) ;
#758 = CARTESIAN_POINT ( 'NONE',  ( 9.715257689473142833, 0.000000000000000000, 0.1400000000000000133 ) ) ;
#759 = DIRECTION ( 'NONE',  ( 3.849842155671173077E-17, 0.000000000000000000, -1.000000000000000000 ) ) ;
#760 = EDGE_LOOP ( 'NONE', ( #2776, #1702, #1092, #3860 ) ) ;
#761 = AXIS2_PLACEMENT_3D ( 'NONE', #852, #2060, #3740 ) ;
#762 = AXIS2_PLACEMENT_3D ( 'NONE', #2502, #2092, #3690 ) ;
#763 = EDGE_CURVE ( 'NONE', #2574, #2358, #3805, .T. ) ;
#764 = CARTESIAN_POINT ( 'NONE',  ( 8.769840088369079467, 0.3125000000000000000, 0.6771062569264825193 ) ) ;
#765 = ORIENTED_EDGE ( 'NONE', *, *, #833, .T. ) ;
#766 = EDGE_CURVE ( 'NONE', #820, #642, #3215, .T. ) ;
#767 = CONICAL_SURFACE ( 'NONE', #4023, 0.6249999999999998890, 0.3490658503988632866 ) ;
#768 = PLANE ( 'NONE',  #2176 ) ;
#769 = CARTESIAN_POINT ( 'NONE',  ( 1.855840088369079544, 0.07896441934635377302, 0.1371062569264827058 ) ) ;
#770 = AXIS2_PLACEMENT_3D ( 'NONE', #4703, #1868, #3879 ) ;
#772 = AXIS2_PLACEMENT_3D ( 'NONE', #4089, #2392, #298 ) ;
#771 = CARTESIAN_POINT ( 'NONE',  ( 5.578758635138278521, 0.000000000000000000, 0.09499999999999998723 ) ) ;
#773 = AXIS2_PLACEMENT_3D ( 'NONE', #1034, #2301, #5294 ) ;
#774 = FACE_OUTER_BOUND ( 'NONE', #3575, .T. ) ;
#775 = VECTOR ( 'NONE', #3151, 39.37007874015748143 ) ;
#776 = ORIENTED_EDGE ( 'NONE', *, *, #2056, .T. ) ;
#777 = LINE ( 'NONE', #3779, #325 ) ;
#778 = EDGE_LOOP ( 'NONE', ( #3895, #4780, #3493, #4301 ) ) ;
#779 = EDGE_CURVE ( 'NONE', #5102, #213, #1897, .T. ) ;
#780 =( GEOMETRIC_REPRESENTATION_CONTEXT ( 3 ) GLOBAL_UNCERTAINTY_ASSIGNED_CONTEXT ( ( #1503 ) ) GLOBAL_UNIT_ASSIGNED_CONTEXT ( ( #4241, #93, #472 ) ) REPRESENTATION_CONTEXT ( 'NONE', 'WORKASPACE' ) );
#781 = CARTESIAN_POINT ( 'NONE',  ( 7.888840088369082792, 0.1100000000000000006, 0.6771062569264825193 ) ) ;
#782 = ORIENTED_EDGE ( 'NONE', *, *, #18, .F. ) ;
#783 = CARTESIAN_POINT ( 'NONE',  ( 0.9748400883690804264, 0.3125000000000000000, -0.07489374307351720494 ) ) ;
#784 = VERTEX_POINT ( 'NONE', #641 ) ;
#785 = CARTESIAN_POINT ( 'NONE',  ( 8.529887169104961586, 0.000000000000000000, 1.601670632534839989 ) ) ;
#786 = VERTEX_POINT ( 'NONE', #2317 ) ;
#787 = ORIENTED_EDGE ( 'NONE', *, *, #4770, .F. ) ;
#788 = DIRECTION ( 'NONE',  ( -0.000000000000000000, -1.000000000000000000, -0.000000000000000000 ) ) ;
#789 = CYLINDRICAL_SURFACE ( 'NONE', #1482, 0.6650000000000001465 ) ;
#790 = CARTESIAN_POINT ( 'NONE',  ( 14.80884008836908450, 0.1100000000000000006, 0.01210625692648254967 ) ) ;
#791 = ORIENTED_EDGE ( 'NONE', *, *, #938, .F. ) ;
#792 = AXIS2_PLACEMENT_3D ( 'NONE', #4251, #1400, #2576 ) ;
#793 = EDGE_CURVE ( 'NONE', #2425, #1926, #3995, .T. ) ;
#794 = EDGE_CURVE ( 'NONE', #2542, #3598, #3169, .T. ) ;
#795 = CARTESIAN_POINT ( 'NONE',  ( 16.73260502127741844, 0.3750000000000000555, 1.105695215269648424 ) ) ;
#796 = ORIENTED_EDGE ( 'NONE', *, *, #2972, .F. ) ;
#797 = PLANE ( 'NONE',  #762 ) ;
#798 = CARTESIAN_POINT ( 'NONE',  ( 11.34884008836908542, 0.1100000000000000006, 0.01210625692648241263 ) ) ;
#799 = ADVANCED_FACE ( 'NONE', ( #3639 ), #617, .T. ) ;
#800 = CARTESIAN_POINT ( 'NONE',  ( 7.894840088369080355, 0.3750000000000000555, 1.429106256926482521 ) ) ;
#801 = ORIENTED_EDGE ( 'NONE', *, *, #2308, .T. ) ;
#802 = CARTESIAN_POINT ( 'NONE',  ( 10.24185051130040414, 0.3750000000000000555, 0.2000000000000000111 ) ) ;
#803 = DIRECTION ( 'NONE',  ( 7.235336529749457657E-17, 0.3420201433256663259, 0.9396926207859093161 ) ) ;
#804 = VERTEX_POINT ( 'NONE', #3221 ) ;
#805 = ADVANCED_FACE ( 'NONE', ( #2346 ), #1104, .T. ) ;
#806 = EDGE_CURVE ( 'NONE', #3517, #1655, #227, .T. ) ;
#807 = DIRECTION ( 'NONE',  ( 0.000000000000000000, 0.000000000000000000, 1.000000000000000000 ) ) ;
#808 = ORIENTED_EDGE ( 'NONE', *, *, #2287, .F. ) ;
#809 = CARTESIAN_POINT ( 'NONE',  ( 7.925474621455776969, 0.3750000000000000555, 1.561357056455911163 ) ) ;
#810 = ORIENTED_EDGE ( 'NONE', *, *, #33, .T. ) ;
#811 = CARTESIAN_POINT ( 'NONE',  ( 14.80884008836908450, 0.1100000000000000006, 1.342106256926482333 ) ) ;
#812 = CARTESIAN_POINT ( 'NONE',  ( 14.80884008836907917, 0.3124999999999979461, 1.302106256926482519 ) ) ;
#813 = ORIENTED_EDGE ( 'NONE', *, *, #5373, .F. ) ;
#814 = DIRECTION ( 'NONE',  ( 0.000000000000000000, 1.000000000000000000, 0.000000000000000000 ) ) ;
#815 = FACE_OUTER_BOUND ( 'NONE', #1809, .T. ) ;
#816 = UNCERTAINTY_MEASURE_WITH_UNIT (LENGTH_MEASURE( 1.000000000000000082E-05 ), #4254, 'distance_accuracy_value', 'NONE');
#817 = CARTESIAN_POINT ( 'NONE',  ( 13.49688369930709086, 0.000000000000000000, 1.601670632534839989 ) ) ;
#818 = ORIENTED_EDGE ( 'NONE', *, *, #4849, .T. ) ;
#819 = CARTESIAN_POINT ( 'NONE',  ( 15.69584008836907785, 0.3125000000000000000, 0.05210625692648205437 ) ) ;
#820 = VERTEX_POINT ( 'NONE', #4838 ) ;
#821 = DIRECTION ( 'NONE',  ( -0.000000000000000000, 1.000000000000000000, -0.000000000000000000 ) ) ;
#822 = ADVANCED_FACE ( 'NONE', ( #4815 ), #4495, .F. ) ;
#823 = CARTESIAN_POINT ( 'NONE',  ( 2.688000000000000611, 0.3750000000000000555, 0.000000000000000000 ) ) ;
#824 = DIRECTION ( 'NONE',  ( 0.000000000000000000, 0.000000000000000000, 1.000000000000000000 ) ) ;
#825 = DIRECTION ( 'NONE',  ( 0.000000000000000000, 0.000000000000000000, 1.000000000000000000 ) ) ;
#826 = ORIENTED_EDGE ( 'NONE', *, *, #341, .T. ) ;
#827 = DIRECTION ( 'NONE',  ( 0.000000000000000000, 1.000000000000000000, 0.000000000000000000 ) ) ;
#828 = EDGE_CURVE ( 'NONE', #4140, #4504, #4409, .T. ) ;
#829 = DIRECTION ( 'NONE',  ( 0.000000000000000000, 0.000000000000000000, -1.000000000000000000 ) ) ;
#830 = DIRECTION ( 'NONE',  ( 0.000000000000000000, 0.000000000000000000, 1.000000000000000000 ) ) ;
#831 = EDGE_CURVE ( 'NONE', #3559, #4005, #3742, .T. ) ;
#832 = ORIENTED_EDGE ( 'NONE', *, *, #938, .T. ) ;
#833 = EDGE_CURVE ( 'NONE', #4937, #3852, #4025, .T. ) ;
#834 = DIRECTION ( 'NONE',  ( 0.000000000000000000, 0.000000000000000000, 1.000000000000000000 ) ) ;
#835 = EDGE_LOOP ( 'NONE', ( #1158, #5261, #4636, #876 ) ) ;
#836 = EDGE_LOOP ( 'NONE', ( #164, #1026, #5438, #4821 ) ) ;
#837 = LINE ( 'NONE', #4119, #4472 ) ;
#838 = CARTESIAN_POINT ( 'NONE',  ( 0.9688400883690779786, 0.1100000000000000006, 0.01210625692648254967 ) ) ;
#839 = CIRCLE ( 'NONE', #3654, 0.2799999999999990830 ) ;
#840 = ORIENTED_EDGE ( 'NONE', *, *, #4163, .T. ) ;
#841 = CARTESIAN_POINT ( 'NONE',  ( 14.80884008836907917, 0.07896441934635377302, 1.217106256926482777 ) ) ;
#842 = LINE ( 'NONE', #2949, #1828 ) ;
#843 = CARTESIAN_POINT ( 'NONE',  ( 6.260257689473142761, 0.3750000000000000555, 0.2950000000000000400 ) ) ;
#844 = ORIENTED_EDGE ( 'NONE', *, *, #976, .T. ) ;
#845 = EDGE_CURVE ( 'NONE', #49, #3767, #1500, .T. ) ;
#846 = AXIS2_PLACEMENT_3D ( 'NONE', #5356, #731, #4087 ) ;
#847 = VECTOR ( 'NONE', #3106, 39.37007874015748143 ) ;
#848 = LINE ( 'NONE', #4259, #404 ) ;
#849 = VECTOR ( 'NONE', #119, 39.37007874015748143 ) ;
#850 = EDGE_LOOP ( 'NONE', ( #1996, #2886, #4807, #3981 ) ) ;
#851 = CARTESIAN_POINT ( 'NONE',  ( 0.9688400883690804211, 0.1100000000000000006, 0.6771062569264827413 ) ) ;
#852 = CARTESIAN_POINT ( 'NONE',  ( 12.23584008836908055, 0.3124999999999979461, 0.6771062569264827413 ) ) ;
#853 = AXIS2_PLACEMENT_3D ( 'NONE', #117, #1790, #1766 ) ;
#854 = AXIS2_PLACEMENT_3D ( 'NONE', #5305, #1854, #1441 ) ;
#855 = DIRECTION ( 'NONE',  ( 0.000000000000000000, 0.000000000000000000, 1.000000000000000000 ) ) ;
#856 = AXIS2_PLACEMENT_3D ( 'NONE', #781, #2431, #2022 ) ;
#857 = CARTESIAN_POINT ( 'NONE',  ( 8.775840088369079695, 0.3124999999999979461, 1.302106256926482519 ) ) ;
#858 = ORIENTED_EDGE ( 'NONE', *, *, #4528, .T. ) ;
#859 = CARTESIAN_POINT ( 'NONE',  ( 1.855840088369080432, 0.3750000000000000555, 0.1371062569264826503 ) ) ;
#860 = AXIS2_PLACEMENT_3D ( 'NONE', #2377, #4074, #3661 ) ;
#861 = VECTOR ( 'NONE', #3373, 39.37007874015748143 ) ;
#862 = DIRECTION ( 'NONE',  ( 0.7029513348070000056, 0.000000000000000000, -0.7112379495591170109 ) ) ;
#863 = EDGE_CURVE ( 'NONE', #738, #2323, #1077, .T. ) ;
#864 = AXIS2_PLACEMENT_3D ( 'NONE', #550, #91, #5171 ) ;
#865 = AXIS2_PLACEMENT_3D ( 'NONE', #2407, #4115, #2024 ) ;
#866 = EDGE_CURVE ( 'NONE', #3710, #2003, #2751, .T. ) ;
#867 = CARTESIAN_POINT ( 'NONE',  ( 4.434840088369080391, 0.3125000000000000000, 1.429106256926482521 ) ) ;
#868 = ORIENTED_EDGE ( 'NONE', *, *, #1508, .F. ) ;
#869 = LINE ( 'NONE', #2597, #1223 ) ;
#870 = VECTOR ( 'NONE', #3601, 39.37007874015748143 ) ;
#871 = ORIENTED_EDGE ( 'NONE', *, *, #562, .F. ) ;
#872 = CIRCLE ( 'NONE', #853, 0.5399999999999999245 ) ;
#873 = CARTESIAN_POINT ( 'NONE',  ( 10.24185051130040414, 0.000000000000000000, 0.4499999999999989564 ) ) ;
#874 = EDGE_CURVE ( 'NONE', #2320, #1655, #4444, .T. ) ;
#875 = FACE_OUTER_BOUND ( 'NONE', #3871, .T. ) ;
#876 = ORIENTED_EDGE ( 'NONE', *, *, #1648, .F. ) ;
#877 = LINE ( 'NONE', #2920, #410 ) ;
#878 = DIRECTION ( 'NONE',  ( -1.000000000000000000, 0.000000000000000000, 2.155911607175857120E-15 ) ) ;
#879 = LINE ( 'NONE', #2558, #608 ) ;
#880 = EDGE_LOOP ( 'NONE', ( #3793, #3066, #2477, #4664 ) ) ;
#881 = EDGE_CURVE ( 'NONE', #517, #3721, #4432, .T. ) ;
#882 = DIRECTION ( 'NONE',  ( 0.000000000000000000, 1.000000000000000000, 0.000000000000000000 ) ) ;
#883 = ORIENTED_EDGE ( 'NONE', *, *, #3816, .F. ) ;
#884 = CARTESIAN_POINT ( 'NONE',  ( 5.309840088369080391, 0.3125000000000000000, 1.429106256926482299 ) ) ;
#885 = CIRCLE ( 'NONE', #792, 0.7650000000000001243 ) ;
#886 = CARTESIAN_POINT ( 'NONE',  ( 0.9688400883690804211, 0.000000000000000000, 0.6771062569264827413 ) ) ;
#887 = LINE ( 'NONE', #1706, #2274 ) ;
#888 = FACE_OUTER_BOUND ( 'NONE', #529, .T. ) ;
#889 = FACE_OUTER_BOUND ( 'NONE', #479, .T. ) ;
#890 = DIRECTION ( 'NONE',  ( 0.000000000000000000, 0.000000000000000000, 1.000000000000000000 ) ) ;
#891 = DIRECTION ( 'NONE',  ( 0.6427220075350842388, 0.000000000000000000, -0.7660994850736234651 ) ) ;
#892 = ORIENTED_EDGE ( 'NONE', *, *, #1825, .T. ) ;
#893 = DIRECTION ( 'NONE',  ( -0.000000000000000000, -1.000000000000000000, -0.000000000000000000 ) ) ;
#894 = ORIENTED_EDGE ( 'NONE', *, *, #3816, .T. ) ;
#895 = PLANE ( 'NONE',  #524 ) ;
#896 = CYLINDRICAL_SURFACE ( 'NONE', #329, 0.2499999999999994171 ) ;
#897 = VERTEX_POINT ( 'NONE', #1468 ) ;
#898 = LINE ( 'NONE', #2495, #3834 ) ;
#899 = CARTESIAN_POINT ( 'NONE',  ( 4.428840088369081940, 0.000000000000000000, 1.342106256926482777 ) ) ;
#900 = ADVANCED_FACE ( 'NONE', ( #261 ), #1934, .F. ) ;
#901 = DIRECTION ( 'NONE',  ( 0.000000000000000000, 0.000000000000000000, 1.000000000000000000 ) ) ;
#902 = VERTEX_POINT ( 'NONE', #3193 ) ;
#903 = DIRECTION ( 'NONE',  ( -0.000000000000000000, -1.000000000000000000, -0.000000000000000000 ) ) ;
#904 = EDGE_CURVE ( 'NONE', #3129, #185, #3660, .T. ) ;
#905 = EDGE_LOOP ( 'NONE', ( #2333, #2277, #4903, #4291 ) ) ;
#906 = CARTESIAN_POINT ( 'NONE',  ( 6.260257689473142761, 0.3750000000000000555, 0.1400000000000000133 ) ) ;
#907 = EDGE_CURVE ( 'NONE', #534, #3677, #2699, .T. ) ;
#908 = LINE ( 'NONE', #5055, #2956 ) ;
#909 = VERTEX_POINT ( 'NONE', #720 ) ;
#910 = CARTESIAN_POINT ( 'NONE',  ( 8.775840088369081471, 0.1100000000000000006, 1.442106256926482644 ) ) ;
#911 = DIRECTION ( 'NONE',  ( 0.000000000000000000, 0.000000000000000000, -1.000000000000000000 ) ) ;
#912 = VERTEX_POINT ( 'NONE', #800 ) ;
#913 = PLANE ( 'NONE',  #4102 ) ;
#914 = FACE_OUTER_BOUND ( 'NONE', #5270, .T. ) ;
#915 = CARTESIAN_POINT ( 'NONE',  ( 7.888840088369082792, 0.000000000000000000, 0.6771062569264825193 ) ) ;
#916 = ORIENTED_EDGE ( 'NONE', *, *, #1340, .T. ) ;
#917 = LINE ( 'NONE', #399, #2877 ) ;
#918 = VERTEX_POINT ( 'NONE', #4599 ) ;
#919 = CARTESIAN_POINT ( 'NONE',  ( 11.35484008836908032, 0.3125000000000000000, -0.07489374307351720494 ) ) ;
#920 = DIRECTION ( 'NONE',  ( 0.000000000000000000, 1.000000000000000000, 0.000000000000000000 ) ) ;
#921 = ORIENTED_EDGE ( 'NONE', *, *, #3587, .F. ) ;
#922 = LINE ( 'NONE', #1055, #4713 ) ;
#923 = DIRECTION ( 'NONE',  ( 0.000000000000000000, 1.000000000000000000, 0.000000000000000000 ) ) ;
#924 = CARTESIAN_POINT ( 'NONE',  ( 2.352231280947882475, 0.000000000000000000, -0.3039834799322941317 ) ) ;
#925 = ORIENTED_EDGE ( 'NONE', *, *, #4236, .T. ) ;
#926 = AXIS2_PLACEMENT_3D ( 'NONE', #1462, #3130, #1893 ) ;
#927 = EDGE_CURVE ( 'NONE', #5114, #3719, #1982, .T. ) ;
#928 = LINE ( 'NONE', #1785, #5400 ) ;
#929 = EDGE_LOOP ( 'NONE', ( #3682, #1883, #1245, #2086 ) ) ;
#930 = CYLINDRICAL_SURFACE ( 'NONE', #3929, 0.6650000000000001465 ) ;
#931 = AXIS2_PLACEMENT_3D ( 'NONE', #1409, #1039, #2715 ) ;
#932 = FACE_OUTER_BOUND ( 'NONE', #631, .T. ) ;
#933 = VERTEX_POINT ( 'NONE', #2038 ) ;
#934 = VECTOR ( 'NONE', #1023, 39.37007874015748143 ) ;
#935 = EDGE_LOOP ( 'NONE', ( #2800, #959, #1617, #345 ) ) ;
#936 = AXIS2_PLACEMENT_3D ( 'NONE', #393, #827, #3744 ) ;
#937 = DIRECTION ( 'NONE',  ( 0.000000000000000000, 0.000000000000000000, -1.000000000000000000 ) ) ;
#938 = EDGE_CURVE ( 'NONE', #1189, #1866, #2091, .T. ) ;
#939 = CARTESIAN_POINT ( 'NONE',  ( 0.9688400883690804211, 0.3124999999999979461, 0.05210625692648283847 ) ) ;
#940 = CARTESIAN_POINT ( 'NONE',  ( 0.9748400883690804264, 0.3125000000000000000, 1.429106256926482521 ) ) ;
#941 = CYLINDRICAL_SURFACE ( 'NONE', #67, 0.7650000000000001243 ) ;
#942 = CIRCLE ( 'NONE', #2440, 0.2499999999999988620 ) ;
#943 = VECTOR ( 'NONE', #4891, 39.37007874015748143 ) ;
#944 = DIRECTION ( 'NONE',  ( 1.000000000000000000, 0.000000000000000000, 3.849842155671182938E-17 ) ) ;
#945 = AXIS2_PLACEMENT_3D ( 'NONE', #3844, #3791, #1282 ) ;
#946 = VECTOR ( 'NONE', #1669, 39.37007874015748143 ) ;
#947 = CARTESIAN_POINT ( 'NONE',  ( 8.529887169104961586, 0.000000000000000000, 1.601670632534839989 ) ) ;
#948 = EDGE_LOOP ( 'NONE', ( #5068, #1084, #2201, #2730 ) ) ;
#949 = DIRECTION ( 'NONE',  ( 0.000000000000000000, 0.000000000000000000, 1.000000000000000000 ) ) ;
#950 = VECTOR ( 'NONE', #1042, 39.37007874015748143 ) ;
#951 = CIRCLE ( 'NONE', #3415, 0.5400000000000002576 ) ;
#952 = DIRECTION ( 'NONE',  ( -4.396927258056412330E-15, -0.9396926207859092051, 0.3420201433256662704 ) ) ;
#953 = ORIENTED_EDGE ( 'NONE', *, *, #1850, .T. ) ;
#955 = DIRECTION ( 'NONE',  ( 0.000000000000000000, 0.000000000000000000, -1.000000000000000000 ) ) ;
#954 = AXIS2_PLACEMENT_3D ( 'NONE', #2837, #4936, #5376 ) ;
#956 = AXIS2_PLACEMENT_3D ( 'NONE', #2538, #2126, #1226 ) ;
#957 = PRESENTATION_STYLE_ASSIGNMENT (( #4724 ) ) ;
#958 = CYLINDRICAL_SURFACE ( 'NONE', #2365, 0.1549999999999978062 ) ;
#959 = ORIENTED_EDGE ( 'NONE', *, *, #66, .F. ) ;
#960 = VECTOR ( 'NONE', #366, 39.37007874015748143 ) ;
#961 = CARTESIAN_POINT ( 'NONE',  ( 11.34884008836908365, 0.3750000000000000555, 0.1371062569264823727 ) ) ;
#962 = EDGE_LOOP ( 'NONE', ( #4755, #371, #2461, #4810 ) ) ;
#963 = DIRECTION ( 'NONE',  ( 0.000000000000000000, 0.000000000000000000, -1.000000000000000000 ) ) ;
#964 = DIRECTION ( 'NONE',  ( -0.000000000000000000, -1.000000000000000000, -0.000000000000000000 ) ) ;
#965 = EDGE_CURVE ( 'NONE', #713, #1504, #1606, .T. ) ;
#966 = EDGE_LOOP ( 'NONE', ( #1018, #644, #4416, #4131 ) ) ;
#967 = EDGE_CURVE ( 'NONE', #3202, #2534, #3919, .T. ) ;
#968 = CARTESIAN_POINT ( 'NONE',  ( 4.428840088369081940, 0.1100000000000000006, 1.342106256926482777 ) ) ;
#969 = DIRECTION ( 'NONE',  ( 0.000000000000000000, 0.000000000000000000, -1.000000000000000000 ) ) ;
#970 = CIRCLE ( 'NONE', #4487, 0.6249999999999998890 ) ;
#971 = CARTESIAN_POINT ( 'NONE',  ( 5.315840088369081506, 0.1100000000000000006, -0.08789374307351774385 ) ) ;
#972 = ORIENTED_EDGE ( 'NONE', *, *, #2749, .F. ) ;
#973 = CARTESIAN_POINT ( 'NONE',  ( 11.34884008836908187, 0.3124999999999979461, 1.302106256926482519 ) ) ;
#974 = ADVANCED_FACE ( 'NONE', ( #3337 ), #4578, .F. ) ;
#975 = DIRECTION ( 'NONE',  ( -1.000000000000000000, -0.000000000000000000, -0.000000000000000000 ) ) ;
#976 = EDGE_CURVE ( 'NONE', #4911, #2829, #5164, .T. ) ;
#977 = DIRECTION ( 'NONE',  ( 0.000000000000000000, 0.000000000000000000, -1.000000000000000000 ) ) ;
#978 = ORIENTED_EDGE ( 'NONE', *, *, #1661, .T. ) ;
#979 = ADVANCED_FACE ( 'NONE', ( #5388 ), #1268, .T. ) ;
#980 = CARTESIAN_POINT ( 'NONE',  ( 15.69584008836907962, 0.3124999999999979461, 0.6771062569264827413 ) ) ;
#981 = VERTEX_POINT ( 'NONE', #2907 ) ;
#982 = LINE ( 'NONE', #2240, #3323 ) ;
#983 = CARTESIAN_POINT ( 'NONE',  ( 2.323732460952718792, 0.000000000000000000, -0.3049999999999999933 ) ) ;
#984 = VERTEX_POINT ( 'NONE', #1186 ) ;
#985 = DIRECTION ( 'NONE',  ( 0.000000000000000000, 0.000000000000000000, 1.000000000000000000 ) ) ;
#986 = VERTEX_POINT ( 'NONE', #1686 ) ;
#987 = CARTESIAN_POINT ( 'NONE',  ( 10.24185051130040414, 0.000000000000000000, 0.4499999999999989009 ) ) ;
#988 = DIRECTION ( 'NONE',  ( 7.235336529749457657E-17, 0.3420201433256663259, 0.9396926207859093161 ) ) ;
#989 = ORIENTED_EDGE ( 'NONE', *, *, #4766, .T. ) ;
#990 = CARTESIAN_POINT ( 'NONE',  ( 7.321062073806592352, 0.3750000000000000555, 1.601670632534839989 ) ) ;
#991 = EDGE_LOOP ( 'NONE', ( #5046, #120, #35, #2903 ) ) ;
#992 = VERTEX_POINT ( 'NONE', #4103 ) ;
#993 = CARTESIAN_POINT ( 'NONE',  ( 8.769840088369079467, 0.3125000000000000000, -0.07489374307351720494 ) ) ;
#994 = EDGE_LOOP ( 'NONE', ( #183, #1731, #2689, #3608 ) ) ;
#995 = DIRECTION ( 'NONE',  ( 0.000000000000000000, 0.000000000000000000, 1.000000000000000000 ) ) ;
#996 = CARTESIAN_POINT ( 'NONE',  ( 11.35484008836908032, 0.3125000000000000000, 0.6771062569264827413 ) ) ;
#997 = PLANE ( 'NONE',  #5059 ) ;
#998 = EDGE_CURVE ( 'NONE', #2719, #4652, #2401, .T. ) ;
#999 = CARTESIAN_POINT ( 'NONE',  ( 3.808919768330704336, 0.3750000000000000555, -0.1620888030140339442 ) ) ;
#1000 = ORIENTED_EDGE ( 'NONE', *, *, #2148, .T. ) ;
#1001 = LINE ( 'NONE', #3869, #2946 ) ;
#1002 = ADVANCED_FACE ( 'NONE', ( #774 ), #1582, .T. ) ;
#1003 = ORIENTED_EDGE ( 'NONE', *, *, #397, .T. ) ;
#1004 = DIRECTION ( 'NONE',  ( 0.000000000000000000, 1.000000000000000000, 0.000000000000000000 ) ) ;
#1005 = VERTEX_POINT ( 'NONE', #3253 ) ;
#1006 = FACE_BOUND ( 'NONE', #3704, .T. ) ;
#1007 = ORIENTED_EDGE ( 'NONE', *, *, #1011, .T. ) ;
#1008 = CARTESIAN_POINT ( 'NONE',  ( 14.80884008836908450, 0.3750000000000000555, 0.1371062569264825115 ) ) ;
#1009 = ORIENTED_EDGE ( 'NONE', *, *, #2217, .T. ) ;
#1010 = CARTESIAN_POINT ( 'NONE',  ( 15.68984008836907940, 0.3125000000000000000, -0.07489374307351720494 ) ) ;
#1011 = EDGE_CURVE ( 'NONE', #1968, #984, #4926, .T. ) ;
#1012 = CARTESIAN_POINT ( 'NONE',  ( 7.894840088369080355, 0.3125000000000000000, -0.07489374307351720494 ) ) ;
#1013 = ORIENTED_EDGE ( 'NONE', *, *, #1238, .F. ) ;
#1014 = ORIENTED_EDGE ( 'NONE', *, *, #1705, .T. ) ;
#1015 = FACE_OUTER_BOUND ( 'NONE', #3938, .T. ) ;
#1016 = LINE ( 'NONE', #5220, #5143 ) ;
#1017 = CIRCLE ( 'NONE', #3118, 0.1549999999999999989 ) ;
#1018 = ORIENTED_EDGE ( 'NONE', *, *, #3716, .F. ) ;
#1019 = CARTESIAN_POINT ( 'NONE',  ( 3.370340518940726948, 0.3750000000000000555, 0.3606805018837713206 ) ) ;
#1020 = DIRECTION ( 'NONE',  ( -2.064423126679161354E-18, 0.000000000000000000, 1.000000000000000000 ) ) ;
#1021 = CIRCLE ( 'NONE', #4443, 0.7650000000000004574 ) ;
#1022 = AXIS2_PLACEMENT_3D ( 'NONE', #1445, #1959, #1550 ) ;
#1023 = DIRECTION ( 'NONE',  ( 1.000000000000000000, 0.000000000000000000, 0.000000000000000000 ) ) ;
#1024 = CIRCLE ( 'NONE', #4539, 0.5400000000000002576 ) ;
#1025 = CARTESIAN_POINT ( 'NONE',  ( 1.855840088369080432, 0.1100000000000000006, 1.342106256926482777 ) ) ;
#1026 = ORIENTED_EDGE ( 'NONE', *, *, #3716, .T. ) ;
#1027 = EDGE_CURVE ( 'NONE', #1765, #3706, #1162, .T. ) ;
#1028 = CIRCLE ( 'NONE', #4801, 0.1549999999999966960 ) ;
#1029 = CYLINDRICAL_SURFACE ( 'NONE', #679, 0.2800000000000000266 ) ;
#1030 = AXIS2_PLACEMENT_3D ( 'NONE', #3699, #4143, #807 ) ;
#1031 = VERTEX_POINT ( 'NONE', #3276 ) ;
#1032 = VECTOR ( 'NONE', #3523, 39.37007874015748143 ) ;
#1033 = AXIS2_PLACEMENT_3D ( 'NONE', #4369, #4398, #3931 ) ;
#1034 = CARTESIAN_POINT ( 'NONE',  ( 4.428840088369081940, 0.1100000000000000006, 0.6771062569264825193 ) ) ;
#1035 = ORIENTED_EDGE ( 'NONE', *, *, #2750, .F. ) ;
#1036 = EDGE_CURVE ( 'NONE', #1774, #1853, #4099, .T. ) ;
#1037 = AXIS2_PLACEMENT_3D ( 'NONE', #4830, #1513, #300 ) ;
#1038 = VECTOR ( 'NONE', #4992, 39.37007874015748143 ) ;
#1039 = DIRECTION ( 'NONE',  ( 0.000000000000000000, 1.000000000000000000, 0.000000000000000000 ) ) ;
#1040 = LINE ( 'NONE', #3204, #4726 ) ;
#1041 = EDGE_CURVE ( 'NONE', #305, #3395, #3717, .T. ) ;
#1042 = DIRECTION ( 'NONE',  ( -0.000000000000000000, -1.000000000000000000, -0.000000000000000000 ) ) ;
#1043 = EDGE_LOOP ( 'NONE', ( #4104, #4423, #2453, #16 ) ) ;
#1044 = EDGE_CURVE ( 'NONE', #2574, #540, #2434, .T. ) ;
#1045 = VERTEX_POINT ( 'NONE', #2482 ) ;
#1046 = VERTEX_POINT ( 'NONE', #4160 ) ;
#1047 = VECTOR ( 'NONE', #4947, 39.37007874015748143 ) ;
#1048 = CARTESIAN_POINT ( 'NONE',  ( 14.80884008836908450, 0.000000000000000000, -0.08789374307351748017 ) ) ;
#1049 = ORIENTED_EDGE ( 'NONE', *, *, #4848, .F. ) ;
#1050 = CARTESIAN_POINT ( 'NONE',  ( 9.715257689473142833, 0.000000000000000000, 0.1400000000000000133 ) ) ;
#1051 = CARTESIAN_POINT ( 'NONE',  ( 0.9688400883690786447, 0.000000000000000000, 1.342106256926482777 ) ) ;
#1052 = DIRECTION ( 'NONE',  ( 0.000000000000000000, 0.000000000000000000, -1.000000000000000000 ) ) ;
#1053 = DIRECTION ( 'NONE',  ( 1.000000000000000000, 0.000000000000000000, -3.122111992759159443E-16 ) ) ;
#1054 = ORIENTED_EDGE ( 'NONE', *, *, #2396, .F. ) ;
#1055 = CARTESIAN_POINT ( 'NONE',  ( 7.498871561196371438, 0.000000000000000000, 1.675932798833090098 ) ) ;
#1056 = CARTESIAN_POINT ( 'NONE',  ( 7.888840088369082792, 0.3750000000000000555, 1.217106256926482777 ) ) ;
#1057 = ORIENTED_EDGE ( 'NONE', *, *, #1181, .F. ) ;
#1058 = LINE ( 'NONE', #4390, #3672 ) ;
#1059 = ORIENTED_EDGE ( 'NONE', *, *, #2459, .T. ) ;
#1060 = CARTESIAN_POINT ( 'NONE',  ( 8.775840088369081471, 0.000000000000000000, 0.01210625692648231028 ) ) ;
#1061 = LINE ( 'NONE', #2787, #1402 ) ;
#1062 = ORIENTED_EDGE ( 'NONE', *, *, #1948, .T. ) ;
#1063 = CARTESIAN_POINT ( 'NONE',  ( 10.43337538256880670, 0.3750000000000000555, 0.3606805018837701549 ) ) ;
#1064 = EDGE_CURVE ( 'NONE', #1464, #2863, #3035, .T. ) ;
#1065 = DIRECTION ( 'NONE',  ( 0.000000000000000000, 1.000000000000000000, 0.000000000000000000 ) ) ;
#1066 = CYLINDRICAL_SURFACE ( 'NONE', #1125, 0.7650000000000001243 ) ;
#1067 = VERTEX_POINT ( 'NONE', #1818 ) ;
#1068 = EDGE_LOOP ( 'NONE', ( #2817, #3234, #2132, #3478 ) ) ;
#1069 = ORIENTED_EDGE ( 'NONE', *, *, #2041, .F. ) ;
#1070 = EDGE_CURVE ( 'NONE', #363, #912, #4622, .T. ) ;
#1071 = CARTESIAN_POINT ( 'NONE',  ( 8.775840088369081471, 0.000000000000000000, 1.217106256926482777 ) ) ;
#1072 = ORIENTED_EDGE ( 'NONE', *, *, #5271, .T. ) ;
#1073 = ADVANCED_FACE ( 'NONE', ( #888 ), #3016, .F. ) ;
#1074 = CARTESIAN_POINT ( 'NONE',  ( 0.9688400883690804211, 0.07896441934635364812, 0.1371062569264826503 ) ) ;
#1075 = CARTESIAN_POINT ( 'NONE',  ( 8.775840088369081471, 0.1100000000000000006, 1.342106256926482777 ) ) ;
#1076 = CARTESIAN_POINT ( 'NONE',  ( -0.4291789783003779890, 0.000000000000000000, 1.351670632534839989 ) ) ;
#1077 = LINE ( 'NONE', #1138, #934 ) ;
#1078 = ORIENTED_EDGE ( 'NONE', *, *, #3666, .T. ) ;
#1079 = DIRECTION ( 'NONE',  ( 0.000000000000000000, 0.000000000000000000, -1.000000000000000000 ) ) ;
#1080 = ORIENTED_EDGE ( 'NONE', *, *, #2020, .F. ) ;
#1081 = ADVANCED_FACE ( 'NONE', ( #450 ), #1707, .T. ) ;
#1082 = EDGE_LOOP ( 'NONE', ( #2009, #5394, #512, #1750 ) ) ;
#1083 = LINE ( 'NONE', #621, #1119 ) ;
#1084 = ORIENTED_EDGE ( 'NONE', *, *, #4938, .F. ) ;
#1085 = CARTESIAN_POINT ( 'NONE',  ( 8.775840088369081471, 0.1100000000000000006, 1.442106256926482644 ) ) ;
#1086 = ORIENTED_EDGE ( 'NONE', *, *, #3387, .F. ) ;
#1087 = LINE ( 'NONE', #4039, #81 ) ;
#1088 = ORIENTED_EDGE ( 'NONE', *, *, #1618, .F. ) ;
#1089 = CARTESIAN_POINT ( 'NONE',  ( 13.84588584993493932, 0.3750000000000000555, -0.1549999999999978340 ) ) ;
#1090 = CARTESIAN_POINT ( 'NONE',  ( 14.80884008836908450, 0.3750000000000000555, 0.6771062569264825193 ) ) ;
#1091 = CARTESIAN_POINT ( 'NONE',  ( 5.674830827888587947, 0.000000000000000000, -0.2932913001602628356 ) ) ;
#1092 = ORIENTED_EDGE ( 'NONE', *, *, #766, .T. ) ;
#1093 = EDGE_LOOP ( 'NONE', ( #2113, #1000, #3977, #727 ) ) ;
#1094 = EDGE_CURVE ( 'NONE', #1551, #3567, #2344, .T. ) ;
#1095 = ADVANCED_FACE ( 'NONE', ( #4682 ), #531, .F. ) ;
#1096 = ORIENTED_EDGE ( 'NONE', *, *, #3480, .T. ) ;
#1097 = CARTESIAN_POINT ( 'NONE',  ( 11.35484008836908032, 0.3125000000000000000, 0.6771062569264827413 ) ) ;
#1098 = ORIENTED_EDGE ( 'NONE', *, *, #3313, .F. ) ;
#1099 = FACE_OUTER_BOUND ( 'NONE', #4524, .T. ) ;
#1100 = DIRECTION ( 'NONE',  ( 4.097771990496394630E-15, 0.000000000000000000, 1.000000000000000000 ) ) ;
#1101 = FACE_OUTER_BOUND ( 'NONE', #2310, .T. ) ;
#1102 = EDGE_CURVE ( 'NONE', #2025, #5214, #553, .T. ) ;
#1103 = AXIS2_PLACEMENT_3D ( 'NONE', #3353, #5027, #5134 ) ;
#1104 = PLANE ( 'NONE',  #2855 ) ;
#1105 = EDGE_LOOP ( 'NONE', ( #5043, #1562, #2861, #4900 ) ) ;
#1106 = FACE_OUTER_BOUND ( 'NONE', #228, .T. ) ;
#1107 = EDGE_LOOP ( 'NONE', ( #2727, #2137, #3827, #3140 ) ) ;
#1108 = VECTOR ( 'NONE', #133, 39.37007874015748143 ) ;
#1109 = AXIS2_PLACEMENT_3D ( 'NONE', #2311, #278, #3634 ) ;
#1110 = AXIS2_PLACEMENT_3D ( 'NONE', #1361, #2974, #3021 ) ;
#1111 = CARTESIAN_POINT ( 'NONE',  ( 2.947298832732547336, 0.000000000000000000, 0.1056603773584907507 ) ) ;
#1112 = AXIS2_PLACEMENT_3D ( 'NONE', #4811, #2337, #636 ) ;
#1113 = VERTEX_POINT ( 'NONE', #3825 ) ;
#1114 = DIRECTION ( 'NONE',  ( 0.000000000000000000, 0.000000000000000000, 1.000000000000000000 ) ) ;
#1115 = ORIENTED_EDGE ( 'NONE', *, *, #4763, .T. ) ;
#1116 = LINE ( 'NONE', #1943, #1131 ) ;
#1117 = ORIENTED_EDGE ( 'NONE', *, *, #5146, .F. ) ;
#1118 = VECTOR ( 'NONE', #5070, 39.37007874015748143 ) ;
#1119 = VECTOR ( 'NONE', #1526, 39.37007874015748143 ) ;
#1121 = CYLINDRICAL_SURFACE ( 'NONE', #231, 0.6649999999999999245 ) ;
#1120 = AXIS2_PLACEMENT_3D ( 'NONE', #1710, #98, #4985 ) ;
#1122 = CARTESIAN_POINT ( 'NONE',  ( 10.24185051130040414, 0.000000000000000000, 0.2000000000000000111 ) ) ;
#1123 = DIRECTION ( 'NONE',  ( -1.000000000000000000, -0.000000000000000000, -0.000000000000000000 ) ) ;
#1124 = ORIENTED_EDGE ( 'NONE', *, *, #3603, .T. ) ;
#1125 = AXIS2_PLACEMENT_3D ( 'NONE', #2762, #1972, #3607 ) ;
#1126 = CIRCLE ( 'NONE', #2186, 0.5400000000000001465 ) ;
#1127 = CARTESIAN_POINT ( 'NONE',  ( 7.894840088369080355, 0.3125000000000000000, -0.07489374307351720494 ) ) ;
#1128 = DIRECTION ( 'NONE',  ( -0.4160230040653494776, 0.000000000000000000, -0.9093540894989378121 ) ) ;
#1129 = ORIENTED_EDGE ( 'NONE', *, *, #5025, .F. ) ;
#1130 = FACE_OUTER_BOUND ( 'NONE', #2380, .T. ) ;
#1131 = VECTOR ( 'NONE', #294, 39.37007874015748143 ) ;
#1132 = CIRCLE ( 'NONE', #5328, 0.4000000000000000222 ) ;
#1133 = DIMENSIONAL_EXPONENTS ( 1.000000000000000000, 0.000000000000000000, 0.000000000000000000, 0.000000000000000000, 0.000000000000000000, 0.000000000000000000, 0.000000000000000000 ) ;
#1134 = EDGE_CURVE ( 'NONE', #2166, #5102, #118, .T. ) ;
#1135 = DIRECTION ( 'NONE',  ( -0.000000000000000000, -1.000000000000000000, -0.000000000000000000 ) ) ;
#1136 = DIRECTION ( 'NONE',  ( 0.000000000000000000, -0.000000000000000000, 1.000000000000000000 ) ) ;
#1137 = AXIS2_PLACEMENT_3D ( 'NONE', #2214, #1052, #4747 ) ;
#1138 = CARTESIAN_POINT ( 'NONE',  ( 11.34884008836908365, 0.000000000000000000, 1.217106256926482777 ) ) ;
#1139 = VERTEX_POINT ( 'NONE', #5120 ) ;
#1140 = CYLINDRICAL_SURFACE ( 'NONE', #2944, 0.7650000000000012346 ) ;
#1141 = EDGE_CURVE ( 'NONE', #1786, #4949, #1992, .T. ) ;
#1142 = ORIENTED_EDGE ( 'NONE', *, *, #4598, .F. ) ;
#1143 = DIRECTION ( 'NONE',  ( -0.000000000000000000, -1.000000000000000000, -0.000000000000000000 ) ) ;
#1144 = EDGE_CURVE ( 'NONE', #1464, #1187, #2540, .T. ) ;
#1145 = VERTEX_POINT ( 'NONE', #3468 ) ;
#1146 = AXIS2_PLACEMENT_3D ( 'NONE', #812, #1233, #4452 ) ;
#1147 = EDGE_CURVE ( 'NONE', #4005, #3559, #2256, .T. ) ;
#1148 = CARTESIAN_POINT ( 'NONE',  ( 16.95994354365215528, 0.000000000000000000, 1.156689464253306321 ) ) ;
#1149 = ORIENTED_EDGE ( 'NONE', *, *, #757, .F. ) ;
#1150 = CARTESIAN_POINT ( 'NONE',  ( 16.95994354365215528, 0.3750000000000000555, 1.156689464253306321 ) ) ;
#1151 = ORIENTED_EDGE ( 'NONE', *, *, #5165, .F. ) ;
#1152 = DIRECTION ( 'NONE',  ( 0.000000000000000000, 0.000000000000000000, -1.000000000000000000 ) ) ;
#1153 = CARTESIAN_POINT ( 'NONE',  ( 13.84588584993493932, 0.3750000000000000555, -0.1549999999999978340 ) ) ;
#1154 = CARTESIAN_POINT ( 'NONE',  ( 6.260257689473142761, 0.000000000000000000, 0.2950000000000000400 ) ) ;
#1155 = EDGE_LOOP ( 'NONE', ( #1952, #4595 ) ) ;
#1156 = ORIENTED_EDGE ( 'NONE', *, *, #2056, .F. ) ;
#1157 = DIRECTION ( 'NONE',  ( -0.000000000000000000, 1.000000000000000000, -0.000000000000000000 ) ) ;
#1158 = ORIENTED_EDGE ( 'NONE', *, *, #5205, .F. ) ;
#1159 = DIRECTION ( 'NONE',  ( 0.000000000000000000, -0.000000000000000000, -1.000000000000000000 ) ) ;
#1160 = LINE ( 'NONE', #3637, #943 ) ;
#1161 = CARTESIAN_POINT ( 'NONE',  ( 9.993457670815844907, 0.000000000000000000, 0.1716981132075470762 ) ) ;
#1162 = LINE ( 'NONE', #5366, #3394 ) ;
#1163 = ORIENTED_EDGE ( 'NONE', *, *, #1803, .F. ) ;
#1164 = CARTESIAN_POINT ( 'NONE',  ( 9.082508224398356589, 0.000000000000000000, -0.3049999999999999378 ) ) ;
#1165 = EDGE_LOOP ( 'NONE', ( #4882, #5050, #4942, #4065 ) ) ;
#1166 = ADVANCED_FACE ( 'NONE', ( #3499 ), #5179, .T. ) ;
#1167 = EDGE_CURVE ( 'NONE', #314, #2449, #5142, .T. ) ;
#1168 = CARTESIAN_POINT ( 'NONE',  ( 14.81484008836907940, 0.3125000000000000000, 0.6771062569264827413 ) ) ;
#1169 = ORIENTED_EDGE ( 'NONE', *, *, #793, .F. ) ;
#1170 = CARTESIAN_POINT ( 'NONE',  ( 4.434840088369080391, 0.3125000000000000000, -0.07489374307351720494 ) ) ;
#1171 = ORIENTED_EDGE ( 'NONE', *, *, #4097, .T. ) ;
#1172 = DIRECTION ( 'NONE',  ( -0.000000000000000000, -1.000000000000000000, -0.000000000000000000 ) ) ;
#1173 = ORIENTED_EDGE ( 'NONE', *, *, #602, .T. ) ;
#1174 = EDGE_CURVE ( 'NONE', #2028, #428, #3665, .T. ) ;
#1175 = ORIENTED_EDGE ( 'NONE', *, *, #967, .F. ) ;
#1176 = LINE ( 'NONE', #356, #5056 ) ;
#1177 = DIRECTION ( 'NONE',  ( 0.000000000000000000, 0.000000000000000000, -1.000000000000000000 ) ) ;
#1178 = DIRECTION ( 'NONE',  ( 1.000000000000000000, 0.000000000000000000, 0.000000000000000000 ) ) ;
#1179 = ORIENTED_EDGE ( 'NONE', *, *, #40, .T. ) ;
#1180 = CARTESIAN_POINT ( 'NONE',  ( 0.000000000000000000, 0.000000000000000000, 0.000000000000000000 ) ) ;
#1181 = EDGE_CURVE ( 'NONE', #981, #1187, #4658, .T. ) ;
#1182 = ORIENTED_EDGE ( 'NONE', *, *, #2148, .F. ) ;
#1183 = DIRECTION ( 'NONE',  ( -0.000000000000000000, -1.000000000000000000, -0.000000000000000000 ) ) ;
#1184 = DIRECTION ( 'NONE',  ( 0.000000000000000000, -1.000000000000000000, 0.000000000000000000 ) ) ;
#1185 = CARTESIAN_POINT ( 'NONE',  ( 9.782508224398357655, 0.000000000000000000, -0.1318039101121819268 ) ) ;
#1186 = CARTESIAN_POINT ( 'NONE',  ( 15.69584008836908318, 0.1100000000000000006, -0.08789374307351748017 ) ) ;
#1187 = VERTEX_POINT ( 'NONE', #501 ) ;
#1188 = DIRECTION ( 'NONE',  ( -0.000000000000000000, -1.000000000000000000, -0.000000000000000000 ) ) ;
#1189 = VERTEX_POINT ( 'NONE', #4243 ) ;
#1190 = CIRCLE ( 'NONE', #3024, 0.1549999999999995826 ) ;
#1191 = DIRECTION ( 'NONE',  ( 1.000000000000000000, 0.000000000000000000, 0.000000000000000000 ) ) ;
#1192 = ORIENTED_EDGE ( 'NONE', *, *, #1011, .F. ) ;
#1193 = AXIS2_PLACEMENT_3D ( 'NONE', #2870, #4567, #380 ) ;
#1194 = LINE ( 'NONE', #316, #1744 ) ;
#1195 = EDGE_CURVE ( 'NONE', #3320, #1300, #3398, .T. ) ;
#1196 = AXIS2_PLACEMENT_3D ( 'NONE', #3302, #3667, #5340 ) ;
#1197 = VERTEX_POINT ( 'NONE', #2179 ) ;
#1198 = EDGE_CURVE ( 'NONE', #4221, #1570, #1901, .T. ) ;
#1199 = DIRECTION ( 'NONE',  ( 0.000000000000000000, -1.000000000000000000, 0.000000000000000000 ) ) ;
#1200 = ORIENTED_EDGE ( 'NONE', *, *, #2711, .T. ) ;
#1201 = AXIS2_PLACEMENT_3D ( 'NONE', #940, #3385, #4348 ) ;
#1202 = AXIS2_PLACEMENT_3D ( 'NONE', #1736, #1417, #5058 ) ;
#1203 = ORIENTED_EDGE ( 'NONE', *, *, #3325, .T. ) ;
#1204 = CARTESIAN_POINT ( 'NONE',  ( 14.80884008836908450, 0.000000000000000000, 1.342106256926482333 ) ) ;
#1205 = CARTESIAN_POINT ( 'NONE',  ( 14.80884008836907917, 0.3124999999999979461, 0.05210625692648283847 ) ) ;
#1206 = CIRCLE ( 'NONE', #1907, 0.6249999999999998890 ) ;
#1207 = EDGE_CURVE ( 'NONE', #2829, #1746, #2288, .T. ) ;
#1208 = LINE ( 'NONE', #2874, #5173 ) ;
#1209 = ORIENTED_EDGE ( 'NONE', *, *, #4967, .F. ) ;
#1210 = AXIS2_PLACEMENT_3D ( 'NONE', #3349, #5048, #2139 ) ;
#1211 = DIRECTION ( 'NONE',  ( 0.000000000000000000, 0.000000000000000000, -1.000000000000000000 ) ) ;
#1212 = EDGE_CURVE ( 'NONE', #1926, #909, #4557, .T. ) ;
#1213 = EDGE_LOOP ( 'NONE', ( #2332, #745, #782, #4689 ) ) ;
#1214 = VECTOR ( 'NONE', #2859, 39.37007874015748143 ) ;
#1215 = FACE_OUTER_BOUND ( 'NONE', #5331, .T. ) ;
#1216 = EDGE_CURVE ( 'NONE', #5052, #111, #5175, .T. ) ;
#1217 = CARTESIAN_POINT ( 'NONE',  ( 7.888840088369082792, 0.1100000000000000006, 0.01210625692648227558 ) ) ;
#1218 = AXIS2_PLACEMENT_3D ( 'NONE', #2369, #2821, #1491 ) ;
#1220 = AXIS2_PLACEMENT_3D ( 'NONE', #3481, #1481, #238 ) ;
#1219 = APPLICATION_PROTOCOL_DEFINITION ( 'draft international standard', 'automotive_design', 1998, #556 ) ;
#1221 = AXIS2_PLACEMENT_3D ( 'NONE', #4727, #5190, #3846 ) ;
#1222 = DIRECTION ( 'NONE',  ( 0.000000000000000000, -1.000000000000000000, 0.000000000000000000 ) ) ;
#1223 = VECTOR ( 'NONE', #1336, 39.37007874015748143 ) ;
#1224 = VERTEX_POINT ( 'NONE', #3077 ) ;
#1225 = FACE_OUTER_BOUND ( 'NONE', #124, .T. ) ;
#1226 = DIRECTION ( 'NONE',  ( 0.000000000000000000, 0.000000000000000000, 1.000000000000000000 ) ) ;
#1227 = ORIENTED_EDGE ( 'NONE', *, *, #2617, .F. ) ;
#1228 = CARTESIAN_POINT ( 'NONE',  ( 4.428840088369081052, 0.07896441934635377302, 1.217106256926482777 ) ) ;
#1229 = EDGE_LOOP ( 'NONE', ( #709, #42, #632, #3795 ) ) ;
#1230 = CARTESIAN_POINT ( 'NONE',  ( 8.769840088369079467, 0.3125000000000000000, 1.429106256926482299 ) ) ;
#1231 = ORIENTED_EDGE ( 'NONE', *, *, #4332, .F. ) ;
#1232 = PLANE ( 'NONE',  #4032 ) ;
#1233 = DIRECTION ( 'NONE',  ( 0.000000000000000000, -0.3420201433256663259, 0.9396926207859093161 ) ) ;
#1234 = DIRECTION ( 'NONE',  ( -0.000000000000000000, 1.000000000000000000, -0.000000000000000000 ) ) ;
#1235 = DIRECTION ( 'NONE',  ( 1.000000000000000000, 0.000000000000000000, -3.122111992759159443E-16 ) ) ;
#1236 = DIRECTION ( 'NONE',  ( 0.000000000000000000, 0.000000000000000000, 1.000000000000000000 ) ) ;
#1237 = ORIENTED_EDGE ( 'NONE', *, *, #3796, .F. ) ;
#1238 = EDGE_CURVE ( 'NONE', #1866, #4687, #576, .T. ) ;
#1239 = CARTESIAN_POINT ( 'NONE',  ( 0.000000000000000000, 0.3750000000000000555, 0.000000000000000000 ) ) ;
#1240 = ORIENTED_EDGE ( 'NONE', *, *, #5326, .F. ) ;
#1241 = DIRECTION ( 'NONE',  ( 0.000000000000000000, -1.000000000000000000, 0.000000000000000000 ) ) ;
#1242 = LINE ( 'NONE', #54, #2695 ) ;
#1243 = EDGE_CURVE ( 'NONE', #5158, #4937, #4543, .T. ) ;
#1244 = DIRECTION ( 'NONE',  ( 0.000000000000000000, 1.000000000000000000, 0.000000000000000000 ) ) ;
#1245 = ORIENTED_EDGE ( 'NONE', *, *, #3433, .T. ) ;
#1246 = DIRECTION ( 'NONE',  ( -1.000000000000000000, 0.000000000000000000, -0.000000000000000000 ) ) ;
#1247 = DIRECTION ( 'NONE',  ( 0.000000000000000000, -1.000000000000000000, 0.000000000000000000 ) ) ;
#1248 = LINE ( 'NONE', #5424, #510 ) ;
#1249 = EDGE_LOOP ( 'NONE', ( #4808, #1944, #312, #3686 ) ) ;
#1250 = ADVANCED_FACE ( 'NONE', ( #4016, #5280 ), #3968, .T. ) ;
#1251 = CARTESIAN_POINT ( 'NONE',  ( 1.855840088369080432, 0.3750000000000000555, 1.217106256926482777 ) ) ;
#1252 = EDGE_LOOP ( 'NONE', ( #3996, #1179, #4991, #1007 ) ) ;
#1253 = CARTESIAN_POINT ( 'NONE',  ( 2.688000000000000611, 0.000000000000000000, -0.2800000000000003042 ) ) ;
#1254 = PLANE ( 'NONE',  #1326 ) ;
#1255 = DIRECTION ( 'NONE',  ( 0.000000000000000000, 1.000000000000000000, 0.000000000000000000 ) ) ;
#1256 = DIRECTION ( 'NONE',  ( -0.000000000000000000, 1.000000000000000000, -0.000000000000000000 ) ) ;
#1257 = PLANE ( 'NONE',  #1739 ) ;
#1258 = ORIENTED_EDGE ( 'NONE', *, *, #2481, .F. ) ;
#1259 = CARTESIAN_POINT ( 'NONE',  ( -0.3988197544642851922, 0.000000000000000000, 1.347207409216950369 ) ) ;
#1260 = ORIENTED_EDGE ( 'NONE', *, *, #4142, .F. ) ;
#1261 = DIRECTION ( 'NONE',  ( 0.000000000000000000, 0.000000000000000000, -1.000000000000000000 ) ) ;
#1262 = ORIENTED_EDGE ( 'NONE', *, *, #2175, .T. ) ;
#1263 = DIRECTION ( 'NONE',  ( 0.7660994850736230211, 0.000000000000000000, 0.6427220075350847939 ) ) ;
#1264 = EDGE_CURVE ( 'NONE', #4117, #3983, #4975, .T. ) ;
#1265 = CARTESIAN_POINT ( 'NONE',  ( 5.315840088369083283, 0.000000000000000000, 1.442106256926482644 ) ) ;
#1266 = EDGE_CURVE ( 'NONE', #2207, #3877, #5150, .T. ) ;
#1267 = LINE ( 'NONE', #5092, #1922 ) ;
#1268 = PLANE ( 'NONE',  #4623 ) ;
#1269 = ORIENTED_EDGE ( 'NONE', *, *, #1677, .F. ) ;
#1270 = DIRECTION ( 'NONE',  ( 0.000000000000000000, 1.000000000000000000, 0.000000000000000000 ) ) ;
#1271 = DIRECTION ( 'NONE',  ( 0.000000000000000000, 0.000000000000000000, 1.000000000000000000 ) ) ;
#1272 = ADVANCED_FACE ( 'NONE', ( #5302 ), #2255, .T. ) ;
#1273 = DIRECTION ( 'NONE',  ( -1.000000000000000000, -0.000000000000000000, -2.064423126679161354E-18 ) ) ;
#1274 = ORIENTED_EDGE ( 'NONE', *, *, #965, .T. ) ;
#1275 = DIRECTION ( 'NONE',  ( 0.000000000000000000, -0.000000000000000000, 1.000000000000000000 ) ) ;
#1276 = VERTEX_POINT ( 'NONE', #3610 ) ;
#1277 = DIRECTION ( 'NONE',  ( -1.000000000000000000, 0.000000000000000000, -0.000000000000000000 ) ) ;
#1278 = DIRECTION ( 'NONE',  ( 0.000000000000000000, 0.000000000000000000, 1.000000000000000000 ) ) ;
#1279 = AXIS2_PLACEMENT_3D ( 'NONE', #2418, #4489, #1211 ) ;
#1280 = ORIENTED_EDGE ( 'NONE', *, *, #4666, .F. ) ;
#1281 = CARTESIAN_POINT ( 'NONE',  ( 4.428840088369080163, 0.3124999999999979461, 0.6771062569264827413 ) ) ;
#1282 = DIRECTION ( 'NONE',  ( 0.000000000000000000, 0.000000000000000000, 1.000000000000000000 ) ) ;
#1283 = DIRECTION ( 'NONE',  ( 0.000000000000000000, -1.000000000000000000, 0.000000000000000000 ) ) ;
#1284 = ORIENTED_EDGE ( 'NONE', *, *, #3587, .T. ) ;
#1285 = AXIS2_PLACEMENT_3D ( 'NONE', #3290, #2413, #4877 ) ;
#1286 = AXIS2_PLACEMENT_3D ( 'NONE', #2098, #390, #825 ) ;
#1287 = LINE ( 'NONE', #3376, #4438 ) ;
#1288 = VECTOR ( 'NONE', #1188, 39.37007874015748143 ) ;
#1289 = ORIENTED_EDGE ( 'NONE', *, *, #4500, .F. ) ;
#1290 = DIRECTION ( 'NONE',  ( -0.000000000000000000, 1.000000000000000000, -0.000000000000000000 ) ) ;
#1291 = AXIS2_PLACEMENT_3D ( 'NONE', #4220, #3801, #1299 ) ;
#1292 = AXIS2_PLACEMENT_3D ( 'NONE', #3002, #3535, #4311 ) ;
#1293 = DIRECTION ( 'NONE',  ( 1.000000000000000000, 0.000000000000000000, 2.064423126679161354E-18 ) ) ;
#1294 = AXIS2_PLACEMENT_3D ( 'NONE', #2133, #4248, #834 ) ;
#1295 = AXIS2_PLACEMENT_3D ( 'NONE', #5333, #414, #3659 ) ;
#1296 = CARTESIAN_POINT ( 'NONE',  ( 15.69584008836907962, 0.07896441934635377302, 0.6771062569264827413 ) ) ;
#1297 = AXIS2_PLACEMENT_3D ( 'NONE', #4691, #920, #2601 ) ;
#1298 = EDGE_CURVE ( 'NONE', #70, #3772, #197, .T. ) ;
#1299 = DIRECTION ( 'NONE',  ( 0.000000000000000000, 0.000000000000000000, 1.000000000000000000 ) ) ;
#1300 = VERTEX_POINT ( 'NONE', #993 ) ;
#1301 = FACE_OUTER_BOUND ( 'NONE', #3969, .T. ) ;
#1302 = CONICAL_SURFACE ( 'NONE', #761, 0.6249999999999998890, 0.3490658503988632866 ) ;
#1303 = AXIS2_PLACEMENT_3D ( 'NONE', #2496, #4878, #407 ) ;
#1304 = CARTESIAN_POINT ( 'NONE',  ( 8.775840088369079695, 0.3124999999999979461, 0.6771062569264827413 ) ) ;
#1305 = VECTOR ( 'NONE', #2329, 39.37007874015748143 ) ;
#1306 = DIRECTION ( 'NONE',  ( 4.438812645433182019E-15, -0.9396926207859092051, -0.3420201433256662704 ) ) ;
#1307 = EDGE_CURVE ( 'NONE', #3410, #3251, #4377, .T. ) ;
#1308 = EDGE_LOOP ( 'NONE', ( #1080, #4058 ) ) ;
#1309 = DIRECTION ( 'NONE',  ( 0.000000000000000000, 1.000000000000000000, 0.000000000000000000 ) ) ;
#1310 = VECTOR ( 'NONE', #4285, 39.37007874015748143 ) ;
#1311 = ORIENTED_EDGE ( 'NONE', *, *, #4169, .T. ) ;
#1312 = VECTOR ( 'NONE', #862, 39.37007874015748143 ) ;
#1313 = PLANE ( 'NONE',  #1137 ) ;
#1314 = ADVANCED_FACE ( 'NONE', ( #1871 ), #1517, .T. ) ;
#1315 = AXIS2_PLACEMENT_3D ( 'NONE', #1546, #1136, #259 ) ;
#1316 = DIRECTION ( 'NONE',  ( 0.000000000000000000, 0.000000000000000000, -1.000000000000000000 ) ) ;
#1317 = EDGE_CURVE ( 'NONE', #4352, #5169, #2744, .T. ) ;
#1318 = VERTEX_POINT ( 'NONE', #3527 ) ;
#1319 = LINE ( 'NONE', #2982, #58 ) ;
#1320 = CARTESIAN_POINT ( 'NONE',  ( 16.73260502127741844, 0.3750000000000000555, 1.415695215269644036 ) ) ;
#1321 = PLANE ( 'NONE',  #3946 ) ;
#1322 = ORIENTED_EDGE ( 'NONE', *, *, #1977, .T. ) ;
#1323 = CARTESIAN_POINT ( 'NONE',  ( 8.775840088369081471, 0.000000000000000000, 1.342106256926482777 ) ) ;
#1324 = ORIENTED_EDGE ( 'NONE', *, *, #1776, .F. ) ;
#1325 = CARTESIAN_POINT ( 'NONE',  ( 4.428840088369080163, 0.3124999999999979461, 1.302106256926482519 ) ) ;
#1326 = AXIS2_PLACEMENT_3D ( 'NONE', #1127, #1316, #4229 ) ;
#1327 = LINE ( 'NONE', #2990, #4988 ) ;
#1328 = VERTEX_POINT ( 'NONE', #5199 ) ;
#1329 = LINE ( 'NONE', #2964, #170 ) ;
#1330 = DIRECTION ( 'NONE',  ( 0.000000000000000000, 1.000000000000000000, 0.000000000000000000 ) ) ;
#1331 = ORIENTED_EDGE ( 'NONE', *, *, #2933, .F. ) ;
#1332 = FACE_OUTER_BOUND ( 'NONE', #3172, .T. ) ;
#1333 = CARTESIAN_POINT ( 'NONE',  ( 0.9688400883690804211, 0.000000000000000000, 1.217106256926482777 ) ) ;
#1334 = DIRECTION ( 'NONE',  ( 0.000000000000000000, 1.000000000000000000, 0.000000000000000000 ) ) ;
#1335 = ORIENTED_EDGE ( 'NONE', *, *, #4239, .T. ) ;
#1336 = DIRECTION ( 'NONE',  ( -4.396927258056412330E-15, -0.9396926207859092051, 0.3420201433256662704 ) ) ;
#1337 = EDGE_LOOP ( 'NONE', ( #153, #4930, #2766, #217 ) ) ;
#1338 = EDGE_LOOP ( 'NONE', ( #672, #2585, #826, #1049 ) ) ;
#1339 = LINE ( 'NONE', #3453, #1408 ) ;
#1340 = EDGE_CURVE ( 'NONE', #1840, #2389, #1439, .T. ) ;
#1341 = EDGE_CURVE ( 'NONE', #45, #1529, #1016, .T. ) ;
#1342 = LINE ( 'NONE', #5127, #3841 ) ;
#1343 = ORIENTED_EDGE ( 'NONE', *, *, #1443, .T. ) ;
#1344 = CARTESIAN_POINT ( 'NONE',  ( 7.729884185327019708, 0.000000000000000000, 1.909668673527836091 ) ) ;
#1345 = CYLINDRICAL_SURFACE ( 'NONE', #1210, 0.1549999999999978340 ) ;
#1346 = CARTESIAN_POINT ( 'NONE',  ( 1.855840088369080432, 0.000000000000000000, 1.342106256926482777 ) ) ;
#1347 = ORIENTED_EDGE ( 'NONE', *, *, #3649, .F. ) ;
#1348 = EDGE_CURVE ( 'NONE', #4433, #2598, #226, .T. ) ;
#1349 = DIRECTION ( 'NONE',  ( 0.000000000000000000, 0.000000000000000000, 1.000000000000000000 ) ) ;
#1350 = VERTEX_POINT ( 'NONE', #1071 ) ;
#1351 = DIRECTION ( 'NONE',  ( 0.000000000000000000, 1.000000000000000000, 0.000000000000000000 ) ) ;
#1352 = DIRECTION ( 'NONE',  ( 0.000000000000000000, -1.000000000000000000, 0.000000000000000000 ) ) ;
#1353 = ORIENTED_EDGE ( 'NONE', *, *, #5304, .F. ) ;
#1354 = EDGE_CURVE ( 'NONE', #5102, #1350, #3579, .T. ) ;
#1355 = PLANE ( 'NONE',  #3239 ) ;
#1356 = DIRECTION ( 'NONE',  ( 0.000000000000000000, 0.000000000000000000, 1.000000000000000000 ) ) ;
#1357 = ORIENTED_EDGE ( 'NONE', *, *, #5112, .F. ) ;
#1358 = LINE ( 'NONE', #3018, #5323 ) ;
#1359 = VERTEX_POINT ( 'NONE', #2847 ) ;
#1360 = CYLINDRICAL_SURFACE ( 'NONE', #2866, 0.7650000000000001243 ) ;
#1361 = CARTESIAN_POINT ( 'NONE',  ( 1.855840088369080432, 0.1100000000000000006, 0.6771062569264827413 ) ) ;
#1362 = CARTESIAN_POINT ( 'NONE',  ( 13.49688369930709086, 0.3750000000000000555, 1.351670632534839989 ) ) ;
#1363 = ORIENTED_EDGE ( 'NONE', *, *, #5246, .F. ) ;
#1364 = DIRECTION ( 'NONE',  ( 1.000000000000000000, 0.000000000000000000, 3.849842155671173077E-17 ) ) ;
#1365 = CARTESIAN_POINT ( 'NONE',  ( -0.05747951400767795094, 0.3750000000000000555, -0.3049999999999999933 ) ) ;
#1366 = ORIENTED_EDGE ( 'NONE', *, *, #1904, .F. ) ;
#1367 = EDGE_CURVE ( 'NONE', #2028, #4841, #4513, .T. ) ;
#1368 = CYLINDRICAL_SURFACE ( 'NONE', #581, 0.5400000000000002576 ) ;
#1369 = EDGE_CURVE ( 'NONE', #3677, #4841, #3656, .T. ) ;
#1370 = CARTESIAN_POINT ( 'NONE',  ( 8.121065057584534230, 0.3750000000000000555, 1.909668673527836091 ) ) ;
#1371 = CARTESIAN_POINT ( 'NONE',  ( 8.775840088369081471, 0.000000000000000000, 0.6771062569264825193 ) ) ;
#1372 = ORIENTED_EDGE ( 'NONE', *, *, #3723, .T. ) ;
#1373 = VECTOR ( 'NONE', #1760, 39.37007874015748143 ) ;
#1374 = DIRECTION ( 'NONE',  ( -0.000000000000000000, -1.000000000000000000, -0.000000000000000000 ) ) ;
#1375 = VERTEX_POINT ( 'NONE', #362 ) ;
#1376 = EDGE_CURVE ( 'NONE', #3818, #1974, #1017, .T. ) ;
#1377 = DIRECTION ( 'NONE',  ( 0.000000000000000000, 0.000000000000000000, -1.000000000000000000 ) ) ;
#1378 = CIRCLE ( 'NONE', #2161, 0.4000000000000000222 ) ;
#1379 = LINE ( 'NONE', #3492, #5422 ) ;
#1380 = ORIENTED_EDGE ( 'NONE', *, *, #2805, .T. ) ;
#1381 = AXIS2_PLACEMENT_3D ( 'NONE', #915, #4328, #559 ) ;
#1382 = VECTOR ( 'NONE', #4761, 39.37007874015748143 ) ;
#1383 = CARTESIAN_POINT ( 'NONE',  ( -0.3988197544642851922, 0.000000000000000000, 1.502207409216949952 ) ) ;
#1384 = EDGE_CURVE ( 'NONE', #5214, #1318, #4943, .T. ) ;
#1385 = DIRECTION ( 'NONE',  ( -0.000000000000000000, 1.000000000000000000, -0.000000000000000000 ) ) ;
#1386 = EDGE_CURVE ( 'NONE', #1492, #3279, #412, .T. ) ;
#1387 = AXIS2_PLACEMENT_3D ( 'NONE', #4769, #105, #3512 ) ;
#1388 = LINE ( 'NONE', #1418, #4716 ) ;
#1389 = FACE_OUTER_BOUND ( 'NONE', #4122, .T. ) ;
#1390 = CIRCLE ( 'NONE', #2349, 0.1550000000000000266 ) ;
#1391 = VECTOR ( 'NONE', #2464, 39.37007874015748143 ) ;
#1392 = VECTOR ( 'NONE', #1979, 39.37007874015748143 ) ;
#1393 = FACE_OUTER_BOUND ( 'NONE', #4874, .T. ) ;
#1394 = AXIS2_PLACEMENT_3D ( 'NONE', #4786, #4385, #2379 ) ;
#1395 = DIRECTION ( 'NONE',  ( 0.000000000000000000, -1.000000000000000000, 0.000000000000000000 ) ) ;
#1396 = ORIENTED_EDGE ( 'NONE', *, *, #568, .F. ) ;
#1397 = CARTESIAN_POINT ( 'NONE',  ( 4.115359562360153767, 0.3750000000000000555, 0.09499999999999998723 ) ) ;
#1398 = VECTOR ( 'NONE', #216, 39.37007874015748143 ) ;
#1399 = VECTOR ( 'NONE', #4082, 39.37007874015748143 ) ;
#1400 = DIRECTION ( 'NONE',  ( 0.000000000000000000, -1.000000000000000000, 0.000000000000000000 ) ) ;
#1401 = EDGE_LOOP ( 'NONE', ( #4845, #607, #1859, #4114 ) ) ;
#1402 = VECTOR ( 'NONE', #2733, 39.37007874015748143 ) ;
#1403 = VECTOR ( 'NONE', #4635, 39.37007874015748143 ) ;
#1404 = FACE_OUTER_BOUND ( 'NONE', #625, .T. ) ;
#1405 = DIRECTION ( 'NONE',  ( 0.000000000000000000, -0.000000000000000000, 1.000000000000000000 ) ) ;
#1406 = EDGE_LOOP ( 'NONE', ( #1156, #1237 ) ) ;
#1407 = ADVANCED_FACE ( 'NONE', ( #5330 ), #1624, .T. ) ;
#1408 = VECTOR ( 'NONE', #104, 39.37007874015748143 ) ;
#1409 = CARTESIAN_POINT ( 'NONE',  ( 16.73260502127741844, 0.000000000000000000, 1.260695215269646230 ) ) ;
#1410 = EDGE_LOOP ( 'NONE', ( #2155, #4360, #359, #1608 ) ) ;
#1411 = DIRECTION ( 'NONE',  ( 0.000000000000000000, 0.000000000000000000, 1.000000000000000000 ) ) ;
#1412 = LINE ( 'NONE', #3071, #5250 ) ;
#1413 = ORIENTED_EDGE ( 'NONE', *, *, #4666, .T. ) ;
#1414 = EDGE_CURVE ( 'NONE', #5158, #3632, #5407, .T. ) ;
#1415 = EDGE_CURVE ( 'NONE', #4140, #1046, #4155, .T. ) ;
#1416 = VERTEX_POINT ( 'NONE', #2089 ) ;
#1417 = DIRECTION ( 'NONE',  ( 0.000000000000000000, 1.000000000000000000, 0.000000000000000000 ) ) ;
#1418 = CARTESIAN_POINT ( 'NONE',  ( 6.538457670815847500, 0.000000000000000000, 0.1716981132075470207 ) ) ;
#1419 = DIRECTION ( 'NONE',  ( -0.000000000000000000, 1.000000000000000000, -0.000000000000000000 ) ) ;
#1420 = ADVANCED_FACE ( 'NONE', ( #4970 ), #1975, .T. ) ;
#1421 = ADVANCED_FACE ( 'NONE', ( #384 ), #2057, .T. ) ;
#1422 = CARTESIAN_POINT ( 'NONE',  ( 4.428840088369081940, 0.3750000000000000555, 0.6771062569264825193 ) ) ;
#1423 = LINE ( 'NONE', #2212, #4214 ) ;
#1424 = EDGE_LOOP ( 'NONE', ( #2637, #551, #5288, #3737 ) ) ;
#1425 = CARTESIAN_POINT ( 'NONE',  ( 5.315840088369079730, 0.3124999999999979461, 0.6771062569264827413 ) ) ;
#1426 = ADVANCED_FACE ( 'NONE', ( #4094 ), #2878, .F. ) ;
#1427 = ORIENTED_EDGE ( 'NONE', *, *, #1783, .T. ) ;
#1428 = CARTESIAN_POINT ( 'NONE',  ( 12.23584008836908055, 0.07896441934635377302, 1.217106256926482777 ) ) ;
#1429 = VERTEX_POINT ( 'NONE', #4572 ) ;
#1430 = LINE ( 'NONE', #2198, #2097 ) ;
#1431 = ORIENTED_EDGE ( 'NONE', *, *, #3087, .T. ) ;
#1432 = CARTESIAN_POINT ( 'NONE',  ( 15.69584008836908318, 0.1100000000000000006, 0.6771062569264825193 ) ) ;
#1433 = ORIENTED_EDGE ( 'NONE', *, *, #5002, .F. ) ;
#1434 = DIRECTION ( 'NONE',  ( -0.000000000000000000, -1.000000000000000000, -0.000000000000000000 ) ) ;
#1435 = CARTESIAN_POINT ( 'NONE',  ( 13.84588584993493932, 0.000000000000000000, 0.1549999999999978340 ) ) ;
#1436 = EDGE_LOOP ( 'NONE', ( #844, #168, #4582, #2713 ) ) ;
#1437 = ORIENTED_EDGE ( 'NONE', *, *, #106, .F. ) ;
#1438 = ORIENTED_EDGE ( 'NONE', *, *, #616, .T. ) ;
#1439 = LINE ( 'NONE', #3101, #2599 ) ;
#1440 = ORIENTED_EDGE ( 'NONE', *, *, #3564, .T. ) ;
#1441 = DIRECTION ( 'NONE',  ( 0.4160230040653493666, 0.000000000000000000, 0.9093540894989378121 ) ) ;
#1442 = EDGE_CURVE ( 'NONE', #5300, #5140, #749, .T. ) ;
#1443 = EDGE_CURVE ( 'NONE', #4913, #2865, #5006, .T. ) ;
#1444 = CARTESIAN_POINT ( 'NONE',  ( 12.22984008836908032, 0.3125000000000000000, 1.429106256926482299 ) ) ;
#1445 = CARTESIAN_POINT ( 'NONE',  ( 8.775840088369081471, 0.1100000000000000006, 0.6771062569264825193 ) ) ;
#1446 = EDGE_CURVE ( 'NONE', #3371, #3559, #3736, .T. ) ;
#1447 = DIRECTION ( 'NONE',  ( 0.000000000000000000, 0.000000000000000000, -1.000000000000000000 ) ) ;
#1448 = ORIENTED_EDGE ( 'NONE', *, *, #1738, .F. ) ;
#1449 = CARTESIAN_POINT ( 'NONE',  ( 8.425474621455776969, 0.000000000000000000, 1.601670632534839989 ) ) ;
#1450 = EDGE_CURVE ( 'NONE', #1276, #2674, #2850, .T. ) ;
#1451 = ORIENTED_EDGE ( 'NONE', *, *, #4458, .F. ) ;
#1452 = ORIENTED_EDGE ( 'NONE', *, *, #1797, .T. ) ;
#1453 = CARTESIAN_POINT ( 'NONE',  ( 14.80884008836907917, 0.3124999999999979461, 0.05210625692648283847 ) ) ;
#1454 = ORIENTED_EDGE ( 'NONE', *, *, #2912, .F. ) ;
#1455 = DIRECTION ( 'NONE',  ( 0.000000000000000000, 0.000000000000000000, 1.000000000000000000 ) ) ;
#1456 = DIRECTION ( 'NONE',  ( -0.000000000000000000, 1.000000000000000000, -0.000000000000000000 ) ) ;
#1457 = PLANE ( 'NONE',  #770 ) ;
#1458 = ORIENTED_EDGE ( 'NONE', *, *, #4585, .F. ) ;
#1459 = AXIS2_PLACEMENT_3D ( 'NONE', #3245, #4887, #333 ) ;
#1460 = ORIENTED_EDGE ( 'NONE', *, *, #31, .F. ) ;
#1461 = ORIENTED_EDGE ( 'NONE', *, *, #4642, .F. ) ;
#1462 = CARTESIAN_POINT ( 'NONE',  ( 13.84588584993493932, 0.000000000000000000, 0.000000000000000000 ) ) ;
#1463 = AXIS2_PLACEMENT_3D ( 'NONE', #3094, #4483, #4590 ) ;
#1464 = VERTEX_POINT ( 'NONE', #2902 ) ;
#1465 = LINE ( 'NONE', #4456, #2696 ) ;
#1466 = LINE ( 'NONE', #4407, #1652 ) ;
#1467 = AXIS2_PLACEMENT_3D ( 'NONE', #4827, #1844, #3542 ) ;
#1468 = CARTESIAN_POINT ( 'NONE',  ( 5.315840088369081506, 0.000000000000000000, 0.1371062569264823727 ) ) ;
#1469 = ORIENTED_EDGE ( 'NONE', *, *, #4332, .T. ) ;
#1470 = CARTESIAN_POINT ( 'NONE',  ( 1.855840088369080432, 0.1100000000000000006, 0.6771062569264827413 ) ) ;
#1471 = VECTOR ( 'NONE', #2259, 39.37007874015748143 ) ;
#1472 = FACE_OUTER_BOUND ( 'NONE', #1789, .T. ) ;
#1473 = VECTOR ( 'NONE', #3882, 39.37007874015748143 ) ;
#1474 = EDGE_LOOP ( 'NONE', ( #4515, #1322, #5119, #455 ) ) ;
#1475 = AXIS2_PLACEMENT_3D ( 'NONE', #2623, #1020, #3886 ) ;
#1476 = AXIS2_PLACEMENT_3D ( 'NONE', #614, #3550, #5222 ) ;
#1477 = EDGE_CURVE ( 'NONE', #89, #4433, #3688, .T. ) ;
#1478 = CARTESIAN_POINT ( 'NONE',  ( 14.80884008836907917, 0.3124999999999979461, 1.302106256926482519 ) ) ;
#1479 = AXIS2_PLACEMENT_3D ( 'NONE', #1168, #3364, #3258 ) ;
#1480 = VERTEX_POINT ( 'NONE', #819 ) ;
#1481 = DIRECTION ( 'NONE',  ( 0.000000000000000000, -1.000000000000000000, 0.000000000000000000 ) ) ;
#1482 = AXIS2_PLACEMENT_3D ( 'NONE', #381, #3324, #5003 ) ;
#1483 = CARTESIAN_POINT ( 'NONE',  ( 4.428840088369081940, 0.3750000000000000555, 0.1371062569264823727 ) ) ;
#1484 = ORIENTED_EDGE ( 'NONE', *, *, #3531, .F. ) ;
#1485 = EDGE_CURVE ( 'NONE', #4921, #1765, #5360, .T. ) ;
#1486 = VECTOR ( 'NONE', #4147, 39.37007874015748143 ) ;
#1487 = CIRCLE ( 'NONE', #344, 0.2500000000000000555 ) ;
#1488 = ORIENTED_EDGE ( 'NONE', *, *, #1298, .T. ) ;
#1489 = CARTESIAN_POINT ( 'NONE',  ( 12.23584008836908232, 0.1100000000000000006, 1.342106256926482777 ) ) ;
#1490 = FACE_OUTER_BOUND ( 'NONE', #880, .T. ) ;
#1491 = DIRECTION ( 'NONE',  ( 0.000000000000000000, -0.000000000000000000, 1.000000000000000000 ) ) ;
#1492 = VERTEX_POINT ( 'NONE', #5113 ) ;
#1493 = AXIS2_PLACEMENT_3D ( 'NONE', #5091, #824, #2504 ) ;
#1494 = ORIENTED_EDGE ( 'NONE', *, *, #4730, .F. ) ;
#1495 = CARTESIAN_POINT ( 'NONE',  ( 8.775840088369081471, 0.3750000000000000555, 1.217106256926482777 ) ) ;
#1496 = ORIENTED_EDGE ( 'NONE', *, *, #1094, .F. ) ;
#1497 = CARTESIAN_POINT ( 'NONE',  ( 15.68984008836907940, 0.3125000000000000000, -0.07489374307351720494 ) ) ;
#1498 = DIRECTION ( 'NONE',  ( -0.000000000000000000, -1.000000000000000000, -0.000000000000000000 ) ) ;
#1499 = DIRECTION ( 'NONE',  ( 1.000000000000000000, 0.000000000000000000, 0.000000000000000000 ) ) ;
#1500 = LINE ( 'NONE', #1903, #1638 ) ;
#1501 = VERTEX_POINT ( 'NONE', #2584 ) ;
#1502 = DIRECTION ( 'NONE',  ( -0.000000000000000000, -1.000000000000000000, -0.000000000000000000 ) ) ;
#1503 = UNCERTAINTY_MEASURE_WITH_UNIT (LENGTH_MEASURE( 1.000000000000000082E-05 ), #4241, 'distance_accuracy_value', 'NONE');
#1504 = VERTEX_POINT ( 'NONE', #5051 ) ;
#1505 = CARTESIAN_POINT ( 'NONE',  ( 16.55839635538719889, 0.3750000000000000555, 0.2789769959346507511 ) ) ;
#1506 = ORIENTED_EDGE ( 'NONE', *, *, #4766, .F. ) ;
#1507 = CARTESIAN_POINT ( 'NONE',  ( 0.9748400883690804264, 0.3125000000000000000, 0.6771062569264827413 ) ) ;
#1508 = EDGE_CURVE ( 'NONE', #2180, #3570, #50, .T. ) ;
#1509 = CARTESIAN_POINT ( 'NONE',  ( 7.925474621455776969, 0.3750000000000000555, 1.716357056455910968 ) ) ;
#1510 = EDGE_LOOP ( 'NONE', ( #420, #2607, #1366, #2271 ) ) ;
#1511 = LINE ( 'NONE', #190, #1554 ) ;
#1512 = DIRECTION ( 'NONE',  ( -0.000000000000000000, -1.000000000000000000, -0.000000000000000000 ) ) ;
#1513 = DIRECTION ( 'NONE',  ( 0.000000000000000000, 1.000000000000000000, 0.000000000000000000 ) ) ;
#1514 = ORIENTED_EDGE ( 'NONE', *, *, #1266, .F. ) ;
#1515 = ORIENTED_EDGE ( 'NONE', *, *, #497, .F. ) ;
#1516 = EDGE_LOOP ( 'NONE', ( #3296, #2118, #1960, #3891 ) ) ;
#1517 = PLANE ( 'NONE',  #2245 ) ;
#1518 = VERTEX_POINT ( 'NONE', #2609 ) ;
#1519 = LINE ( 'NONE', #4491, #2860 ) ;
#1520 = CARTESIAN_POINT ( 'NONE',  ( 15.68984008836907940, 0.3750000000000000555, -0.07489374307351720494 ) ) ;
#1521 = FACE_BOUND ( 'NONE', #1937, .T. ) ;
#1522 = CARTESIAN_POINT ( 'NONE',  ( 7.888840088369082792, 0.1100000000000000006, 0.01210625692648227558 ) ) ;
#1523 = EDGE_LOOP ( 'NONE', ( #1311, #989, #2991, #858 ) ) ;
#1524 = FACE_OUTER_BOUND ( 'NONE', #2994, .T. ) ;
#1525 = VERTEX_POINT ( 'NONE', #1681 ) ;
#1526 = DIRECTION ( 'NONE',  ( 4.438812645433182019E-15, -0.9396926207859092051, -0.3420201433256662704 ) ) ;
#1527 = EDGE_LOOP ( 'NONE', ( #4774, #4584, #4735, #1117 ) ) ;
#1528 = DIRECTION ( 'NONE',  ( -1.000000000000000000, -0.000000000000000000, -0.000000000000000000 ) ) ;
#1529 = VERTEX_POINT ( 'NONE', #3817 ) ;
#1530 = DIRECTION ( 'NONE',  ( 0.000000000000000000, 0.000000000000000000, -1.000000000000000000 ) ) ;
#1531 = EDGE_LOOP ( 'NONE', ( #2923, #5236, #5325, #2572 ) ) ;
#1532 = EDGE_CURVE ( 'NONE', #1529, #3127, #2331, .T. ) ;
#1533 = EDGE_CURVE ( 'NONE', #3395, #2199, #848, .T. ) ;
#1534 = CARTESIAN_POINT ( 'NONE',  ( 4.428840088369081940, 0.1100000000000000006, 0.6771062569264825193 ) ) ;
#1535 = ORIENTED_EDGE ( 'NONE', *, *, #2743, .F. ) ;
#1536 = LINE ( 'NONE', #572, #5161 ) ;
#1537 = CARTESIAN_POINT ( 'NONE',  ( 2.323732460952718792, 0.3750000000000000555, -0.3049999999999999933 ) ) ;
#1538 = VERTEX_POINT ( 'NONE', #1701 ) ;
#1539 = EDGE_CURVE ( 'NONE', #2824, #1139, #928, .T. ) ;
#1540 = LINE ( 'NONE', #5433, #360 ) ;
#1541 = EDGE_CURVE ( 'NONE', #4454, #2486, #839, .T. ) ;
#1542 = DIRECTION ( 'NONE',  ( -0.000000000000000000, 1.000000000000000000, -0.000000000000000000 ) ) ;
#1543 = ORIENTED_EDGE ( 'NONE', *, *, #3122, .F. ) ;
#1544 = CARTESIAN_POINT ( 'NONE',  ( 7.321062073806592352, 0.000000000000000000, 1.601670632534839989 ) ) ;
#1545 = DIRECTION ( 'NONE',  ( 0.000000000000000000, 0.000000000000000000, 1.000000000000000000 ) ) ;
#1546 = CARTESIAN_POINT ( 'NONE',  ( 5.315840088369081506, 0.1100000000000000006, 1.342106256926482777 ) ) ;
#1547 = EDGE_CURVE ( 'NONE', #1224, #3750, #1190, .T. ) ;
#1548 = VECTOR ( 'NONE', #628, 39.37007874015748143 ) ;
#1549 = ADVANCED_FACE ( 'NONE', ( #2924 ), #467, .F. ) ;
#1550 = DIRECTION ( 'NONE',  ( 0.000000000000000000, 0.000000000000000000, -1.000000000000000000 ) ) ;
#1551 = VERTEX_POINT ( 'NONE', #4674 ) ;
#1552 = LINE ( 'NONE', #4497, #584 ) ;
#1553 = ORIENTED_EDGE ( 'NONE', *, *, #3020, .T. ) ;
#1554 = VECTOR ( 'NONE', #4339, 39.37007874015748143 ) ;
#1555 = AXIS2_PLACEMENT_3D ( 'NONE', #2016, #5034, #4547 ) ;
#1556 = DIRECTION ( 'NONE',  ( -0.000000000000000000, -1.000000000000000000, -0.000000000000000000 ) ) ;
#1557 = VECTOR ( 'NONE', #1821, 39.37007874015748143 ) ;
#1558 = EDGE_LOOP ( 'NONE', ( #5344, #2614, #2119, #5416 ) ) ;
#1559 = CARTESIAN_POINT ( 'NONE',  ( 5.315840088369081506, 0.1100000000000000006, 0.01210625692648231028 ) ) ;
#1560 = ORIENTED_EDGE ( 'NONE', *, *, #1607, .F. ) ;
#1561 = CARTESIAN_POINT ( 'NONE',  ( 15.69584008836908318, 0.1100000000000000006, -0.08789374307351748017 ) ) ;
#1562 = ORIENTED_EDGE ( 'NONE', *, *, #321, .F. ) ;
#1563 = VECTOR ( 'NONE', #492, 39.37007874015748143 ) ;
#1564 = CONICAL_SURFACE ( 'NONE', #5157, 0.6249999999999998890, 0.3490658503988632866 ) ;
#1566 = CARTESIAN_POINT ( 'NONE',  ( 9.715257689473142833, 0.3750000000000000555, -0.01499999999999669827 ) ) ;
#1565 = AXIS2_PLACEMENT_3D ( 'NONE', #4429, #4019, #4517 ) ;
#1567 = VECTOR ( 'NONE', #2873, 39.37007874015748143 ) ;
#1568 = CARTESIAN_POINT ( 'NONE',  ( 14.80884008836908450, 0.000000000000000000, 0.1371062569264825948 ) ) ;
#1569 = CARTESIAN_POINT ( 'NONE',  ( 0.9688400883690786447, 0.000000000000000000, 0.1371062569264825948 ) ) ;
#1570 = VERTEX_POINT ( 'NONE', #4699 ) ;
#1571 = EDGE_LOOP ( 'NONE', ( #2611, #3990, #3689, #5286 ) ) ;
#1572 = AXIS2_PLACEMENT_3D ( 'NONE', #823, #2093, #5089 ) ;
#1573 = CARTESIAN_POINT ( 'NONE',  ( 11.34884008836908365, 0.1100000000000000006, 0.6771062569264825193 ) ) ;
#1574 = ORIENTED_EDGE ( 'NONE', *, *, #3718, .F. ) ;
#1575 = DIRECTION ( 'NONE',  ( 0.000000000000000000, 0.000000000000000000, 1.000000000000000000 ) ) ;
#1576 = CIRCLE ( 'NONE', #1835, 0.7519999999999997797 ) ;
#1577 = AXIS2_PLACEMENT_3D ( 'NONE', #2267, #619, #2729 ) ;
#1578 = CARTESIAN_POINT ( 'NONE',  ( 8.775840088369081471, 0.000000000000000000, -0.08789374307351774385 ) ) ;
#1579 = CARTESIAN_POINT ( 'NONE',  ( 6.786850511300405842, 0.3750000000000000555, 0.2000000000000000111 ) ) ;
#1580 = EDGE_CURVE ( 'NONE', #3266, #3772, #1726, .T. ) ;
#1581 = AXIS2_PLACEMENT_3D ( 'NONE', #2193, #3001, #3168 ) ;
#1582 = PLANE ( 'NONE',  #1988 ) ;
#1583 = VERTEX_POINT ( 'NONE', #444 ) ;
#1584 = DIRECTION ( 'NONE',  ( -0.000000000000000000, -1.000000000000000000, -0.000000000000000000 ) ) ;
#1585 = VERTEX_POINT ( 'NONE', #4317 ) ;
#1586 = EDGE_CURVE ( 'NONE', #4937, #4522, #3794, .T. ) ;
#1587 = DIRECTION ( 'NONE',  ( 0.000000000000000000, -1.000000000000000000, 0.000000000000000000 ) ) ;
#1588 = ORIENTED_EDGE ( 'NONE', *, *, #1181, .T. ) ;
#1589 = VECTOR ( 'NONE', #1718, 39.37007874015748143 ) ;
#1590 = DIRECTION ( 'NONE',  ( 0.000000000000000000, 0.000000000000000000, 1.000000000000000000 ) ) ;
#1591 = VERTEX_POINT ( 'NONE', #3462 ) ;
#1592 = LINE ( 'NONE', #811, #2796 ) ;
#1593 = VERTEX_POINT ( 'NONE', #1323 ) ;
#1594 = EDGE_CURVE ( 'NONE', #4823, #3152, #4651, .T. ) ;
#1595 = EDGE_LOOP ( 'NONE', ( #3867, #4865, #2347, #2224 ) ) ;
#1596 = FACE_OUTER_BOUND ( 'NONE', #571, .T. ) ;
#1597 = FACE_OUTER_BOUND ( 'NONE', #1338, .T. ) ;
#1598 = CARTESIAN_POINT ( 'NONE',  ( 3.808919768330704336, 0.000000000000000000, -0.1620888030140339442 ) ) ;
#1599 = VERTEX_POINT ( 'NONE', #4290 ) ;
#1600 = DIRECTION ( 'NONE',  ( 0.000000000000000000, 0.000000000000000000, -1.000000000000000000 ) ) ;
#1601 = EDGE_LOOP ( 'NONE', ( #2045, #4732, #4527, #916 ) ) ;
#1602 = FACE_BOUND ( 'NONE', #2645, .T. ) ;
#1603 = CARTESIAN_POINT ( 'NONE',  ( 11.35484008836908032, 0.3125000000000000000, -0.07489374307351720494 ) ) ;
#1604 = DIRECTION ( 'NONE',  ( 0.000000000000000000, 1.000000000000000000, 0.000000000000000000 ) ) ;
#1605 = EDGE_CURVE ( 'NONE', #3320, #4331, #1287, .T. ) ;
#1606 = LINE ( 'NONE', #309, #4876 ) ;
#1607 = EDGE_CURVE ( 'NONE', #4768, #1416, #1981, .T. ) ;
#1608 = ORIENTED_EDGE ( 'NONE', *, *, #154, .F. ) ;
#1609 = LINE ( 'NONE', #2426, #1642 ) ;
#1610 = ORIENTED_EDGE ( 'NONE', *, *, #4274, .F. ) ;
#1611 = CARTESIAN_POINT ( 'NONE',  ( 0.9688400883690804211, 0.3750000000000000555, 0.6771062569264827413 ) ) ;
#1612 = EDGE_CURVE ( 'NONE', #1197, #1429, #3851, .T. ) ;
#1613 = ORIENTED_EDGE ( 'NONE', *, *, #3426, .T. ) ;
#1614 = DIRECTION ( 'NONE',  ( 0.000000000000000000, 0.000000000000000000, 1.000000000000000000 ) ) ;
#1615 = ORIENTED_EDGE ( 'NONE', *, *, #4364, .T. ) ;
#1616 = CARTESIAN_POINT ( 'NONE',  ( 7.894840088369080355, 0.3125000000000000000, 1.429106256926482521 ) ) ;
#1617 = ORIENTED_EDGE ( 'NONE', *, *, #4624, .T. ) ;
#1618 = EDGE_CURVE ( 'NONE', #3706, #1778, #525, .T. ) ;
#1619 = EDGE_CURVE ( 'NONE', #1792, #2603, #3038, .T. ) ;
#1620 = CYLINDRICAL_SURFACE ( 'NONE', #4620, 0.5399999999999999245 ) ;
#1621 = DIRECTION ( 'NONE',  ( 0.000000000000000000, 0.000000000000000000, 1.000000000000000000 ) ) ;
#1622 = DIRECTION ( 'NONE',  ( 0.000000000000000000, -1.000000000000000000, 0.000000000000000000 ) ) ;
#1623 = VERTEX_POINT ( 'NONE', #4235 ) ;
#1624 = CYLINDRICAL_SURFACE ( 'NONE', #4183, 0.6650000000000001465 ) ;
#1625 = ORIENTED_EDGE ( 'NONE', *, *, #2552, .F. ) ;
#1626 = CARTESIAN_POINT ( 'NONE',  ( 4.434840088369080391, 0.3125000000000000000, 1.429106256926482521 ) ) ;
#1627 = DIRECTION ( 'NONE',  ( 0.000000000000000000, 0.000000000000000000, -1.000000000000000000 ) ) ;
#1628 = CARTESIAN_POINT ( 'NONE',  ( 9.715257689473142833, 0.3750000000000000555, 0.1400000000000000133 ) ) ;
#1629 = CARTESIAN_POINT ( 'NONE',  ( 4.434840088369080391, 0.3125000000000000000, -0.07489374307351720494 ) ) ;
#1630 = ORIENTED_EDGE ( 'NONE', *, *, #998, .T. ) ;
#1631 = DIRECTION ( 'NONE',  ( -0.000000000000000000, -1.000000000000000000, -0.000000000000000000 ) ) ;
#1632 = ORIENTED_EDGE ( 'NONE', *, *, #3551, .F. ) ;
#1633 = AXIS2_PLACEMENT_3D ( 'NONE', #253, #2767, #4760 ) ;
#1634 = DIRECTION ( 'NONE',  ( -0.000000000000000000, -1.000000000000000000, -0.000000000000000000 ) ) ;
#1635 = VERTEX_POINT ( 'NONE', #2143 ) ;
#1636 = AXIS2_PLACEMENT_3D ( 'NONE', #4961, #4041, #2819 ) ;
#1637 = DIRECTION ( 'NONE',  ( 0.000000000000000000, 1.000000000000000000, 0.000000000000000000 ) ) ;
#1638 = VECTOR ( 'NONE', #5308, 39.37007874015748143 ) ;
#1639 = ORIENTED_EDGE ( 'NONE', *, *, #1376, .F. ) ;
#1640 = DIRECTION ( 'NONE',  ( 2.155911607175857120E-15, -0.000000000000000000, 1.000000000000000000 ) ) ;
#1641 = EDGE_CURVE ( 'NONE', #3033, #2598, #2327, .T. ) ;
#1642 = VECTOR ( 'NONE', #4105, 39.37007874015748143 ) ;
#1643 = FACE_OUTER_BOUND ( 'NONE', #3196, .T. ) ;
#1644 = VERTEX_POINT ( 'NONE', #1865 ) ;
#1645 = LINE ( 'NONE', #5001, #2249 ) ;
#1646 = CARTESIAN_POINT ( 'NONE',  ( 13.49688369930709086, 0.3750000000000000555, 1.506670632534837573 ) ) ;
#1647 = VECTOR ( 'NONE', #1787, 39.37007874015748854 ) ;
#1648 = EDGE_CURVE ( 'NONE', #2783, #735, #4092, .T. ) ;
#1649 = CARTESIAN_POINT ( 'NONE',  ( 7.888840088369080128, 0.3124999999999979461, 1.302106256926482519 ) ) ;
#1650 = EDGE_LOOP ( 'NONE', ( #1615, #3, #4502, #2420 ) ) ;
#1651 = EDGE_CURVE ( 'NONE', #4347, #690, #4366, .T. ) ;
#1652 = VECTOR ( 'NONE', #1822, 39.37007874015748143 ) ;
#1653 = COLOUR_RGB ( '',0.7921568627450980005, 0.8196078431372548767, 0.9333333333333333481 ) ;
#1654 = DIRECTION ( 'NONE',  ( -0.000000000000000000, -1.000000000000000000, -0.000000000000000000 ) ) ;
#1655 = VERTEX_POINT ( 'NONE', #4009 ) ;
#1656 = DIRECTION ( 'NONE',  ( 0.000000000000000000, 0.000000000000000000, 1.000000000000000000 ) ) ;
#1657 = ORIENTED_EDGE ( 'NONE', *, *, #736, .T. ) ;
#1658 = CARTESIAN_POINT ( 'NONE',  ( 16.73962362763034761, 0.3750000000000000555, 1.510596674178678267 ) ) ;
#1660 = CIRCLE ( 'NONE', #426, 0.7519999999999998908 ) ;
#1659 = CARTESIAN_POINT ( 'NONE',  ( 4.428840088369081940, 0.000000000000000000, 0.6771062569264825193 ) ) ;
#1661 = EDGE_CURVE ( 'NONE', #3852, #3517, #2765, .T. ) ;
#1662 = AXIS2_PLACEMENT_3D ( 'NONE', #1616, #4563, #4588 ) ;
#1663 = DIRECTION ( 'NONE',  ( -1.000000000000000000, -0.000000000000000000, -0.000000000000000000 ) ) ;
#1664 = CIRCLE ( 'NONE', #2967, 0.5400000000000001465 ) ;
#1665 = ORIENTED_EDGE ( 'NONE', *, *, #2672, .T. ) ;
#1666 = PLANE ( 'NONE',  #4971 ) ;
#1667 = DIRECTION ( 'NONE',  ( 0.000000000000000000, 0.000000000000000000, -1.000000000000000000 ) ) ;
#1668 = AXIS2_PLACEMENT_3D ( 'NONE', #660, #4518, #5336 ) ;
#1669 = DIRECTION ( 'NONE',  ( -1.000000000000000000, -0.000000000000000000, -0.000000000000000000 ) ) ;
#1670 = ORIENTED_EDGE ( 'NONE', *, *, #3047, .T. ) ;
#1671 = LINE ( 'NONE', #1251, #162 ) ;
#1672 = EDGE_LOOP ( 'NONE', ( #5180, #2307, #3165, #2174 ) ) ;
#1673 = DIRECTION ( 'NONE',  ( 0.000000000000000000, 1.000000000000000000, 0.000000000000000000 ) ) ;
#1674 = DIRECTION ( 'NONE',  ( -1.000000000000000000, 0.000000000000000000, 2.771886352083244418E-15 ) ) ;
#1675 = ADVANCED_FACE ( 'NONE', ( #601 ), #4775, .T. ) ;
#1676 = DIRECTION ( 'NONE',  ( 1.000000000000000000, 0.000000000000000000, 0.000000000000000000 ) ) ;
#1677 = EDGE_CURVE ( 'NONE', #305, #2275, #2682, .T. ) ;
#1678 = CARTESIAN_POINT ( 'NONE',  ( 11.34884008836908365, 0.1100000000000000006, 0.6771062569264825193 ) ) ;
#1679 = DIRECTION ( 'NONE',  ( 0.000000000000000000, 0.000000000000000000, -1.000000000000000000 ) ) ;
#1680 = ORIENTED_EDGE ( 'NONE', *, *, #4194, .T. ) ;
#1681 = CARTESIAN_POINT ( 'NONE',  ( 7.888840088369082792, 0.1100000000000000006, 1.342106256926482777 ) ) ;
#1682 = EDGE_LOOP ( 'NONE', ( #1372, #1059, #3496, #3902 ) ) ;
#1683 = LINE ( 'NONE', #3333, #3577 ) ;
#1684 = LINE ( 'NONE', #798, #338 ) ;
#1685 = LINE ( 'NONE', #910, #5065 ) ;
#1686 = CARTESIAN_POINT ( 'NONE',  ( 1.855840088369081542, 0.07896441934635377302, 1.217106256926482777 ) ) ;
#1687 = ORIENTED_EDGE ( 'NONE', *, *, #291, .F. ) ;
#1688 = DIRECTION ( 'NONE',  ( 0.000000000000000000, -1.000000000000000000, 0.000000000000000000 ) ) ;
#1689 = CARTESIAN_POINT ( 'NONE',  ( 8.121065057584534230, 0.000000000000000000, 1.909668673527836091 ) ) ;
#1690 = DIRECTION ( 'NONE',  ( -1.000000000000000000, 0.000000000000000000, 0.000000000000000000 ) ) ;
#1691 = ORIENTED_EDGE ( 'NONE', *, *, #2359, .F. ) ;
#1692 = DIRECTION ( 'NONE',  ( 0.6427220075350842388, -0.000000000000000000, -0.7660994850736234651 ) ) ;
#1693 = ORIENTED_EDGE ( 'NONE', *, *, #1938, .T. ) ;
#1694 = CARTESIAN_POINT ( 'NONE',  ( 12.23584008836908232, 0.1100000000000000006, 1.442106256926482644 ) ) ;
#1695 = DIRECTION ( 'NONE',  ( 1.000000000000000000, 0.000000000000000000, 0.000000000000000000 ) ) ;
#1696 = ORIENTED_EDGE ( 'NONE', *, *, #2350, .T. ) ;
#1697 = DIRECTION ( 'NONE',  ( 0.000000000000000000, -0.000000000000000000, 1.000000000000000000 ) ) ;
#1698 = DIRECTION ( 'NONE',  ( -0.7112379495591170109, 0.000000000000000000, -0.7029513348070000056 ) ) ;
#1699 = LINE ( 'NONE', #1649, #4116 ) ;
#1700 = ORIENTED_EDGE ( 'NONE', *, *, #2912, .T. ) ;
#1701 = CARTESIAN_POINT ( 'NONE',  ( 4.428840088369081940, 0.1100000000000000006, 0.01210625692648241263 ) ) ;
#1702 = ORIENTED_EDGE ( 'NONE', *, *, #4571, .T. ) ;
#1703 = CARTESIAN_POINT ( 'NONE',  ( 5.315840088369081506, 0.000000000000000000, 1.442106256926482644 ) ) ;
#1704 = PLANE ( 'NONE',  #594 ) ;
#1705 = EDGE_CURVE ( 'NONE', #5012, #354, #4618, .T. ) ;
#1706 = CARTESIAN_POINT ( 'NONE',  ( 1.898202538678396966E-17, 0.3750000000000000555, 0.1549999999999999989 ) ) ;
#1707 = CYLINDRICAL_SURFACE ( 'NONE', #1819, 0.2500000000000000000 ) ;
#1708 = ORIENTED_EDGE ( 'NONE', *, *, #3790, .T. ) ;
#1709 = CYLINDRICAL_SURFACE ( 'NONE', #234, 0.2500000000000001110 ) ;
#1710 = CARTESIAN_POINT ( 'NONE',  ( 3.178815647672321276, 0.000000000000000000, 0.2000000000000000111 ) ) ;
#1711 = EDGE_CURVE ( 'NONE', #735, #3078, #2279, .T. ) ;
#1712 = ADVANCED_FACE ( 'NONE', ( #2659 ), #3156, .T. ) ;
#1713 = DIRECTION ( 'NONE',  ( -0.000000000000000000, -1.000000000000000000, -0.000000000000000000 ) ) ;
#1714 = ORIENTED_EDGE ( 'NONE', *, *, #1386, .F. ) ;
#1715 = CARTESIAN_POINT ( 'NONE',  ( 1.855840088369080432, 0.1100000000000000006, 1.342106256926482777 ) ) ;
#1716 = ORIENTED_EDGE ( 'NONE', *, *, #341, .F. ) ;
#1717 = DIRECTION ( 'NONE',  ( 0.000000000000000000, 1.000000000000000000, 0.000000000000000000 ) ) ;
#1718 = DIRECTION ( 'NONE',  ( -1.000000000000000000, -0.000000000000000000, -2.064423126679161354E-18 ) ) ;
#1719 = EDGE_LOOP ( 'NONE', ( #1200, #3102, #1535, #1289 ) ) ;
#1720 = FACE_OUTER_BOUND ( 'NONE', #4558, .T. ) ;
#1721 = SURFACE_STYLE_FILL_AREA ( #47 ) ;
#1722 = CARTESIAN_POINT ( 'NONE',  ( -0.2500000000000000555, 0.3750000000000000555, -0.3049999999999999933 ) ) ;
#1723 = ORIENTED_EDGE ( 'NONE', *, *, #3564, .F. ) ;
#1724 = CIRCLE ( 'NONE', #4095, 0.7519999999999998908 ) ;
#1725 = AXIS2_PLACEMENT_3D ( 'NONE', #4948, #4137, #368 ) ;
#1726 = LINE ( 'NONE', #961, #4269 ) ;
#1727 = VECTOR ( 'NONE', #4580, 39.37007874015748143 ) ;
#1728 = ORIENTED_EDGE ( 'NONE', *, *, #1443, .F. ) ;
#1729 = LINE ( 'NONE', #1703, #1563 ) ;
#1730 = DIRECTION ( 'NONE',  ( -0.000000000000000000, -1.000000000000000000, -0.000000000000000000 ) ) ;
#1731 = ORIENTED_EDGE ( 'NONE', *, *, #640, .T. ) ;
#1732 = CIRCLE ( 'NONE', #243, 0.6650000000000001465 ) ;
#1733 = AXIS2_PLACEMENT_3D ( 'NONE', #52, #28, #4261 ) ;
#1734 = CARTESIAN_POINT ( 'NONE',  ( 4.428840088369080163, 0.3124999999999979461, 1.302106256926482519 ) ) ;
#1735 = VECTOR ( 'NONE', #4436, 39.37007874015748143 ) ;
#1736 = CARTESIAN_POINT ( 'NONE',  ( 2.323732460952719237, 0.000000000000000000, 0.09499999999999997335 ) ) ;
#1737 = LINE ( 'NONE', #141, #1557 ) ;
#1738 = EDGE_CURVE ( 'NONE', #4949, #5300, #3960, .T. ) ;
#1739 = AXIS2_PLACEMENT_3D ( 'NONE', #790, #759, #2085 ) ;
#1740 = AXIS2_PLACEMENT_3D ( 'NONE', #2328, #4010, #246 ) ;
#1741 = ADVANCED_FACE ( 'NONE', ( #1807, #4850 ), #5168, .F. ) ;
#1742 = CARTESIAN_POINT ( 'NONE',  ( 7.888840088369080128, 0.3124999999999979461, 0.05210625692648283847 ) ) ;
#1743 = AXIS2_PLACEMENT_3D ( 'NONE', #1509, #4505, #2816 ) ;
#1744 = VECTOR ( 'NONE', #3676, 39.37007874015748143 ) ;
#1745 = LINE ( 'NONE', #2997, #3303 ) ;
#1746 = VERTEX_POINT ( 'NONE', #3068 ) ;
#1747 = EDGE_CURVE ( 'NONE', #2449, #4138, #1511, .T. ) ;
#1748 = DIRECTION ( 'NONE',  ( 0.000000000000000000, -1.000000000000000000, 0.000000000000000000 ) ) ;
#1749 = VECTOR ( 'NONE', #3438, 39.37007874015748143 ) ;
#1750 = ORIENTED_EDGE ( 'NONE', *, *, #4892, .T. ) ;
#1751 = DIRECTION ( 'NONE',  ( 0.000000000000000000, 0.000000000000000000, 1.000000000000000000 ) ) ;
#1752 = AXIS2_PLACEMENT_3D ( 'NONE', #4159, #2928, #4576 ) ;
#1753 = DIRECTION ( 'NONE',  ( 0.000000000000000000, 0.000000000000000000, 1.000000000000000000 ) ) ;
#1754 = ORIENTED_EDGE ( 'NONE', *, *, #1207, .T. ) ;
#1755 = CARTESIAN_POINT ( 'NONE',  ( 15.64904226588826042, 0.3750000000000000555, 0.6949999999999998401 ) ) ;
#1756 = DIRECTION ( 'NONE',  ( 0.000000000000000000, 0.000000000000000000, 1.000000000000000000 ) ) ;
#1757 = DIRECTION ( 'NONE',  ( 0.000000000000000000, 1.000000000000000000, 0.000000000000000000 ) ) ;
#1758 = ORIENTED_EDGE ( 'NONE', *, *, #2383, .F. ) ;
#1759 = EDGE_CURVE ( 'NONE', #5086, #2813, #2303, .T. ) ;
#1760 = DIRECTION ( 'NONE',  ( -0.000000000000000000, 1.000000000000000000, -0.000000000000000000 ) ) ;
#1761 = ORIENTED_EDGE ( 'NONE', *, *, #1036, .F. ) ;
#1762 = DIRECTION ( 'NONE',  ( -0.000000000000000000, -1.000000000000000000, -0.000000000000000000 ) ) ;
#1763 = CIRCLE ( 'NONE', #182, 0.5399999999999999245 ) ;
#1764 = CARTESIAN_POINT ( 'NONE',  ( 14.80884008836907917, 0.3124999999999979461, 0.05210625692648283847 ) ) ;
#1765 = VERTEX_POINT ( 'NONE', #1063 ) ;
#1766 = DIRECTION ( 'NONE',  ( 0.000000000000000000, 0.000000000000000000, 1.000000000000000000 ) ) ;
#1767 = DIRECTION ( 'NONE',  ( 0.000000000000000000, 1.000000000000000000, 0.000000000000000000 ) ) ;
#1768 = DIRECTION ( 'NONE',  ( 0.000000000000000000, -1.000000000000000000, 0.000000000000000000 ) ) ;
#1769 = DIRECTION ( 'NONE',  ( -0.000000000000000000, -1.000000000000000000, -0.000000000000000000 ) ) ;
#1770 = EDGE_CURVE ( 'NONE', #1197, #4564, #3212, .T. ) ;
#1771 = ADVANCED_FACE ( 'NONE', ( #5243 ), #3928, .T. ) ;
#1772 = CARTESIAN_POINT ( 'NONE',  ( -0.2500000000000000555, 0.3750000000000000555, -0.3049999999999999933 ) ) ;
#1773 = CARTESIAN_POINT ( 'NONE',  ( 12.22984008836908032, 0.3125000000000000000, -0.07489374307351720494 ) ) ;
#1774 = VERTEX_POINT ( 'NONE', #4420 ) ;
#1775 = CARTESIAN_POINT ( 'NONE',  ( 8.769840088369079467, 0.3125000000000000000, -0.07489374307351720494 ) ) ;
#1776 = EDGE_CURVE ( 'NONE', #3254, #4212, #5147, .T. ) ;
#1777 = DIRECTION ( 'NONE',  ( -1.000000000000000000, 0.000000000000000000, 0.000000000000000000 ) ) ;
#1778 = VERTEX_POINT ( 'NONE', #651 ) ;
#1779 = LINE ( 'NONE', #3400, #3657 ) ;
#1780 = DIRECTION ( 'NONE',  ( -0.000000000000000000, 1.000000000000000000, -0.000000000000000000 ) ) ;
#1781 = FACE_BOUND ( 'NONE', #460, .T. ) ;
#1782 = EDGE_LOOP ( 'NONE', ( #1761, #3285, #2306, #3528 ) ) ;
#1783 = EDGE_CURVE ( 'NONE', #2268, #4913, #3830, .T. ) ;
#1784 = EDGE_CURVE ( 'NONE', #804, #1145, #3027, .T. ) ;
#1785 = CARTESIAN_POINT ( 'NONE',  ( -0.2500000000000000555, 0.3750000000000000555, -0.3049999999999999933 ) ) ;
#1786 = VERTEX_POINT ( 'NONE', #1204 ) ;
#1787 = DIRECTION ( 'NONE',  ( 0.9974586998307349850, 0.000000000000000000, 0.07124704998790871990 ) ) ;
#1788 = DIRECTION ( 'NONE',  ( 1.000000000000000000, 0.000000000000000000, 0.000000000000000000 ) ) ;
#1789 = EDGE_LOOP ( 'NONE', ( #4816, #3918, #3922, #2914 ) ) ;
#1790 = DIRECTION ( 'NONE',  ( 0.000000000000000000, 1.000000000000000000, 0.000000000000000000 ) ) ;
#1791 = DIRECTION ( 'NONE',  ( -0.000000000000000000, 1.000000000000000000, -0.000000000000000000 ) ) ;
#1792 = VERTEX_POINT ( 'NONE', #4939 ) ;
#1793 = CARTESIAN_POINT ( 'NONE',  ( -0.4291789783003779890, 0.3750000000000000555, 1.601670632534839989 ) ) ;
#1794 = DIRECTION ( 'NONE',  ( 0.000000000000000000, 0.000000000000000000, -1.000000000000000000 ) ) ;
#1795 = LINE ( 'NONE', #5066, #144 ) ;
#1796 = FACE_BOUND ( 'NONE', #413, .T. ) ;
#1797 = EDGE_CURVE ( 'NONE', #213, #786, #1176, .T. ) ;
#1798 = ORIENTED_EDGE ( 'NONE', *, *, #2911, .F. ) ;
#1799 = CARTESIAN_POINT ( 'NONE',  ( 7.894840088369080355, 0.3750000000000000555, 0.6771062569264827413 ) ) ;
#1800 = DIRECTION ( 'NONE',  ( 0.000000000000000000, 1.000000000000000000, 0.000000000000000000 ) ) ;
#1801 = DIRECTION ( 'NONE',  ( 1.000000000000000000, 0.000000000000000000, 0.000000000000000000 ) ) ;
#1802 = ADVANCED_FACE ( 'NONE', ( #1596 ), #1121, .T. ) ;
#1803 = EDGE_CURVE ( 'NONE', #1189, #2529, #3322, .T. ) ;
#1804 = LINE ( 'NONE', #2758, #692 ) ;
#1805 = ORIENTED_EDGE ( 'NONE', *, *, #2188, .F. ) ;
#1806 = VECTOR ( 'NONE', #4215, 39.37007874015748143 ) ;
#1807 = FACE_BOUND ( 'NONE', #674, .T. ) ;
#1808 = ADVANCED_FACE ( 'NONE', ( #2029 ), #1620, .F. ) ;
#1809 = EDGE_LOOP ( 'NONE', ( #2692, #4014, #2937, #4722 ) ) ;
#1810 = LINE ( 'NONE', #3819, #3310 ) ;
#1811 = CIRCLE ( 'NONE', #320, 1.000000000000000000 ) ;
#1812 = EDGE_CURVE ( 'NONE', #445, #3905, #1724, .T. ) ;
#1813 = CARTESIAN_POINT ( 'NONE',  ( 7.888840088369080128, 0.3124999999999979461, 0.05210625692648283847 ) ) ;
#1814 = VERTEX_POINT ( 'NONE', #2391 ) ;
#1815 = AXIS2_PLACEMENT_3D ( 'NONE', #2726, #2265, #5204 ) ;
#1816 = AXIS2_PLACEMENT_3D ( 'NONE', #2129, #4950, #3278 ) ;
#1817 = ORIENTED_EDGE ( 'NONE', *, *, #1442, .F. ) ;
#1818 = CARTESIAN_POINT ( 'NONE',  ( 0.9688400883690775345, 0.1100000000000000006, -0.08789374307351748017 ) ) ;
#1819 = AXIS2_PLACEMENT_3D ( 'NONE', #4739, #2206, #969 ) ;
#1820 = EDGE_LOOP ( 'NONE', ( #4225, #2034, #1461, #301 ) ) ;
#1821 = DIRECTION ( 'NONE',  ( -0.000000000000000000, -1.000000000000000000, -0.000000000000000000 ) ) ;
#1822 = DIRECTION ( 'NONE',  ( -0.000000000000000000, -1.000000000000000000, -0.000000000000000000 ) ) ;
#1823 = AXIS2_PLACEMENT_3D ( 'NONE', #560, #147, #3085 ) ;
#1824 = VECTOR ( 'NONE', #2640, 39.37007874015748143 ) ;
#1825 = EDGE_CURVE ( 'NONE', #1890, #3143, #1378, .T. ) ;
#1826 = VECTOR ( 'NONE', #2456, 39.37007874015748143 ) ;
#1827 = DIRECTION ( 'NONE',  ( 0.000000000000000000, 0.000000000000000000, 1.000000000000000000 ) ) ;
#1828 = VECTOR ( 'NONE', #1256, 39.37007874015748143 ) ;
#1829 = FACE_OUTER_BOUND ( 'NONE', #2931, .T. ) ;
#1830 = VERTEX_POINT ( 'NONE', #2792 ) ;
#1831 = CIRCLE ( 'NONE', #1037, 0.1549999999999979450 ) ;
#1832 = CIRCLE ( 'NONE', #2269, 0.1549999999999976674 ) ;
#1833 = CARTESIAN_POINT ( 'NONE',  ( 5.309840088369079503, 0.3125000000000000000, -0.07489374307351720494 ) ) ;
#1834 = ORIENTED_EDGE ( 'NONE', *, *, #4544, .F. ) ;
#1835 = AXIS2_PLACEMENT_3D ( 'NONE', #3516, #4337, #487 ) ;
#1836 = CIRCLE ( 'NONE', #588, 0.2500000000000000000 ) ;
#1837 = DIRECTION ( 'NONE',  ( -0.000000000000000000, -1.000000000000000000, -0.000000000000000000 ) ) ;
#1838 = ORIENTED_EDGE ( 'NONE', *, *, #3497, .F. ) ;
#1839 = LINE ( 'NONE', #4361, #1310 ) ;
#1840 = VERTEX_POINT ( 'NONE', #2367 ) ;
#1841 = CIRCLE ( 'NONE', #3687, 0.2500000000000001110 ) ;
#1842 = EDGE_CURVE ( 'NONE', #3109, #1905, #5232, .T. ) ;
#1843 = EDGE_CURVE ( 'NONE', #2813, #3706, #3391, .T. ) ;
#1844 = DIRECTION ( 'NONE',  ( 0.000000000000000000, 1.000000000000000000, 0.000000000000000000 ) ) ;
#1845 = ORIENTED_EDGE ( 'NONE', *, *, #3434, .F. ) ;
#1846 = FACE_OUTER_BOUND ( 'NONE', #4376, .T. ) ;
#1847 = FACE_OUTER_BOUND ( 'NONE', #929, .T. ) ;
#1848 = ORIENTED_EDGE ( 'NONE', *, *, #2217, .F. ) ;
#1849 = LINE ( 'NONE', #3840, #5332 ) ;
#1850 = EDGE_CURVE ( 'NONE', #2660, #2433, #756, .T. ) ;
#1851 = DIRECTION ( 'NONE',  ( 1.000000000000000000, -0.000000000000000000, -7.699684311342365876E-17 ) ) ;
#1852 = AXIS2_PLACEMENT_3D ( 'NONE', #218, #3966, #1892 ) ;
#1853 = VERTEX_POINT ( 'NONE', #4123 ) ;
#1854 = DIRECTION ( 'NONE',  ( -0.9093540894989378121, 0.000000000000000000, 0.4160230040653493666 ) ) ;
#1855 = CARTESIAN_POINT ( 'NONE',  ( 15.69584008836908318, 0.1100000000000000006, 0.6771062569264825193 ) ) ;
#1856 = ADVANCED_FACE ( 'NONE', ( #1969, #1946 ), #3732, .T. ) ;
#1857 = CARTESIAN_POINT ( 'NONE',  ( 7.888840088369082792, 0.1100000000000000006, 0.01210625692648241263 ) ) ;
#1858 = DIRECTION ( 'NONE',  ( 0.000000000000000000, 1.000000000000000000, 0.000000000000000000 ) ) ;
#1859 = ORIENTED_EDGE ( 'NONE', *, *, #4342, .F. ) ;
#1860 = DIRECTION ( 'NONE',  ( -1.000000000000000000, 0.000000000000000000, -0.000000000000000000 ) ) ;
#1861 = VERTEX_POINT ( 'NONE', #5402 ) ;
#1862 = CARTESIAN_POINT ( 'NONE',  ( 12.23584008836908232, 0.1100000000000000006, -0.08789374307351774385 ) ) ;
#1863 = CARTESIAN_POINT ( 'NONE',  ( 14.80884008836908450, 0.000000000000000000, 1.442106256926483754 ) ) ;
#1864 = EDGE_LOOP ( 'NONE', ( #2707, #2471 ) ) ;
#1865 = CARTESIAN_POINT ( 'NONE',  ( 7.723394425988239220, 0.3750000000000000555, -0.3049999999999999933 ) ) ;
#1866 = VERTEX_POINT ( 'NONE', #1566 ) ;
#1867 = LINE ( 'NONE', #3157, #3408 ) ;
#1868 = DIRECTION ( 'NONE',  ( -0.07124704998790871990, 0.000000000000000000, 0.9974586998307350960 ) ) ;
#1869 = ORIENTED_EDGE ( 'NONE', *, *, #176, .F. ) ;
#1870 = ORIENTED_EDGE ( 'NONE', *, *, #1485, .F. ) ;
#1871 = FACE_OUTER_BOUND ( 'NONE', #4174, .T. ) ;
#1872 = ORIENTED_EDGE ( 'NONE', *, *, #794, .F. ) ;
#1873 = DIRECTION ( 'NONE',  ( -4.480698032809951709E-15, -0.9396926207859092051, 0.3420201433256662704 ) ) ;
#1874 = DIRECTION ( 'NONE',  ( 1.000000000000000000, 0.000000000000000000, 0.000000000000000000 ) ) ;
#1875 = EDGE_CURVE ( 'NONE', #2436, #1529, #1645, .T. ) ;
#1876 = DIRECTION ( 'NONE',  ( -0.000000000000000000, -1.000000000000000000, -0.000000000000000000 ) ) ;
#1877 = ORIENTED_EDGE ( 'NONE', *, *, #4370, .T. ) ;
#1878 = CARTESIAN_POINT ( 'NONE',  ( 4.434840088369080391, 0.3750000000000000555, 0.6771062569264827413 ) ) ;
#1879 = CARTESIAN_POINT ( 'NONE',  ( -0.3988197544642851922, 0.3750000000000000555, 1.502207409216949952 ) ) ;
#1880 = ORIENTED_EDGE ( 'NONE', *, *, #4790, .F. ) ;
#1881 = EDGE_CURVE ( 'NONE', #352, #2358, #2896, .T. ) ;
#1882 = DIRECTION ( 'NONE',  ( 0.000000000000000000, 0.000000000000000000, 1.000000000000000000 ) ) ;
#1883 = ORIENTED_EDGE ( 'NONE', *, *, #2973, .T. ) ;
#1884 = DIRECTION ( 'NONE',  ( -0.000000000000000000, -1.000000000000000000, -0.000000000000000000 ) ) ;
#1885 = CYLINDRICAL_SURFACE ( 'NONE', #773, 0.7650000000000004574 ) ;
#1886 = ORIENTED_EDGE ( 'NONE', *, *, #1141, .T. ) ;
#1887 = DIRECTION ( 'NONE',  ( -1.000000000000000000, 0.000000000000000000, 0.000000000000000000 ) ) ;
#1888 = FACE_OUTER_BOUND ( 'NONE', #4679, .T. ) ;
#1889 = DIRECTION ( 'NONE',  ( 0.000000000000000000, 0.000000000000000000, 1.000000000000000000 ) ) ;
#1890 = VERTEX_POINT ( 'NONE', #323 ) ;
#1891 = VECTOR ( 'NONE', #903, 39.37007874015748143 ) ;
#1892 = DIRECTION ( 'NONE',  ( -1.000000000000000000, 0.000000000000000000, -0.000000000000000000 ) ) ;
#1893 = DIRECTION ( 'NONE',  ( 0.000000000000000000, 0.000000000000000000, 1.000000000000000000 ) ) ;
#1894 = VECTOR ( 'NONE', #3843, 39.37007874015748143 ) ;
#1895 = EDGE_LOOP ( 'NONE', ( #2788, #1363, #3697, #5311 ) ) ;
#1896 = LINE ( 'NONE', #3581, #2084 ) ;
#1897 = CIRCLE ( 'NONE', #411, 0.5400000000000002576 ) ;
#1898 = CARTESIAN_POINT ( 'NONE',  ( 4.428840088369080163, 0.3124999999999979461, 0.05210625692648283847 ) ) ;
#1899 = CARTESIAN_POINT ( 'NONE',  ( 14.80884008836908450, 0.1100000000000000006, 0.01210625692648254967 ) ) ;
#1900 = VECTOR ( 'NONE', #5310, 39.37007874015747433 ) ;
#1901 = CIRCLE ( 'NONE', #4974, 0.7519999999999997797 ) ;
#1902 = AXIS2_PLACEMENT_3D ( 'NONE', #4833, #2334, #4403 ) ;
#1903 = CARTESIAN_POINT ( 'NONE',  ( 15.69584008836908318, 0.3750000000000000555, 1.217106256926482555 ) ) ;
#1904 = EDGE_CURVE ( 'NONE', #517, #1830, #1021, .T. ) ;
#1905 = VERTEX_POINT ( 'NONE', #4509 ) ;
#1906 = DIRECTION ( 'NONE',  ( -0.000000000000000000, -1.000000000000000000, -0.000000000000000000 ) ) ;
#1907 = AXIS2_PLACEMENT_3D ( 'NONE', #5410, #336, #1656 ) ;
#1908 = ORIENTED_EDGE ( 'NONE', *, *, #535, .F. ) ;
#1909 = AXIS2_PLACEMENT_3D ( 'NONE', #3745, #2910, #4602 ) ;
#1910 = AXIS2_PLACEMENT_3D ( 'NONE', #3180, #1512, #166 ) ;
#1911 = DIRECTION ( 'NONE',  ( -0.000000000000000000, 1.000000000000000000, -0.000000000000000000 ) ) ;
#1912 = EDGE_CURVE ( 'NONE', #4062, #4281, #2853, .T. ) ;
#1913 = VECTOR ( 'NONE', #1556, 39.37007874015748143 ) ;
#1914 = ORIENTED_EDGE ( 'NONE', *, *, #1340, .F. ) ;
#1915 = FACE_BOUND ( 'NONE', #575, .T. ) ;
#1916 = VECTOR ( 'NONE', #4778, 39.37007874015748143 ) ;
#1917 = VERTEX_POINT ( 'NONE', #4175 ) ;
#1918 = VECTOR ( 'NONE', #3783, 39.37007874015748143 ) ;
#1919 = CARTESIAN_POINT ( 'NONE',  ( 14.80884008836908450, 0.000000000000000000, 1.217106256926482555 ) ) ;
#1920 = ORIENTED_EDGE ( 'NONE', *, *, #704, .T. ) ;
#1921 = VECTOR ( 'NONE', #4795, 39.37007874015748143 ) ;
#1922 = VECTOR ( 'NONE', #94, 39.37007874015748143 ) ;
#1923 = DIRECTION ( 'NONE',  ( 0.000000000000000000, -1.000000000000000000, 0.000000000000000000 ) ) ;
#1924 = DIRECTION ( 'NONE',  ( 0.000000000000000000, 0.000000000000000000, 1.000000000000000000 ) ) ;
#1925 = CARTESIAN_POINT ( 'NONE',  ( 5.578758635138278521, 0.000000000000000000, 0.09499999999999998723 ) ) ;
#1926 = VERTEX_POINT ( 'NONE', #1344 ) ;
#1927 = VECTOR ( 'NONE', #5019, 39.37007874015748143 ) ;
#1928 = ORIENTED_EDGE ( 'NONE', *, *, #2717, .T. ) ;
#1929 = DIRECTION ( 'NONE',  ( 7.235336529749446564E-17, 0.3420201433256662704, 0.9396926207859093161 ) ) ;
#1930 = ORIENTED_EDGE ( 'NONE', *, *, #1298, .F. ) ;
#1931 = DIRECTION ( 'NONE',  ( 1.000000000000000000, 0.000000000000000000, -3.122111992759159443E-16 ) ) ;
#1932 = DIRECTION ( 'NONE',  ( 1.000000000000000000, 0.000000000000000000, -0.000000000000000000 ) ) ;
#1933 = CARTESIAN_POINT ( 'NONE',  ( 11.34884008836908365, 0.3750000000000000555, 0.1371062569264823727 ) ) ;
#1934 = CYLINDRICAL_SURFACE ( 'NONE', #2429, 0.2499999999999994171 ) ;
#1935 = EDGE_LOOP ( 'NONE', ( #4470, #3842, #1515, #4471 ) ) ;
#1936 = DIRECTION ( 'NONE',  ( 0.000000000000000000, 0.000000000000000000, 1.000000000000000000 ) ) ;
#1937 = EDGE_LOOP ( 'NONE', ( #3231, #374, #818, #5018 ) ) ;
#1938 = EDGE_CURVE ( 'NONE', #5114, #2364, #2138, .T. ) ;
#1939 = ADVANCED_FACE ( 'NONE', ( #5129 ), #438, .F. ) ;
#1940 = DIRECTION ( 'NONE',  ( 0.000000000000000000, 1.000000000000000000, 0.000000000000000000 ) ) ;
#1941 = EDGE_LOOP ( 'NONE', ( #113, #4047, #1506, #5188 ) ) ;
#1942 = DIRECTION ( 'NONE',  ( 0.000000000000000000, 0.000000000000000000, -1.000000000000000000 ) ) ;
#1943 = CARTESIAN_POINT ( 'NONE',  ( 4.428840088369080163, 0.3124999999999979461, 1.302106256926482519 ) ) ;
#1944 = ORIENTED_EDGE ( 'NONE', *, *, #4405, .F. ) ;
#1945 = ADVANCED_FACE ( 'NONE', ( #406 ), #3029, .T. ) ;
#1946 = FACE_OUTER_BOUND ( 'NONE', #187, .T. ) ;
#1947 = DIRECTION ( 'NONE',  ( 0.000000000000000000, 1.000000000000000000, 0.000000000000000000 ) ) ;
#1948 = EDGE_CURVE ( 'NONE', #1145, #2387, #877, .T. ) ;
#1949 = FACE_OUTER_BOUND ( 'NONE', #1068, .T. ) ;
#1950 = ORIENTED_EDGE ( 'NONE', *, *, #2986, .T. ) ;
#1951 = ADVANCED_FACE ( 'NONE', ( #1720 ), #1368, .F. ) ;
#1952 = ORIENTED_EDGE ( 'NONE', *, *, #5203, .F. ) ;
#1953 = CARTESIAN_POINT ( 'NONE',  ( 7.888840088369082792, 0.1100000000000000006, 1.342106256926482777 ) ) ;
#1954 = DIRECTION ( 'NONE',  ( 0.000000000000000000, 1.000000000000000000, 0.000000000000000000 ) ) ;
#1955 = EDGE_LOOP ( 'NONE', ( #4386, #3327, #574, #3975 ) ) ;
#1956 = DIRECTION ( 'NONE',  ( -1.000000000000000000, 0.000000000000000000, -0.000000000000000000 ) ) ;
#1957 = CARTESIAN_POINT ( 'NONE',  ( 0.000000000000000000, 0.3750000000000000555, 0.000000000000000000 ) ) ;
#1958 = CYLINDRICAL_SURFACE ( 'NONE', #4909, 0.4000000000000000222 ) ;
#1959 = DIRECTION ( 'NONE',  ( 0.000000000000000000, -1.000000000000000000, 0.000000000000000000 ) ) ;
#1960 = ORIENTED_EDGE ( 'NONE', *, *, #2773, .T. ) ;
#1961 = FACE_OUTER_BOUND ( 'NONE', #2899, .T. ) ;
#1962 = VERTEX_POINT ( 'NONE', #4208 ) ;
#1963 = DIRECTION ( 'NONE',  ( -1.000000000000000000, -0.000000000000000000, -0.000000000000000000 ) ) ;
#1964 = ORIENTED_EDGE ( 'NONE', *, *, #4598, .T. ) ;
#1965 = CARTESIAN_POINT ( 'NONE',  ( 2.688000000000000611, 0.000000000000000000, 0.000000000000000000 ) ) ;
#1966 = ORIENTED_EDGE ( 'NONE', *, *, #3900, .T. ) ;
#1967 = DIRECTION ( 'NONE',  ( -0.000000000000000000, -1.000000000000000000, -0.000000000000000000 ) ) ;
#1968 = VERTEX_POINT ( 'NONE', #4611 ) ;
#1969 = FACE_BOUND ( 'NONE', #2942, .T. ) ;
#1970 = EDGE_CURVE ( 'NONE', #1328, #49, #3004, .T. ) ;
#1971 = DIRECTION ( 'NONE',  ( -1.000000000000000000, -0.000000000000000000, -2.064423126679161354E-18 ) ) ;
#1972 = DIRECTION ( 'NONE',  ( -0.000000000000000000, -1.000000000000000000, -0.000000000000000000 ) ) ;
#1973 = EDGE_LOOP ( 'NONE', ( #1448, #3194, #5191, #4834 ) ) ;
#1974 = VERTEX_POINT ( 'NONE', #5021 ) ;
#1975 = CYLINDRICAL_SURFACE ( 'NONE', #1279, 1.000000000000000000 ) ;
#1976 = ORIENTED_EDGE ( 'NONE', *, *, #639, .T. ) ;
#1977 = EDGE_CURVE ( 'NONE', #4140, #5409, #3301, .T. ) ;
#1978 = PLANE ( 'NONE',  #1295 ) ;
#1979 = DIRECTION ( 'NONE',  ( 0.000000000000000000, -1.000000000000000000, 0.000000000000000000 ) ) ;
#1980 = CARTESIAN_POINT ( 'NONE',  ( 4.428840088369081940, 0.000000000000000000, 0.6771062569264825193 ) ) ;
#1981 = CIRCLE ( 'NONE', #3739, 0.1549999999999976674 ) ;
#1982 = LINE ( 'NONE', #4076, #4463 ) ;
#1983 = EDGE_LOOP ( 'NONE', ( #3447, #5100, #1845, #2170 ) ) ;
#1984 = DIRECTION ( 'NONE',  ( 0.000000000000000000, -1.000000000000000000, 0.000000000000000000 ) ) ;
#1985 = ORIENTED_EDGE ( 'NONE', *, *, #443, .T. ) ;
#1986 = EDGE_CURVE ( 'NONE', #3905, #1464, #1779, .T. ) ;
#1987 = AXIS2_PLACEMENT_3D ( 'NONE', #2753, #3896, #1936 ) ;
#1988 = AXIS2_PLACEMENT_3D ( 'NONE', #2930, #2506, #742 ) ;
#1989 = LINE ( 'NONE', #1505, #3136 ) ;
#1990 = CIRCLE ( 'NONE', #3128, 0.4000000000000000777 ) ;
#1991 = ORIENTED_EDGE ( 'NONE', *, *, #3037, .T. ) ;
#1992 = CIRCLE ( 'NONE', #3220, 0.6649999999999999245 ) ;
#1993 = CARTESIAN_POINT ( 'NONE',  ( 12.23584008836908232, 0.000000000000000000, 0.6771062569264825193 ) ) ;
#1994 = ORIENTED_EDGE ( 'NONE', *, *, #2672, .F. ) ;
#1995 = DIRECTION ( 'NONE',  ( 0.000000000000000000, 0.000000000000000000, 1.000000000000000000 ) ) ;
#1996 = ORIENTED_EDGE ( 'NONE', *, *, #3036, .F. ) ;
#1997 = AXIS2_PLACEMENT_3D ( 'NONE', #1734, #3358, #5033 ) ;
#1998 = CONICAL_SURFACE ( 'NONE', #3406, 0.6249999999999998890, 0.3490658503988632866 ) ;
#1999 = DIRECTION ( 'NONE',  ( -0.000000000000000000, -1.000000000000000000, -0.000000000000000000 ) ) ;
#2000 = VECTOR ( 'NONE', #4962, 39.37007874015748143 ) ;
#2001 = CARTESIAN_POINT ( 'NONE',  ( 12.23584008836908232, 0.000000000000000000, 0.6771062569264825193 ) ) ;
#2002 = LINE ( 'NONE', #1598, #2005 ) ;
#2003 = VERTEX_POINT ( 'NONE', #3762 ) ;
#2004 = EDGE_CURVE ( 'NONE', #3539, #517, #1319, .T. ) ;
#2005 = VECTOR ( 'NONE', #248, 39.37007874015748143 ) ;
#2006 = VECTOR ( 'NONE', #1528, 39.37007874015748143 ) ;
#2007 = EDGE_CURVE ( 'NONE', #2865, #1031, #1811, .T. ) ;
#2008 = DIRECTION ( 'NONE',  ( 0.000000000000000000, 0.000000000000000000, 1.000000000000000000 ) ) ;
#2009 = ORIENTED_EDGE ( 'NONE', *, *, #2590, .T. ) ;
#2010 = CARTESIAN_POINT ( 'NONE',  ( 16.73260502127741844, 0.000000000000000000, 1.260695215269646230 ) ) ;
#2011 = AXIS2_PLACEMENT_3D ( 'NONE', #3153, #3982, #1530 ) ;
#2012 = CARTESIAN_POINT ( 'NONE',  ( 15.69584008836908318, 0.1100000000000000006, 1.442106256926482644 ) ) ;
#2013 = DIRECTION ( 'NONE',  ( 0.000000000000000000, 0.000000000000000000, -1.000000000000000000 ) ) ;
#2014 = EDGE_CURVE ( 'NONE', #2023, #1774, #898, .T. ) ;
#2015 = CIRCLE ( 'NONE', #1668, 0.2499999999999994171 ) ;
#2016 = CARTESIAN_POINT ( 'NONE',  ( 11.34884008836908542, 0.1100000000000000006, -0.08789374307351774385 ) ) ;
#2017 = VERTEX_POINT ( 'NONE', #5434 ) ;
#2018 = DIRECTION ( 'NONE',  ( 0.000000000000000000, 0.000000000000000000, 1.000000000000000000 ) ) ;
#2019 = ORIENTED_EDGE ( 'NONE', *, *, #627, .T. ) ;
#2020 = EDGE_CURVE ( 'NONE', #3033, #89, #4007, .T. ) ;
#2021 = ADVANCED_FACE ( 'NONE', ( #3436 ), #3872, .F. ) ;
#2022 = DIRECTION ( 'NONE',  ( 0.000000000000000000, 0.000000000000000000, -1.000000000000000000 ) ) ;
#2023 = VERTEX_POINT ( 'NONE', #108 ) ;
#2024 = DIRECTION ( 'NONE',  ( 0.000000000000000000, 0.000000000000000000, 1.000000000000000000 ) ) ;
#2025 = VERTEX_POINT ( 'NONE', #20 ) ;
#2026 = DIRECTION ( 'NONE',  ( 0.000000000000000000, 1.000000000000000000, 0.000000000000000000 ) ) ;
#2027 = ORIENTED_EDGE ( 'NONE', *, *, #5203, .T. ) ;
#2028 = VERTEX_POINT ( 'NONE', #2163 ) ;
#2029 = FACE_OUTER_BOUND ( 'NONE', #1401, .T. ) ;
#2030 = DIRECTION ( 'NONE',  ( -0.000000000000000000, 1.000000000000000000, -0.000000000000000000 ) ) ;
#2031 = PLANE ( 'NONE',  #2444 ) ;
#2032 = EDGE_LOOP ( 'NONE', ( #4753, #1357, #1274, #1396 ) ) ;
#2033 = DIRECTION ( 'NONE',  ( 1.000000000000000000, 0.000000000000000000, 0.000000000000000000 ) ) ;
#2034 = ORIENTED_EDGE ( 'NONE', *, *, #1477, .T. ) ;
#2035 = DIRECTION ( 'NONE',  ( 0.000000000000000000, 1.000000000000000000, 0.000000000000000000 ) ) ;
#2036 = CARTESIAN_POINT ( 'NONE',  ( 11.34884008836908187, 0.3124999999999979461, 1.302106256926482519 ) ) ;
#2037 = FACE_OUTER_BOUND ( 'NONE', #2213, .T. ) ;
#2038 = CARTESIAN_POINT ( 'NONE',  ( 13.49688369930709086, 0.3750000000000000555, 1.601670632534839989 ) ) ;
#2039 = ORIENTED_EDGE ( 'NONE', *, *, #4730, .T. ) ;
#2040 = DIRECTION ( 'NONE',  ( 0.000000000000000000, 0.000000000000000000, -1.000000000000000000 ) ) ;
#2041 = EDGE_CURVE ( 'NONE', #1375, #690, #462, .T. ) ;
#2042 = ORIENTED_EDGE ( 'NONE', *, *, #2044, .T. ) ;
#2043 = CARTESIAN_POINT ( 'NONE',  ( -0.3988197544642851922, 0.000000000000000000, 1.347207409216950369 ) ) ;
#2044 = EDGE_CURVE ( 'NONE', #4260, #5086, #82, .T. ) ;
#2045 = ORIENTED_EDGE ( 'NONE', *, *, #3623, .T. ) ;
#2046 = EDGE_CURVE ( 'NONE', #5041, #2425, #922, .T. ) ;
#2047 = CARTESIAN_POINT ( 'NONE',  ( 6.260257689473142761, 0.3750000000000000555, 0.1400000000000000133 ) ) ;
#2048 = ADVANCED_FACE ( 'NONE', ( #3997 ), #3195, .F. ) ;
#2049 = ORIENTED_EDGE ( 'NONE', *, *, #1904, .T. ) ;
#2050 = DIRECTION ( 'NONE',  ( -0.000000000000000000, -1.000000000000000000, -0.000000000000000000 ) ) ;
#2051 = CARTESIAN_POINT ( 'NONE',  ( 3.178815647672321276, 0.3750000000000000555, 0.4500000000000001221 ) ) ;
#2052 = DIRECTION ( 'NONE',  ( 0.000000000000000000, 1.000000000000000000, 0.000000000000000000 ) ) ;
#2053 = LINE ( 'NONE', #1205, #2000 ) ;
#2054 = CARTESIAN_POINT ( 'NONE',  ( -0.05747951400767795094, 0.000000000000000000, -0.3049999999999999933 ) ) ;
#2055 = ORIENTED_EDGE ( 'NONE', *, *, #4585, .T. ) ;
#2056 = EDGE_CURVE ( 'NONE', #1492, #3170, #2335, .T. ) ;
#2057 = CYLINDRICAL_SURFACE ( 'NONE', #4789, 0.6650000000000001465 ) ;
#2058 = ORIENTED_EDGE ( 'NONE', *, *, #4528, .F. ) ;
#2059 = DIRECTION ( 'NONE',  ( -0.7029513348070000056, 0.000000000000000000, -0.7112379495591170109 ) ) ;
#2060 = DIRECTION ( 'NONE',  ( 0.000000000000000000, 1.000000000000000000, 0.000000000000000000 ) ) ;
#2061 = DIRECTION ( 'NONE',  ( 4.438812645433182019E-15, -0.9396926207859092051, -0.3420201433256662704 ) ) ;
#2062 = CARTESIAN_POINT ( 'NONE',  ( 15.68984008836907940, 0.3125000000000000000, 0.6771062569264825193 ) ) ;
#2063 = ORIENTED_EDGE ( 'NONE', *, *, #2906, .T. ) ;
#2064 = CARTESIAN_POINT ( 'NONE',  ( 4.434840088369080391, 0.3750000000000000555, -0.07489374307351720494 ) ) ;
#2065 = PLANE ( 'NONE',  #1909 ) ;
#2066 = VECTOR ( 'NONE', #3178, 39.37007874015748143 ) ;
#2067 = EDGE_CURVE ( 'NONE', #4260, #3251, #5406, .T. ) ;
#2068 = ADVANCED_FACE ( 'NONE', ( #2348 ), #1140, .F. ) ;
#2069 = DIRECTION ( 'NONE',  ( 0.000000000000000000, 1.000000000000000000, 0.000000000000000000 ) ) ;
#2070 = ORIENTED_EDGE ( 'NONE', *, *, #3147, .F. ) ;
#2071 = VECTOR ( 'NONE', #2246, 39.37007874015748143 ) ;
#2072 = LINE ( 'NONE', #2940, #4209 ) ;
#2073 = VECTOR ( 'NONE', #1876, 39.37007874015748143 ) ;
#2074 = ORIENTED_EDGE ( 'NONE', *, *, #1094, .T. ) ;
#2075 = DIRECTION ( 'NONE',  ( 0.000000000000000000, 0.000000000000000000, -1.000000000000000000 ) ) ;
#2076 = ADVANCED_FACE ( 'NONE', ( #1106 ), #4468, .T. ) ;
#2077 = AXIS2_PLACEMENT_3D ( 'NONE', #3223, #5343, #3669 ) ;
#2078 = EDGE_CURVE ( 'NONE', #3186, #1525, #3618, .T. ) ;
#2079 = DIRECTION ( 'NONE',  ( 0.000000000000000000, -0.3420201433256663259, 0.9396926207859093161 ) ) ;
#2080 = AXIS2_PLACEMENT_3D ( 'NONE', #4980, #1222, #2885 ) ;
#2081 = ORIENTED_EDGE ( 'NONE', *, *, #1341, .F. ) ;
#2082 = DIRECTION ( 'NONE',  ( 0.000000000000000000, 0.000000000000000000, 1.000000000000000000 ) ) ;
#2083 = LINE ( 'NONE', #5435, #2871 ) ;
#2084 = VECTOR ( 'NONE', #4859, 39.37007874015748143 ) ;
#2085 = DIRECTION ( 'NONE',  ( -1.000000000000000000, 0.000000000000000000, -3.849842155671173077E-17 ) ) ;
#2086 = ORIENTED_EDGE ( 'NONE', *, *, #4856, .F. ) ;
#2087 = VECTOR ( 'NONE', #4164, 39.37007874015748143 ) ;
#2088 = VECTOR ( 'NONE', #4510, 39.37007874015748143 ) ;
#2089 = CARTESIAN_POINT ( 'NONE',  ( 13.49688369930709086, 0.000000000000000000, 1.506670632534837573 ) ) ;
#2090 = ORIENTED_EDGE ( 'NONE', *, *, #4863, .T. ) ;
#2091 = CIRCLE ( 'NONE', #1286, 0.1549999999999966960 ) ;
#2092 = DIRECTION ( 'NONE',  ( 3.122111992759159443E-16, 0.000000000000000000, 1.000000000000000000 ) ) ;
#2093 = DIRECTION ( 'NONE',  ( -0.000000000000000000, -1.000000000000000000, -0.000000000000000000 ) ) ;
#2094 = VECTOR ( 'NONE', #1730, 39.37007874015748143 ) ;
#2095 = AXIS2_PLACEMENT_3D ( 'NONE', #706, #3312, #3284 ) ;
#2096 = PLANE ( 'NONE',  #1997 ) ;
#2097 = VECTOR ( 'NONE', #5162, 39.37007874015748143 ) ;
#2098 = CARTESIAN_POINT ( 'NONE',  ( 9.715257689473142833, 0.3750000000000000555, 0.1400000000000000133 ) ) ;
#2099 = AXIS2_PLACEMENT_3D ( 'NONE', #4621, #59, #855 ) ;
#2100 = ORIENTED_EDGE ( 'NONE', *, *, #3087, .F. ) ;
#2101 = CARTESIAN_POINT ( 'NONE',  ( 16.73962362763034761, 0.3750000000000000555, 1.510596674178678267 ) ) ;
#2102 = LINE ( 'NONE', #3863, #3485 ) ;
#2103 = VECTOR ( 'NONE', #1364, 39.37007874015748143 ) ;
#2104 = CARTESIAN_POINT ( 'NONE',  ( 8.775840088369081471, 0.1100000000000000006, 1.442106256926482644 ) ) ;
#2105 = ORIENTED_EDGE ( 'NONE', *, *, #5104, .F. ) ;
#2106 = CARTESIAN_POINT ( 'NONE',  ( 7.888840088369082792, 0.000000000000000000, -0.08789374307351774385 ) ) ;
#2107 = EDGE_CURVE ( 'NONE', #4662, #4454, #2809, .T. ) ;
#2108 = ORIENTED_EDGE ( 'NONE', *, *, #766, .F. ) ;
#2109 = ADVANCED_FACE ( 'NONE', ( #4313 ), #2777, .T. ) ;
#2110 = CARTESIAN_POINT ( 'NONE',  ( -0.3988197544642851922, 0.3750000000000000555, 1.347207409216950369 ) ) ;
#2111 = DIRECTION ( 'NONE',  ( -1.000000000000000000, 0.000000000000000000, 0.000000000000000000 ) ) ;
#2112 = CIRCLE ( 'NONE', #5185, 0.7650000000000001243 ) ;
#2113 = ORIENTED_EDGE ( 'NONE', *, *, #3921, .F. ) ;
#2114 = CARTESIAN_POINT ( 'NONE',  ( 3.178815647672321276, 0.000000000000000000, 0.2000000000000000111 ) ) ;
#2115 = CYLINDRICAL_SURFACE ( 'NONE', #245, 0.7519999999999997797 ) ;
#2116 = EDGE_CURVE ( 'NONE', #2199, #633, #2774, .T. ) ;
#2117 = LINE ( 'NONE', #817, #5076 ) ;
#2118 = ORIENTED_EDGE ( 'NONE', *, *, #1594, .T. ) ;
#2119 = ORIENTED_EDGE ( 'NONE', *, *, #154, .T. ) ;
#2120 = DIRECTION ( 'NONE',  ( -0.000000000000000000, -1.000000000000000000, -0.000000000000000000 ) ) ;
#2121 = EDGE_CURVE ( 'NONE', #1830, #3444, #1552, .T. ) ;
#2122 = VERTEX_POINT ( 'NONE', #3556 ) ;
#2123 = DIRECTION ( 'NONE',  ( 0.000000000000000000, 0.000000000000000000, -1.000000000000000000 ) ) ;
#2124 = EDGE_CURVE ( 'NONE', #1585, #45, #2688, .T. ) ;
#2125 = LINE ( 'NONE', #5010, #3845 ) ;
#2126 = DIRECTION ( 'NONE',  ( 0.000000000000000000, 1.000000000000000000, 0.000000000000000000 ) ) ;
#2127 = DIRECTION ( 'NONE',  ( -0.000000000000000000, -1.000000000000000000, -0.000000000000000000 ) ) ;
#2128 = ORIENTED_EDGE ( 'NONE', *, *, #1970, .F. ) ;
#2129 = CARTESIAN_POINT ( 'NONE',  ( 4.428840088369081940, 0.1100000000000000006, 0.6771062569264825193 ) ) ;
#2130 = DIRECTION ( 'NONE',  ( 0.6427220075350847939, -0.000000000000000000, -0.7660994850736231321 ) ) ;
#2131 = CYLINDRICAL_SURFACE ( 'NONE', #1479, 0.7519999999999998908 ) ;
#2132 = ORIENTED_EDGE ( 'NONE', *, *, #3144, .F. ) ;
#2133 = CARTESIAN_POINT ( 'NONE',  ( 0.9688400883690804211, 0.3124999999999979461, 0.6771062569264827413 ) ) ;
#2134 = ORIENTED_EDGE ( 'NONE', *, *, #4141, .F. ) ;
#2135 = CYLINDRICAL_SURFACE ( 'NONE', #2455, 0.4000000000000000222 ) ;
#2136 = CARTESIAN_POINT ( 'NONE',  ( 15.69584008836907962, 0.07896441934635377302, 1.217106256926482777 ) ) ;
#2137 = ORIENTED_EDGE ( 'NONE', *, *, #2592, .T. ) ;
#2138 = LINE ( 'NONE', #4645, #2515 ) ;
#2139 = DIRECTION ( 'NONE',  ( 0.000000000000000000, 0.000000000000000000, -1.000000000000000000 ) ) ;
#2140 = DIRECTION ( 'NONE',  ( 1.000000000000000000, 0.000000000000000000, -2.771886352083244813E-15 ) ) ;
#2141 = ORIENTED_EDGE ( 'NONE', *, *, #1198, .T. ) ;
#2142 = ADVANCED_FACE ( 'NONE', ( #722 ), #701, .F. ) ;
#2143 = CARTESIAN_POINT ( 'NONE',  ( 2.947298832732547336, 0.000000000000000000, 0.1056603773584907507 ) ) ;
#2144 = ORIENTED_EDGE ( 'NONE', *, *, #372, .F. ) ;
#2145 = FACE_OUTER_BOUND ( 'NONE', #2258, .T. ) ;
#2146 = DIRECTION ( 'NONE',  ( -2.064423126679161354E-18, 0.000000000000000000, 1.000000000000000000 ) ) ;
#2147 = ORIENTED_EDGE ( 'NONE', *, *, #2459, .F. ) ;
#2148 = EDGE_CURVE ( 'NONE', #4437, #86, #263, .T. ) ;
#2149 = CARTESIAN_POINT ( 'NONE',  ( 4.428840088369081940, 0.000000000000000000, 1.442106256926483088 ) ) ;
#2150 = ADVANCED_FACE ( 'NONE', ( #1524 ), #3592, .F. ) ;
#2151 = CARTESIAN_POINT ( 'NONE',  ( 0.9748400883690804264, 0.3125000000000000000, 0.6771062569264827413 ) ) ;
#2152 = DIRECTION ( 'NONE',  ( 0.000000000000000000, 0.000000000000000000, 1.000000000000000000 ) ) ;
#2153 = DIRECTION ( 'NONE',  ( 7.235336529749457657E-17, 0.3420201433256663259, 0.9396926207859093161 ) ) ;
#2154 = DIRECTION ( 'NONE',  ( 1.154952646701347732E-16, 0.000000000000000000, -1.000000000000000000 ) ) ;
#2155 = ORIENTED_EDGE ( 'NONE', *, *, #1317, .F. ) ;
#2156 = DIRECTION ( 'NONE',  ( 0.000000000000000000, 0.000000000000000000, 1.000000000000000000 ) ) ;
#2157 = ORIENTED_EDGE ( 'NONE', *, *, #3972, .T. ) ;
#2158 = VECTOR ( 'NONE', #1157, 39.37007874015748143 ) ;
#2159 = LINE ( 'NONE', #1775, #4388 ) ;
#2160 = FACE_OUTER_BOUND ( 'NONE', #1595, .T. ) ;
#2161 = AXIS2_PLACEMENT_3D ( 'NONE', #3267, #1999, #2472 ) ;
#2162 = EDGE_LOOP ( 'NONE', ( #500, #3351 ) ) ;
#2163 = CARTESIAN_POINT ( 'NONE',  ( 5.315840088369081506, 0.07896441934635377302, 1.217106256926482777 ) ) ;
#2164 = FACE_OUTER_BOUND ( 'NONE', #1531, .T. ) ;
#2165 = LINE ( 'NONE', #85, #1749 ) ;
#2166 = VERTEX_POINT ( 'NONE', #2403 ) ;
#2167 = CIRCLE ( 'NONE', #936, 0.5400000000000002576 ) ;
#2168 = DIRECTION ( 'NONE',  ( 0.000000000000000000, 0.000000000000000000, 1.000000000000000000 ) ) ;
#2169 = VECTOR ( 'NONE', #2381, 39.37007874015748143 ) ;
#2170 = ORIENTED_EDGE ( 'NONE', *, *, #5246, .T. ) ;
#2171 = DIRECTION ( 'NONE',  ( 4.438812645433182019E-15, -0.9396926207859092051, -0.3420201433256662704 ) ) ;
#2172 = DIRECTION ( 'NONE',  ( -0.000000000000000000, 1.000000000000000000, -0.000000000000000000 ) ) ;
#2173 = ADVANCED_FACE ( 'NONE', ( #1961 ), #3641, .F. ) ;
#2174 = ORIENTED_EDGE ( 'NONE', *, *, #3625, .T. ) ;
#2175 = EDGE_CURVE ( 'NONE', #4138, #4081, #2634, .T. ) ;
#2176 = AXIS2_PLACEMENT_3D ( 'NONE', #386, #2421, #2059 ) ;
#2177 = CARTESIAN_POINT ( 'NONE',  ( -0.05747951400767795094, 0.000000000000000000, -0.05500000000000002803 ) ) ;
#2178 = VECTOR ( 'NONE', #1273, 39.37007874015748143 ) ;
#2179 = CARTESIAN_POINT ( 'NONE',  ( 6.786850511300405842, 0.000000000000000000, 0.4499999999999995115 ) ) ;
#2180 = VERTEX_POINT ( 'NONE', #4626 ) ;
#2181 = CARTESIAN_POINT ( 'NONE',  ( 12.23584008836908232, 0.000000000000000000, 1.342106256926482777 ) ) ;
#2182 = AXIS2_PLACEMENT_3D ( 'NONE', #5030, #2146, #1293 ) ;
#2183 = CARTESIAN_POINT ( 'NONE',  ( 4.434840088369080391, 0.3125000000000000000, 1.429106256926482521 ) ) ;
#2184 = ADVANCED_FACE ( 'NONE', ( #5368 ), #3362, .F. ) ;
#2185 = CIRCLE ( 'NONE', #2876, 0.1549999999999995826 ) ;
#2186 = AXIS2_PLACEMENT_3D ( 'NONE', #2999, #1309, #4688 ) ;
#2187 = DIRECTION ( 'NONE',  ( -2.064423126679161354E-18, 0.000000000000000000, 1.000000000000000000 ) ) ;
#2188 = EDGE_CURVE ( 'NONE', #1583, #1765, #5151, .T. ) ;
#2189 = DIRECTION ( 'NONE',  ( 0.000000000000000000, 1.000000000000000000, 0.000000000000000000 ) ) ;
#2190 = CIRCLE ( 'NONE', #1581, 0.1549999999999998601 ) ;
#2191 = EDGE_LOOP ( 'NONE', ( #776, #4120, #1834, #1714 ) ) ;
#2192 = EDGE_CURVE ( 'NONE', #1830, #3546, #4982, .T. ) ;
#2193 = CARTESIAN_POINT ( 'NONE',  ( 7.925474621455776969, 0.3750000000000000555, 1.716357056455910968 ) ) ;
#2194 = DIRECTION ( 'NONE',  ( 0.000000000000000000, 1.000000000000000000, 0.000000000000000000 ) ) ;
#2195 = ORIENTED_EDGE ( 'NONE', *, *, #1216, .T. ) ;
#2196 = DIRECTION ( 'NONE',  ( 0.000000000000000000, 0.000000000000000000, -1.000000000000000000 ) ) ;
#2197 = DIRECTION ( 'NONE',  ( 0.000000000000000000, 0.000000000000000000, 1.000000000000000000 ) ) ;
#2198 = CARTESIAN_POINT ( 'NONE',  ( 14.80884008836908450, 0.1100000000000000006, -0.08789374307351748017 ) ) ;
#2199 = VERTEX_POINT ( 'NONE', #2064 ) ;
#2200 = CARTESIAN_POINT ( 'NONE',  ( 2.352231280947882475, 0.000000000000000000, -0.3039834799322941317 ) ) ;
#2201 = ORIENTED_EDGE ( 'NONE', *, *, #874, .F. ) ;
#2202 = DIRECTION ( 'NONE',  ( 0.000000000000000000, -0.000000000000000000, 1.000000000000000000 ) ) ;
#2203 = DIRECTION ( 'NONE',  ( 0.000000000000000000, 1.000000000000000000, 0.000000000000000000 ) ) ;
#2204 = ORIENTED_EDGE ( 'NONE', *, *, #605, .T. ) ;
#2205 = CARTESIAN_POINT ( 'NONE',  ( -0.6708830832807676225, 0.000000000000000000, 1.287802599563494965 ) ) ;
#2206 = DIRECTION ( 'NONE',  ( 0.000000000000000000, -1.000000000000000000, 0.000000000000000000 ) ) ;
#2207 = VERTEX_POINT ( 'NONE', #5390 ) ;
#2208 = DIRECTION ( 'NONE',  ( -0.000000000000000000, -1.000000000000000000, -0.000000000000000000 ) ) ;
#2209 = LINE ( 'NONE', #1444, #508 ) ;
#2210 = DIRECTION ( 'NONE',  ( 1.000000000000000000, 0.000000000000000000, 2.064423126679161354E-18 ) ) ;
#2211 = EDGE_CURVE ( 'NONE', #3152, #4570, #498, .T. ) ;
#2212 = CARTESIAN_POINT ( 'NONE',  ( 2.688000000000000611, 0.3750000000000000555, -0.1550000000000000266 ) ) ;
#2213 = EDGE_LOOP ( 'NONE', ( #1163, #832, #3076, #5007 ) ) ;
#2214 = CARTESIAN_POINT ( 'NONE',  ( 7.888840088369082792, 0.1100000000000000006, -0.08789374307351774385 ) ) ;
#2215 = DIRECTION ( 'NONE',  ( 0.000000000000000000, 0.000000000000000000, 1.000000000000000000 ) ) ;
#2216 = ADVANCED_FACE ( 'NONE', ( #1225 ), #2887, .F. ) ;
#2217 = EDGE_CURVE ( 'NONE', #4913, #3410, #1609, .T. ) ;
#2218 = ORIENTED_EDGE ( 'NONE', *, *, #1064, .F. ) ;
#2219 = DIRECTION ( 'NONE',  ( -0.000000000000000000, -1.000000000000000000, -0.000000000000000000 ) ) ;
#2220 =( LENGTH_UNIT ( ) NAMED_UNIT ( * ) SI_UNIT ( $, .METRE. ) );
#2221 = FACE_BOUND ( 'NONE', #2286, .T. ) ;
#2222 = ORIENTED_EDGE ( 'NONE', *, *, #3012, .F. ) ;
#2223 = CARTESIAN_POINT ( 'NONE',  ( 7.888840088369082792, 0.1100000000000000006, -0.08789374307351774385 ) ) ;
#2224 = ORIENTED_EDGE ( 'NONE', *, *, #3698, .F. ) ;
#2225 = PLANE ( 'NONE',  #3749 ) ;
#2226 = ADVANCED_FACE ( 'NONE', ( #4929 ), #2932, .T. ) ;
#2227 = PLANE ( 'NONE',  #4554 ) ;
#2228 = ORIENTED_EDGE ( 'NONE', *, *, #1384, .F. ) ;
#2229 = ORIENTED_EDGE ( 'NONE', *, *, #1977, .F. ) ;
#2230 = DIRECTION ( 'NONE',  ( -0.000000000000000000, -1.000000000000000000, -0.000000000000000000 ) ) ;
#2231 = CARTESIAN_POINT ( 'NONE',  ( 2.688000000000000611, 0.3750000000000000555, 0.000000000000000000 ) ) ;
#2232 = CARTESIAN_POINT ( 'NONE',  ( 5.315840088369081506, 0.1100000000000000006, 0.01210625692648231028 ) ) ;
#2233 = CARTESIAN_POINT ( 'NONE',  ( 3.928815647672321276, 0.000000000000000000, -0.3049999999999999378 ) ) ;
#2234 = DIRECTION ( 'NONE',  ( 0.000000000000000000, 0.000000000000000000, -1.000000000000000000 ) ) ;
#2235 = ORIENTED_EDGE ( 'NONE', *, *, #126, .F. ) ;
#2236 = EDGE_CURVE ( 'NONE', #4783, #4823, #1990, .T. ) ;
#2237 = EDGE_CURVE ( 'NONE', #2603, #3213, #4549, .T. ) ;
#2238 = DIRECTION ( 'NONE',  ( 0.000000000000000000, 0.000000000000000000, 1.000000000000000000 ) ) ;
#2239 = ORIENTED_EDGE ( 'NONE', *, *, #2499, .T. ) ;
#2240 = CARTESIAN_POINT ( 'NONE',  ( 0.000000000000000000, 0.3750000000000000555, -0.1549999999999999989 ) ) ;
#2241 = DIRECTION ( 'NONE',  ( 0.000000000000000000, 1.000000000000000000, 0.000000000000000000 ) ) ;
#2242 = ORIENTED_EDGE ( 'NONE', *, *, #904, .T. ) ;
#2243 = EDGE_CURVE ( 'NONE', #2863, #445, #777, .T. ) ;
#2244 = EDGE_CURVE ( 'NONE', #4570, #196, #370, .T. ) ;
#2245 = AXIS2_PLACEMENT_3D ( 'NONE', #3939, #1929, #2665 ) ;
#2246 = DIRECTION ( 'NONE',  ( 0.000000000000000000, 1.000000000000000000, 0.000000000000000000 ) ) ;
#2247 = ORIENTED_EDGE ( 'NONE', *, *, #4763, .F. ) ;
#2248 = PLANE ( 'NONE',  #1740 ) ;
#2249 = VECTOR ( 'NONE', #1234, 39.37007874015748143 ) ;
#2250 = CARTESIAN_POINT ( 'NONE',  ( 14.80884008836907917, 0.3124999999999979461, 0.6771062569264827413 ) ) ;
#2251 = ORIENTED_EDGE ( 'NONE', *, *, #5026, .F. ) ;
#2252 = VECTOR ( 'NONE', #202, 39.37007874015748143 ) ;
#2253 = AXIS2_PLACEMENT_3D ( 'NONE', #2484, #1688, #2040 ) ;
#2254 = ORIENTED_EDGE ( 'NONE', *, *, #3111, .F. ) ;
#2255 = CYLINDRICAL_SURFACE ( 'NONE', #1633, 0.6650000000000001465 ) ;
#2256 = CIRCLE ( 'NONE', #3576, 0.1549999999999998601 ) ;
#2257 = ORIENTED_EDGE ( 'NONE', *, *, #3280, .T. ) ;
#2258 = EDGE_LOOP ( 'NONE', ( #3941, #4953, #3541, #4389 ) ) ;
#2259 = DIRECTION ( 'NONE',  ( 1.000000000000000000, 0.000000000000000000, 1.154952646701347732E-16 ) ) ;
#2260 = LINE ( 'NONE', #2232, #3755 ) ;
#2261 = AXIS2_PLACEMENT_3D ( 'NONE', #5063, #4660, #1271 ) ;
#2262 = CIRCLE ( 'NONE', #1733, 0.1550000000000000266 ) ;
#2263 = AXIS2_PLACEMENT_3D ( 'NONE', #4224, #2936, #5348 ) ;
#2264 = AXIS2_PLACEMENT_3D ( 'NONE', #258, #2961, #4218 ) ;
#2265 = DIRECTION ( 'NONE',  ( 0.000000000000000000, 1.000000000000000000, 0.000000000000000000 ) ) ;
#2266 = AXIS2_PLACEMENT_3D ( 'NONE', #3241, #5357, #1621 ) ;
#2267 = CARTESIAN_POINT ( 'NONE',  ( 9.715257689473142833, 0.000000000000000000, 0.1400000000000000133 ) ) ;
#2268 = VERTEX_POINT ( 'NONE', #2101 ) ;
#2269 = AXIS2_PLACEMENT_3D ( 'NONE', #1362, #2189, #456 ) ;
#2270 = CARTESIAN_POINT ( 'NONE',  ( 4.428840088369080163, 0.3124999999999979461, 0.6771062569264827413 ) ) ;
#2271 = ORIENTED_EDGE ( 'NONE', *, *, #881, .T. ) ;
#2272 = EDGE_CURVE ( 'NONE', #984, #4391, #146, .T. ) ;
#2273 = CIRCLE ( 'NONE', #2708, 0.5400000000000001465 ) ;
#2274 = VECTOR ( 'NONE', #2992, 39.37007874015748143 ) ;
#2275 = VERTEX_POINT ( 'NONE', #36 ) ;
#2276 = FACE_BOUND ( 'NONE', #4440, .T. ) ;
#2277 = ORIENTED_EDGE ( 'NONE', *, *, #176, .T. ) ;
#2278 = CIRCLE ( 'NONE', #4565, 0.1550000000000000266 ) ;
#2279 = LINE ( 'NONE', #3486, #4875 ) ;
#2280 = ORIENTED_EDGE ( 'NONE', *, *, #1881, .T. ) ;
#2281 = EDGE_CURVE ( 'NONE', #111, #86, #3926, .T. ) ;
#2282 = CYLINDRICAL_SURFACE ( 'NONE', #1033, 0.2500000000000000555 ) ;
#2283 = CARTESIAN_POINT ( 'NONE',  ( 6.327508224398379788, 0.000000000000000000, -0.1318039101121780132 ) ) ;
#2284 = EDGE_LOOP ( 'NONE', ( #211, #1452, #4178, #2981 ) ) ;
#2285 = ORIENTED_EDGE ( 'NONE', *, *, #1759, .F. ) ;
#2286 = EDGE_LOOP ( 'NONE', ( #51, #2406, #4286, #3524 ) ) ;
#2287 = EDGE_CURVE ( 'NONE', #1504, #3213, #2167, .T. ) ;
#2288 = LINE ( 'NONE', #1048, #2608 ) ;
#2289 = ORIENTED_EDGE ( 'NONE', *, *, #1677, .T. ) ;
#2290 = ADVANCED_FACE ( 'NONE', ( #5417 ), #1666, .F. ) ;
#2291 = LINE ( 'NONE', #1497, #150 ) ;
#2292 = FACE_OUTER_BOUND ( 'NONE', #1082, .T. ) ;
#2293 = CARTESIAN_POINT ( 'NONE',  ( 14.81484008836907940, 0.3125000000000000000, 1.429106256926482521 ) ) ;
#2294 = ORIENTED_EDGE ( 'NONE', *, *, #4848, .T. ) ;
#2295 = FACE_BOUND ( 'NONE', #4692, .T. ) ;
#2296 = ORIENTED_EDGE ( 'NONE', *, *, #2359, .T. ) ;
#2297 = CARTESIAN_POINT ( 'NONE',  ( 14.81484008836907940, 0.3125000000000000000, -0.07489374307351720494 ) ) ;
#2298 = VERTEX_POINT ( 'NONE', #2909 ) ;
#2299 = CARTESIAN_POINT ( 'NONE',  ( 0.9688400883690815313, 0.07896441934635377302, 1.217106256926482777 ) ) ;
#2300 = ORIENTED_EDGE ( 'NONE', *, *, #2839, .F. ) ;
#2301 = DIRECTION ( 'NONE',  ( -0.000000000000000000, -1.000000000000000000, -0.000000000000000000 ) ) ;
#2302 = EDGE_LOOP ( 'NONE', ( #2977, #2797, #748, #503 ) ) ;
#2303 = LINE ( 'NONE', #570, #2071 ) ;
#2304 = CARTESIAN_POINT ( 'NONE',  ( 10.99185051130040414, 0.000000000000000000, -0.3049999999999999378 ) ) ;
#2305 = DIRECTION ( 'NONE',  ( 0.000000000000000000, 0.000000000000000000, 1.000000000000000000 ) ) ;
#2306 = ORIENTED_EDGE ( 'NONE', *, *, #3189, .F. ) ;
#2307 = ORIENTED_EDGE ( 'NONE', *, *, #763, .F. ) ;
#2308 = EDGE_CURVE ( 'NONE', #2501, #5041, #4011, .T. ) ;
#2309 = ADVANCED_FACE ( 'NONE', ( #3470, #1332 ), #3421, .F. ) ;
#2310 = EDGE_LOOP ( 'NONE', ( #1142, #4960, #236, #270 ) ) ;
#2311 = CARTESIAN_POINT ( 'NONE',  ( 1.849840088369080204, 0.3750000000000000555, 0.6771062569264825193 ) ) ;
#2312 = VERTEX_POINT ( 'NONE', #1793 ) ;
#2313 = CARTESIAN_POINT ( 'NONE',  ( 11.17839442598823751, 0.000000000000000000, 0.09499999999999998723 ) ) ;
#2314 = DIRECTION ( 'NONE',  ( 0.6427220075350866813, -0.000000000000000000, -0.7660994850736214667 ) ) ;
#2315 = FACE_OUTER_BOUND ( 'NONE', #3811, .T. ) ;
#2316 = EDGE_CURVE ( 'NONE', #3539, #5425, #3884, .T. ) ;
#2317 = CARTESIAN_POINT ( 'NONE',  ( 8.775840088369081471, 0.000000000000000000, 0.1371062569264823727 ) ) ;
#2318 = ORIENTED_EDGE ( 'NONE', *, *, #5304, .T. ) ;
#2319 = CARTESIAN_POINT ( 'NONE',  ( 11.34884008836908542, 0.1100000000000000006, 0.01210625692648227558 ) ) ;
#2320 = VERTEX_POINT ( 'NONE', #4270 ) ;
#2321 = CARTESIAN_POINT ( 'NONE',  ( 14.81484008836907940, 0.3125000000000000000, -0.07489374307351720494 ) ) ;
#2322 = EDGE_CURVE ( 'NONE', #3546, #1814, #532, .T. ) ;
#2323 = VERTEX_POINT ( 'NONE', #4244 ) ;
#2324 = FACE_OUTER_BOUND ( 'NONE', #5309, .T. ) ;
#2325 = DIRECTION ( 'NONE',  ( -0.000000000000000000, -1.000000000000000000, -0.000000000000000000 ) ) ;
#2326 = ORIENTED_EDGE ( 'NONE', *, *, #1212, .F. ) ;
#2327 = LINE ( 'NONE', #1089, #3388 ) ;
#2328 = CARTESIAN_POINT ( 'NONE',  ( -0.2500000000000000555, 0.3750000000000000555, -0.3049999999999999933 ) ) ;
#2329 = DIRECTION ( 'NONE',  ( -0.000000000000000000, 1.000000000000000000, -0.000000000000000000 ) ) ;
#2330 = EDGE_LOOP ( 'NONE', ( #2664, #1227, #5035, #2375 ) ) ;
#2331 = CIRCLE ( 'NONE', #2511, 0.2500000000000000555 ) ;
#2332 = ORIENTED_EDGE ( 'NONE', *, *, #5297, .T. ) ;
#2333 = ORIENTED_EDGE ( 'NONE', *, *, #4236, .F. ) ;
#2334 = DIRECTION ( 'NONE',  ( 0.000000000000000000, -1.000000000000000000, 0.000000000000000000 ) ) ;
#2335 = CIRCLE ( 'NONE', #1987, 0.1549999999999979450 ) ;
#2336 = ORIENTED_EDGE ( 'NONE', *, *, #1875, .T. ) ;
#2337 = DIRECTION ( 'NONE',  ( -0.000000000000000000, -1.000000000000000000, -0.000000000000000000 ) ) ;
#2338 = ADVANCED_FACE ( 'NONE', ( #3502 ), #1709, .F. ) ;
#2339 = AXIS2_PLACEMENT_3D ( 'NONE', #5183, #1334, #1827 ) ;
#2340 = ADVANCED_FACE ( 'NONE', ( #2646 ), #4302, .F. ) ;
#2341 = LINE ( 'NONE', #2012, #3402 ) ;
#2342 = DIRECTION ( 'NONE',  ( 0.000000000000000000, 0.000000000000000000, -1.000000000000000000 ) ) ;
#2343 = AXIS2_PLACEMENT_3D ( 'NONE', #554, #4325, #3828 ) ;
#2344 = CIRCLE ( 'NONE', #4449, 0.7519999999999998908 ) ;
#2345 = AXIS2_PLACEMENT_3D ( 'NONE', #1097, #1954, #689 ) ;
#2346 = FACE_OUTER_BOUND ( 'NONE', #2397, .T. ) ;
#2347 = ORIENTED_EDGE ( 'NONE', *, *, #4856, .T. ) ;
#2348 = FACE_OUTER_BOUND ( 'NONE', #1601, .T. ) ;
#2349 = AXIS2_PLACEMENT_3D ( 'NONE', #2960, #3464, #4733 ) ;
#2350 = EDGE_CURVE ( 'NONE', #2486, #354, #1388, .T. ) ;
#2351 = ORIENTED_EDGE ( 'NONE', *, *, #1174, .T. ) ;
#2352 = AXIS2_PLACEMENT_3D ( 'NONE', #980, #2980, #2215 ) ;
#2353 = AXIS2_PLACEMENT_3D ( 'NONE', #121, #4742, #4785 ) ;
#2354 = VECTOR ( 'NONE', #1456, 39.37007874015748143 ) ;
#2355 = LINE ( 'NONE', #670, #247 ) ;
#2356 = ADVANCED_FACE ( 'NONE', ( #1301 ), #5095, .F. ) ;
#2357 = VECTOR ( 'NONE', #4001, 39.37007874015748143 ) ;
#2358 = VERTEX_POINT ( 'NONE', #3050 ) ;
#2359 = EDGE_CURVE ( 'NONE', #3444, #1814, #579, .T. ) ;
#2360 = CYLINDRICAL_SURFACE ( 'NONE', #4118, 0.4000000000000000222 ) ;
#2361 = CIRCLE ( 'NONE', #425, 0.4000000000000000222 ) ;
#2362 = ORIENTED_EDGE ( 'NONE', *, *, #3625, .F. ) ;
#2363 = CARTESIAN_POINT ( 'NONE',  ( 11.34884008836908365, 0.000000000000000000, 0.6771062569264825193 ) ) ;
#2364 = VERTEX_POINT ( 'NONE', #4741 ) ;
#2365 = AXIS2_PLACEMENT_3D ( 'NONE', #2636, #4315, #522 ) ;
#2366 = AXIS2_PLACEMENT_3D ( 'NONE', #1056, #977, #4330 ) ;
#2367 = CARTESIAN_POINT ( 'NONE',  ( 11.34884008836908365, 0.1100000000000000006, 1.442106256926483754 ) ) ;
#2368 = CARTESIAN_POINT ( 'NONE',  ( -0.2991836189880676677, 0.3750000000000000555, -0.1188680329713447253 ) ) ;
#2369 = CARTESIAN_POINT ( 'NONE',  ( 4.434840088369080391, 0.3125000000000000000, 0.6771062569264827413 ) ) ;
#2370 = VERTEX_POINT ( 'NONE', #2181 ) ;
#2371 = AXIS2_PLACEMENT_3D ( 'NONE', #1628, #5387, #3300 ) ;
#2372 = CARTESIAN_POINT ( 'NONE',  ( 15.69584008836907962, 0.3124999999999979461, 0.6771062569264827413 ) ) ;
#2373 = ADVANCED_BREP_SHAPE_REPRESENTATION ( '07k_flange', ( #3190, #1493 ), #780 ) ;
#2374 = CARTESIAN_POINT ( 'NONE',  ( 11.34884008836908365, 0.000000000000000000, 0.1371062569264823727 ) ) ;
#2375 = ORIENTED_EDGE ( 'NONE', *, *, #1533, .T. ) ;
#2376 = CARTESIAN_POINT ( 'NONE',  ( 4.428840088369081940, 0.1100000000000000006, -0.08789374307351774385 ) ) ;
#2377 = CARTESIAN_POINT ( 'NONE',  ( 9.715257689473142833, 0.3750000000000000555, 0.1400000000000000133 ) ) ;
#2378 = LINE ( 'NONE', #308, #5088 ) ;
#2379 = DIRECTION ( 'NONE',  ( 0.000000000000000000, 0.000000000000000000, 1.000000000000000000 ) ) ;
#2380 = EDGE_LOOP ( 'NONE', ( #2351, #1985, #2815, #2916 ) ) ;
#2381 = DIRECTION ( 'NONE',  ( -0.000000000000000000, 1.000000000000000000, -0.000000000000000000 ) ) ;
#2382 = ORIENTED_EDGE ( 'NONE', *, *, #2906, .F. ) ;
#2383 = EDGE_CURVE ( 'NONE', #4548, #241, #1737, .T. ) ;
#2384 = DIRECTION ( 'NONE',  ( -0.000000000000000000, 1.000000000000000000, -0.000000000000000000 ) ) ;
#2385 = ORIENTED_EDGE ( 'NONE', *, *, #2505, .F. ) ;
#2386 = CARTESIAN_POINT ( 'NONE',  ( 0.9688400883690804211, 0.07896441934635377302, 0.6771062569264827413 ) ) ;
#2387 = VERTEX_POINT ( 'NONE', #3079 ) ;
#2388 = CARTESIAN_POINT ( 'NONE',  ( 12.23584008836908232, 0.1100000000000000006, 1.442106256926482644 ) ) ;
#2389 = VERTEX_POINT ( 'NONE', #2621 ) ;
#2390 = EDGE_CURVE ( 'NONE', #4841, #897, #1024, .T. ) ;
#2391 = CARTESIAN_POINT ( 'NONE',  ( 5.315840088369081506, 0.000000000000000000, -0.08789374307351774385 ) ) ;
#2392 = DIRECTION ( 'NONE',  ( 0.000000000000000000, 1.000000000000000000, 0.000000000000000000 ) ) ;
#2393 = LINE ( 'NONE', #2718, #950 ) ;
#2394 = ORIENTED_EDGE ( 'NONE', *, *, #602, .F. ) ;
#2395 = DIRECTION ( 'NONE',  ( -0.000000000000000000, -1.000000000000000000, -0.000000000000000000 ) ) ;
#2396 = EDGE_CURVE ( 'NONE', #4535, #2732, #4659, .T. ) ;
#2397 = EDGE_LOOP ( 'NONE', ( #1908, #3413, #1469, #725 ) ) ;
#2398 = DIRECTION ( 'NONE',  ( -0.000000000000000000, 1.000000000000000000, -0.000000000000000000 ) ) ;
#2399 = DIRECTION ( 'NONE',  ( 0.000000000000000000, 0.000000000000000000, 1.000000000000000000 ) ) ;
#2400 = PLANE ( 'NONE',  #1315 ) ;
#2401 = LINE ( 'NONE', #4519, #5320 ) ;
#2402 = ORIENTED_EDGE ( 'NONE', *, *, #4179, .F. ) ;
#2403 = CARTESIAN_POINT ( 'NONE',  ( 8.775840088369079695, 0.3124999999999979461, 1.302106256926482519 ) ) ;
#2404 = ORIENTED_EDGE ( 'NONE', *, *, #1541, .F. ) ;
#2405 = DIRECTION ( 'NONE',  ( -0.000000000000000000, 1.000000000000000000, -0.000000000000000000 ) ) ;
#2406 = ORIENTED_EDGE ( 'NONE', *, *, #2590, .F. ) ;
#2407 = CARTESIAN_POINT ( 'NONE',  ( 11.34884008836908187, 0.07896441934635377302, 0.6771062569264827413 ) ) ;
#2408 = ADVANCED_FACE ( 'NONE', ( #889 ), #3942, .F. ) ;
#2409 = ORIENTED_EDGE ( 'NONE', *, *, #4790, .T. ) ;
#2410 = ADVANCED_FACE ( 'NONE', ( #97, #4684 ), #913, .T. ) ;
#2411 = DIRECTION ( 'NONE',  ( 0.000000000000000000, -0.000000000000000000, 1.000000000000000000 ) ) ;
#2412 = VERTEX_POINT ( 'NONE', #5121 ) ;
#2413 = DIRECTION ( 'NONE',  ( 0.000000000000000000, -1.000000000000000000, 0.000000000000000000 ) ) ;
#2414 = DIRECTION ( 'NONE',  ( -0.000000000000000000, 1.000000000000000000, -0.000000000000000000 ) ) ;
#2415 = EDGE_CURVE ( 'NONE', #4522, #2320, #1358, .T. ) ;
#2416 = FACE_OUTER_BOUND ( 'NONE', #3580, .T. ) ;
#2417 = ORIENTED_EDGE ( 'NONE', *, *, #538, .T. ) ;
#2418 = CARTESIAN_POINT ( 'NONE',  ( 15.64904226588826042, 0.3750000000000000555, 0.6949999999999998401 ) ) ;
#2419 = ADVANCED_FACE ( 'NONE', ( #1130 ), #3188, .F. ) ;
#2420 = ORIENTED_EDGE ( 'NONE', *, *, #2735, .T. ) ;
#2421 = DIRECTION ( 'NONE',  ( 0.7112379495591170109, 0.000000000000000000, -0.7029513348070000056 ) ) ;
#2422 = CARTESIAN_POINT ( 'NONE',  ( 6.260257689473142761, 0.3750000000000000555, 0.1400000000000000133 ) ) ;
#2423 = DIRECTION ( 'NONE',  ( 0.000000000000000000, -1.000000000000000000, 0.000000000000000000 ) ) ;
#2424 = DIRECTION ( 'NONE',  ( -0.000000000000000000, -1.000000000000000000, -0.000000000000000000 ) ) ;
#2425 = VERTEX_POINT ( 'NONE', #2723 ) ;
#2426 = CARTESIAN_POINT ( 'NONE',  ( 16.95994354365215528, 0.3750000000000000555, 1.156689464253306321 ) ) ;
#2427 = VERTEX_POINT ( 'NONE', #221 ) ;
#2428 = AXIS2_PLACEMENT_3D ( 'NONE', #643, #2219, #1079 ) ;
#2429 = AXIS2_PLACEMENT_3D ( 'NONE', #3616, #5285, #284 ) ;
#2430 = VECTOR ( 'NONE', #5253, 39.37007874015748143 ) ;
#2431 = DIRECTION ( 'NONE',  ( 0.000000000000000000, -1.000000000000000000, 0.000000000000000000 ) ) ;
#2432 = AXIS2_PLACEMENT_3D ( 'NONE', #802, #5036, #2018 ) ;
#2433 = VERTEX_POINT ( 'NONE', #3529 ) ;
#2434 = CIRCLE ( 'NONE', #2080, 0.6650000000000001465 ) ;
#2435 = CARTESIAN_POINT ( 'NONE',  ( -0.05747951400767795094, 0.3750000000000000555, -0.3049999999999999933 ) ) ;
#2436 = VERTEX_POINT ( 'NONE', #2769 ) ;
#2437 = DIRECTION ( 'NONE',  ( -1.000000000000000000, -0.000000000000000000, -2.064423126679161354E-18 ) ) ;
#2438 = ORIENTED_EDGE ( 'NONE', *, *, #2211, .T. ) ;
#2439 = AXIS2_PLACEMENT_3D ( 'NONE', #886, #2564, #1627 ) ;
#2440 = AXIS2_PLACEMENT_3D ( 'NONE', #4542, #4973, #3713 ) ;
#2441 = CIRCLE ( 'NONE', #1297, 0.1549999999999995826 ) ;
#2442 = PRODUCT ( '07k_flange', '07k_flange', '', ( #2884 ) ) ;
#2443 = ORIENTED_EDGE ( 'NONE', *, *, #3366, .T. ) ;
#2445 = CARTESIAN_POINT ( 'NONE',  ( 9.715257689473142833, 0.3750000000000000555, 0.2949999999999967093 ) ) ;
#2444 = AXIS2_PLACEMENT_3D ( 'NONE', #2898, #5404, #2140 ) ;
#2446 = AXIS2_PLACEMENT_3D ( 'NONE', #3121, #1065, #1924 ) ;
#2447 = CARTESIAN_POINT ( 'NONE',  ( 2.688000000000000611, 0.000000000000000000, 0.000000000000000000 ) ) ;
#2448 = DIRECTION ( 'NONE',  ( -0.000000000000000000, -1.000000000000000000, -0.000000000000000000 ) ) ;
#2449 = VERTEX_POINT ( 'NONE', #1074 ) ;
#2450 = PRESENTATION_LAYER_ASSIGNMENT (  '', '', ( #2622 ) ) ;
#2451 = EDGE_CURVE ( 'NONE', #3675, #1139, #4428, .T. ) ;
#2452 = DIRECTION ( 'NONE',  ( 1.000000000000000000, 0.000000000000000000, 0.000000000000000000 ) ) ;
#2453 = ORIENTED_EDGE ( 'NONE', *, *, #1243, .F. ) ;
#2454 = CARTESIAN_POINT ( 'NONE',  ( -0.2500000000000000555, 0.3750000000000000555, -0.3049999999999999933 ) ) ;
#2455 = AXIS2_PLACEMENT_3D ( 'NONE', #1397, #4250, #3809 ) ;
#2456 = DIRECTION ( 'NONE',  ( -1.000000000000000000, -0.000000000000000000, -0.000000000000000000 ) ) ;
#2457 = PLANE ( 'NONE',  #2714 ) ;
#2458 = EDGE_CURVE ( 'NONE', #3905, #981, #1896, .T. ) ;
#2459 = EDGE_CURVE ( 'NONE', #4933, #3767, #1465, .T. ) ;
#2460 = DIRECTION ( 'NONE',  ( 1.000000000000000000, 0.000000000000000000, 0.000000000000000000 ) ) ;
#2461 = ORIENTED_EDGE ( 'NONE', *, *, #57, .F. ) ;
#2462 = DIRECTION ( 'NONE',  ( -1.000000000000000000, -0.000000000000000000, -0.000000000000000000 ) ) ;
#2463 = EDGE_LOOP ( 'NONE', ( #2042, #4490, #1994, #4401 ) ) ;
#2464 = DIRECTION ( 'NONE',  ( 1.000000000000000000, 0.000000000000000000, 3.849842155671173077E-17 ) ) ;
#2465 = ORIENTED_EDGE ( 'NONE', *, *, #2933, .T. ) ;
#2466 = CARTESIAN_POINT ( 'NONE',  ( 5.315840088369081506, 0.1100000000000000006, -0.08789374307351774385 ) ) ;
#2467 = EDGE_LOOP ( 'NONE', ( #2588, #4675, #1693, #2968 ) ) ;
#2468 = CARTESIAN_POINT ( 'NONE',  ( 7.925474621455776969, 0.3750000000000000555, 1.716357056455910968 ) ) ;
#2469 = ORIENTED_EDGE ( 'NONE', *, *, #1415, .T. ) ;
#2470 = LINE ( 'NONE', #378, #3432 ) ;
#2471 = ORIENTED_EDGE ( 'NONE', *, *, #3604, .T. ) ;
#2472 = DIRECTION ( 'NONE',  ( 0.000000000000000000, 0.000000000000000000, 1.000000000000000000 ) ) ;
#2473 = CYLINDRICAL_SURFACE ( 'NONE', #681, 0.2799999999999973621 ) ;
#2474 = CARTESIAN_POINT ( 'NONE',  ( 5.578758635138278521, 0.000000000000000000, -0.3049999999999999933 ) ) ;
#2475 = VERTEX_POINT ( 'NONE', #1544 ) ;
#2476 = CARTESIAN_POINT ( 'NONE',  ( 16.95994354365215528, 0.3750000000000000555, 1.156689464253305433 ) ) ;
#2477 = ORIENTED_EDGE ( 'NONE', *, *, #5082, .T. ) ;
#2478 = CARTESIAN_POINT ( 'NONE',  ( 7.888840088369082792, 0.1100000000000000006, 0.6771062569264825193 ) ) ;
#2479 = FACE_OUTER_BOUND ( 'NONE', #4418, .T. ) ;
#2480 = ADVANCED_FACE ( 'NONE', ( #2801 ), #255, .T. ) ;
#2481 = EDGE_CURVE ( 'NONE', #2863, #4154, #2291, .T. ) ;
#2482 = CARTESIAN_POINT ( 'NONE',  ( 1.855840088369080654, 0.3125000000000000000, 0.05210625692648205437 ) ) ;
#2483 = ORIENTED_EDGE ( 'NONE', *, *, #3461, .F. ) ;
#2484 = CARTESIAN_POINT ( 'NONE',  ( 15.69584008836908318, 0.1100000000000000006, 0.6771062569264825193 ) ) ;
#2485 = CARTESIAN_POINT ( 'NONE',  ( 4.115359562360153767, 0.3750000000000000555, -0.3049999999999999933 ) ) ;
#2486 = VERTEX_POINT ( 'NONE', #4835 ) ;
#2487 = EDGE_CURVE ( 'NONE', #4687, #2529, #1028, .T. ) ;
#2488 = ORIENTED_EDGE ( 'NONE', *, *, #3074, .T. ) ;
#2489 = DIRECTION ( 'NONE',  ( 0.000000000000000000, 1.000000000000000000, 0.000000000000000000 ) ) ;
#2490 = ORIENTED_EDGE ( 'NONE', *, *, #293, .F. ) ;
#2491 = DIRECTION ( 'NONE',  ( 0.000000000000000000, 1.000000000000000000, 0.000000000000000000 ) ) ;
#2492 = ORIENTED_EDGE ( 'NONE', *, *, #4232, .T. ) ;
#2493 = FACE_OUTER_BOUND ( 'NONE', #4972, .T. ) ;
#2494 = CARTESIAN_POINT ( 'NONE',  ( 8.775840088369079695, 0.3124999999999979461, 0.05210625692648280377 ) ) ;
#2495 = CARTESIAN_POINT ( 'NONE',  ( 7.416954631958789790, 0.000000000000000000, -0.1620888030140344716 ) ) ;
#2496 = CARTESIAN_POINT ( 'NONE',  ( 4.428840088369081940, 0.1100000000000000006, 0.6771062569264825193 ) ) ;
#2497 = CARTESIAN_POINT ( 'NONE',  ( 15.68984008836907940, 0.3125000000000000000, 0.6771062569264825193 ) ) ;
#2498 = EDGE_LOOP ( 'NONE', ( #3953, #1086, #5005, #137 ) ) ;
#2499 = EDGE_CURVE ( 'NONE', #5377, #5198, #658, .T. ) ;
#2500 = DIRECTION ( 'NONE',  ( 0.000000000000000000, 0.000000000000000000, 1.000000000000000000 ) ) ;
#2501 = VERTEX_POINT ( 'NONE', #4406 ) ;
#2502 = CARTESIAN_POINT ( 'NONE',  ( 11.35484008836908032, 0.3125000000000000000, 1.429106256926482521 ) ) ;
#2503 = CARTESIAN_POINT ( 'NONE',  ( 5.578758635138278521, 0.3750000000000000555, 0.09499999999999998723 ) ) ;
#2504 = DIRECTION ( 'NONE',  ( 1.000000000000000000, 0.000000000000000000, 0.000000000000000000 ) ) ;
#2505 = EDGE_CURVE ( 'NONE', #4198, #3719, #3487, .T. ) ;
#2506 = DIRECTION ( 'NONE',  ( 0.000000000000000000, 0.000000000000000000, 1.000000000000000000 ) ) ;
#2507 = EDGE_CURVE ( 'NONE', #1778, #5086, #5244, .T. ) ;
#2508 = EDGE_LOOP ( 'NONE', ( #3642, #280, #3787, #3998 ) ) ;
#2509 = DIRECTION ( 'NONE',  ( -0.000000000000000000, -1.000000000000000000, -0.000000000000000000 ) ) ;
#2510 = FACE_OUTER_BOUND ( 'NONE', #1558, .T. ) ;
#2511 = AXIS2_PLACEMENT_3D ( 'NONE', #1, #1374, #1349 ) ;
#2512 = DIRECTION ( 'NONE',  ( 0.000000000000000000, 0.000000000000000000, -1.000000000000000000 ) ) ;
#2513 = EDGE_CURVE ( 'NONE', #1045, #4138, #1519, .T. ) ;
#2514 = ORIENTED_EDGE ( 'NONE', *, *, #4478, .T. ) ;
#2515 = VECTOR ( 'NONE', #3812, 39.37007874015748143 ) ;
#2516 = FACE_BOUND ( 'NONE', #3289, .T. ) ;
#2517 = ORIENTED_EDGE ( 'NONE', *, *, #2507, .F. ) ;
#2518 = CARTESIAN_POINT ( 'NONE',  ( 4.428840088369079275, 0.07896441934635377302, 0.1371062569264826225 ) ) ;
#2519 = AXIS2_PLACEMENT_3D ( 'NONE', #452, #4222, #3255 ) ;
#2520 = ADVANCED_FACE ( 'NONE', ( #1099 ), #691, .F. ) ;
#2521 = DIRECTION ( 'NONE',  ( 1.000000000000000000, 0.000000000000000000, 3.849842155671160751E-17 ) ) ;
#2522 = ADVANCED_FACE ( 'NONE', ( #3636 ), #717, .F. ) ;
#2523 = ORIENTED_EDGE ( 'NONE', *, *, #4239, .F. ) ;
#2524 = DIRECTION ( 'NONE',  ( 1.000000000000000000, 0.000000000000000000, -6.159747449073876923E-16 ) ) ;
#2525 = DIRECTION ( 'NONE',  ( -0.000000000000000000, 1.000000000000000000, -0.000000000000000000 ) ) ;
#2526 = CIRCLE ( 'NONE', #1577, 0.1549999999999966960 ) ;
#2527 = AXIS2_PLACEMENT_3D ( 'NONE', #906, #1351, #1411 ) ;
#2528 = CARTESIAN_POINT ( 'NONE',  ( 13.84588584993493932, 0.000000000000000000, 0.000000000000000000 ) ) ;
#2529 = VERTEX_POINT ( 'NONE', #3103 ) ;
#2530 = AXIS2_PLACEMENT_3D ( 'NONE', #3978, #4868, #207 ) ;
#2531 = VECTOR ( 'NONE', #3133, 39.37007874015748143 ) ;
#2532 = AXIS2_PLACEMENT_3D ( 'NONE', #2304, #4042, #3096 ) ;
#2533 = DIRECTION ( 'NONE',  ( -0.2554721318853785950, 0.000000000000000000, 0.9668164199215586452 ) ) ;
#2534 = VERTEX_POINT ( 'NONE', #4784 ) ;
#2535 = CARTESIAN_POINT ( 'NONE',  ( 15.69584008836908318, 0.1100000000000000006, 0.01210625692648258263 ) ) ;
#2536 = CARTESIAN_POINT ( 'NONE',  ( 12.23584008836907877, 0.3125000000000000000, 0.05210625692648205437 ) ) ;
#2537 = AXIS2_PLACEMENT_3D ( 'NONE', #3326, #1679, #3814 ) ;
#2538 = CARTESIAN_POINT ( 'NONE',  ( 16.73260502127741844, 0.3750000000000000555, 1.260695215269646230 ) ) ;
#2539 = CIRCLE ( 'NONE', #169, 0.5400000000000002576 ) ;
#2540 = LINE ( 'NONE', #2966, #502 ) ;
#2541 = AXIS2_PLACEMENT_3D ( 'NONE', #1742, #803, #2996 ) ;
#2542 = VERTEX_POINT ( 'NONE', #1019 ) ;
#2543 = DIRECTION ( 'NONE',  ( 0.000000000000000000, 0.000000000000000000, 1.000000000000000000 ) ) ;
#2544 = CARTESIAN_POINT ( 'NONE',  ( 11.34884008836908542, 0.1100000000000000006, 1.342106256926482777 ) ) ;
#2545 = AXIS2_PLACEMENT_3D ( 'NONE', #5044, #2075, #1277 ) ;
#2546 = CARTESIAN_POINT ( 'NONE',  ( 5.309840088369080391, 0.3125000000000000000, 0.6771062569264825193 ) ) ;
#2547 = ORIENTED_EDGE ( 'NONE', *, *, #4067, .F. ) ;
#2548 = LINE ( 'NONE', #3393, #3329 ) ;
#2549 = ORIENTED_EDGE ( 'NONE', *, *, #3718, .T. ) ;
#2550 = LINE ( 'NONE', #2518, #1927 ) ;
#2551 = ADVANCED_FACE ( 'NONE', ( #2693 ), #4379, .F. ) ;
#2552 = EDGE_CURVE ( 'NONE', #1538, #1905, #2849, .T. ) ;
#2553 = DIRECTION ( 'NONE',  ( 0.000000000000000000, -0.9396926207859092051, -0.3420201433256662704 ) ) ;
#2554 = VECTOR ( 'NONE', #4173, 39.37007874015748143 ) ;
#2555 = ORIENTED_EDGE ( 'NONE', *, *, #927, .T. ) ;
#2556 = DIRECTION ( 'NONE',  ( -0.000000000000000000, 1.000000000000000000, -0.000000000000000000 ) ) ;
#2557 = DIRECTION ( 'NONE',  ( 0.000000000000000000, 1.000000000000000000, 0.000000000000000000 ) ) ;
#2558 = CARTESIAN_POINT ( 'NONE',  ( 11.34884008836908365, 0.1100000000000000006, 1.342106256926482777 ) ) ;
#2559 = ORIENTED_EDGE ( 'NONE', *, *, #5104, .T. ) ;
#2560 = EDGE_CURVE ( 'NONE', #5128, #4921, #942, .T. ) ;
#2561 = CARTESIAN_POINT ( 'NONE',  ( 6.786850511300405842, 0.000000000000000000, 0.4499999999999994560 ) ) ;
#2562 = ORIENTED_EDGE ( 'NONE', *, *, #666, .T. ) ;
#2563 = FACE_OUTER_BOUND ( 'NONE', #191, .T. ) ;
#2564 = DIRECTION ( 'NONE',  ( 0.000000000000000000, -1.000000000000000000, 0.000000000000000000 ) ) ;
#2565 = CARTESIAN_POINT ( 'NONE',  ( 15.69584008836907962, 0.3124999999999979461, 1.302106256926482519 ) ) ;
#2566 = ADVANCED_FACE ( 'NONE', ( #1215 ), #4, .T. ) ;
#2567 = CYLINDRICAL_SURFACE ( 'NONE', #2099, 0.2799999999999990830 ) ;
#2568 = CARTESIAN_POINT ( 'NONE',  ( 11.34884008836908542, 0.1100000000000000006, -0.08789374307351774385 ) ) ;
#2569 = CARTESIAN_POINT ( 'NONE',  ( 12.22984008836908032, 0.3125000000000000000, 0.6771062569264825193 ) ) ;
#2570 = FACE_OUTER_BOUND ( 'NONE', #905, .T. ) ;
#2571 = CARTESIAN_POINT ( 'NONE',  ( 8.775840088369079695, 0.07896441934635377302, 0.6771062569264827413 ) ) ;
#2572 = ORIENTED_EDGE ( 'NONE', *, *, #1651, .T. ) ;
#2573 = CARTESIAN_POINT ( 'NONE',  ( 1.855840088369080432, 0.3124999999999979461, 0.6771062569264827413 ) ) ;
#2574 = VERTEX_POINT ( 'NONE', #3738 ) ;
#2575 = DIRECTION ( 'NONE',  ( -0.000000000000000000, -1.000000000000000000, -0.000000000000000000 ) ) ;
#2576 = DIRECTION ( 'NONE',  ( 0.000000000000000000, 0.000000000000000000, -1.000000000000000000 ) ) ;
#2577 = ORIENTED_EDGE ( 'NONE', *, *, #4478, .F. ) ;
#2578 = EDGE_CURVE ( 'NONE', #1890, #1853, #1683, .T. ) ;
#2579 = DIRECTION ( 'NONE',  ( -0.000000000000000000, -1.000000000000000000, -0.000000000000000000 ) ) ;
#2580 = ADVANCED_FACE ( 'NONE', ( #4073 ), #1978, .F. ) ;
#2581 = LENGTH_MEASURE_WITH_UNIT ( LENGTH_MEASURE( 0.02539999999999999897 ), #2220 );
#2582 = CARTESIAN_POINT ( 'NONE',  ( 16.73260502127741844, 0.000000000000000000, 1.260695215269646230 ) ) ;
#2583 = ORIENTED_EDGE ( 'NONE', *, *, #3518, .T. ) ;
#2584 = CARTESIAN_POINT ( 'NONE',  ( 0.9688400883690780896, 0.1100000000000000006, 0.01210625692648254967 ) ) ;
#2585 = ORIENTED_EDGE ( 'NONE', *, *, #5008, .T. ) ;
#2586 = DIRECTION ( 'NONE',  ( 0.000000000000000000, 0.000000000000000000, 1.000000000000000000 ) ) ;
#2587 = CARTESIAN_POINT ( 'NONE',  ( 0.9748400883690804264, 0.3750000000000000555, 0.6771062569264827413 ) ) ;
#2588 = ORIENTED_EDGE ( 'NONE', *, *, #4056, .F. ) ;
#2589 = FACE_OUTER_BOUND ( 'NONE', #4227, .T. ) ;
#2590 = EDGE_CURVE ( 'NONE', #1746, #4277, #4720, .T. ) ;
#2591 = CARTESIAN_POINT ( 'NONE',  ( 14.80884008836908450, 0.1100000000000000006, 0.6771062569264825193 ) ) ;
#2592 = EDGE_CURVE ( 'NONE', #4352, #1792, #1206, .T. ) ;
#2593 = CARTESIAN_POINT ( 'NONE',  ( 15.69584008836908318, 0.1100000000000000006, 0.6771062569264825193 ) ) ;
#2594 = LINE ( 'NONE', #3306, #4365 ) ;
#2595 = PLANE ( 'NONE',  #3569 ) ;
#2596 = ORIENTED_EDGE ( 'NONE', *, *, #1167, .T. ) ;
#2597 = CARTESIAN_POINT ( 'NONE',  ( 7.888840088369080128, 0.3124999999999979461, 0.05210625692648283847 ) ) ;
#2598 = VERTEX_POINT ( 'NONE', #5009 ) ;
#2599 = VECTOR ( 'NONE', #3548, 39.37007874015748143 ) ;
#2600 = CARTESIAN_POINT ( 'NONE',  ( 9.782508224398357655, 0.3750000000000000555, -0.1318039101121819268 ) ) ;
#2601 = DIRECTION ( 'NONE',  ( 0.000000000000000000, 0.000000000000000000, 1.000000000000000000 ) ) ;
#2602 = AXIS2_PLACEMENT_3D ( 'NONE', #1489, #4800, #3984 ) ;
#2603 = VERTEX_POINT ( 'NONE', #2926 ) ;
#2604 = CARTESIAN_POINT ( 'NONE',  ( 7.894840088369080355, 0.3750000000000000555, -0.07489374307351720494 ) ) ;
#2605 = LINE ( 'NONE', #3005, #340 ) ;
#2606 = FACE_BOUND ( 'NONE', #3287, .T. ) ;
#2607 = ORIENTED_EDGE ( 'NONE', *, *, #2192, .F. ) ;
#2608 = VECTOR ( 'NONE', #3185, 39.37007874015748143 ) ;
#2609 = CARTESIAN_POINT ( 'NONE',  ( 14.80884008836907917, 0.3124999999999979461, 0.05210625692648283847 ) ) ;
#2610 = VECTOR ( 'NONE', #3878, 39.37007874015748143 ) ;
#2611 = ORIENTED_EDGE ( 'NONE', *, *, #557, .F. ) ;
#2612 = FACE_OUTER_BOUND ( 'NONE', #2191, .T. ) ;
#2613 = DIRECTION ( 'NONE',  ( 0.000000000000000000, 0.000000000000000000, 1.000000000000000000 ) ) ;
#2614 = ORIENTED_EDGE ( 'NONE', *, *, #3862, .T. ) ;
#2615 = VECTOR ( 'NONE', #2314, 39.37007874015748854 ) ;
#2616 = CIRCLE ( 'NONE', #945, 0.4000000000000000222 ) ;
#2617 = EDGE_CURVE ( 'NONE', #3906, #633, #4596, .T. ) ;
#2618 = DIRECTION ( 'NONE',  ( -0.000000000000000000, -1.000000000000000000, -0.000000000000000000 ) ) ;
#2619 = CIRCLE ( 'NONE', #856, 0.7650000000000010125 ) ;
#2620 = CARTESIAN_POINT ( 'NONE',  ( 7.894840088369080355, 0.3125000000000000000, 1.429106256926482521 ) ) ;
#2621 = CARTESIAN_POINT ( 'NONE',  ( 11.34884008836908365, 0.000000000000000000, 1.442106256926483754 ) ) ;
#2622 = STYLED_ITEM ( 'NONE', ( #957 ), #3190 ) ;
#2623 = CARTESIAN_POINT ( 'NONE',  ( -0.2500000000000000555, 0.3750000000000000555, -0.3049999999999999933 ) ) ;
#2624 = EDGE_CURVE ( 'NONE', #918, #3279, #677, .T. ) ;
#2625 = CIRCLE ( 'NONE', #3054, 0.2800000000000000266 ) ;
#2626 = CARTESIAN_POINT ( 'NONE',  ( 4.434840088369079503, 0.3750000000000000555, 1.429106256926482521 ) ) ;
#2627 = FACE_BOUND ( 'NONE', #1308, .T. ) ;
#2628 = CIRCLE ( 'NONE', #3244, 0.2500000000000000555 ) ;
#2629 = ORIENTED_EDGE ( 'NONE', *, *, #4963, .T. ) ;
#2630 = CARTESIAN_POINT ( 'NONE',  ( 2.688000000000000611, 0.000000000000000000, -0.1550000000000000266 ) ) ;
#2631 = CARTESIAN_POINT ( 'NONE',  ( 7.894840088369080355, 0.3125000000000000000, 0.6771062569264827413 ) ) ;
#2632 = ADVANCED_FACE ( 'NONE', ( #4617 ), #797, .F. ) ;
#2633 = EDGE_LOOP ( 'NONE', ( #2195, #4683, #409, #3802 ) ) ;
#2634 = LINE ( 'NONE', #859, #1727 ) ;
#2635 = DIRECTION ( 'NONE',  ( 0.000000000000000000, 0.000000000000000000, 1.000000000000000000 ) ) ;
#2636 = CARTESIAN_POINT ( 'NONE',  ( 13.49688369930709086, 0.3750000000000000555, 1.351670632534839989 ) ) ;
#2637 = ORIENTED_EDGE ( 'NONE', *, *, #4938, .T. ) ;
#2638 = CARTESIAN_POINT ( 'NONE',  ( 7.888840088369080128, 0.3124999999999979461, 1.302106256926482519 ) ) ;
#2639 = ORIENTED_EDGE ( 'NONE', *, *, #367, .F. ) ;
#2640 = DIRECTION ( 'NONE',  ( -0.000000000000000000, -1.000000000000000000, -0.000000000000000000 ) ) ;
#2641 = CARTESIAN_POINT ( 'NONE',  ( 7.425474621455776969, 0.3750000000000000555, 1.601670632534839989 ) ) ;
#2642 = ORIENTED_EDGE ( 'NONE', *, *, #4624, .F. ) ;
#2643 = DIRECTION ( 'NONE',  ( 1.000000000000000000, 0.000000000000000000, 0.000000000000000000 ) ) ;
#2644 = DIRECTION ( 'NONE',  ( -0.000000000000000000, -1.000000000000000000, -0.000000000000000000 ) ) ;
#2645 = EDGE_LOOP ( 'NONE', ( #466, #2734, #4740, #2157 ) ) ;
#2646 = FACE_OUTER_BOUND ( 'NONE', #2778, .T. ) ;
#2647 = ADVANCED_FACE ( 'NONE', ( #3273, #3773 ), #3355, .T. ) ;
#2648 = EDGE_CURVE ( 'NONE', #2017, #3675, #3247, .T. ) ;
#2649 = DIRECTION ( 'NONE',  ( 0.000000000000000000, -0.000000000000000000, 1.000000000000000000 ) ) ;
#2650 = CARTESIAN_POINT ( 'NONE',  ( 14.80884008836907917, 0.3124999999999979461, 1.302106256926482519 ) ) ;
#2651 = ADVANCED_FACE ( 'NONE', ( #3297 ), #4574, .T. ) ;
#2652 = DIRECTION ( 'NONE',  ( -0.000000000000000000, -1.000000000000000000, -0.000000000000000000 ) ) ;
#2653 = EDGE_LOOP ( 'NONE', ( #578, #1269, #138, #1630 ) ) ;
#2654 = CARTESIAN_POINT ( 'NONE',  ( 12.23584008836908232, 0.000000000000000000, 1.442106256926482422 ) ) ;
#2655 = ORIENTED_EDGE ( 'NONE', *, *, #4329, .F. ) ;
#2656 = LINE ( 'NONE', #4393, #5341 ) ;
#2657 = FACE_BOUND ( 'NONE', #4144, .T. ) ;
#2658 = ORIENTED_EDGE ( 'NONE', *, *, #4262, .T. ) ;
#2659 = FACE_OUTER_BOUND ( 'NONE', #285, .T. ) ;
#2660 = VERTEX_POINT ( 'NONE', #4157 ) ;
#2661 = DIRECTION ( 'NONE',  ( 0.000000000000000000, 0.000000000000000000, 1.000000000000000000 ) ) ;
#2662 = CYLINDRICAL_SURFACE ( 'NONE', #342, 0.1549999999999997213 ) ;
#2663 = ORIENTED_EDGE ( 'NONE', *, *, #3754, .F. ) ;
#2664 = ORIENTED_EDGE ( 'NONE', *, *, #2116, .T. ) ;
#2665 = DIRECTION ( 'NONE',  ( 0.000000000000000000, -0.9396926207859092051, 0.3420201433256662149 ) ) ;
#2666 = CARTESIAN_POINT ( 'NONE',  ( 5.315840088369081506, 0.1100000000000000006, 1.442106256926482644 ) ) ;
#2667 = CARTESIAN_POINT ( 'NONE',  ( 7.925474621455776969, 0.000000000000000000, 1.871357056455910772 ) ) ;
#2668 = ADVANCED_FACE ( 'NONE', ( #4516 ), #768, .F. ) ;
#2669 = DIRECTION ( 'NONE',  ( 0.000000000000000000, 0.000000000000000000, -1.000000000000000000 ) ) ;
#2670 = FACE_BOUND ( 'NONE', #2742, .T. ) ;
#2671 = ORIENTED_EDGE ( 'NONE', *, *, #1986, .F. ) ;
#2672 = EDGE_CURVE ( 'NONE', #1031, #2813, #4132, .T. ) ;
#2673 = DIRECTION ( 'NONE',  ( -0.000000000000000000, -1.000000000000000000, -0.000000000000000000 ) ) ;
#2674 = VERTEX_POINT ( 'NONE', #4098 ) ;
#2675 = DIRECTION ( 'NONE',  ( 0.000000000000000000, 0.000000000000000000, 1.000000000000000000 ) ) ;
#2676 = ORIENTED_EDGE ( 'NONE', *, *, #2789, .F. ) ;
#2677 = FACE_BOUND ( 'NONE', #4633, .T. ) ;
#2678 = ORIENTED_EDGE ( 'NONE', *, *, #2451, .T. ) ;
#2679 = ADVANCED_FACE ( 'NONE', ( #1602, #2563 ), #470, .F. ) ;
#2680 = ADVANCED_FACE ( 'NONE', ( #2145 ), #2225, .F. ) ;
#2681 = EDGE_LOOP ( 'NONE', ( #883, #1115, #92, #2831 ) ) ;
#2682 = LINE ( 'NONE', #5272, #1548 ) ;
#2683 = ORIENTED_EDGE ( 'NONE', *, *, #5436, .T. ) ;
#2684 = CARTESIAN_POINT ( 'NONE',  ( 16.55839635538719889, 0.3750000000000000555, 0.2789769959346505845 ) ) ;
#2685 = CARTESIAN_POINT ( 'NONE',  ( 11.34884008836908365, 0.1100000000000000006, 0.6771062569264825193 ) ) ;
#2686 = ORIENTED_EDGE ( 'NONE', *, *, #2107, .T. ) ;
#2687 = CIRCLE ( 'NONE', #1381, 0.7650000000000010125 ) ;
#2688 = CIRCLE ( 'NONE', #3034, 0.2749999999999999112 ) ;
#2689 = ORIENTED_EDGE ( 'NONE', *, *, #1641, .T. ) ;
#2690 = CARTESIAN_POINT ( 'NONE',  ( 16.95994354365215528, 0.000000000000000000, 1.156689464253305433 ) ) ;
#2691 = AXIS2_PLACEMENT_3D ( 'NONE', #475, #2127, #911 ) ;
#2692 = ORIENTED_EDGE ( 'NONE', *, *, #2846, .F. ) ;
#2693 = FACE_OUTER_BOUND ( 'NONE', #303, .T. ) ;
#2694 = DIRECTION ( 'NONE',  ( -0.000000000000000000, -1.000000000000000000, -0.000000000000000000 ) ) ;
#2695 = VECTOR ( 'NONE', #4619, 39.37007874015748143 ) ;
#2696 = VECTOR ( 'NONE', #5255, 39.37007874015748143 ) ;
#2697 = AXIS2_PLACEMENT_3D ( 'NONE', #4333, #563, #2238 ) ;
#2698 = AXIS2_PLACEMENT_3D ( 'NONE', #2771, #282, #1545 ) ;
#2699 = LINE ( 'NONE', #343, #755 ) ;
#2700 = ORIENTED_EDGE ( 'NONE', *, *, #2243, .F. ) ;
#2701 = CARTESIAN_POINT ( 'NONE',  ( 11.35484008836908032, 0.3750000000000000555, -0.07489374307351720494 ) ) ;
#2702 = ORIENTED_EDGE ( 'NONE', *, *, #4706, .F. ) ;
#2703 = AXIS2_PLACEMENT_3D ( 'NONE', #2685, #1352, #167 ) ;
#2704 = EDGE_CURVE ( 'NONE', #3170, #918, #3011, .T. ) ;
#2705 = VECTOR ( 'NONE', #1884, 39.37007874015748143 ) ;
#2706 = CARTESIAN_POINT ( 'NONE',  ( 7.894840088369080355, 0.3125000000000000000, 1.429106256926482521 ) ) ;
#2707 = ORIENTED_EDGE ( 'NONE', *, *, #2487, .T. ) ;
#2708 = AXIS2_PLACEMENT_3D ( 'NONE', #708, #4825, #4873 ) ;
#2709 = AXIS2_PLACEMENT_3D ( 'NONE', #1304, #5420, #424 ) ;
#2710 =( NAMED_UNIT ( * ) SI_UNIT ( $, .STERADIAN. ) SOLID_ANGLE_UNIT ( ) );
#2711 = EDGE_CURVE ( 'NONE', #784, #4700, #4197, .T. ) ;
#2712 = CARTESIAN_POINT ( 'NONE',  ( 2.688000000000000611, 0.000000000000000000, 0.000000000000000000 ) ) ;
#2713 = ORIENTED_EDGE ( 'NONE', *, *, #697, .T. ) ;
#2714 = AXIS2_PLACEMENT_3D ( 'NONE', #3250, #1604, #5365 ) ;
#2715 = DIRECTION ( 'NONE',  ( 0.000000000000000000, -0.000000000000000000, 1.000000000000000000 ) ) ;
#2716 = FACE_OUTER_BOUND ( 'NONE', #1424, .T. ) ;
#2717 = EDGE_CURVE ( 'NONE', #3466, #1861, #242, .T. ) ;
#2718 = CARTESIAN_POINT ( 'NONE',  ( 15.69584008836908318, 0.3750000000000000555, 0.1371062569264825115 ) ) ;
#2719 = VERTEX_POINT ( 'NONE', #884 ) ;
#2720 = ORIENTED_EDGE ( 'NONE', *, *, #2560, .F. ) ;
#2721 = DIRECTION ( 'NONE',  ( -0.000000000000000000, -1.000000000000000000, -0.000000000000000000 ) ) ;
#2722 = EDGE_LOOP ( 'NONE', ( #3263, #2251, #1696, #2318 ) ) ;
#2723 = CARTESIAN_POINT ( 'NONE',  ( 7.498871561196371438, 0.000000000000000000, 1.675932798833090098 ) ) ;
#2724 = DIRECTION ( 'NONE',  ( -1.000000000000000000, 0.000000000000000000, 0.000000000000000000 ) ) ;
#2725 = CARTESIAN_POINT ( 'NONE',  ( 13.49688369930709086, 0.000000000000000000, 1.351670632534839989 ) ) ;
#2726 = CARTESIAN_POINT ( 'NONE',  ( 12.22984008836908032, 0.3750000000000000555, 0.6771062569264825193 ) ) ;
#2727 = ORIENTED_EDGE ( 'NONE', *, *, #3479, .F. ) ;
#2728 = CARTESIAN_POINT ( 'NONE',  ( 8.775840088369081471, 0.1100000000000000006, 1.342106256926482777 ) ) ;
#2729 = DIRECTION ( 'NONE',  ( 0.000000000000000000, 0.000000000000000000, 1.000000000000000000 ) ) ;
#2730 = ORIENTED_EDGE ( 'NONE', *, *, #2415, .F. ) ;
#2731 = DIRECTION ( 'NONE',  ( -0.000000000000000000, -1.000000000000000000, -0.000000000000000000 ) ) ;
#2732 = VERTEX_POINT ( 'NONE', #4676 ) ;
#2733 = DIRECTION ( 'NONE',  ( 1.000000000000000000, 0.000000000000000000, 0.000000000000000000 ) ) ;
#2734 = ORIENTED_EDGE ( 'NONE', *, *, #1369, .T. ) ;
#2735 = EDGE_CURVE ( 'NONE', #4564, #302, #1810, .T. ) ;
#2736 = ADVANCED_FACE ( 'NONE', ( #5087 ), #930, .T. ) ;
#2737 = ORIENTED_EDGE ( 'NONE', *, *, #1948, .F. ) ;
#2738 = DIRECTION ( 'NONE',  ( 0.000000000000000000, 0.000000000000000000, 1.000000000000000000 ) ) ;
#2739 = DIRECTION ( 'NONE',  ( 0.000000000000000000, -1.000000000000000000, 0.000000000000000000 ) ) ;
#2740 = CARTESIAN_POINT ( 'NONE',  ( 7.888840088369082792, 0.000000000000000000, 0.6771062569264825193 ) ) ;
#2741 = ORIENTED_EDGE ( 'NONE', *, *, #4979, .T. ) ;
#2742 = EDGE_LOOP ( 'NONE', ( #787, #543, #1098, #1057 ) ) ;
#2743 = EDGE_CURVE ( 'NONE', #3198, #4476, #2262, .T. ) ;
#2744 = LINE ( 'NONE', #174, #4959 ) ;
#2745 = ORIENTED_EDGE ( 'NONE', *, *, #4862, .T. ) ;
#2746 = DIRECTION ( 'NONE',  ( 0.000000000000000000, 0.000000000000000000, 1.000000000000000000 ) ) ;
#2747 = DIRECTION ( 'NONE',  ( 0.000000000000000000, 0.000000000000000000, -1.000000000000000000 ) ) ;
#2748 = DIRECTION ( 'NONE',  ( 0.000000000000000000, 1.000000000000000000, 0.000000000000000000 ) ) ;
#2749 = EDGE_CURVE ( 'NONE', #5409, #534, #4238, .T. ) ;
#2750 = EDGE_CURVE ( 'NONE', #5231, #70, #5115, .T. ) ;
#2751 = LINE ( 'NONE', #1857, #2252 ) ;
#2752 = EDGE_LOOP ( 'NONE', ( #103, #2663, #1670, #4986 ) ) ;
#2753 = CARTESIAN_POINT ( 'NONE',  ( 16.73260502127741844, 0.3750000000000000555, 1.260695215269646230 ) ) ;
#2754 = ORIENTED_EDGE ( 'NONE', *, *, #806, .F. ) ;
#2755 = CARTESIAN_POINT ( 'NONE',  ( 0.9688400883690815313, 0.07896441934635377302, 1.217106256926482777 ) ) ;
#2756 = ORIENTED_EDGE ( 'NONE', *, *, #1141, .F. ) ;
#2757 = DIRECTION ( 'NONE',  ( 1.539936862268469428E-15, -0.000000000000000000, 1.000000000000000000 ) ) ;
#2758 = CARTESIAN_POINT ( 'NONE',  ( 15.69584008836907962, 0.3124999999999979461, 0.05210625692648280377 ) ) ;
#2759 = EDGE_LOOP ( 'NONE', ( #3511, #5252, #3014, #5163 ) ) ;
#2760 = DIRECTION ( 'NONE',  ( -0.000000000000000000, -1.000000000000000000, -0.000000000000000000 ) ) ;
#2761 = CARTESIAN_POINT ( 'NONE',  ( 0.9688400883690804211, 0.1100000000000000006, 0.6771062569264827413 ) ) ;
#2762 = CARTESIAN_POINT ( 'NONE',  ( 0.9688400883690804211, 0.1100000000000000006, 0.6771062569264827413 ) ) ;
#2763 = EDGE_CURVE ( 'NONE', #5425, #3721, #1729, .T. ) ;
#2764 = ORIENTED_EDGE ( 'NONE', *, *, #3426, .F. ) ;
#2765 = CIRCLE ( 'NONE', #3207, 0.7519999999999997797 ) ;
#2766 = ORIENTED_EDGE ( 'NONE', *, *, #5038, .T. ) ;
#2767 = DIRECTION ( 'NONE',  ( -0.000000000000000000, -1.000000000000000000, -0.000000000000000000 ) ) ;
#2768 = EDGE_LOOP ( 'NONE', ( #2658, #2547, #5384, #953 ) ) ;
#2769 = CARTESIAN_POINT ( 'NONE',  ( 8.352077681715181612, 0.000000000000000000, 1.675932798833090320 ) ) ;
#2770 = CIRCLE ( 'NONE', #2339, 0.1549999999999978340 ) ;
#2771 = CARTESIAN_POINT ( 'NONE',  ( 14.80884008836907917, 0.07896441934635377302, 0.6771062569264827413 ) ) ;
#2772 = LINE ( 'NONE', #4894, #4654 ) ;
#2773 = EDGE_CURVE ( 'NONE', #3152, #5052, #3378, .T. ) ;
#2774 = CIRCLE ( 'NONE', #3746, 0.7519999999999998908 ) ;
#2775 = CARTESIAN_POINT ( 'NONE',  ( 12.22984008836908032, 0.3125000000000000000, -0.07489374307351720494 ) ) ;
#2776 = ORIENTED_EDGE ( 'NONE', *, *, #172, .T. ) ;
#2777 = PLANE ( 'NONE',  #4797 ) ;
#2778 = EDGE_LOOP ( 'NONE', ( #1991, #5281, #3246, #5218 ) ) ;
#2779 = ADVANCED_FACE ( 'NONE', ( #2612 ), #4653, .F. ) ;
#2780 = CIRCLE ( 'NONE', #422, 0.4000000000000000222 ) ;
#2781 = VECTOR ( 'NONE', #4176, 39.37007874015748143 ) ;
#2782 = LINE ( 'NONE', #2297, #4889 ) ;
#2783 = VERTEX_POINT ( 'NONE', #2535 ) ;
#2784 = CARTESIAN_POINT ( 'NONE',  ( 13.49688369930709086, 0.3750000000000000555, 1.351670632534839989 ) ) ;
#2785 = VECTOR ( 'NONE', #4803, 39.37007874015748143 ) ;
#2786 = VECTOR ( 'NONE', #5292, 39.37007874015748143 ) ;
#2787 = CARTESIAN_POINT ( 'NONE',  ( -0.7538197544642850634, 0.000000000000000000, 1.601670632534839989 ) ) ;
#2788 = ORIENTED_EDGE ( 'NONE', *, *, #1266, .T. ) ;
#2789 = EDGE_CURVE ( 'NONE', #3731, #4548, #1390, .T. ) ;
#2790 = AXIS2_PLACEMENT_3D ( 'NONE', #5109, #2241, #566 ) ;
#2791 = AXIS2_PLACEMENT_3D ( 'NONE', #2573, #3866, #5124 ) ;
#2792 = CARTESIAN_POINT ( 'NONE',  ( 4.428840088369081940, 0.1100000000000000006, -0.08789374307351774385 ) ) ;
#2793 = CYLINDRICAL_SURFACE ( 'NONE', #2266, 0.7519999999999998908 ) ;
#2794 = CARTESIAN_POINT ( 'NONE',  ( 0.9688400883690775345, 0.1100000000000000006, -0.08789374307351748017 ) ) ;
#2795 = ORIENTED_EDGE ( 'NONE', *, *, #1539, .F. ) ;
#2796 = VECTOR ( 'NONE', #2050, 39.37007874015748143 ) ;
#2797 = ORIENTED_EDGE ( 'NONE', *, *, #2458, .F. ) ;
#2798 = DIRECTION ( 'NONE',  ( 0.000000000000000000, 1.000000000000000000, 0.000000000000000000 ) ) ;
#2799 = DIRECTION ( 'NONE',  ( 0.000000000000000000, 1.000000000000000000, 0.000000000000000000 ) ) ;
#2800 = ORIENTED_EDGE ( 'NONE', *, *, #4514, .F. ) ;
#2801 = FACE_OUTER_BOUND ( 'NONE', #3640, .T. ) ;
#2802 = CYLINDRICAL_SURFACE ( 'NONE', #4799, 0.1549999999999999989 ) ;
#2803 = LINE ( 'NONE', #2852, #3774 ) ;
#2804 = VECTOR ( 'NONE', #4206, 39.37007874015748143 ) ;
#2805 = EDGE_CURVE ( 'NONE', #716, #5128, #5155, .T. ) ;
#2806 = DIRECTION ( 'NONE',  ( 3.122111992759159443E-16, 0.000000000000000000, 1.000000000000000000 ) ) ;
#2807 = ADVANCED_FACE ( 'NONE', ( #5137 ), #3797, .F. ) ;
#2808 = ORIENTED_EDGE ( 'NONE', *, *, #3603, .F. ) ;
#2809 = LINE ( 'NONE', #4434, #1900 ) ;
#2810 = EDGE_LOOP ( 'NONE', ( #310, #2822, #1700, #3283 ) ) ;
#2811 = LINE ( 'NONE', #1111, #4287 ) ;
#2812 = EDGE_CURVE ( 'NONE', #1328, #4933, #4292, .T. ) ;
#2813 = VERTEX_POINT ( 'NONE', #3606 ) ;
#2814 = DIRECTION ( 'NONE',  ( 0.000000000000000000, 1.000000000000000000, 0.000000000000000000 ) ) ;
#2815 = ORIENTED_EDGE ( 'NONE', *, *, #2390, .F. ) ;
#2816 = DIRECTION ( 'NONE',  ( 0.000000000000000000, 0.000000000000000000, -1.000000000000000000 ) ) ;
#2817 = ORIENTED_EDGE ( 'NONE', *, *, #2308, .F. ) ;
#2818 = ADVANCED_FACE ( 'NONE', ( #1888 ), #2282, .F. ) ;
#2819 = DIRECTION ( 'NONE',  ( 0.000000000000000000, 0.000000000000000000, 1.000000000000000000 ) ) ;
#2820 = FACE_OUTER_BOUND ( 'NONE', #3815, .T. ) ;
#2821 = DIRECTION ( 'NONE',  ( 0.000000000000000000, 1.000000000000000000, 0.000000000000000000 ) ) ;
#2822 = ORIENTED_EDGE ( 'NONE', *, *, #704, .F. ) ;
#2823 = CARTESIAN_POINT ( 'NONE',  ( 11.35484008836908032, 0.3125000000000000000, -0.07489374307351720494 ) ) ;
#2824 = VERTEX_POINT ( 'NONE', #2368 ) ;
#2825 = DIRECTION ( 'NONE',  ( -0.2554721318853785950, 0.000000000000000000, 0.9668164199215586452 ) ) ;
#2826 = DIRECTION ( 'NONE',  ( -0.000000000000000000, -1.000000000000000000, -0.000000000000000000 ) ) ;
#2827 = CARTESIAN_POINT ( 'NONE',  ( 4.428840088369081940, 0.000000000000000000, 0.1371062569264823172 ) ) ;
#2828 = DIRECTION ( 'NONE',  ( -0.000000000000000000, -1.000000000000000000, -0.000000000000000000 ) ) ;
#2829 = VERTEX_POINT ( 'NONE', #5273 ) ;
#2830 = CARTESIAN_POINT ( 'NONE',  ( 4.428840088369081940, 0.1100000000000000006, -0.08789374307351774385 ) ) ;
#2831 = ORIENTED_EDGE ( 'NONE', *, *, #1174, .F. ) ;
#2832 = ADVANCED_FACE ( 'NONE', ( #4777 ), #4421, .T. ) ;
#2833 = DIRECTION ( 'NONE',  ( 0.000000000000000000, 0.000000000000000000, -1.000000000000000000 ) ) ;
#2834 = ORIENTED_EDGE ( 'NONE', *, *, #4128, .T. ) ;
#2835 = CARTESIAN_POINT ( 'NONE',  ( 1.849840088369080204, 0.3125000000000000000, 0.6771062569264825193 ) ) ;
#2836 = ORIENTED_EDGE ( 'NONE', *, *, #1216, .F. ) ;
#2837 = CARTESIAN_POINT ( 'NONE',  ( 16.73260502127741844, 0.000000000000000000, 1.260695215269646230 ) ) ;
#2838 = ORIENTED_EDGE ( 'NONE', *, *, #2592, .F. ) ;
#2839 = EDGE_CURVE ( 'NONE', #3983, #1623, #1040, .T. ) ;
#2840 = DIMENSIONAL_EXPONENTS ( 1.000000000000000000, 0.000000000000000000, 0.000000000000000000, 0.000000000000000000, 0.000000000000000000, 0.000000000000000000, 0.000000000000000000 ) ;
#2841 = DIRECTION ( 'NONE',  ( 0.000000000000000000, 0.000000000000000000, -1.000000000000000000 ) ) ;
#2842 = LINE ( 'NONE', #3733, #4806 ) ;
#2843 = PRODUCT_RELATED_PRODUCT_CATEGORY ( 'part', '', ( #2442 ) ) ;
#2844 = DIRECTION ( 'NONE',  ( 0.000000000000000000, 1.000000000000000000, 0.000000000000000000 ) ) ;
#2845 = EDGE_LOOP ( 'NONE', ( #3961, #4373, #2838, #4915 ) ) ;
#2846 = EDGE_CURVE ( 'NONE', #5128, #1583, #652, .T. ) ;
#2847 = CARTESIAN_POINT ( 'NONE',  ( 13.49688369930709086, 0.000000000000000000, 1.601670632534839989 ) ) ;
#2848 = ORIENTED_EDGE ( 'NONE', *, *, #4424, .T. ) ;
#2849 = LINE ( 'NONE', #4182, #4885 ) ;
#2850 = CIRCLE ( 'NONE', #3563, 0.1549999999999999989 ) ;
#2851 = DIRECTION ( 'NONE',  ( 0.000000000000000000, 0.000000000000000000, -1.000000000000000000 ) ) ;
#2852 = CARTESIAN_POINT ( 'NONE',  ( 2.338000000000000522, 0.000000000000000000, -0.3049999999999999378 ) ) ;
#2853 = CIRCLE ( 'NONE', #846, 0.6249999999999998890 ) ;
#2854 = DIRECTION ( 'NONE',  ( -0.000000000000000000, -1.000000000000000000, -0.000000000000000000 ) ) ;
#2855 = AXIS2_PLACEMENT_3D ( 'NONE', #1522, #3974, #5226 ) ;
#2856 = EDGE_LOOP ( 'NONE', ( #2300, #5094, #4161, #3377 ) ) ;
#2857 = CARTESIAN_POINT ( 'NONE',  ( 2.323732460952719237, 0.000000000000000000, 0.09499999999999997335 ) ) ;
#2858 = EDGE_LOOP ( 'NONE', ( #4625, #2144, #3593, #2402 ) ) ;
#2859 = DIRECTION ( 'NONE',  ( -1.000000000000000000, 0.000000000000000000, 1.539936862268469231E-15 ) ) ;
#2860 = VECTOR ( 'NONE', #1873, 39.37007874015748143 ) ;
#2861 = ORIENTED_EDGE ( 'NONE', *, *, #2901, .F. ) ;
#2862 = CARTESIAN_POINT ( 'NONE',  ( 14.80884008836907917, 0.07896441934635377302, 0.1371062569264826225 ) ) ;
#2863 = VERTEX_POINT ( 'NONE', #1010 ) ;
#2864 = DIRECTION ( 'NONE',  ( -0.000000000000000000, -1.000000000000000000, -0.000000000000000000 ) ) ;
#2865 = VERTEX_POINT ( 'NONE', #2684 ) ;
#2866 = AXIS2_PLACEMENT_3D ( 'NONE', #3019, #4349, #178 ) ;
#2867 = VECTOR ( 'NONE', #3613, 39.37007874015748143 ) ;
#2868 = ORIENTED_EDGE ( 'NONE', *, *, #1586, .T. ) ;
#2870 = CARTESIAN_POINT ( 'NONE',  ( 11.34884008836908365, 0.000000000000000000, 0.6771062569264825193 ) ) ;
#2869 = AXIS2_PLACEMENT_3D ( 'NONE', #2503, #4184, #3775 ) ;
#2871 = VECTOR ( 'NONE', #3764, 39.37007874015748143 ) ;
#2872 = ADVANCED_FACE ( 'NONE', ( #1846 ), #3985, .F. ) ;
#2873 = DIRECTION ( 'NONE',  ( 1.000000000000000000, 0.000000000000000000, 3.849842155671173077E-17 ) ) ;
#2874 = CARTESIAN_POINT ( 'NONE',  ( 15.69584008836908318, 0.000000000000000000, 1.342106256926482333 ) ) ;
#2875 = EDGE_LOOP ( 'NONE', ( #96, #3272, #3069, #1488 ) ) ;
#2876 = AXIS2_PLACEMENT_3D ( 'NONE', #2110, #1673, #1995 ) ;
#2877 = VECTOR ( 'NONE', #4275, 39.37007874015748143 ) ;
#2878 = CYLINDRICAL_SURFACE ( 'NONE', #489, 0.7519999999999997797 ) ;
#2879 = EDGE_LOOP ( 'NONE', ( #292, #271, #3304, #620 ) ) ;
#2880 = ADVANCED_FACE ( 'NONE', ( #2716 ), #215, .F. ) ;
#2881 = DIRECTION ( 'NONE',  ( -1.000000000000000000, -0.000000000000000000, -2.064423126679161354E-18 ) ) ;
#2882 = VECTOR ( 'NONE', #4637, 39.37007874015748143 ) ;
#2883 = DIRECTION ( 'NONE',  ( 1.000000000000000000, 0.000000000000000000, 3.849842155671173077E-17 ) ) ;
#2884 = PRODUCT_CONTEXT ( 'NONE', #556, 'mechanical' ) ;
#2885 = DIRECTION ( 'NONE',  ( 0.000000000000000000, 0.000000000000000000, -1.000000000000000000 ) ) ;
#2886 = ORIENTED_EDGE ( 'NONE', *, *, #3531, .T. ) ;
#2887 = CYLINDRICAL_SURFACE ( 'NONE', #2519, 0.7650000000000010125 ) ;
#2888 = DIRECTION ( 'NONE',  ( 0.000000000000000000, 1.000000000000000000, 0.000000000000000000 ) ) ;
#2889 = ORIENTED_EDGE ( 'NONE', *, *, #3489, .T. ) ;
#2890 = CARTESIAN_POINT ( 'NONE',  ( 4.428840088369081940, 0.1100000000000000006, 1.442106256926483088 ) ) ;
#2891 = ORIENTED_EDGE ( 'NONE', *, *, #1134, .T. ) ;
#2892 = DIRECTION ( 'NONE',  ( 0.000000000000000000, 0.000000000000000000, 1.000000000000000000 ) ) ;
#2893 = ORIENTED_EDGE ( 'NONE', *, *, #1539, .T. ) ;
#2894 = FACE_OUTER_BOUND ( 'NONE', #1941, .T. ) ;
#2895 = PLANE ( 'NONE',  #4919 ) ;
#2896 = LINE ( 'NONE', #273, #754 ) ;
#2897 = DIRECTION ( 'NONE',  ( 0.000000000000000000, 1.000000000000000000, 0.000000000000000000 ) ) ;
#2898 = CARTESIAN_POINT ( 'NONE',  ( 15.69584008836908318, 0.1100000000000000006, 1.442106256926482644 ) ) ;
#2899 = EDGE_LOOP ( 'NONE', ( #5295, #655, #1723, #2257 ) ) ;
#2900 = ADVANCED_FACE ( 'NONE', ( #4341 ), #3962, .F. ) ;
#2901 = EDGE_CURVE ( 'NONE', #4395, #992, #5337, .T. ) ;
#2902 = CARTESIAN_POINT ( 'NONE',  ( 15.68984008836907940, 0.3125000000000000000, 1.429106256926482299 ) ) ;
#2903 = ORIENTED_EDGE ( 'NONE', *, *, #907, .F. ) ;
#2904 = CARTESIAN_POINT ( 'NONE',  ( 15.69584008836908318, 0.000000000000000000, 0.6771062569264825193 ) ) ;
#2905 = FACE_OUTER_BOUND ( 'NONE', #1571, .T. ) ;
#2906 = EDGE_CURVE ( 'NONE', #4832, #4052, #1867, .T. ) ;
#2907 = CARTESIAN_POINT ( 'NONE',  ( 14.81484008836908117, 0.3750000000000000555, 1.429106256926482521 ) ) ;
#2908 = ORIENTED_EDGE ( 'NONE', *, *, #4355, .T. ) ;
#2909 = CARTESIAN_POINT ( 'NONE',  ( 14.80884008836907917, 0.3124999999999979461, 1.302106256926482519 ) ) ;
#2910 = DIRECTION ( 'NONE',  ( 3.849842155671161367E-17, 0.000000000000000000, -1.000000000000000000 ) ) ;
#2911 = EDGE_CURVE ( 'NONE', #5378, #1045, #158, .T. ) ;
#2912 = EDGE_CURVE ( 'NONE', #3778, #1501, #4112, .T. ) ;
#2913 = CARTESIAN_POINT ( 'NONE',  ( 7.925474621455776969, 0.3750000000000000555, 1.716357056455910968 ) ) ;
#2914 = ORIENTED_EDGE ( 'NONE', *, *, #3972, .F. ) ;
#2915 = CARTESIAN_POINT ( 'NONE',  ( 5.315840088369081506, 0.1100000000000000006, 1.442106256926482644 ) ) ;
#2916 = ORIENTED_EDGE ( 'NONE', *, *, #1367, .F. ) ;
#2917 = CARTESIAN_POINT ( 'NONE',  ( 2.688000000000000611, 0.3750000000000000555, -0.2800000000000003042 ) ) ;
#2918 = DIRECTION ( 'NONE',  ( 0.000000000000000000, 0.000000000000000000, -1.000000000000000000 ) ) ;
#2919 = ORIENTED_EDGE ( 'NONE', *, *, #2124, .T. ) ;
#2920 = CARTESIAN_POINT ( 'NONE',  ( 11.34884008836908542, 0.000000000000000000, 0.01210625692648227558 ) ) ;
#2921 = DIRECTION ( 'NONE',  ( -0.7029513348070000056, 0.000000000000000000, 0.7112379495591170109 ) ) ;
#2922 = LINE ( 'NONE', #4648, #4897 ) ;
#2923 = ORIENTED_EDGE ( 'NONE', *, *, #5135, .T. ) ;
#2924 = FACE_OUTER_BOUND ( 'NONE', #3420, .T. ) ;
#2925 = ORIENTED_EDGE ( 'NONE', *, *, #2458, .T. ) ;
#2926 = CARTESIAN_POINT ( 'NONE',  ( 7.888840088369081016, 0.07896441934635377302, 1.217106256926482999 ) ) ;
#2927 = CARTESIAN_POINT ( 'NONE',  ( 9.082508224398356589, 0.000000000000000000, -0.3049999999999999378 ) ) ;
#2928 = DIRECTION ( 'NONE',  ( 0.000000000000000000, -1.000000000000000000, 0.000000000000000000 ) ) ;
#2929 = DIRECTION ( 'NONE',  ( 0.000000000000000000, 1.000000000000000000, 0.000000000000000000 ) ) ;
#2930 = CARTESIAN_POINT ( 'NONE',  ( 0.9688400883690804211, 0.3750000000000000555, 0.1371062569264826503 ) ) ;
#2931 = EDGE_LOOP ( 'NONE', ( #1665, #4994, #4965, #1805, #2254, #4165, #564, #3095, #4362, #5375, #4851, #5117, #1353, #4819, #2235, #385, #4541, #1124, #1872, #1151, #2975, #2836, #3460, #2438, #160, #3149, #2893, #4698, #1440, #801, #2848, #2919, #4340, #3679, #3808, #488, #1427, #1343, #4038 ) ) ;
#2932 = CYLINDRICAL_SURFACE ( 'NONE', #1816, 0.6650000000000001465 ) ;
#2933 = EDGE_CURVE ( 'NONE', #820, #2732, #682, .T. ) ;
#2934 = DIRECTION ( 'NONE',  ( -0.000000000000000000, -1.000000000000000000, -0.000000000000000000 ) ) ;
#2935 = AXIS2_PLACEMENT_3D ( 'NONE', #680, #3901, #985 ) ;
#2936 = DIRECTION ( 'NONE',  ( -0.000000000000000000, -1.000000000000000000, -0.000000000000000000 ) ) ;
#2937 = ORIENTED_EDGE ( 'NONE', *, *, #5392, .T. ) ;
#2938 = AXIS2_PLACEMENT_3D ( 'NONE', #519, #1697, #3348 ) ;
#2939 = ADVANCED_FACE ( 'NONE', ( #1490 ), #274, .T. ) ;
#2940 = CARTESIAN_POINT ( 'NONE',  ( 8.121065057584534230, 0.3750000000000000555, 1.909668673527836091 ) ) ;
#2941 = AXIS2_PLACEMENT_3D ( 'NONE', #1772, #2187, #2210 ) ;
#2942 = EDGE_LOOP ( 'NONE', ( #1240, #171, #3086, #4150 ) ) ;
#2943 = CARTESIAN_POINT ( 'NONE',  ( 7.888840088369079240, 0.07896441934635377302, 0.1371062569264826225 ) ) ;
#2944 = AXIS2_PLACEMENT_3D ( 'NONE', #4840, #286, #665 ) ;
#2945 = PLANE ( 'NONE',  #3252 ) ;
#2946 = VECTOR ( 'NONE', #952, 39.37007874015748143 ) ;
#2947 = ORIENTED_EDGE ( 'NONE', *, *, #5061, .F. ) ;
#2948 = DIRECTION ( 'NONE',  ( 0.000000000000000000, 0.000000000000000000, 1.000000000000000000 ) ) ;
#2949 = CARTESIAN_POINT ( 'NONE',  ( 1.849840088369080204, 0.3125000000000000000, 1.429106256926482299 ) ) ;
#2950 = CIRCLE ( 'NONE', #1823, 0.2500000000000000555 ) ;
#2951 = AXIS2_PLACEMENT_3D ( 'NONE', #2478, #4922, #5362 ) ;
#2952 = DIRECTION ( 'NONE',  ( -1.000000000000000000, -0.000000000000000000, -0.000000000000000000 ) ) ;
#2953 = VERTEX_POINT ( 'NONE', #4828 ) ;
#2954 = ADVANCED_FACE ( 'NONE', ( #4802 ), #2248, .F. ) ;
#2955 = CONICAL_SURFACE ( 'NONE', #3933, 0.6249999999999998890, 0.3490658503988632866 ) ;
#2956 = VECTOR ( 'NONE', #3798, 39.37007874015748143 ) ;
#2957 = AXIS2_PLACEMENT_3D ( 'NONE', #1678, #5380, #4591 ) ;
#2958 = CARTESIAN_POINT ( 'NONE',  ( 13.49688369930709086, 0.000000000000000000, 1.351670632534839989 ) ) ;
#2959 = EDGE_LOOP ( 'NONE', ( #3712, #4843, #587, #3422 ) ) ;
#2960 = CARTESIAN_POINT ( 'NONE',  ( 2.688000000000000611, 0.3750000000000000555, 0.000000000000000000 ) ) ;
#2961 = DIRECTION ( 'NONE',  ( 0.000000000000000000, -1.000000000000000000, 0.000000000000000000 ) ) ;
#2962 = AXIS2_PLACEMENT_3D ( 'NONE', #3242, #3205, #3652 ) ;
#2963 = AXIS2_PLACEMENT_3D ( 'NONE', #1507, #3175, #4844 ) ;
#2964 = CARTESIAN_POINT ( 'NONE',  ( 0.9688400883690804211, 0.3750000000000000555, 0.1371062569264826503 ) ) ;
#2965 = AXIS2_PLACEMENT_3D ( 'NONE', #1722, #3374, #5381 ) ;
#2966 = CARTESIAN_POINT ( 'NONE',  ( 15.68984008836907940, 0.3125000000000000000, 1.429106256926482299 ) ) ;
#2967 = AXIS2_PLACEMENT_3D ( 'NONE', #3343, #4200, #2156 ) ;
#2968 = ORIENTED_EDGE ( 'NONE', *, *, #3754, .T. ) ;
#2969 = CARTESIAN_POINT ( 'NONE',  ( 5.315840088369081506, 0.000000000000000000, 0.6771062569264825193 ) ) ;
#2970 = CARTESIAN_POINT ( 'NONE',  ( 14.81484008836907940, 0.3125000000000000000, 1.429106256926482521 ) ) ;
#2971 = AXIS2_PLACEMENT_3D ( 'NONE', #1799, #3430, #949 ) ;
#2972 = EDGE_CURVE ( 'NONE', #4783, #4605, #1536, .T. ) ;
#2973 = EDGE_CURVE ( 'NONE', #1518, #4108, #2053, .T. ) ;
#2974 = DIRECTION ( 'NONE',  ( 0.000000000000000000, -1.000000000000000000, 0.000000000000000000 ) ) ;
#2975 = ORIENTED_EDGE ( 'NONE', *, *, #2281, .F. ) ;
#2976 = LINE ( 'NONE', #3751, #1403 ) ;
#2977 = ORIENTED_EDGE ( 'NONE', *, *, #4770, .T. ) ;
#2978 = DIRECTION ( 'NONE',  ( 0.000000000000000000, 1.000000000000000000, 0.000000000000000000 ) ) ;
#2979 = ADVANCED_FACE ( 'NONE', ( #2820 ), #2473, .T. ) ;
#2980 = DIRECTION ( 'NONE',  ( 0.000000000000000000, 1.000000000000000000, 0.000000000000000000 ) ) ;
#2981 = ORIENTED_EDGE ( 'NONE', *, *, #1354, .F. ) ;
#2982 = CARTESIAN_POINT ( 'NONE',  ( 5.315840088369081506, 0.1100000000000000006, 1.442106256926482644 ) ) ;
#2983 = DIRECTION ( 'NONE',  ( -0.000000000000000000, -1.000000000000000000, -0.000000000000000000 ) ) ;
#2984 = ORIENTED_EDGE ( 'NONE', *, *, #1533, .F. ) ;
#2985 = ADVANCED_FACE ( 'NONE', ( #815 ), #4152, .F. ) ;
#2986 = EDGE_CURVE ( 'NONE', #1905, #4198, #324, .T. ) ;
#2987 = DIRECTION ( 'NONE',  ( 0.000000000000000000, 0.000000000000000000, 1.000000000000000000 ) ) ;
#2988 = ORIENTED_EDGE ( 'NONE', *, *, #1770, .F. ) ;
#2989 = DIRECTION ( 'NONE',  ( -0.000000000000000000, -1.000000000000000000, -0.000000000000000000 ) ) ;
#2990 = CARTESIAN_POINT ( 'NONE',  ( 6.260257689473142761, 0.3750000000000000555, 0.2950000000000000400 ) ) ;
#2991 = ORIENTED_EDGE ( 'NONE', *, *, #1195, .T. ) ;
#2992 = DIRECTION ( 'NONE',  ( -0.000000000000000000, -1.000000000000000000, -0.000000000000000000 ) ) ;
#2993 = DIRECTION ( 'NONE',  ( 0.000000000000000000, 0.000000000000000000, 1.000000000000000000 ) ) ;
#2994 = EDGE_LOOP ( 'NONE', ( #5228, #3206, #3062, #1013 ) ) ;
#2995 = CARTESIAN_POINT ( 'NONE',  ( 0.9688400883690775345, 0.000000000000000000, -0.08789374307351748017 ) ) ;
#2996 = DIRECTION ( 'NONE',  ( 0.000000000000000000, -0.9396926207859092051, 0.3420201433256662704 ) ) ;
#2997 = CARTESIAN_POINT ( 'NONE',  ( 14.80884008836908450, 0.000000000000000000, 0.1371062569264825115 ) ) ;
#2998 = ORIENTED_EDGE ( 'NONE', *, *, #3209, .F. ) ;
#2999 = CARTESIAN_POINT ( 'NONE',  ( 7.888840088369080128, 0.07896441934635377302, 0.6771062569264827413 ) ) ;
#3000 = ORIENTED_EDGE ( 'NONE', *, *, #3561, .F. ) ;
#3001 = DIRECTION ( 'NONE',  ( 0.000000000000000000, 1.000000000000000000, 0.000000000000000000 ) ) ;
#3002 = CARTESIAN_POINT ( 'NONE',  ( 0.9688400883690804211, 0.3124999999999979461, 1.302106256926482297 ) ) ;
#3003 = ORIENTED_EDGE ( 'NONE', *, *, #1041, .T. ) ;
#3004 = LINE ( 'NONE', #841, #3477 ) ;
#3005 = CARTESIAN_POINT ( 'NONE',  ( 12.23584008836908232, 0.1100000000000000006, 1.442106256926482644 ) ) ;
#3006 = EDGE_CURVE ( 'NONE', #3567, #4221, #2842, .T. ) ;
#3007 = CARTESIAN_POINT ( 'NONE',  ( 5.315840088369081506, 0.000000000000000000, 1.217106256926482777 ) ) ;
#3008 = ORIENTED_EDGE ( 'NONE', *, *, #1661, .F. ) ;
#3009 = CARTESIAN_POINT ( 'NONE',  ( 6.260257689473142761, 0.000000000000000000, 0.1400000000000000133 ) ) ;
#3010 = ORIENTED_EDGE ( 'NONE', *, *, #397, .F. ) ;
#3011 = LINE ( 'NONE', #4702, #2610 ) ;
#3012 = EDGE_CURVE ( 'NONE', #241, #5219, #5251, .T. ) ;
#3013 = CARTESIAN_POINT ( 'NONE',  ( 3.178815647672321276, 0.000000000000000000, 0.4500000000000001221 ) ) ;
#3014 = ORIENTED_EDGE ( 'NONE', *, *, #1547, .F. ) ;
#3015 = FACE_BOUND ( 'NONE', #2879, .T. ) ;
#3016 = CYLINDRICAL_SURFACE ( 'NONE', #2691, 0.1549999999999978062 ) ;
#3017 = EDGE_LOOP ( 'NONE', ( #2756, #2105, #2629, #3474 ) ) ;
#3018 = CARTESIAN_POINT ( 'NONE',  ( 11.35484008836908032, 0.3750000000000000555, 1.429106256926482521 ) ) ;
#3019 = CARTESIAN_POINT ( 'NONE',  ( 8.775840088369081471, 0.1100000000000000006, 0.6771062569264825193 ) ) ;
#3020 = EDGE_CURVE ( 'NONE', #1318, #287, #5073, .T. ) ;
#3021 = DIRECTION ( 'NONE',  ( 0.000000000000000000, 0.000000000000000000, -1.000000000000000000 ) ) ;
#3022 = CARTESIAN_POINT ( 'NONE',  ( 4.428840088369081940, 0.000000000000000000, -0.08789374307351774385 ) ) ;
#3023 = ORIENTED_EDGE ( 'NONE', *, *, #4274, .T. ) ;
#3024 = AXIS2_PLACEMENT_3D ( 'NONE', #1259, #490, #2168 ) ;
#3025 = DIRECTION ( 'NONE',  ( -0.000000000000000000, 1.000000000000000000, -0.000000000000000000 ) ) ;
#3026 = DIRECTION ( 'NONE',  ( -0.000000000000000000, 1.000000000000000000, -0.000000000000000000 ) ) ;
#3027 = CIRCLE ( 'NONE', #1193, 0.6650000000000001465 ) ;
#3028 = EDGE_LOOP ( 'NONE', ( #2027, #2562, #5176, #4610 ) ) ;
#3029 = PLANE ( 'NONE',  #2938 ) ;
#3030 = VECTOR ( 'NONE', #1713, 39.37007874015748143 ) ;
#3031 = CARTESIAN_POINT ( 'NONE',  ( 2.688000000000000611, 0.3750000000000000555, 0.000000000000000000 ) ) ;
#3032 = LINE ( 'NONE', #545, #5083 ) ;
#3033 = VERTEX_POINT ( 'NONE', #1153 ) ;
#3034 = AXIS2_PLACEMENT_3D ( 'NONE', #4901, #5229, #4029 ) ;
#3035 = CIRCLE ( 'NONE', #5237, 0.7519999999999997797 ) ;
#3036 = EDGE_CURVE ( 'NONE', #2412, #1416, #4568, .T. ) ;
#3037 = EDGE_CURVE ( 'NONE', #4060, #2207, #2083, .T. ) ;
#3038 = LINE ( 'NONE', #2638, #5314 ) ;
#3039 = AXIS2_PLACEMENT_3D ( 'NONE', #2904, #1241, #739 ) ;
#3040 = VERTEX_POINT ( 'NONE', #1568 ) ;
#3041 = DIRECTION ( 'NONE',  ( -0.000000000000000000, -1.000000000000000000, -0.000000000000000000 ) ) ;
#3042 = CIRCLE ( 'NONE', #1030, 0.7519999999999998908 ) ;
#3043 = CARTESIAN_POINT ( 'NONE',  ( -0.3988197544642851922, 0.3750000000000000555, 1.347207409216950369 ) ) ;
#3044 = ORIENTED_EDGE ( 'NONE', *, *, #3757, .F. ) ;
#3045 = AXIS2_PLACEMENT_3D ( 'NONE', #1957, #4459, #5283 ) ;
#3046 = CARTESIAN_POINT ( 'NONE',  ( 10.87195463195878808, 0.3750000000000000555, -0.1620888030140353597 ) ) ;
#3047 = EDGE_CURVE ( 'NONE', #2364, #1538, #515, .T. ) ;
#3048 = AXIS2_PLACEMENT_3D ( 'NONE', #3948, #5260, #4864 ) ;
#3049 = DIRECTION ( 'NONE',  ( 0.000000000000000000, 0.000000000000000000, 1.000000000000000000 ) ) ;
#3050 = CARTESIAN_POINT ( 'NONE',  ( 1.855840088369080432, 0.000000000000000000, 0.01210625692648258263 ) ) ;
#3051 = CIRCLE ( 'NONE', #2703, 0.6650000000000001465 ) ;
#3052 = AXIS2_PLACEMENT_3D ( 'NONE', #1085, #2757, #3064 ) ;
#3053 = FACE_OUTER_BOUND ( 'NONE', #4710, .T. ) ;
#3054 = AXIS2_PLACEMENT_3D ( 'NONE', #2712, #1967, #3566 ) ;
#3055 = CIRCLE ( 'NONE', #4884, 0.6650000000000001465 ) ;
#3056 = CYLINDRICAL_SURFACE ( 'NONE', #669, 0.5400000000000002576 ) ;
#3057 = PLANE ( 'NONE',  #4195 ) ;
#3058 = CIRCLE ( 'NONE', #1752, 0.6650000000000001465 ) ;
#3059 = ORIENTED_EDGE ( 'NONE', *, *, #4544, .T. ) ;
#3060 = DIRECTION ( 'NONE',  ( -0.000000000000000000, 1.000000000000000000, -0.000000000000000000 ) ) ;
#3061 = CARTESIAN_POINT ( 'NONE',  ( 11.34884008836908365, 0.3750000000000000555, 1.217106256926482777 ) ) ;
#3062 = ORIENTED_EDGE ( 'NONE', *, *, #2487, .F. ) ;
#3063 = AXIS2_PLACEMENT_3D ( 'NONE', #656, #2721, #4857 ) ;
#3064 = DIRECTION ( 'NONE',  ( 1.000000000000000000, 0.000000000000000000, -1.539936862268469428E-15 ) ) ;
#3065 = FACE_BOUND ( 'NONE', #5396, .T. ) ;
#3066 = ORIENTED_EDGE ( 'NONE', *, *, #828, .T. ) ;
#3067 = VECTOR ( 'NONE', #1674, 39.37007874015748143 ) ;
#3068 = CARTESIAN_POINT ( 'NONE',  ( 15.69584008836908318, 0.000000000000000000, -0.08789374307351748017 ) ) ;
#3069 = ORIENTED_EDGE ( 'NONE', *, *, #3335, .T. ) ;
#3070 = CARTESIAN_POINT ( 'NONE',  ( 1.855840088369080432, 0.1100000000000000006, 0.6771062569264827413 ) ) ;
#3071 = CARTESIAN_POINT ( 'NONE',  ( 0.9688400883690804211, 0.000000000000000000, 1.217106256926482777 ) ) ;
#3072 = EDGE_CURVE ( 'NONE', #287, #2389, #3708, .T. ) ;
#3073 = ORIENTED_EDGE ( 'NONE', *, *, #1532, .F. ) ;
#3074 = EDGE_CURVE ( 'NONE', #1840, #2025, #4022, .T. ) ;
#3075 = ORIENTED_EDGE ( 'NONE', *, *, #4027, .T. ) ;
#3076 = ORIENTED_EDGE ( 'NONE', *, *, #1238, .T. ) ;
#3077 = CARTESIAN_POINT ( 'NONE',  ( -0.3988197544642851922, 0.000000000000000000, 1.192207409216950564 ) ) ;
#3078 = VERTEX_POINT ( 'NONE', #732 ) ;
#3079 = CARTESIAN_POINT ( 'NONE',  ( 12.23584008836908232, 0.000000000000000000, 0.01210625692648231028 ) ) ;
#3080 = CYLINDRICAL_SURFACE ( 'NONE', #3317, 0.7519999999999998908 ) ;
#3081 = APPLICATION_CONTEXT ( 'automotive_design' ) ;
#3082 = ADVANCED_FACE ( 'NONE', ( #711 ), #2793, .F. ) ;
#3083 = CARTESIAN_POINT ( 'NONE',  ( 12.23584008836908232, 0.1100000000000000006, 0.01210625692648231028 ) ) ;
#3084 = ADVANCED_FACE ( 'NONE', ( #3291 ), #789, .T. ) ;
#3085 = DIRECTION ( 'NONE',  ( 0.000000000000000000, 0.000000000000000000, 1.000000000000000000 ) ) ;
#3086 = ORIENTED_EDGE ( 'NONE', *, *, #1938, .F. ) ;
#3087 = EDGE_CURVE ( 'NONE', #1974, #3818, #3850, .T. ) ;
#3088 = DIRECTION ( 'NONE',  ( 0.000000000000000000, 1.000000000000000000, 0.000000000000000000 ) ) ;
#3089 = ORIENTED_EDGE ( 'NONE', *, *, #1041, .F. ) ;
#3090 = CARTESIAN_POINT ( 'NONE',  ( 15.68984008836907940, 0.3750000000000000555, 0.6771062569264825193 ) ) ;
#3091 = ORIENTED_EDGE ( 'NONE', *, *, #4892, .F. ) ;
#3092 = CARTESIAN_POINT ( 'NONE',  ( 12.23584008836908232, 0.3750000000000000555, 1.217106256926482777 ) ) ;
#3093 = ORIENTED_EDGE ( 'NONE', *, *, #1738, .T. ) ;
#3094 = CARTESIAN_POINT ( 'NONE',  ( 16.73260502127741844, 0.3750000000000000555, 1.260695215269646230 ) ) ;
#3095 = ORIENTED_EDGE ( 'NONE', *, *, #2901, .T. ) ;
#3096 = DIRECTION ( 'NONE',  ( 0.6427220075350866813, 0.000000000000000000, -0.7660994850736214667 ) ) ;
#3097 = LINE ( 'NONE', #115, #1916 ) ;
#3098 = ORIENTED_EDGE ( 'NONE', *, *, #3072, .T. ) ;
#3099 = ORIENTED_EDGE ( 'NONE', *, *, #2316, .T. ) ;
#3100 = EDGE_LOOP ( 'NONE', ( #1182, #3624, #383, #4944 ) ) ;
#3101 = CARTESIAN_POINT ( 'NONE',  ( 11.34884008836908365, 0.1100000000000000006, 1.442106256926483754 ) ) ;
#3102 = ORIENTED_EDGE ( 'NONE', *, *, #4329, .T. ) ;
#3103 = CARTESIAN_POINT ( 'NONE',  ( 9.715257689473142833, 0.000000000000000000, 0.2949999999999967093 ) ) ;
#3104 = FACE_OUTER_BOUND ( 'NONE', #994, .T. ) ;
#3105 = EDGE_CURVE ( 'NONE', #1046, #428, #4066, .T. ) ;
#3106 = DIRECTION ( 'NONE',  ( 1.000000000000000000, 0.000000000000000000, -3.122111992759159443E-16 ) ) ;
#3107 = ADVANCED_FACE ( 'NONE', ( #1597 ), #3268, .F. ) ;
#3108 = LINE ( 'NONE', #1025, #3224 ) ;
#3109 = VERTEX_POINT ( 'NONE', #899 ) ;
#3110 = DIRECTION ( 'NONE',  ( -0.000000000000000000, 1.000000000000000000, -0.000000000000000000 ) ) ;
#3111 = EDGE_CURVE ( 'NONE', #2953, #1583, #3585, .T. ) ;
#3112 = ORIENTED_EDGE ( 'NONE', *, *, #5430, .T. ) ;
#3113 = VECTOR ( 'NONE', #1654, 39.37007874015748143 ) ;
#3114 =( NAMED_UNIT ( * ) PLANE_ANGLE_UNIT ( ) SI_UNIT ( $, .RADIAN. ) );
#3115 = ORIENTED_EDGE ( 'NONE', *, *, #2322, .T. ) ;
#3116 = CARTESIAN_POINT ( 'NONE',  ( 10.43337538256880670, 0.000000000000000000, 0.3606805018837701549 ) ) ;
#3117 = EDGE_LOOP ( 'NONE', ( #4085, #1069, #4425, #705 ) ) ;
#3118 = AXIS2_PLACEMENT_3D ( 'NONE', #1180, #4180, #2500 ) ;
#3119 = CARTESIAN_POINT ( 'NONE',  ( 14.80884008836908450, 0.000000000000000000, 0.01210625692648254967 ) ) ;
#3120 = EDGE_LOOP ( 'NONE', ( #4312, #791 ) ) ;
#3121 = CARTESIAN_POINT ( 'NONE',  ( 9.033758635138257276, 0.3750000000000000555, 0.09499999999999998723 ) ) ;
#3122 = EDGE_CURVE ( 'NONE', #2534, #1840, #2605, .T. ) ;
#3123 = VECTOR ( 'NONE', #296, 39.37007874015748143 ) ;
#3124 = CARTESIAN_POINT ( 'NONE',  ( 1.855840088369080432, 0.3124999999999979461, 1.302106256926482297 ) ) ;
#3125 = ORIENTED_EDGE ( 'NONE', *, *, #1612, .T. ) ;
#3126 = VECTOR ( 'NONE', #4465, 39.37007874015748143 ) ;
#3127 = VERTEX_POINT ( 'NONE', #439 ) ;
#3128 = AXIS2_PLACEMENT_3D ( 'NONE', #2857, #1631, #3803 ) ;
#3129 = VERTEX_POINT ( 'NONE', #4283 ) ;
#3130 = DIRECTION ( 'NONE',  ( 0.000000000000000000, 1.000000000000000000, 0.000000000000000000 ) ) ;
#3131 = ORIENTED_EDGE ( 'NONE', *, *, #4603, .F. ) ;
#3132 = CARTESIAN_POINT ( 'NONE',  ( 11.17839442598823751, 0.3750000000000000555, 0.09499999999999998723 ) ) ;
#3133 = DIRECTION ( 'NONE',  ( -1.000000000000000000, -0.000000000000000000, -0.000000000000000000 ) ) ;
#3134 = VECTOR ( 'NONE', #3379, 39.37007874015748143 ) ;
#3135 = VECTOR ( 'NONE', #821, 39.37007874015748143 ) ;
#3136 = VECTOR ( 'NONE', #3110, 39.37007874015748143 ) ;
#3137 = CIRCLE ( 'NONE', #3849, 0.7650000000000012346 ) ;
#3138 = CARTESIAN_POINT ( 'NONE',  ( 7.425474621455776969, 0.000000000000000000, 1.601670632534839989 ) ) ;
#3139 = AXIS2_PLACEMENT_3D ( 'NONE', #2001, #3684, #4124 ) ;
#3140 = ORIENTED_EDGE ( 'NONE', *, *, #3489, .F. ) ;
#3141 = DIRECTION ( 'NONE',  ( 0.000000000000000000, 0.000000000000000000, 1.000000000000000000 ) ) ;
#3142 = PLANE ( 'NONE',  #2366 ) ;
#3143 = VERTEX_POINT ( 'NONE', #4314 ) ;
#3144 = EDGE_CURVE ( 'NONE', #2425, #2475, #423, .T. ) ;
#3145 = VECTOR ( 'NONE', #624, 39.37007874015748143 ) ;
#3146 = VECTOR ( 'NONE', #1692, 39.37007874015748854 ) ;
#3147 = EDGE_CURVE ( 'NONE', #4548, #3731, #3495, .T. ) ;
#3148 = CARTESIAN_POINT ( 'NONE',  ( 8.775840088369081471, 0.1100000000000000006, 0.01210625692648231028 ) ) ;
#3149 = ORIENTED_EDGE ( 'NONE', *, *, #3693, .T. ) ;
#3150 = VECTOR ( 'NONE', #638, 39.37007874015748143 ) ;
#3151 = DIRECTION ( 'NONE',  ( 0.000000000000000000, -1.000000000000000000, 0.000000000000000000 ) ) ;
#3152 = VERTEX_POINT ( 'NONE', #4696 ) ;
#3153 = CARTESIAN_POINT ( 'NONE',  ( 14.80884008836908450, 0.1100000000000000006, 0.6771062569264825193 ) ) ;
#3154 = EDGE_LOOP ( 'NONE', ( #2655, #2514, #431, #4002 ) ) ;
#3155 = ADVANCED_FACE ( 'NONE', ( #5022 ), #21, .F. ) ;
#3156 = PLANE ( 'NONE',  #3917 ) ;
#3157 = CARTESIAN_POINT ( 'NONE',  ( 1.855840088369080432, 0.000000000000000000, 1.342106256926482777 ) ) ;
#3158 = EDGE_CURVE ( 'NONE', #1853, #1644, #4210, .T. ) ;
#3159 = CARTESIAN_POINT ( 'NONE',  ( 0.9688400883690764243, 0.000000000000000000, -0.08789374307351725812 ) ) ;
#3160 = ORIENTED_EDGE ( 'NONE', *, *, #2211, .F. ) ;
#3161 = EDGE_CURVE ( 'NONE', #4221, #2207, #842, .T. ) ;
#3162 = VERTEX_POINT ( 'NONE', #4231 ) ;
#3163 = DIRECTION ( 'NONE',  ( -0.000000000000000000, -1.000000000000000000, -0.000000000000000000 ) ) ;
#3164 = VECTOR ( 'NONE', #3729, 39.37007874015747433 ) ;
#3165 = ORIENTED_EDGE ( 'NONE', *, *, #1044, .T. ) ;
#3166 = CARTESIAN_POINT ( 'NONE',  ( -0.6708830832807677336, 0.3750000000000000555, 1.287802599563495187 ) ) ;
#3167 = CARTESIAN_POINT ( 'NONE',  ( 4.115359562360153767, 0.000000000000000000, 0.09499999999999998723 ) ) ;
#3168 = DIRECTION ( 'NONE',  ( 0.000000000000000000, 0.000000000000000000, 1.000000000000000000 ) ) ;
#3169 = LINE ( 'NONE', #3554, #62 ) ;
#3170 = VERTEX_POINT ( 'NONE', #1320 ) ;
#3171 = DIRECTION ( 'NONE',  ( -1.000000000000000000, 0.000000000000000000, -0.000000000000000000 ) ) ;
#3172 = EDGE_LOOP ( 'NONE', ( #4867, #4520, #1886, #3093 ) ) ;
#3173 = DIRECTION ( 'NONE',  ( -0.000000000000000000, -1.000000000000000000, -0.000000000000000000 ) ) ;
#3174 = ORIENTED_EDGE ( 'NONE', *, *, #4142, .T. ) ;
#3175 = DIRECTION ( 'NONE',  ( 0.000000000000000000, 1.000000000000000000, 0.000000000000000000 ) ) ;
#3176 = PLANE ( 'NONE',  #4905 ) ;
#3177 = ORIENTED_EDGE ( 'NONE', *, *, #538, .F. ) ;
#3178 = DIRECTION ( 'NONE',  ( -0.000000000000000000, 1.000000000000000000, -0.000000000000000000 ) ) ;
#3179 = ADVANCED_FACE ( 'NONE', ( #2164 ), #129, .F. ) ;
#3180 = CARTESIAN_POINT ( 'NONE',  ( 16.73260502127741844, 0.3750000000000000555, 1.260695215269646230 ) ) ;
#3181 = FACE_OUTER_BOUND ( 'NONE', #4854, .T. ) ;
#3182 = ORIENTED_EDGE ( 'NONE', *, *, #4055, .F. ) ;
#3183 = ORIENTED_EDGE ( 'NONE', *, *, #1547, .T. ) ;
#3184 = ADVANCED_FACE ( 'NONE', ( #5108 ), #1345, .F. ) ;
#3185 = DIRECTION ( 'NONE',  ( 1.000000000000000000, 0.000000000000000000, 0.000000000000000000 ) ) ;
#3186 = VERTEX_POINT ( 'NONE', #3401 ) ;
#3187 = ADVANCED_FACE ( 'NONE', ( #3873 ), #2115, .F. ) ;
#3188 = CYLINDRICAL_SURFACE ( 'NONE', #1112, 0.5400000000000002576 ) ;
#3189 = EDGE_CURVE ( 'NONE', #1644, #2023, #2616, .T. ) ;
#3190 = MANIFOLD_SOLID_BREP ( 'Stock-07k_intake_manifold-1', #5 ) ;
#3191 = CARTESIAN_POINT ( 'NONE',  ( 8.775840088369081471, 0.1100000000000000006, -0.08789374307351774385 ) ) ;
#3192 = CARTESIAN_POINT ( 'NONE',  ( 0.9688400883690804211, 0.000000000000000000, 0.1371062569264826503 ) ) ;
#3193 = CARTESIAN_POINT ( 'NONE',  ( 2.687999999999999279, 0.000000000000000000, -0.2800000000000003042 ) ) ;
#3194 = ORIENTED_EDGE ( 'NONE', *, *, #3256, .F. ) ;
#3195 = CYLINDRICAL_SURFACE ( 'NONE', #2428, 0.7650000000000001243 ) ;
#3196 = EDGE_LOOP ( 'NONE', ( #753, #4587, #2058, #4668 ) ) ;
#3197 = FACE_OUTER_BOUND ( 'NONE', #3314, .T. ) ;
#3198 = VERTEX_POINT ( 'NONE', #186 ) ;
#3199 = CYLINDRICAL_SURFACE ( 'NONE', #4466, 0.7519999999999997797 ) ;
#3200 = EDGE_LOOP ( 'NONE', ( #561, #1610, #2998, #2294 ) ) ;
#3201 = FACE_OUTER_BOUND ( 'NONE', #1935, .T. ) ;
#3202 = VERTEX_POINT ( 'NONE', #1862 ) ;
#3203 = DIRECTION ( 'NONE',  ( 0.000000000000000000, 0.000000000000000000, 1.000000000000000000 ) ) ;
#3204 = CARTESIAN_POINT ( 'NONE',  ( 8.775840088369081471, 0.000000000000000000, 1.442106256926482644 ) ) ;
#3205 = DIRECTION ( 'NONE',  ( 0.000000000000000000, 1.000000000000000000, 0.000000000000000000 ) ) ;
#3206 = ORIENTED_EDGE ( 'NONE', *, *, #1803, .T. ) ;
#3207 = AXIS2_PLACEMENT_3D ( 'NONE', #244, #163, #2738 ) ;
#3208 = ADVANCED_FACE ( 'NONE', ( #4822 ), #5130, .F. ) ;
#3209 = EDGE_CURVE ( 'NONE', #933, #2268, #2656, .T. ) ;
#3210 = DIRECTION ( 'NONE',  ( 0.000000000000000000, -1.000000000000000000, 0.000000000000000000 ) ) ;
#3211 = DIRECTION ( 'NONE',  ( 0.000000000000000000, 0.000000000000000000, 1.000000000000000000 ) ) ;
#3212 = CIRCLE ( 'NONE', #1467, 0.2499999999999994171 ) ;
#3213 = VERTEX_POINT ( 'NONE', #4003 ) ;
#3214 = DIRECTION ( 'NONE',  ( -0.000000000000000000, 1.000000000000000000, -0.000000000000000000 ) ) ;
#3215 = CIRCLE ( 'NONE', #1110, 0.7650000000000000133 ) ;
#3216 = CARTESIAN_POINT ( 'NONE',  ( 0.000000000000000000, 0.3750000000000000555, 0.000000000000000000 ) ) ;
#3217 = CARTESIAN_POINT ( 'NONE',  ( -0.3988197544642851922, 0.3750000000000000555, 1.347207409216950369 ) ) ;
#3218 = AXIS2_PLACEMENT_3D ( 'NONE', #4601, #2509, #421 ) ;
#3219 = ADVANCED_FACE ( 'NONE', ( #2324 ), #4037, .T. ) ;
#3220 = AXIS2_PLACEMENT_3D ( 'NONE', #3907, #3383, #4268 ) ;
#3221 = CARTESIAN_POINT ( 'NONE',  ( 11.34884008836908542, 0.000000000000000000, 1.342106256926482777 ) ) ;
#3222 = EDGE_LOOP ( 'NONE', ( #1035, #3365, #63, #1930 ) ) ;
#3223 = CARTESIAN_POINT ( 'NONE',  ( 0.9688400883690804211, 0.3750000000000000555, 1.217106256926482777 ) ) ;
#3224 = VECTOR ( 'NONE', #2652, 39.37007874015748143 ) ;
#3225 = VECTOR ( 'NONE', #2171, 39.37007874015748143 ) ;
#3226 = ORIENTED_EDGE ( 'NONE', *, *, #435, .T. ) ;
#3227 = VECTOR ( 'NONE', #1191, 39.37007874015748143 ) ;
#3228 = AXIS2_PLACEMENT_3D ( 'NONE', #4492, #718, #2399 ) ;
#3229 = AXIS2_PLACEMENT_3D ( 'NONE', #4940, #1177, #84 ) ;
#3230 = FACE_OUTER_BOUND ( 'NONE', #2633, .T. ) ;
#3231 = ORIENTED_EDGE ( 'NONE', *, *, #2287, .T. ) ;
#3232 = FACE_OUTER_BOUND ( 'NONE', #1895, .T. ) ;
#3233 = VECTOR ( 'NONE', #5299, 39.37007874015748143 ) ;
#3234 = ORIENTED_EDGE ( 'NONE', *, *, #2, .F. ) ;
#3235 = CIRCLE ( 'NONE', #865, 0.5400000000000001465 ) ;
#3236 = CYLINDRICAL_SURFACE ( 'NONE', #1743, 0.2749999999999999112 ) ;
#3237 = ORIENTED_EDGE ( 'NONE', *, *, #2704, .F. ) ;
#3238 = CIRCLE ( 'NONE', #2011, 0.6649999999999999245 ) ;
#3239 = AXIS2_PLACEMENT_3D ( 'NONE', #3799, #5057, #4705 ) ;
#3240 = DIRECTION ( 'NONE',  ( 0.000000000000000000, -1.000000000000000000, 0.000000000000000000 ) ) ;
#3241 = CARTESIAN_POINT ( 'NONE',  ( 0.9748400883690804264, 0.3125000000000000000, 0.6771062569264827413 ) ) ;
#3242 = CARTESIAN_POINT ( 'NONE',  ( 6.260257689473142761, 0.3750000000000000555, 0.1400000000000000133 ) ) ;
#3243 = ORIENTED_EDGE ( 'NONE', *, *, #372, .T. ) ;
#3244 = AXIS2_PLACEMENT_3D ( 'NONE', #1076, #2575, #458 ) ;
#3245 = CARTESIAN_POINT ( 'NONE',  ( 15.69584008836908318, 0.000000000000000000, 0.6771062569264825193 ) ) ;
#3246 = ORIENTED_EDGE ( 'NONE', *, *, #3006, .F. ) ;
#3247 = LINE ( 'NONE', #4945, #4978 ) ;
#3248 = EDGE_CURVE ( 'NONE', #361, #986, #3920, .T. ) ;
#3249 = CARTESIAN_POINT ( 'NONE',  ( 8.775840088369081471, 0.1100000000000000006, 0.6771062569264825193 ) ) ;
#3250 = CARTESIAN_POINT ( 'NONE',  ( 16.73260502127741844, 0.000000000000000000, 1.260695215269646230 ) ) ;
#3251 = VERTEX_POINT ( 'NONE', #3980 ) ;
#3252 = AXIS2_PLACEMENT_3D ( 'NONE', #2631, #184, #3952 ) ;
#3253 = CARTESIAN_POINT ( 'NONE',  ( 5.315840088369079730, 0.3124999999999979461, 1.302106256926482519 ) ) ;
#3254 = VERTEX_POINT ( 'NONE', #210 ) ;
#3255 = DIRECTION ( 'NONE',  ( 0.000000000000000000, 0.000000000000000000, -1.000000000000000000 ) ) ;
#3256 = EDGE_CURVE ( 'NONE', #3162, #4949, #647, .T. ) ;
#3257 = EDGE_LOOP ( 'NONE', ( #4918, #3534, #3743, #552 ) ) ;
#3258 = DIRECTION ( 'NONE',  ( 0.000000000000000000, 0.000000000000000000, 1.000000000000000000 ) ) ;
#3259 = ADVANCED_FACE ( 'NONE', ( #5238 ), #2360, .T. ) ;
#3260 = VERTEX_POINT ( 'NONE', #1060 ) ;
#3261 = EDGE_CURVE ( 'NONE', #2358, #4832, #5423, .T. ) ;
#3262 = DIRECTION ( 'NONE',  ( -0.000000000000000000, 1.000000000000000000, -0.000000000000000000 ) ) ;
#3263 = ORIENTED_EDGE ( 'NONE', *, *, #1612, .F. ) ;
#3264 = FACE_OUTER_BOUND ( 'NONE', #991, .T. ) ;
#3265 = ORIENTED_EDGE ( 'NONE', *, *, #3381, .T. ) ;
#3266 = VERTEX_POINT ( 'NONE', #3538 ) ;
#3267 = CARTESIAN_POINT ( 'NONE',  ( 9.033758635138257276, 0.000000000000000000, 0.09499999999999998723 ) ) ;
#3268 = PLANE ( 'NONE',  #3229 ) ;
#3269 = PLANE ( 'NONE',  #4805 ) ;
#3270 = VERTEX_POINT ( 'NONE', #1428 ) ;
#3271 = CARTESIAN_POINT ( 'NONE',  ( 10.43337538256880670, 0.000000000000000000, 0.3606805018837701549 ) ) ;
#3272 = ORIENTED_EDGE ( 'NONE', *, *, #863, .T. ) ;
#3273 = FACE_BOUND ( 'NONE', #4552, .T. ) ;
#3274 = CARTESIAN_POINT ( 'NONE',  ( 14.80884008836908450, 0.07896441934635402282, 0.1371062569264825115 ) ) ;
#3275 = CARTESIAN_POINT ( 'NONE',  ( 15.69584008836907962, 0.07896441934635377302, 0.1371062569264825948 ) ) ;
#3276 = CARTESIAN_POINT ( 'NONE',  ( 15.64904226588826042, 0.3750000000000000555, -0.3049999999999999378 ) ) ;
#3277 = EDGE_LOOP ( 'NONE', ( #5401, #667, #5342, #4378 ) ) ;
#3278 = DIRECTION ( 'NONE',  ( 0.000000000000000000, 0.000000000000000000, -1.000000000000000000 ) ) ;
#3279 = VERTEX_POINT ( 'NONE', #4751 ) ;
#3280 = EDGE_CURVE ( 'NONE', #2312, #4435, #4772, .T. ) ;
#3281 = ADVANCED_FACE ( 'NONE', ( #1915, #3600 ), #5268, .T. ) ;
#3282 = DIRECTION ( 'NONE',  ( 1.000000000000000000, 0.000000000000000000, -3.122111992759159443E-16 ) ) ;
#3283 = ORIENTED_EDGE ( 'NONE', *, *, #4405, .T. ) ;
#3284 = DIRECTION ( 'NONE',  ( 1.000000000000000000, 0.000000000000000000, -3.122111992759159443E-16 ) ) ;
#3285 = ORIENTED_EDGE ( 'NONE', *, *, #2014, .F. ) ;
#3286 = CYLINDRICAL_SURFACE ( 'NONE', #4477, 0.1549999999999998601 ) ;
#3287 = EDGE_LOOP ( 'NONE', ( #39, #4181 ) ) ;
#3288 = ADVANCED_FACE ( 'NONE', ( #1404 ), #565, .F. ) ;
#3289 = EDGE_LOOP ( 'NONE', ( #3951, #4955, #1324, #925 ) ) ;
#3290 = CARTESIAN_POINT ( 'NONE',  ( 4.428840088369081940, 0.000000000000000000, 0.6771062569264825193 ) ) ;
#3291 = FACE_OUTER_BOUND ( 'NONE', #4935, .T. ) ;
#3292 = DIRECTION ( 'NONE',  ( 0.000000000000000000, 0.000000000000000000, 1.000000000000000000 ) ) ;
#3293 = EDGE_LOOP ( 'NONE', ( #5316, #4793, #4968, #3883 ) ) ;
#3294 = DIRECTION ( 'NONE',  ( 0.000000000000000000, 0.000000000000000000, -1.000000000000000000 ) ) ;
#3295 = EDGE_CURVE ( 'NONE', #2674, #1974, #982, .T. ) ;
#3296 = ORIENTED_EDGE ( 'NONE', *, *, #5277, .F. ) ;
#3297 = FACE_OUTER_BOUND ( 'NONE', #935, .T. ) ;
#3298 = VECTOR ( 'NONE', #4809, 39.37007874015748143 ) ;
#3299 = LINE ( 'NONE', #1658, #330 ) ;
#3300 = DIRECTION ( 'NONE',  ( 0.000000000000000000, 0.000000000000000000, -1.000000000000000000 ) ) ;
#3301 = CIRCLE ( 'NONE', #4186, 0.6249999999999998890 ) ;
#3302 = CARTESIAN_POINT ( 'NONE',  ( 14.80884008836908450, 0.000000000000000000, 0.6771062569264825193 ) ) ;
#3303 = VECTOR ( 'NONE', #975, 39.37007874015748143 ) ;
#3304 = ORIENTED_EDGE ( 'NONE', *, *, #201, .F. ) ;
#3305 = DIRECTION ( 'NONE',  ( 0.9707282504006591317, 0.000000000000000000, 0.2401804818757664051 ) ) ;
#3306 = CARTESIAN_POINT ( 'NONE',  ( 0.9688400883690804211, 0.3750000000000000555, 1.217106256926482777 ) ) ;
#3307 = EDGE_LOOP ( 'NONE', ( #3452, #4607 ) ) ;
#3308 = AXIS2_PLACEMENT_3D ( 'NONE', #1470, #1906, #311 ) ;
#3309 = DIRECTION ( 'NONE',  ( 0.000000000000000000, 1.000000000000000000, 0.000000000000000000 ) ) ;
#3310 = VECTOR ( 'NONE', #1290, 39.37007874015748143 ) ;
#3311 = ORIENTED_EDGE ( 'NONE', *, *, #1618, .T. ) ;
#3312 = DIRECTION ( 'NONE',  ( 3.122111992759159443E-16, 0.000000000000000000, 1.000000000000000000 ) ) ;
#3313 = EDGE_CURVE ( 'NONE', #1187, #4154, #4026, .T. ) ;
#3314 = EDGE_LOOP ( 'NONE', ( #1869, #751, #3226, #2764 ) ) ;
#3315 = ADVANCED_FACE ( 'NONE', ( #4910 ), #375, .F. ) ;
#3316 = CARTESIAN_POINT ( 'NONE',  ( 5.315840088369081506, 0.1100000000000000006, 1.342106256926482777 ) ) ;
#3317 = AXIS2_PLACEMENT_3D ( 'NONE', #996, #4764, #555 ) ;
#3318 = VECTOR ( 'NONE', #1963, 39.37007874015748143 ) ;
#3319 = CARTESIAN_POINT ( 'NONE',  ( 15.69584008836908318, 0.1100000000000000006, 1.442106256926482644 ) ) ;
#3320 = VERTEX_POINT ( 'NONE', #1230 ) ;
#3322 = LINE ( 'NONE', #2445, #4966 ) ;
#3321 = CIRCLE ( 'NONE', #3761, 0.7519999999999998908 ) ;
#3323 = VECTOR ( 'NONE', #1837, 39.37007874015748143 ) ;
#3324 = DIRECTION ( 'NONE',  ( -0.000000000000000000, -1.000000000000000000, -0.000000000000000000 ) ) ;
#3325 = EDGE_CURVE ( 'NONE', #60, #2412, #520, .T. ) ;
#3326 = CARTESIAN_POINT ( 'NONE',  ( 0.9748400883690804264, 0.3125000000000000000, -0.07489374307351720494 ) ) ;
#3327 = ORIENTED_EDGE ( 'NONE', *, *, #4743, .T. ) ;
#3328 = AXIS2_PLACEMENT_3D ( 'NONE', #4773, #1757, #901 ) ;
#3329 = VECTOR ( 'NONE', #5426, 39.37007874015748143 ) ;
#3330 = CARTESIAN_POINT ( 'NONE',  ( 4.428840088369081940, 0.000000000000000000, 1.217106256926482777 ) ) ;
#3331 = EDGE_CURVE ( 'NONE', #314, #1045, #351, .T. ) ;
#3332 = ORIENTED_EDGE ( 'NONE', *, *, #2004, .F. ) ;
#3333 = CARTESIAN_POINT ( 'NONE',  ( -0.2500000000000000555, 0.000000000000000000, -0.3049999999999999933 ) ) ;
#3334 = AXIS2_PLACEMENT_3D ( 'NONE', #2725, #2978, #4310 ) ;
#3335 = EDGE_CURVE ( 'NONE', #2323, #70, #951, .T. ) ;
#3336 = CARTESIAN_POINT ( 'NONE',  ( 15.69584008836908140, 0.000000000000000000, 1.442106256926483088 ) ) ;
#3337 = FACE_OUTER_BOUND ( 'NONE', #4649, .T. ) ;
#3338 = ORIENTED_EDGE ( 'NONE', *, *, #881, .F. ) ;
#3339 = CARTESIAN_POINT ( 'NONE',  ( 14.80884008836908450, 0.1100000000000000006, -0.08789374307351748017 ) ) ;
#3340 = LINE ( 'NONE', #2485, #2087 ) ;
#3341 = LINE ( 'NONE', #5015, #3491 ) ;
#3342 = VERTEX_POINT ( 'NONE', #1559 ) ;
#3343 = CARTESIAN_POINT ( 'NONE',  ( 12.23584008836908055, 0.07896441934635377302, 0.6771062569264827413 ) ) ;
#3344 = ORIENTED_EDGE ( 'NONE', *, *, #1264, .T. ) ;
#3345 = CARTESIAN_POINT ( 'NONE',  ( 6.327508224398379788, 0.3750000000000000555, -0.1318039101121780132 ) ) ;
#3346 = CARTESIAN_POINT ( 'NONE',  ( 13.84588584993493932, 0.3750000000000000555, 0.1549999999999978340 ) ) ;
#3347 = ORIENTED_EDGE ( 'NONE', *, *, #1167, .F. ) ;
#3348 = DIRECTION ( 'NONE',  ( 1.000000000000000000, 0.000000000000000000, -0.000000000000000000 ) ) ;
#3349 = CARTESIAN_POINT ( 'NONE',  ( 13.84588584993493932, 0.3750000000000000555, 0.000000000000000000 ) ) ;
#3350 = DIRECTION ( 'NONE',  ( -0.000000000000000000, 1.000000000000000000, -0.000000000000000000 ) ) ;
#3351 = ORIENTED_EDGE ( 'NONE', *, *, #1348, .T. ) ;
#3352 = ADVANCED_FACE ( 'NONE', ( #5351 ), #3725, .F. ) ;
#3353 = CARTESIAN_POINT ( 'NONE',  ( 10.24185051130040414, 0.000000000000000000, 0.2000000000000000111 ) ) ;
#3354 = ORIENTED_EDGE ( 'NONE', *, *, #1812, .T. ) ;
#3355 = PLANE ( 'NONE',  #4551 ) ;
#3356 = CARTESIAN_POINT ( 'NONE',  ( 7.536850511300405842, 0.000000000000000000, -0.3049999999999999378 ) ) ;
#3357 = SHAPE_DEFINITION_REPRESENTATION ( #5421, #2373 ) ;
#3358 = DIRECTION ( 'NONE',  ( 0.000000000000000000, -0.3420201433256662704, 0.9396926207859093161 ) ) ;
#3359 = EDGE_CURVE ( 'NONE', #3632, #4522, #1660, .T. ) ;
#3360 = DIRECTION ( 'NONE',  ( -1.000000000000000000, 0.000000000000000000, -3.849842155671173077E-17 ) ) ;
#3361 = ORIENTED_EDGE ( 'NONE', *, *, #1064, .T. ) ;
#3362 = PLANE ( 'NONE',  #3663 ) ;
#3363 = CYLINDRICAL_SURFACE ( 'NONE', #3670, 0.5400000000000001465 ) ;
#3364 = DIRECTION ( 'NONE',  ( -0.000000000000000000, 1.000000000000000000, -0.000000000000000000 ) ) ;
#3365 = ORIENTED_EDGE ( 'NONE', *, *, #4904, .F. ) ;
#3366 = EDGE_CURVE ( 'NONE', #5377, #716, #687, .T. ) ;
#3367 = FACE_OUTER_BOUND ( 'NONE', #685, .T. ) ;
#3368 = EDGE_LOOP ( 'NONE', ( #495, #5367, #3619, #4072, #4308, #664, #3131, #1716, #1078, #4096, #2326, #1169, #4872, #4593, #5186, #676, #1708, #796, #4600, #3964, #2745, #3782, #654, #230, #3483, #4855, #1964, #2686, #5193, #5153, #4448, #5352, #3441, #5354, #892, #2492, #2443, #1380, #4234 ) ) ;
#3369 = DIRECTION ( 'NONE',  ( 1.000000000000000000, 0.000000000000000000, -2.155911607175857120E-15 ) ) ;
#3370 = DIRECTION ( 'NONE',  ( 1.000000000000000000, 0.000000000000000000, 0.000000000000000000 ) ) ;
#3371 = VERTEX_POINT ( 'NONE', #809 ) ;
#3372 = CARTESIAN_POINT ( 'NONE',  ( 11.34884008836908365, 0.3750000000000000555, 0.6771062569264825193 ) ) ;
#3373 = DIRECTION ( 'NONE',  ( 0.000000000000000000, 1.000000000000000000, 0.000000000000000000 ) ) ;
#3374 = DIRECTION ( 'NONE',  ( 0.9668164199215587562, -0.000000000000000000, 0.2554721318853786505 ) ) ;
#3375 = VERTEX_POINT ( 'NONE', #726 ) ;
#3376 = CARTESIAN_POINT ( 'NONE',  ( 8.769840088369079467, 0.3125000000000000000, 1.429106256926482299 ) ) ;
#3377 = ORIENTED_EDGE ( 'NONE', *, *, #678, .F. ) ;
#3378 = LINE ( 'NONE', #90, #1647 ) ;
#3379 = DIRECTION ( 'NONE',  ( -0.000000000000000000, -1.000000000000000000, -0.000000000000000000 ) ) ;
#3380 = ADVANCED_FACE ( 'NONE', ( #3232 ), #3199, .F. ) ;
#3381 = EDGE_CURVE ( 'NONE', #5219, #241, #3857, .T. ) ;
#3382 = CARTESIAN_POINT ( 'NONE',  ( 11.34884008836908542, 0.000000000000000000, 0.1371062569264823172 ) ) ;
#3383 = DIRECTION ( 'NONE',  ( 0.000000000000000000, -1.000000000000000000, 0.000000000000000000 ) ) ;
#3384 = ORIENTED_EDGE ( 'NONE', *, *, #3552, .T. ) ;
#3385 = DIRECTION ( 'NONE',  ( 3.122111992759159443E-16, 0.000000000000000000, 1.000000000000000000 ) ) ;
#3386 = LINE ( 'NONE', #3804, #3927 ) ;
#3387 = EDGE_CURVE ( 'NONE', #4605, #196, #3645, .T. ) ;
#3388 = VECTOR ( 'NONE', #2760, 39.37007874015748143 ) ;
#3389 = FACE_OUTER_BOUND ( 'NONE', #457, .T. ) ;
#3390 = VERTEX_POINT ( 'NONE', #750 ) ;
#3391 = CIRCLE ( 'NONE', #1636, 0.4000000000000000222 ) ;
#3392 = EDGE_CURVE ( 'NONE', #2449, #361, #4381, .T. ) ;
#3393 = CARTESIAN_POINT ( 'NONE',  ( -0.7538197544642850634, 0.3750000000000000555, 1.601670632534839989 ) ) ;
#3394 = VECTOR ( 'NONE', #5415, 39.37007874015748854 ) ;
#3395 = VERTEX_POINT ( 'NONE', #1170 ) ;
#3396 = CARTESIAN_POINT ( 'NONE',  ( 4.434840088369080391, 0.3125000000000000000, -0.07489374307351720494 ) ) ;
#3397 = CARTESIAN_POINT ( 'NONE',  ( 5.315840088369081506, 0.000000000000000000, 0.6771062569264825193 ) ) ;
#3398 = CIRCLE ( 'NONE', #4276, 0.7519999999999997797 ) ;
#3399 = ORIENTED_EDGE ( 'NONE', *, *, #3280, .F. ) ;
#3400 = CARTESIAN_POINT ( 'NONE',  ( 14.81484008836907940, 0.3125000000000000000, 1.429106256926482521 ) ) ;
#3401 = CARTESIAN_POINT ( 'NONE',  ( 8.775840088369081471, 0.1100000000000000006, 1.342106256926482777 ) ) ;
#3402 = VECTOR ( 'NONE', #1135, 39.37007874015748143 ) ;
#3403 = VECTOR ( 'NONE', #364, 39.37007874015748143 ) ;
#3404 = FACE_BOUND ( 'NONE', #4758, .T. ) ;
#3405 = ORIENTED_EDGE ( 'NONE', *, *, #2624, .F. ) ;
#3406 = AXIS2_PLACEMENT_3D ( 'NONE', #4356, #590, #542 ) ;
#3407 = VECTOR ( 'NONE', #4264, 39.37007874015748143 ) ;
#3408 = VECTOR ( 'NONE', #5194, 39.37007874015748143 ) ;
#3409 = DIRECTION ( 'NONE',  ( -0.000000000000000000, -1.000000000000000000, -0.000000000000000000 ) ) ;
#3410 = VERTEX_POINT ( 'NONE', #1148 ) ;
#3411 = CARTESIAN_POINT ( 'NONE',  ( 5.627508224398378722, 0.000000000000000000, -0.3049999999999999378 ) ) ;
#3412 = FACE_OUTER_BOUND ( 'NONE', #3515, .T. ) ;
#3413 = ORIENTED_EDGE ( 'NONE', *, *, #866, .F. ) ;
#3414 = AXIS2_PLACEMENT_3D ( 'NONE', #5023, #1622, #3734 ) ;
#3415 = AXIS2_PLACEMENT_3D ( 'NONE', #1993, #4503, #2892 ) ;
#3416 = DIRECTION ( 'NONE',  ( 0.000000000000000000, 0.000000000000000000, 1.000000000000000000 ) ) ;
#3417 = EDGE_CURVE ( 'NONE', #3143, #4395, #1194, .T. ) ;
#3418 = CIRCLE ( 'NONE', #4121, 0.2500000000000001110 ) ;
#3419 = CARTESIAN_POINT ( 'NONE',  ( 14.81484008836907940, 0.3750000000000000555, 1.429106256926482521 ) ) ;
#3420 = EDGE_LOOP ( 'NONE', ( #2720, #523, #5267, #1870 ) ) ;
#3421 = PLANE ( 'NONE',  #2343 ) ;
#3422 = ORIENTED_EDGE ( 'NONE', *, *, #627, .F. ) ;
#3423 = PLANE ( 'NONE',  #3681 ) ;
#3424 = CIRCLE ( 'NONE', #4127, 0.5400000000000002576 ) ;
#3425 = DIRECTION ( 'NONE',  ( -1.000000000000000000, 0.000000000000000000, -1.154952646701347732E-16 ) ) ;
#3426 = EDGE_CURVE ( 'NONE', #3266, #2122, #3235, .T. ) ;
#3427 = ORIENTED_EDGE ( 'NONE', *, *, #5363, .F. ) ;
#3428 = LINE ( 'NONE', #3835, #3146 ) ;
#3429 = ORIENTED_EDGE ( 'NONE', *, *, #3757, .T. ) ;
#3430 = DIRECTION ( 'NONE',  ( 0.000000000000000000, 1.000000000000000000, 0.000000000000000000 ) ) ;
#3431 = DIRECTION ( 'NONE',  ( 0.000000000000000000, 0.000000000000000000, 1.000000000000000000 ) ) ;
#3432 = VECTOR ( 'NONE', #3370, 39.37007874015748143 ) ;
#3433 = EDGE_CURVE ( 'NONE', #4108, #5372, #3701, .T. ) ;
#3434 = EDGE_CURVE ( 'NONE', #1570, #1551, #4559, .T. ) ;
#3435 = ORIENTED_EDGE ( 'NONE', *, *, #4979, .F. ) ;
#3436 = FACE_OUTER_BOUND ( 'NONE', #3935, .T. ) ;
#3437 = DIRECTION ( 'NONE',  ( 0.000000000000000000, 1.000000000000000000, 0.000000000000000000 ) ) ;
#3438 = DIRECTION ( 'NONE',  ( 1.000000000000000000, 0.000000000000000000, -3.122111992759159443E-16 ) ) ;
#3439 = ORIENTED_EDGE ( 'NONE', *, *, #2617, .T. ) ;
#3440 = CARTESIAN_POINT ( 'NONE',  ( 10.87195463195878808, 0.000000000000000000, -0.1620888030140354152 ) ) ;
#3441 = ORIENTED_EDGE ( 'NONE', *, *, #1036, .T. ) ;
#3442 = CARTESIAN_POINT ( 'NONE',  ( 14.80884008836908450, 0.3750000000000000555, 1.217106256926482555 ) ) ;
#3443 = DIRECTION ( 'NONE',  ( 0.000000000000000000, 1.000000000000000000, 0.000000000000000000 ) ) ;
#3444 = VERTEX_POINT ( 'NONE', #2466 ) ;
#3445 = LINE ( 'NONE', #968, #4473 ) ;
#3446 = DIRECTION ( 'NONE',  ( 0.000000000000000000, 1.000000000000000000, 0.000000000000000000 ) ) ;
#3447 = ORIENTED_EDGE ( 'NONE', *, *, #4709, .T. ) ;
#3448 = DIRECTION ( 'NONE',  ( 0.000000000000000000, -0.000000000000000000, -1.000000000000000000 ) ) ;
#3449 = CARTESIAN_POINT ( 'NONE',  ( 10.99185051130040414, 0.000000000000000000, -0.3049999999999999378 ) ) ;
#3450 = FACE_OUTER_BOUND ( 'NONE', #1337, .T. ) ;
#3451 = CARTESIAN_POINT ( 'NONE',  ( 12.23584008836908232, 0.1100000000000000006, 0.01210625692648231028 ) ) ;
#3452 = ORIENTED_EDGE ( 'NONE', *, *, #2743, .T. ) ;
#3453 = CARTESIAN_POINT ( 'NONE',  ( 4.428840088369081052, 0.07896441934635377302, 1.217106256926482777 ) ) ;
#3454 = ADVANCED_FACE ( 'NONE', ( #290 ), #4145, .T. ) ;
#3455 = CARTESIAN_POINT ( 'NONE',  ( 8.775840088369081471, 0.1100000000000000006, 1.442106256926482644 ) ) ;
#3456 = ORIENTED_EDGE ( 'NONE', *, *, #3313, .T. ) ;
#3457 = DIRECTION ( 'NONE',  ( 1.000000000000000000, 0.000000000000000000, -3.122111992759159443E-16 ) ) ;
#3458 = DIRECTION ( 'NONE',  ( 0.000000000000000000, 0.000000000000000000, 1.000000000000000000 ) ) ;
#3459 = DIRECTION ( 'NONE',  ( 4.438812645433182019E-15, -0.9396926207859092051, -0.3420201433256662704 ) ) ;
#3460 = ORIENTED_EDGE ( 'NONE', *, *, #2773, .F. ) ;
#3461 = EDGE_CURVE ( 'NONE', #1139, #2312, #1487, .T. ) ;
#3462 = CARTESIAN_POINT ( 'NONE',  ( 11.34884008836908542, 0.1100000000000000006, 0.01210625692648241263 ) ) ;
#3463 = VERTEX_POINT ( 'NONE', #947 ) ;
#3464 = DIRECTION ( 'NONE',  ( 0.000000000000000000, 1.000000000000000000, 0.000000000000000000 ) ) ;
#3465 = CARTESIAN_POINT ( 'NONE',  ( 5.315840088369081506, 0.1100000000000000006, 0.6771062569264825193 ) ) ;
#3466 = VERTEX_POINT ( 'NONE', #3451 ) ;
#3467 = DIRECTION ( 'NONE',  ( 0.000000000000000000, 1.000000000000000000, 0.000000000000000000 ) ) ;
#3468 = CARTESIAN_POINT ( 'NONE',  ( 11.34884008836908542, 0.000000000000000000, 0.01210625692648241263 ) ) ;
#3469 = VERTEX_POINT ( 'NONE', #102 ) ;
#3470 = FACE_BOUND ( 'NONE', #1682, .T. ) ;
#3471 = FACE_BOUND ( 'NONE', #220, .T. ) ;
#3472 = CARTESIAN_POINT ( 'NONE',  ( 4.115359562360153767, 0.000000000000000000, -0.3049999999999999933 ) ) ;
#3473 = DIRECTION ( 'NONE',  ( 0.000000000000000000, -0.000000000000000000, 1.000000000000000000 ) ) ;
#3474 = ORIENTED_EDGE ( 'NONE', *, *, #3256, .T. ) ;
#3475 = CARTESIAN_POINT ( 'NONE',  ( 6.260257689473142761, 0.000000000000000000, 0.1400000000000000133 ) ) ;
#3476 = DIRECTION ( 'NONE',  ( 0.000000000000000000, 0.000000000000000000, 1.000000000000000000 ) ) ;
#3477 = VECTOR ( 'NONE', #1676, 39.37007874015748143 ) ;
#3478 = ORIENTED_EDGE ( 'NONE', *, *, #2046, .F. ) ;
#3479 = EDGE_CURVE ( 'NONE', #4352, #713, #869, .T. ) ;
#3480 = EDGE_CURVE ( 'NONE', #986, #1113, #1671, .T. ) ;
#3481 = CARTESIAN_POINT ( 'NONE',  ( 1.855840088369080432, 0.000000000000000000, 0.6771062569264827413 ) ) ;
#3482 = LINE ( 'NONE', #3092, #256 ) ;
#3483 = ORIENTED_EDGE ( 'NONE', *, *, #4167, .T. ) ;
#3484 = VECTOR ( 'NONE', #3214, 39.37007874015748143 ) ;
#3486 = CARTESIAN_POINT ( 'NONE',  ( 15.69584008836908318, 0.1100000000000000006, 1.342106256926482333 ) ) ;
#3485 = VECTOR ( 'NONE', #2130, 39.37007874015748143 ) ;
#3487 = CIRCLE ( 'NONE', #5241, 0.6650000000000001465 ) ;
#3488 = ORIENTED_EDGE ( 'NONE', *, *, #4070, .F. ) ;
#3489 = EDGE_CURVE ( 'NONE', #713, #2603, #1126, .T. ) ;
#3490 = DIRECTION ( 'NONE',  ( -0.000000000000000000, -1.000000000000000000, -0.000000000000000000 ) ) ;
#3491 = VECTOR ( 'NONE', #1634, 39.37007874015748143 ) ;
#3492 = CARTESIAN_POINT ( 'NONE',  ( 7.536850511300405842, 0.3750000000000000555, -0.3049999999999999378 ) ) ;
#3493 = ORIENTED_EDGE ( 'NONE', *, *, #463, .T. ) ;
#3494 = CIRCLE ( 'NONE', #860, 0.1549999999999966960 ) ;
#3495 = CIRCLE ( 'NONE', #4555, 0.1550000000000000266 ) ;
#3496 = ORIENTED_EDGE ( 'NONE', *, *, #4342, .T. ) ;
#3497 = EDGE_CURVE ( 'NONE', #379, #5172, #3428, .T. ) ;
#3498 = ORIENTED_EDGE ( 'NONE', *, *, #2350, .F. ) ;
#3499 = FACE_OUTER_BOUND ( 'NONE', #5110, .T. ) ;
#3500 = EDGE_CURVE ( 'NONE', #3570, #4117, #917, .T. ) ;
#3501 = ORIENTED_EDGE ( 'NONE', *, *, #2236, .F. ) ;
#3502 = FACE_OUTER_BOUND ( 'NONE', #1093, .T. ) ;
#3503 = CIRCLE ( 'NONE', #4111, 0.7650000000000001243 ) ;
#3504 = AXIS2_PLACEMENT_3D ( 'NONE', #1965, #4934, #1590 ) ;
#3505 = LINE ( 'NONE', #5182, #156 ) ;
#3506 = CIRCLE ( 'NONE', #4383, 0.5400000000000002576 ) ;
#3507 = AXIS2_PLACEMENT_3D ( 'NONE', #123, #1858, #3473 ) ;
#3508 = PLANE ( 'NONE',  #2941 ) ;
#3509 = FACE_BOUND ( 'NONE', #526, .T. ) ;
#3510 = VECTOR ( 'NONE', #1499, 39.37007874015748143 ) ;
#3511 = ORIENTED_EDGE ( 'NONE', *, *, #291, .T. ) ;
#3512 = DIRECTION ( 'NONE',  ( 0.000000000000000000, 0.000000000000000000, 1.000000000000000000 ) ) ;
#3513 = ORIENTED_EDGE ( 'NONE', *, *, #5227, .F. ) ;
#3514 = DIRECTION ( 'NONE',  ( 0.9996058356361280373, 0.000000000000000000, -0.02807442541171487407 ) ) ;
#3515 = EDGE_LOOP ( 'NONE', ( #4506, #4316, #3549, #1347 ) ) ;
#3516 = CARTESIAN_POINT ( 'NONE',  ( 8.769840088369079467, 0.3750000000000000555, 0.6771062569264825193 ) ) ;
#3517 = VERTEX_POINT ( 'NONE', #1773 ) ;
#3518 = EDGE_CURVE ( 'NONE', #45, #909, #2072, .T. ) ;
#3519 = VECTOR ( 'NONE', #2521, 39.37007874015748143 ) ;
#3520 = DIRECTION ( 'NONE',  ( 0.000000000000000000, 1.000000000000000000, 0.000000000000000000 ) ) ;
#3521 = ORIENTED_EDGE ( 'NONE', *, *, #5225, .T. ) ;
#3522 = DIRECTION ( 'NONE',  ( 0.000000000000000000, 0.000000000000000000, -1.000000000000000000 ) ) ;
#3523 = DIRECTION ( 'NONE',  ( -0.000000000000000000, -1.000000000000000000, -0.000000000000000000 ) ) ;
#3524 = ORIENTED_EDGE ( 'NONE', *, *, #976, .F. ) ;
#3525 = ADVANCED_FACE ( 'NONE', ( #2516, #429 ), #511, .T. ) ;
#3526 = DIRECTION ( 'NONE',  ( -0.000000000000000000, 1.000000000000000000, -0.000000000000000000 ) ) ;
#3527 = CARTESIAN_POINT ( 'NONE',  ( 12.23584008836908232, 0.000000000000000000, -0.08789374307351774385 ) ) ;
#3528 = ORIENTED_EDGE ( 'NONE', *, *, #3158, .F. ) ;
#3529 = CARTESIAN_POINT ( 'NONE',  ( 0.9688400883690804211, 0.000000000000000000, 1.442106256926482644 ) ) ;
#3530 = CARTESIAN_POINT ( 'NONE',  ( 6.327508224398379788, 0.000000000000000000, -0.1318039101121780132 ) ) ;
#3531 = EDGE_CURVE ( 'NONE', #2412, #60, #1832, .T. ) ;
#3532 = CARTESIAN_POINT ( 'NONE',  ( 11.35484008836908032, 0.3125000000000000000, 1.429106256926482521 ) ) ;
#3533 = FACE_BOUND ( 'NONE', #3257, .T. ) ;
#3534 = ORIENTED_EDGE ( 'NONE', *, *, #405, .F. ) ;
#3535 = DIRECTION ( 'NONE',  ( 0.000000000000000000, -0.3420201433256663259, 0.9396926207859093161 ) ) ;
#3536 = ADVANCED_FACE ( 'NONE', ( #3367 ), #4989, .F. ) ;
#3537 = ORIENTED_EDGE ( 'NONE', *, *, #3434, .T. ) ;
#3538 = CARTESIAN_POINT ( 'NONE',  ( 11.34884008836908365, 0.07896441934635442528, 0.1371062569264823727 ) ) ;
#3539 = VERTEX_POINT ( 'NONE', #2915 ) ;
#3540 = DIRECTION ( 'NONE',  ( 1.000000000000000000, 0.000000000000000000, -0.000000000000000000 ) ) ;
#3541 = ORIENTED_EDGE ( 'NONE', *, *, #126, .T. ) ;
#3542 = DIRECTION ( 'NONE',  ( 0.000000000000000000, 0.000000000000000000, 1.000000000000000000 ) ) ;
#3543 = ORIENTED_EDGE ( 'NONE', *, *, #2763, .T. ) ;
#3544 = CARTESIAN_POINT ( 'NONE',  ( 1.855840088369080432, 0.1100000000000000006, -0.08789374307351734139 ) ) ;
#3545 = DIRECTION ( 'NONE',  ( 0.000000000000000000, 0.000000000000000000, -1.000000000000000000 ) ) ;
#3546 = VERTEX_POINT ( 'NONE', #3022 ) ;
#3547 = ORIENTED_EDGE ( 'NONE', *, *, #998, .F. ) ;
#3548 = DIRECTION ( 'NONE',  ( -0.000000000000000000, -1.000000000000000000, -0.000000000000000000 ) ) ;
#3549 = ORIENTED_EDGE ( 'NONE', *, *, #3381, .F. ) ;
#3550 = DIRECTION ( 'NONE',  ( -0.000000000000000000, -1.000000000000000000, -0.000000000000000000 ) ) ;
#3551 = EDGE_CURVE ( 'NONE', #4368, #2433, #4717, .T. ) ;
#3552 = EDGE_CURVE ( 'NONE', #2824, #2017, #2976, .T. ) ;
#3553 = DIRECTION ( 'NONE',  ( 0.000000000000000000, 1.000000000000000000, 0.000000000000000000 ) ) ;
#3554 = CARTESIAN_POINT ( 'NONE',  ( 3.928815647672321276, 0.3750000000000000555, -0.3049999999999999378 ) ) ;
#3555 = ORIENTED_EDGE ( 'NONE', *, *, #1485, .T. ) ;
#3556 = CARTESIAN_POINT ( 'NONE',  ( 11.34884008836908187, 0.07896441934635377302, 1.217106256926482777 ) ) ;
#3557 = EDGE_CURVE ( 'NONE', #314, #1962, #5347, .T. ) ;
#3558 = CARTESIAN_POINT ( 'NONE',  ( 4.115359562360153767, 0.3750000000000000555, 0.09499999999999998723 ) ) ;
#3559 = VERTEX_POINT ( 'NONE', #4606 ) ;
#3560 = LINE ( 'NONE', #3148, #335 ) ;
#3561 = EDGE_CURVE ( 'NONE', #3270, #5231, #1664, .T. ) ;
#3562 = ORIENTED_EDGE ( 'NONE', *, *, #3331, .T. ) ;
#3563 = AXIS2_PLACEMENT_3D ( 'NONE', #1239, #2799, #2008 ) ;
#3564 = EDGE_CURVE ( 'NONE', #2312, #2501, #2548, .T. ) ;
#3565 = CARTESIAN_POINT ( 'NONE',  ( 14.80884008836908450, 0.1100000000000000006, 0.01210625692648268498 ) ) ;
#3566 = DIRECTION ( 'NONE',  ( 0.000000000000000000, 0.000000000000000000, 1.000000000000000000 ) ) ;
#3567 = VERTEX_POINT ( 'NONE', #5017 ) ;
#3568 = AXIS2_PLACEMENT_3D ( 'NONE', #4253, #1255, #2948 ) ;
#3569 = AXIS2_PLACEMENT_3D ( 'NONE', #2233, #3911, #891 ) ;
#3570 = VERTEX_POINT ( 'NONE', #2106 ) ;
#3571 = DIRECTION ( 'NONE',  ( 1.000000000000000000, 0.000000000000000000, -0.000000000000000000 ) ) ;
#3572 = DIRECTION ( 'NONE',  ( -1.000000000000000000, 0.000000000000000000, 1.539936862268469231E-15 ) ) ;
#3573 = AXIS2_PLACEMENT_3D ( 'NONE', #2569, #476, #2152 ) ;
#3574 = CARTESIAN_POINT ( 'NONE',  ( 11.35484008836908387, 0.3750000000000000555, 1.429106256926482521 ) ) ;
#3575 = EDGE_LOOP ( 'NONE', ( #262, #4013, #2549, #813 ) ) ;
#3576 = AXIS2_PLACEMENT_3D ( 'NONE', #139, #34, #61 ) ;
#3577 = VECTOR ( 'NONE', #2881, 39.37007874015748143 ) ;
#3578 = ORIENTED_EDGE ( 'NONE', *, *, #3392, .F. ) ;
#3579 = LINE ( 'NONE', #1495, #746 ) ;
#3580 = EDGE_LOOP ( 'NONE', ( #4467, #1173, #4728, #3003 ) ) ;
#3581 = CARTESIAN_POINT ( 'NONE',  ( 14.81484008836907940, 0.3125000000000000000, 1.429106256926482521 ) ) ;
#3582 = CARTESIAN_POINT ( 'NONE',  ( 14.80884008836908450, 0.1100000000000000006, 1.442106256926483754 ) ) ;
#3583 = VECTOR ( 'NONE', #3945, 39.37007874015748143 ) ;
#3585 = CIRCLE ( 'NONE', #5419, 0.2499999999999988620 ) ;
#3584 = CYLINDRICAL_SURFACE ( 'NONE', #3950, 0.1549999999999978062 ) ;
#3586 = AXIS2_PLACEMENT_3D ( 'NONE', #1611, #4196, #2512 ) ;
#3587 = EDGE_CURVE ( 'NONE', #540, #3778, #3807, .T. ) ;
#3588 = AXIS2_PLACEMENT_3D ( 'NONE', #2250, #2203, #2613 ) ;
#3589 = DIRECTION ( 'NONE',  ( 0.7029513348070000056, 0.000000000000000000, 0.7112379495591170109 ) ) ;
#3590 = AXIS2_PLACEMENT_3D ( 'NONE', #1090, #192, #3522 ) ;
#3591 = VERTEX_POINT ( 'NONE', #4663 ) ;
#3592 = CYLINDRICAL_SURFACE ( 'NONE', #4192, 0.1549999999999966960 ) ;
#3593 = ORIENTED_EDGE ( 'NONE', *, *, #2067, .F. ) ;
#3594 = VECTOR ( 'NONE', #2864, 39.37007874015748143 ) ;
#3595 = AXIS2_PLACEMENT_3D ( 'NONE', #2784, #2814, #1614 ) ;
#3596 = EDGE_CURVE ( 'NONE', #4052, #352, #3055, .T. ) ;
#3597 = LINE ( 'NONE', #1478, #5414 ) ;
#3598 = VERTEX_POINT ( 'NONE', #999 ) ;
#3599 = CIRCLE ( 'NONE', #2971, 0.7519999999999998908 ) ;
#3600 = FACE_OUTER_BOUND ( 'NONE', #4404, .T. ) ;
#3601 = DIRECTION ( 'NONE',  ( -0.000000000000000000, -1.000000000000000000, -0.000000000000000000 ) ) ;
#3602 = ORIENTED_EDGE ( 'NONE', *, *, #3730, .F. ) ;
#3603 = EDGE_CURVE ( 'NONE', #3612, #3598, #1132, .T. ) ;
#3604 = EDGE_CURVE ( 'NONE', #2529, #4687, #2526, .T. ) ;
#3605 = DIRECTION ( 'NONE',  ( 0.000000000000000000, -0.000000000000000000, 1.000000000000000000 ) ) ;
#3606 = CARTESIAN_POINT ( 'NONE',  ( 11.17839442598823751, 0.3750000000000000555, -0.3049999999999999378 ) ) ;
#3607 = DIRECTION ( 'NONE',  ( 0.000000000000000000, 0.000000000000000000, -1.000000000000000000 ) ) ;
#3608 = ORIENTED_EDGE ( 'NONE', *, *, #1348, .F. ) ;
#3609 = CARTESIAN_POINT ( 'NONE',  ( 7.888840088369082792, 0.000000000000000000, 1.217106256926482777 ) ) ;
#3610 = CARTESIAN_POINT ( 'NONE',  ( 1.898202538678396966E-17, 0.3750000000000000555, 0.1549999999999999989 ) ) ;
#3611 = ADVANCED_FACE ( 'NONE', ( #2670, #4818, #4351, #3533, #2295, #1829, #5230, #4412, #2627, #585, #4767, #4307, #539, #3509, #1796 ), #3912, .T. ) ;
#3612 = VERTEX_POINT ( 'NONE', #5206 ) ;
#3613 = DIRECTION ( 'NONE',  ( -0.000000000000000000, 1.000000000000000000, -0.000000000000000000 ) ) ;
#3614 = CARTESIAN_POINT ( 'NONE',  ( 1.855840088369080432, 0.000000000000000000, 0.1371062569264826503 ) ) ;
#3615 = DIRECTION ( 'NONE',  ( 0.000000000000000000, 1.000000000000000000, 0.000000000000000000 ) ) ;
#3616 = CARTESIAN_POINT ( 'NONE',  ( 6.786850511300405842, 0.000000000000000000, 0.2000000000000000111 ) ) ;
#3617 = ORIENTED_EDGE ( 'NONE', *, *, #3958, .T. ) ;
#3618 = LINE ( 'NONE', #2728, #5064 ) ;
#3619 = ORIENTED_EDGE ( 'NONE', *, *, #2044, .F. ) ;
#3620 = LINE ( 'NONE', #4034, #5247 ) ;
#3621 = ORIENTED_EDGE ( 'NONE', *, *, #3122, .T. ) ;
#3622 = DIRECTION ( 'NONE',  ( 0.000000000000000000, 0.000000000000000000, 1.000000000000000000 ) ) ;
#3623 = EDGE_CURVE ( 'NONE', #2389, #5214, #693, .T. ) ;
#3624 = ORIENTED_EDGE ( 'NONE', *, *, #4693, .F. ) ;
#3625 = EDGE_CURVE ( 'NONE', #540, #4832, #3108, .T. ) ;
#3626 = CARTESIAN_POINT ( 'NONE',  ( 9.082508224398356589, 0.3750000000000000555, -0.3049999999999999378 ) ) ;
#3627 = EDGE_LOOP ( 'NONE', ( #2889, #189, #808, #4643 ) ) ;
#3628 = DIRECTION ( 'NONE',  ( 0.000000000000000000, -1.000000000000000000, 0.000000000000000000 ) ) ;
#3629 = CARTESIAN_POINT ( 'NONE',  ( 1.855840088369080432, 0.3124999999999979461, 0.6771062569264827413 ) ) ;
#3630 = EDGE_CURVE ( 'NONE', #1599, #3750, #5184, .T. ) ;
#3631 = DIRECTION ( 'NONE',  ( 0.000000000000000000, -1.000000000000000000, 0.000000000000000000 ) ) ;
#3632 = VERTEX_POINT ( 'NONE', #2701 ) ;
#3633 = CARTESIAN_POINT ( 'NONE',  ( 12.23584008836908232, 0.1100000000000000006, 0.6771062569264825193 ) ) ;
#3634 = DIRECTION ( 'NONE',  ( 0.000000000000000000, 0.000000000000000000, 1.000000000000000000 ) ) ;
#3635 = EDGE_LOOP ( 'NONE', ( #376, #3547, #2394, #3439 ) ) ;
#3636 = FACE_OUTER_BOUND ( 'NONE', #4410, .T. ) ;
#3637 = CARTESIAN_POINT ( 'NONE',  ( 8.425474621455776969, 0.3750000000000000555, 1.601670632534839989 ) ) ;
#3638 = DIRECTION ( 'NONE',  ( 1.000000000000000000, 0.000000000000000000, 0.000000000000000000 ) ) ;
#3639 = FACE_OUTER_BOUND ( 'NONE', #1782, .T. ) ;
#3640 = EDGE_LOOP ( 'NONE', ( #2517, #1088, #327, #2285 ) ) ;
#3641 = PLANE ( 'NONE',  #5234 ) ;
#3642 = ORIENTED_EDGE ( 'NONE', *, *, #4424, .F. ) ;
#3643 = CARTESIAN_POINT ( 'NONE',  ( 7.888840088369080128, 0.3124999999999979461, 0.6771062569264827413 ) ) ;
#3644 = EDGE_LOOP ( 'NONE', ( #721, #3488, #1496, #4442 ) ) ;
#3645 = LINE ( 'NONE', #2435, #1038 ) ;
#3646 = ORIENTED_EDGE ( 'NONE', *, *, #3036, .T. ) ;
#3647 = DIRECTION ( 'NONE',  ( -0.000000000000000000, -1.000000000000000000, -0.000000000000000000 ) ) ;
#3648 = EDGE_LOOP ( 'NONE', ( #2737, #2523, #1976, #4566 ) ) ;
#3649 = EDGE_CURVE ( 'NONE', #3731, #5219, #1423, .T. ) ;
#3650 = CARTESIAN_POINT ( 'NONE',  ( 5.315840088369081506, 0.1100000000000000006, 0.6771062569264825193 ) ) ;
#3651 = CARTESIAN_POINT ( 'NONE',  ( 5.315840088369079730, 0.3124999999999979461, 0.05210625692648280377 ) ) ;
#3652 = DIRECTION ( 'NONE',  ( 0.000000000000000000, 0.000000000000000000, 1.000000000000000000 ) ) ;
#3653 = ORIENTED_EDGE ( 'NONE', *, *, #55, .T. ) ;
#3654 = AXIS2_PLACEMENT_3D ( 'NONE', #3009, #3409, #112 ) ;
#3655 = ADVANCED_FACE ( 'NONE', ( #1472 ), #3057, .T. ) ;
#3656 = LINE ( 'NONE', #3330, #3826 ) ;
#3657 = VECTOR ( 'NONE', #3457, 39.37007874015748143 ) ;
#3658 = ORIENTED_EDGE ( 'NONE', *, *, #4006, .T. ) ;
#3659 = DIRECTION ( 'NONE',  ( -0.9996058356361280373, 0.000000000000000000, 0.02807442541171486713 ) ) ;
#3660 = CIRCLE ( 'NONE', #1022, 0.7650000000000001243 ) ;
#3661 = DIRECTION ( 'NONE',  ( 0.000000000000000000, 0.000000000000000000, 1.000000000000000000 ) ) ;
#3662 = FACE_OUTER_BOUND ( 'NONE', #836, .T. ) ;
#3663 = AXIS2_PLACEMENT_3D ( 'NONE', #1164, #4190, #3305 ) ;
#3664 = ADVANCED_FACE ( 'NONE', ( #205 ), #3142, .T. ) ;
#3665 = CIRCLE ( 'NONE', #1291, 0.5400000000000001465 ) ;
#3666 = EDGE_CURVE ( 'NONE', #3463, #2436, #2950, .T. ) ;
#3667 = DIRECTION ( 'NONE',  ( 0.000000000000000000, -1.000000000000000000, 0.000000000000000000 ) ) ;
#3668 = ORIENTED_EDGE ( 'NONE', *, *, #3020, .F. ) ;
#3669 = DIRECTION ( 'NONE',  ( -1.000000000000000000, 0.000000000000000000, -0.000000000000000000 ) ) ;
#3670 = AXIS2_PLACEMENT_3D ( 'NONE', #453, #2934, #829 ) ;
#3671 = ORIENTED_EDGE ( 'NONE', *, *, #3557, .T. ) ;
#3672 = VECTOR ( 'NONE', #4842, 39.37007874015748143 ) ;
#3673 = AXIS2_PLACEMENT_3D ( 'NONE', #2761, #2739, #4446 ) ;
#3674 = DIRECTION ( 'NONE',  ( -0.000000000000000000, 1.000000000000000000, -0.000000000000000000 ) ) ;
#3675 = VERTEX_POINT ( 'NONE', #2205 ) ;
#3676 = DIRECTION ( 'NONE',  ( 0.000000000000000000, 1.000000000000000000, 0.000000000000000000 ) ) ;
#3677 = VERTEX_POINT ( 'NONE', #4266 ) ;
#3678 = DIRECTION ( 'NONE',  ( -0.000000000000000000, -1.000000000000000000, -0.000000000000000000 ) ) ;
#3679 = ORIENTED_EDGE ( 'NONE', *, *, #1532, .T. ) ;
#3680 = CIRCLE ( 'NONE', #2790, 0.6249999999999998890 ) ;
#3681 = AXIS2_PLACEMENT_3D ( 'NONE', #5014, #2153, #477 ) ;
#3682 = ORIENTED_EDGE ( 'NONE', *, *, #4927, .F. ) ;
#3683 = DIRECTION ( 'NONE',  ( -0.000000000000000000, -1.000000000000000000, -0.000000000000000000 ) ) ;
#3684 = DIRECTION ( 'NONE',  ( 0.000000000000000000, -1.000000000000000000, 0.000000000000000000 ) ) ;
#3685 = PLANE ( 'NONE',  #1218 ) ;
#3686 = ORIENTED_EDGE ( 'NONE', *, *, #763, .T. ) ;
#3687 = AXIS2_PLACEMENT_3D ( 'NONE', #76, #1717, #513 ) ;
#3688 = LINE ( 'NONE', #4594, #4353 ) ;
#3689 = ORIENTED_EDGE ( 'NONE', *, *, #2578, .T. ) ;
#3690 = DIRECTION ( 'NONE',  ( 1.000000000000000000, 0.000000000000000000, -3.122111992759159443E-16 ) ) ;
#3691 = DIRECTION ( 'NONE',  ( -0.000000000000000000, -1.000000000000000000, -0.000000000000000000 ) ) ;
#3692 = LINE ( 'NONE', #3192, #1047 ) ;
#3693 = EDGE_CURVE ( 'NONE', #196, #2824, #1836, .T. ) ;
#3694 = DIRECTION ( 'NONE',  ( 0.000000000000000000, -1.000000000000000000, 0.000000000000000000 ) ) ;
#3695 = ORIENTED_EDGE ( 'NONE', *, *, #4306, .F. ) ;
#3696 = DIRECTION ( 'NONE',  ( -0.000000000000000000, -1.000000000000000000, -0.000000000000000000 ) ) ;
#3697 = ORIENTED_EDGE ( 'NONE', *, *, #1198, .F. ) ;
#3698 = EDGE_CURVE ( 'NONE', #49, #5372, #149, .T. ) ;
#3699 = CARTESIAN_POINT ( 'NONE',  ( 4.434840088369080391, 0.3125000000000000000, 0.6771062569264827413 ) ) ;
#3700 = ORIENTED_EDGE ( 'NONE', *, *, #2711, .F. ) ;
#3701 = LINE ( 'NONE', #2862, #1399 ) ;
#3702 = ORIENTED_EDGE ( 'NONE', *, *, #2648, .T. ) ;
#3703 = CARTESIAN_POINT ( 'NONE',  ( -0.2500000000000000555, 0.000000000000000000, -0.3049999999999999933 ) ) ;
#3704 = EDGE_LOOP ( 'NONE', ( #74, #4344, #107, #3427 ) ) ;
#3705 = ADVANCED_FACE ( 'NONE', ( #3015, #2589 ), #1355, .T. ) ;
#3706 = VERTEX_POINT ( 'NONE', #3046 ) ;
#3707 = DIRECTION ( 'NONE',  ( 0.000000000000000000, 0.000000000000000000, -1.000000000000000000 ) ) ;
#3708 = LINE ( 'NONE', #357, #2781 ) ;
#3709 = FACE_OUTER_BOUND ( 'NONE', #4171, .T. ) ;
#3710 = VERTEX_POINT ( 'NONE', #449 ) ;
#3711 = CARTESIAN_POINT ( 'NONE',  ( 5.315840088369081506, 0.3750000000000000555, 1.217106256926482777 ) ) ;
#3712 = ORIENTED_EDGE ( 'NONE', *, *, #3630, .F. ) ;
#3713 = DIRECTION ( 'NONE',  ( 0.000000000000000000, 0.000000000000000000, 1.000000000000000000 ) ) ;
#3714 = DIRECTION ( 'NONE',  ( -0.000000000000000000, -1.000000000000000000, -0.000000000000000000 ) ) ;
#3715 = CYLINDRICAL_SURFACE ( 'NONE', #2371, 0.1549999999999966960 ) ;
#3716 = EDGE_CURVE ( 'NONE', #1593, #3469, #1267, .T. ) ;
#3717 = LINE ( 'NONE', #1629, #4794 ) ;
#3718 = EDGE_CURVE ( 'NONE', #2449, #4530, #1329, .T. ) ;
#3719 = VERTEX_POINT ( 'NONE', #32 ) ;
#3720 = CARTESIAN_POINT ( 'NONE',  ( 3.178815647672321276, 0.3750000000000000555, 0.2000000000000000111 ) ) ;
#3721 = VERTEX_POINT ( 'NONE', #2149 ) ;
#3722 = CARTESIAN_POINT ( 'NONE',  ( -0.2500000000000000555, 0.3750000000000000555, -0.3049999999999999933 ) ) ;
#3723 = EDGE_CURVE ( 'NONE', #3040, #4933, #872, .T. ) ;
#3724 = EDGE_LOOP ( 'NONE', ( #1880, #2417, #603, #3914 ) ) ;
#3725 = PLANE ( 'NONE',  #2095 ) ;
#3726 = EDGE_LOOP ( 'NONE', ( #4512, #1966, #2490, #1574 ) ) ;
#3727 = FACE_OUTER_BOUND ( 'NONE', #3277, .T. ) ;
#3728 = ADVANCED_FACE ( 'NONE', ( #3858 ), #4738, .T. ) ;
#3729 = DIRECTION ( 'NONE',  ( 0.9707282504006573554, 0.000000000000000000, 0.2401804818757738436 ) ) ;
#3730 = EDGE_CURVE ( 'NONE', #2025, #3202, #4322, .T. ) ;
#3731 = VERTEX_POINT ( 'NONE', #8 ) ;
#3732 = PLANE ( 'NONE',  #5319 ) ;
#3733 = CARTESIAN_POINT ( 'NONE',  ( 0.9748400883690804264, 0.3125000000000000000, 1.429106256926482521 ) ) ;
#3734 = DIRECTION ( 'NONE',  ( 0.000000000000000000, 0.000000000000000000, -1.000000000000000000 ) ) ;
#3735 = ORIENTED_EDGE ( 'NONE', *, *, #3623, .F. ) ;
#3736 = LINE ( 'NONE', #4920, #3113 ) ;
#3737 = ORIENTED_EDGE ( 'NONE', *, *, #806, .T. ) ;
#3738 = CARTESIAN_POINT ( 'NONE',  ( 1.855840088369080432, 0.1100000000000000006, 0.01210625692648258263 ) ) ;
#3739 = AXIS2_PLACEMENT_3D ( 'NONE', #2958, #882, #2987 ) ;
#3740 = DIRECTION ( 'NONE',  ( 0.000000000000000000, 0.000000000000000000, 1.000000000000000000 ) ) ;
#3741 = DIRECTION ( 'NONE',  ( -0.000000000000000000, 1.000000000000000000, -0.000000000000000000 ) ) ;
#3742 = CIRCLE ( 'NONE', #1394, 0.1549999999999998601 ) ;
#3743 = ORIENTED_EDGE ( 'NONE', *, *, #3831, .F. ) ;
#3744 = DIRECTION ( 'NONE',  ( 0.000000000000000000, 0.000000000000000000, 1.000000000000000000 ) ) ;
#3745 = CARTESIAN_POINT ( 'NONE',  ( 0.9688400883690779786, 0.1100000000000000006, 0.01210625692648254967 ) ) ;
#3746 = AXIS2_PLACEMENT_3D ( 'NONE', #1878, #229, #204 ) ;
#3747 = EDGE_CURVE ( 'NONE', #185, #3983, #1685, .T. ) ;
#3748 = CARTESIAN_POINT ( 'NONE',  ( 0.9688400883690804211, 0.3124999999999979461, 1.302106256926482297 ) ) ;
#3749 = AXIS2_PLACEMENT_3D ( 'NONE', #3411, #5053, #527 ) ;
#3750 = VERTEX_POINT ( 'NONE', #1383 ) ;
#3751 = CARTESIAN_POINT ( 'NONE',  ( -0.2991836189880676677, 0.3750000000000000555, -0.1188680329713446560 ) ) ;
#3752 = ORIENTED_EDGE ( 'NONE', *, *, #616, .F. ) ;
#3753 = CARTESIAN_POINT ( 'NONE',  ( 11.34884008836908187, 0.3124999999999979461, 1.302106256926482519 ) ) ;
#3754 = EDGE_CURVE ( 'NONE', #2364, #3109, #3445, .T. ) ;
#3755 = VECTOR ( 'NONE', #2694, 39.37007874015748143 ) ;
#3756 = AXIS2_PLACEMENT_3D ( 'NONE', #2447, #2897, #5322 ) ;
#3757 = EDGE_CURVE ( 'NONE', #1276, #3818, #887, .T. ) ;
#3758 = VECTOR ( 'NONE', #4715, 39.37007874015748143 ) ;
#3759 = FACE_OUTER_BOUND ( 'NONE', #1523, .T. ) ;
#3760 = ORIENTED_EDGE ( 'NONE', *, *, #1243, .T. ) ;
#3762 = CARTESIAN_POINT ( 'NONE',  ( 7.888840088369082792, 0.000000000000000000, 0.01210625692648241263 ) ) ;
#3761 = AXIS2_PLACEMENT_3D ( 'NONE', #2587, #3443, #2305 ) ;
#3763 = AXIS2_PLACEMENT_3D ( 'NONE', #4059, #5315, #4525 ) ;
#3764 = DIRECTION ( 'NONE',  ( 1.000000000000000000, 0.000000000000000000, -3.122111992759159443E-16 ) ) ;
#3765 = ORIENTED_EDGE ( 'NONE', *, *, #2972, .T. ) ;
#3766 = CARTESIAN_POINT ( 'NONE',  ( 5.674830827888587947, 0.000000000000000000, -0.2932913001602628356 ) ) ;
#3767 = VERTEX_POINT ( 'NONE', #4681 ) ;
#3768 = ADVANCED_FACE ( 'NONE', ( #5118 ), #2096, .F. ) ;
#3769 = VECTOR ( 'NONE', #2952, 39.37007874015748143 ) ;
#3770 = AXIS2_PLACEMENT_3D ( 'NONE', #1296, #2929, #3881 ) ;
#3771 = CARTESIAN_POINT ( 'NONE',  ( 5.315840088369081506, 0.1100000000000000006, 0.6771062569264825193 ) ) ;
#3772 = VERTEX_POINT ( 'NONE', #3382 ) ;
#3773 = FACE_OUTER_BOUND ( 'NONE', #760, .T. ) ;
#3774 = VECTOR ( 'NONE', #4075, 39.37007874015748854 ) ;
#3775 = DIRECTION ( 'NONE',  ( 0.000000000000000000, 0.000000000000000000, 1.000000000000000000 ) ) ;
#3776 = CARTESIAN_POINT ( 'NONE',  ( 11.34884008836908542, 0.1100000000000000006, -0.08789374307351774385 ) ) ;
#3777 = CARTESIAN_POINT ( 'NONE',  ( 12.23584008836908232, 0.1100000000000000006, 0.6771062569264825193 ) ) ;
#3778 = VERTEX_POINT ( 'NONE', #4242 ) ;
#3779 = CARTESIAN_POINT ( 'NONE',  ( 14.81484008836907940, 0.3125000000000000000, -0.07489374307351720494 ) ) ;
#3780 = CARTESIAN_POINT ( 'NONE',  ( 14.81484008836907940, 0.3750000000000000555, -0.07489374307351720494 ) ) ;
#3781 = LINE ( 'NONE', #3722, #2178 ) ;
#3782 = ORIENTED_EDGE ( 'NONE', *, *, #4693, .T. ) ;
#3783 = DIRECTION ( 'NONE',  ( -1.000000000000000000, 0.000000000000000000, 0.000000000000000000 ) ) ;
#3784 = ORIENTED_EDGE ( 'NONE', *, *, #3649, .T. ) ;
#3785 = CARTESIAN_POINT ( 'NONE',  ( 6.786850511300405842, 0.000000000000000000, 0.2000000000000000111 ) ) ;
#3786 = LINE ( 'NONE', #2494, #2554 ) ;
#3787 = ORIENTED_EDGE ( 'NONE', *, *, #793, .T. ) ;
#3788 = ADVANCED_FACE ( 'NONE', ( #499 ), #2567, .T. ) ;
#3789 = CARTESIAN_POINT ( 'NONE',  ( 5.315840088369081506, 0.1100000000000000006, 1.442106256926482644 ) ) ;
#3790 = EDGE_CURVE ( 'NONE', #2017, #4605, #3947, .T. ) ;
#3791 = DIRECTION ( 'NONE',  ( 0.000000000000000000, 1.000000000000000000, 0.000000000000000000 ) ) ;
#3792 = DIRECTION ( 'NONE',  ( 0.9996058356361280373, 0.000000000000000000, -0.02807442541171487407 ) ) ;
#3793 = ORIENTED_EDGE ( 'NONE', *, *, #1415, .F. ) ;
#3794 = LINE ( 'NONE', #4615, #1806 ) ;
#3795 = ORIENTED_EDGE ( 'NONE', *, *, #4743, .F. ) ;
#3796 = EDGE_CURVE ( 'NONE', #3170, #1492, #4995, .T. ) ;
#3797 = CYLINDRICAL_SURFACE ( 'NONE', #5329, 0.5400000000000002576 ) ;
#3798 = DIRECTION ( 'NONE',  ( 1.000000000000000000, -0.000000000000000000, -7.699684311342365876E-17 ) ) ;
#3799 = CARTESIAN_POINT ( 'NONE',  ( 12.23584008836908232, 0.1100000000000000006, 0.6771062569264825193 ) ) ;
#3800 = ADVANCED_FACE ( 'NONE', ( #2570 ), #3423, .T. ) ;
#3801 = DIRECTION ( 'NONE',  ( 0.000000000000000000, 1.000000000000000000, 0.000000000000000000 ) ) ;
#3802 = ORIENTED_EDGE ( 'NONE', *, *, #5032, .T. ) ;
#3803 = DIRECTION ( 'NONE',  ( 1.980589795406590409E-14, 0.000000000000000000, 1.000000000000000000 ) ) ;
#3804 = CARTESIAN_POINT ( 'NONE',  ( 5.315840088369079730, 0.3124999999999979461, 1.302106256926482519 ) ) ;
#3805 = LINE ( 'NONE', #38, #3030 ) ;
#3806 = EDGE_LOOP ( 'NONE', ( #1588, #4480, #2671, #2925 ) ) ;
#3807 = LINE ( 'NONE', #1715, #1118 ) ;
#3808 = ORIENTED_EDGE ( 'NONE', *, *, #4093, .T. ) ;
#3809 = DIRECTION ( 'NONE',  ( 0.000000000000000000, 0.000000000000000000, 1.000000000000000000 ) ) ;
#3810 = CARTESIAN_POINT ( 'NONE',  ( 8.121065057584534230, 0.3750000000000000555, 1.909668673527836091 ) ) ;
#3811 = EDGE_LOOP ( 'NONE', ( #3237, #5028, #148, #3405 ) ) ;
#3812 = DIRECTION ( 'NONE',  ( -1.000000000000000000, 0.000000000000000000, 0.000000000000000000 ) ) ;
#3813 = CARTESIAN_POINT ( 'NONE',  ( 10.24185051130040414, 0.3750000000000000555, 0.2000000000000000111 ) ) ;
#3814 = DIRECTION ( 'NONE',  ( -1.000000000000000000, 0.000000000000000000, -0.000000000000000000 ) ) ;
#3815 = EDGE_LOOP ( 'NONE', ( #4263, #4498, #157, #2239 ) ) ;
#3816 = EDGE_CURVE ( 'NONE', #1005, #2028, #3386, .T. ) ;
#3817 = CARTESIAN_POINT ( 'NONE',  ( 8.352077681715181612, 0.3750000000000000555, 1.675932798833090320 ) ) ;
#3818 = VERTEX_POINT ( 'NONE', #5096 ) ;
#3819 = CARTESIAN_POINT ( 'NONE',  ( 6.978375382568811958, 0.000000000000000000, 0.3606805018837709875 ) ) ;
#3820 = LINE ( 'NONE', #4597, #2094 ) ;
#3821 = EDGE_LOOP ( 'NONE', ( #613, #4750, #4321, #4981 ) ) ;
#3822 =( LENGTH_UNIT ( ) NAMED_UNIT ( * ) SI_UNIT ( $, .METRE. ) );
#3823 = EDGE_CURVE ( 'NONE', #909, #2436, #4627, .T. ) ;
#3824 = DIRECTION ( 'NONE',  ( -0.000000000000000000, -1.000000000000000000, -0.000000000000000000 ) ) ;
#3825 = CARTESIAN_POINT ( 'NONE',  ( 1.855840088369080432, 0.000000000000000000, 1.217106256926482777 ) ) ;
#3826 = VECTOR ( 'NONE', #2452, 39.37007874015748143 ) ;
#3827 = ORIENTED_EDGE ( 'NONE', *, *, #1619, .T. ) ;
#3828 = DIRECTION ( 'NONE',  ( 0.000000000000000000, -0.000000000000000000, 1.000000000000000000 ) ) ;
#3829 = CARTESIAN_POINT ( 'NONE',  ( 1.849840088369079982, 0.3750000000000000555, -0.07489374307351720494 ) ) ;
#3830 = CIRCLE ( 'NONE', #1463, 0.2500000000000014433 ) ;
#3831 = EDGE_CURVE ( 'NONE', #4652, #2275, #4033, .T. ) ;
#3832 = CARTESIAN_POINT ( 'NONE',  ( 7.894840088369080355, 0.3750000000000000555, -0.07489374307351720494 ) ) ;
#3833 = ORIENTED_EDGE ( 'NONE', *, *, #4475, .F. ) ;
#3834 = VECTOR ( 'NONE', #2579, 39.37007874015748143 ) ;
#3835 = CARTESIAN_POINT ( 'NONE',  ( 3.928815647672321276, 0.000000000000000000, -0.3049999999999999378 ) ) ;
#3836 = VECTOR ( 'NONE', #1385, 39.37007874015748143 ) ;
#3837 = EDGE_LOOP ( 'NONE', ( #3347, #3671, #2409, #3578 ) ) ;
#3838 = LINE ( 'NONE', #5072, #696 ) ;
#3839 = VECTOR ( 'NONE', #3696, 39.37007874015748143 ) ;
#3840 = CARTESIAN_POINT ( 'NONE',  ( -0.3988197544642851922, 0.3750000000000000555, 1.192207409216950564 ) ) ;
#3841 = VECTOR ( 'NONE', #1777, 39.37007874015748143 ) ;
#3842 = ORIENTED_EDGE ( 'NONE', *, *, #1850, .F. ) ;
#3843 = DIRECTION ( 'NONE',  ( -1.000000000000000000, -0.000000000000000000, -0.000000000000000000 ) ) ;
#3844 = CARTESIAN_POINT ( 'NONE',  ( 7.723394425988239220, 0.3750000000000000555, 0.09499999999999998723 ) ) ;
#3845 = VECTOR ( 'NONE', #471, 39.37007874015748143 ) ;
#3846 = DIRECTION ( 'NONE',  ( 0.000000000000000000, 0.000000000000000000, -1.000000000000000000 ) ) ;
#3847 = ORIENTED_EDGE ( 'NONE', *, *, #1384, .T. ) ;
#3848 = AXIS2_PLACEMENT_3D ( 'NONE', #2546, #2489, #4952 ) ;
#3849 = AXIS2_PLACEMENT_3D ( 'NONE', #4941, #1283, #4125 ) ;
#3850 = CIRCLE ( 'NONE', #772, 0.1549999999999999989 ) ;
#3851 = LINE ( 'NONE', #2561, #1373 ) ;
#3852 = VERTEX_POINT ( 'NONE', #4223 ) ;
#3853 = CARTESIAN_POINT ( 'NONE',  ( 8.775840088369081471, 0.3750000000000000555, 0.6771062569264825193 ) ) ;
#3854 = LINE ( 'NONE', #5195, #4288 ) ;
#3855 = VERTEX_POINT ( 'NONE', #1333 ) ;
#3856 = AXIS2_PLACEMENT_3D ( 'NONE', #3785, #2026, #4996 ) ;
#3857 = CIRCLE ( 'NONE', #3504, 0.1550000000000000266 ) ;
#3858 = FACE_OUTER_BOUND ( 'NONE', #3017, .T. ) ;
#3859 = DIRECTION ( 'NONE',  ( 1.000000000000000000, 0.000000000000000000, -3.122111992759159443E-16 ) ) ;
#3860 = ORIENTED_EDGE ( 'NONE', *, *, #497, .T. ) ;
#3861 = DIRECTION ( 'NONE',  ( 0.000000000000000000, 1.000000000000000000, 0.000000000000000000 ) ) ;
#3862 = EDGE_CURVE ( 'NONE', #2166, #5169, #432, .T. ) ;
#3863 = CARTESIAN_POINT ( 'NONE',  ( 7.536850511300405842, 0.000000000000000000, -0.3049999999999999378 ) ) ;
#3864 = LINE ( 'NONE', #2650, #4272 ) ;
#3865 = EDGE_CURVE ( 'NONE', #4281, #5231, #4245, .T. ) ;
#3866 = DIRECTION ( 'NONE',  ( 0.000000000000000000, 1.000000000000000000, 0.000000000000000000 ) ) ;
#3867 = ORIENTED_EDGE ( 'NONE', *, *, #5430, .F. ) ;
#3868 = CARTESIAN_POINT ( 'NONE',  ( 3.808919768330704336, 0.000000000000000000, -0.1620888030140339442 ) ) ;
#3869 = CARTESIAN_POINT ( 'NONE',  ( 11.34884008836908187, 0.3124999999999979461, 0.05210625692648283847 ) ) ;
#3870 = VECTOR ( 'NONE', #3526, 39.37007874015748143 ) ;
#3871 = EDGE_LOOP ( 'NONE', ( #1553, #1433, #1175, #4148 ) ) ;
#3872 = PLANE ( 'NONE',  #4792 ) ;
#3873 = FACE_OUTER_BOUND ( 'NONE', #2653, .T. ) ;
#3874 = CARTESIAN_POINT ( 'NONE',  ( 13.49688369930709086, 0.3750000000000000555, 1.601670632534839989 ) ) ;
#3875 = ORIENTED_EDGE ( 'NONE', *, *, #794, .T. ) ;
#3876 = DIRECTION ( 'NONE',  ( -0.000000000000000000, -1.000000000000000000, -0.000000000000000000 ) ) ;
#3877 = VERTEX_POINT ( 'NONE', #3829 ) ;
#3878 = DIRECTION ( 'NONE',  ( -0.000000000000000000, -1.000000000000000000, -0.000000000000000000 ) ) ;
#3879 = DIRECTION ( 'NONE',  ( 0.9974586998307349850, 0.000000000000000000, 0.07124704998790870603 ) ) ;
#3880 = VERTEX_POINT ( 'NONE', #2544 ) ;
#3881 = DIRECTION ( 'NONE',  ( 0.000000000000000000, 0.000000000000000000, 1.000000000000000000 ) ) ;
#3882 = DIRECTION ( 'NONE',  ( 4.438812645433182019E-15, -0.9396926207859092051, -0.3420201433256662704 ) ) ;
#3883 = ORIENTED_EDGE ( 'NONE', *, *, #4297, .T. ) ;
#3884 = LINE ( 'NONE', #2666, #4628 ) ;
#3885 = ORIENTED_EDGE ( 'NONE', *, *, #3325, .F. ) ;
#3886 = DIRECTION ( 'NONE',  ( 1.000000000000000000, 0.000000000000000000, 2.064423126679161354E-18 ) ) ;
#3887 = ADVANCED_FACE ( 'NONE', ( #65 ), #4581, .T. ) ;
#3888 = EDGE_CURVE ( 'NONE', #2387, #2370, #4384, .T. ) ;
#3889 = CARTESIAN_POINT ( 'NONE',  ( 1.855840088369080654, 0.1100000000000000006, 1.442106256926482644 ) ) ;
#3890 = DIRECTION ( 'NONE',  ( -0.000000000000000000, -1.000000000000000000, -0.000000000000000000 ) ) ;
#3891 = ORIENTED_EDGE ( 'NONE', *, *, #5032, .F. ) ;
#3892 = CARTESIAN_POINT ( 'NONE',  ( 8.775840088369079695, 0.3125000000000000000, 0.05210625692648205437 ) ) ;
#3893 = ADVANCED_FACE ( 'NONE', ( #914 ), #3363, .F. ) ;
#3894 = CARTESIAN_POINT ( 'NONE',  ( 2.688000000000000611, 0.000000000000000000, 0.1550000000000000266 ) ) ;
#3895 = ORIENTED_EDGE ( 'NONE', *, *, #4526, .F. ) ;
#3896 = DIRECTION ( 'NONE',  ( 0.000000000000000000, 1.000000000000000000, 0.000000000000000000 ) ) ;
#3897 = DIRECTION ( 'NONE',  ( 0.000000000000000000, 1.000000000000000000, 0.000000000000000000 ) ) ;
#3898 = ORIENTED_EDGE ( 'NONE', *, *, #2812, .F. ) ;
#3899 = ADVANCED_FACE ( 'NONE', ( #2510 ), #5084, .F. ) ;
#3900 = EDGE_CURVE ( 'NONE', #361, #3855, #2594, .T. ) ;
#3901 = DIRECTION ( 'NONE',  ( -0.000000000000000000, -1.000000000000000000, -0.000000000000000000 ) ) ;
#3902 = ORIENTED_EDGE ( 'NONE', *, *, #668, .T. ) ;
#3903 = DIRECTION ( 'NONE',  ( 0.000000000000000000, 1.000000000000000000, 0.000000000000000000 ) ) ;
#3904 = DIRECTION ( 'NONE',  ( 0.6427220075350847939, -0.000000000000000000, -0.7660994850736231321 ) ) ;
#3905 = VERTEX_POINT ( 'NONE', #2970 ) ;
#3906 = VERTEX_POINT ( 'NONE', #2183 ) ;
#3907 = CARTESIAN_POINT ( 'NONE',  ( 14.80884008836908450, 0.000000000000000000, 0.6771062569264825193 ) ) ;
#3908 = ORIENTED_EDGE ( 'NONE', *, *, #4571, .F. ) ;
#3909 = DIRECTION ( 'NONE',  ( -0.000000000000000000, -1.000000000000000000, -0.000000000000000000 ) ) ;
#3910 = PLANE ( 'NONE',  #1475 ) ;
#3911 = DIRECTION ( 'NONE',  ( 0.7660994850736235762, 0.000000000000000000, 0.6427220075350843498 ) ) ;
#3912 = PLANE ( 'NONE',  #3507 ) ;
#3913 = EDGE_CURVE ( 'NONE', #4564, #1774, #2102, .T. ) ;
#3914 = ORIENTED_EDGE ( 'NONE', *, *, #3248, .F. ) ;
#3915 = AXIS2_PLACEMENT_3D ( 'NONE', #1008, #1455, #5215 ) ;
#3916 = CARTESIAN_POINT ( 'NONE',  ( 6.786850511300405842, 0.000000000000000000, 0.2000000000000000111 ) ) ;
#3917 = AXIS2_PLACEMENT_3D ( 'NONE', #4396, #3605, #3571 ) ;
#3918 = ORIENTED_EDGE ( 'NONE', *, *, #5082, .F. ) ;
#3919 = CIRCLE ( 'NONE', #5148, 0.7650000000000001243 ) ;
#3920 = LINE ( 'NONE', #2299, #4646 ) ;
#3921 = EDGE_CURVE ( 'NONE', #4437, #379, #5242, .T. ) ;
#3922 = ORIENTED_EDGE ( 'NONE', *, *, #4967, .T. ) ;
#3923 = EDGE_CURVE ( 'NONE', #702, #3612, #3340, .T. ) ;
#3924 = FACE_BOUND ( 'NONE', #2162, .T. ) ;
#3925 = ORIENTED_EDGE ( 'NONE', *, *, #3012, .T. ) ;
#3926 = CIRCLE ( 'NONE', #4879, 0.2500000000000001110 ) ;
#3928 = PLANE ( 'NONE',  #2602 ) ;
#3927 = VECTOR ( 'NONE', #4271, 39.37007874015748143 ) ;
#3929 = AXIS2_PLACEMENT_3D ( 'NONE', #3070, #3490, #549 ) ;
#3930 = ORIENTED_EDGE ( 'NONE', *, *, #1711, .T. ) ;
#3931 = DIRECTION ( 'NONE',  ( 0.000000000000000000, 0.000000000000000000, 1.000000000000000000 ) ) ;
#3932 = ADVANCED_FACE ( 'NONE', ( #394 ), #2065, .T. ) ;
#3933 = AXIS2_PLACEMENT_3D ( 'NONE', #2270, #1800, #4667 ) ;
#3934 = CARTESIAN_POINT ( 'NONE',  ( 4.434840088369080391, 0.3125000000000000000, 0.6771062569264827413 ) ) ;
#3935 = EDGE_LOOP ( 'NONE', ( #3543, #3338, #3332, #3099 ) ) ;
#3936 = CIRCLE ( 'NONE', #1565, 0.6249999999999998890 ) ;
#3937 = AXIS2_PLACEMENT_3D ( 'NONE', #3629, #1947, #2661 ) ;
#3938 = EDGE_LOOP ( 'NONE', ( #3617, #4678, #2700, #484 ) ) ;
#3939 = CARTESIAN_POINT ( 'NONE',  ( 0.9688400883690804211, 0.3124999999999979461, 0.05210625692648283847 ) ) ;
#3940 = EDGE_LOOP ( 'NONE', ( #3183, #2019 ) ) ;
#3941 = ORIENTED_EDGE ( 'NONE', *, *, #2107, .F. ) ;
#3942 = CYLINDRICAL_SURFACE ( 'NONE', #3573, 0.7519999999999997797 ) ;
#3943 = CIRCLE ( 'NONE', #2962, 0.1550000000000000266 ) ;
#3944 = AXIS2_PLACEMENT_3D ( 'NONE', #2386, #2491, #3622 ) ;
#3945 = DIRECTION ( 'NONE',  ( -1.000000000000000000, -0.000000000000000000, -0.000000000000000000 ) ) ;
#3946 = AXIS2_PLACEMENT_3D ( 'NONE', #2582, #4255, #1405 ) ;
#3947 = CIRCLE ( 'NONE', #5429, 0.2500000000000000000 ) ;
#3948 = CARTESIAN_POINT ( 'NONE',  ( 7.723394425988239220, 0.3750000000000000555, 0.09499999999999998723 ) ) ;
#3949 = CARTESIAN_POINT ( 'NONE',  ( 4.428840088369081940, 0.3750000000000000555, 0.1371062569264823727 ) ) ;
#3950 = AXIS2_PLACEMENT_3D ( 'NONE', #5258, #43, #283 ) ;
#3951 = ORIENTED_EDGE ( 'NONE', *, *, #1912, .F. ) ;
#3952 = DIRECTION ( 'NONE',  ( 0.000000000000000000, -0.000000000000000000, 1.000000000000000000 ) ) ;
#3953 = ORIENTED_EDGE ( 'NONE', *, *, #3693, .F. ) ;
#3954 = DIRECTION ( 'NONE',  ( -0.000000000000000000, -1.000000000000000000, -0.000000000000000000 ) ) ;
#3955 = ORIENTED_EDGE ( 'NONE', *, *, #1044, .F. ) ;
#3956 = FACE_BOUND ( 'NONE', #1864, .T. ) ;
#3957 = ORIENTED_EDGE ( 'NONE', *, *, #405, .T. ) ;
#3958 = EDGE_CURVE ( 'NONE', #4154, #4888, #4191, .T. ) ;
#3959 = ADVANCED_FACE ( 'NONE', ( #3104 ), #5145, .F. ) ;
#3960 = LINE ( 'NONE', #3119, #1108 ) ;
#3961 = ORIENTED_EDGE ( 'NONE', *, *, #3862, .F. ) ;
#3962 = CYLINDRICAL_SURFACE ( 'NONE', #3590, 0.5399999999999999245 ) ;
#3963 = FACE_OUTER_BOUND ( 'NONE', #1516, .T. ) ;
#3964 = ORIENTED_EDGE ( 'NONE', *, *, #5277, .T. ) ;
#3965 = ORIENTED_EDGE ( 'NONE', *, *, #4762, .T. ) ;
#3966 = DIRECTION ( 'NONE',  ( 0.000000000000000000, 0.000000000000000000, -1.000000000000000000 ) ) ;
#3967 = EDGE_CURVE ( 'NONE', #4212, #4062, #4712, .T. ) ;
#3968 = PLANE ( 'NONE',  #1902 ) ;
#3969 = EDGE_LOOP ( 'NONE', ( #1758, #4044, #3784, #2222 ) ) ;
#3970 = DIRECTION ( 'NONE',  ( 0.000000000000000000, 0.000000000000000000, 1.000000000000000000 ) ) ;
#3971 = PLANE ( 'NONE',  #4106 ) ;
#3972 = EDGE_CURVE ( 'NONE', #897, #5318, #4326, .T. ) ;
#3973 = EDGE_CURVE ( 'NONE', #4921, #1778, #3992, .T. ) ;
#3974 = DIRECTION ( 'NONE',  ( 3.849842155671173077E-17, 0.000000000000000000, -1.000000000000000000 ) ) ;
#3975 = ORIENTED_EDGE ( 'NONE', *, *, #5345, .F. ) ;
#3976 = DIRECTION ( 'NONE',  ( 0.000000000000000000, 0.000000000000000000, 1.000000000000000000 ) ) ;
#3977 = ORIENTED_EDGE ( 'NONE', *, *, #5165, .T. ) ;
#3978 = CARTESIAN_POINT ( 'NONE',  ( 11.34884008836908187, 0.3124999999999979461, 0.6771062569264827413 ) ) ;
#3979 = ORIENTED_EDGE ( 'NONE', *, *, #1607, .T. ) ;
#3980 = CARTESIAN_POINT ( 'NONE',  ( 16.55839635538719889, 0.000000000000000000, 0.2789769959346505845 ) ) ;
#3981 = ORIENTED_EDGE ( 'NONE', *, *, #5225, .F. ) ;
#3982 = DIRECTION ( 'NONE',  ( 0.000000000000000000, -1.000000000000000000, 0.000000000000000000 ) ) ;
#3983 = VERTEX_POINT ( 'NONE', #637 ) ;
#3984 = DIRECTION ( 'NONE',  ( 1.000000000000000000, 0.000000000000000000, -0.000000000000000000 ) ) ;
#3985 = PLANE ( 'NONE',  #2532 ) ;
#3986 = DIRECTION ( 'NONE',  ( 0.000000000000000000, 1.000000000000000000, 0.000000000000000000 ) ) ;
#3987 = ORIENTED_EDGE ( 'NONE', *, *, #833, .F. ) ;
#3988 = PLANE ( 'NONE',  #1852 ) ;
#3989 = DIRECTION ( 'NONE',  ( -1.000000000000000000, -0.000000000000000000, -0.000000000000000000 ) ) ;
#3990 = ORIENTED_EDGE ( 'NONE', *, *, #321, .T. ) ;
#3991 = DIRECTION ( 'NONE',  ( -0.000000000000000000, -1.000000000000000000, -0.000000000000000000 ) ) ;
#3992 = LINE ( 'NONE', #3449, #2615 ) ;
#3993 = LINE ( 'NONE', #4408, #3150 ) ;
#3994 = ADVANCED_FACE ( 'NONE', ( #5223 ), #3080, .F. ) ;
#3995 = LINE ( 'NONE', #3138, #582 ) ;
#3996 = ORIENTED_EDGE ( 'NONE', *, *, #2272, .T. ) ;
#3997 = FACE_OUTER_BOUND ( 'NONE', #5278, .T. ) ;
#3998 = ORIENTED_EDGE ( 'NONE', *, *, #4297, .F. ) ;
#3999 = ADVANCED_FACE ( 'NONE', ( #3053 ), #1360, .F. ) ;
#4000 = ADVANCED_FACE ( 'NONE', ( #2292 ), #941, .F. ) ;
#4001 = DIRECTION ( 'NONE',  ( -0.000000000000000000, -1.000000000000000000, -0.000000000000000000 ) ) ;
#4002 = ORIENTED_EDGE ( 'NONE', *, *, #5138, .F. ) ;
#4003 = CARTESIAN_POINT ( 'NONE',  ( 7.888840088369082792, 0.000000000000000000, 1.217106256926482777 ) ) ;
#4004 = LINE ( 'NONE', #785, #5346 ) ;
#4005 = VERTEX_POINT ( 'NONE', #2667 ) ;
#4006 = EDGE_CURVE ( 'NONE', #4454, #5012, #4382, .T. ) ;
#4007 = CIRCLE ( 'NONE', #3568, 0.1549999999999978340 ) ;
#4008 = VECTOR ( 'NONE', #4765, 39.37007874015748143 ) ;
#4009 = CARTESIAN_POINT ( 'NONE',  ( 12.22984008836908032, 0.3750000000000000555, -0.07489374307351720494 ) ) ;
#4010 = DIRECTION ( 'NONE',  ( -2.064423126679161354E-18, 0.000000000000000000, 1.000000000000000000 ) ) ;
#4011 = CIRCLE ( 'NONE', #3218, 0.2500000000000000555 ) ;
#4012 = CYLINDRICAL_SURFACE ( 'NONE', #4644, 0.2500000000000000555 ) ;
#4013 = ORIENTED_EDGE ( 'NONE', *, *, #1747, .F. ) ;
#4014 = ORIENTED_EDGE ( 'NONE', *, *, #2805, .F. ) ;
#4015 = ORIENTED_EDGE ( 'NONE', *, *, #5373, .T. ) ;
#4016 = FACE_BOUND ( 'NONE', #4168, .T. ) ;
#4017 = ORIENTED_EDGE ( 'NONE', *, *, #1144, .T. ) ;
#4018 = CARTESIAN_POINT ( 'NONE',  ( 5.315840088369081506, 0.000000000000000000, 0.6771062569264825193 ) ) ;
#4019 = DIRECTION ( 'NONE',  ( 0.000000000000000000, 1.000000000000000000, 0.000000000000000000 ) ) ;
#4020 = CIRCLE ( 'NONE', #3045, 0.1549999999999999989 ) ;
#4022 = CIRCLE ( 'NONE', #2957, 0.7650000000000012346 ) ;
#4021 = LINE ( 'NONE', #4101, #4299 ) ;
#4023 = AXIS2_PLACEMENT_3D ( 'NONE', #3643, #1940, #5312 ) ;
#4024 = VECTOR ( 'NONE', #4917, 39.37007874015748143 ) ;
#4025 = LINE ( 'NONE', #3532, #847 ) ;
#4026 = CIRCLE ( 'NONE', #600, 0.7519999999999997797 ) ;
#4027 = EDGE_CURVE ( 'NONE', #3852, #2320, #2209, .T. ) ;
#4028 = ORIENTED_EDGE ( 'NONE', *, *, #3823, .T. ) ;
#4029 = DIRECTION ( 'NONE',  ( 0.000000000000000000, 0.000000000000000000, 1.000000000000000000 ) ) ;
#4030 = AXIS2_PLACEMENT_3D ( 'NONE', #4346, #4426, #4782 ) ;
#4031 = EDGE_LOOP ( 'NONE', ( #3702, #2678, #2795, #3384 ) ) ;
#4032 = AXIS2_PLACEMENT_3D ( 'NONE', #1694, #1640, #3369 ) ;
#4033 = CIRCLE ( 'NONE', #5174, 0.7519999999999997797 ) ;
#4034 = CARTESIAN_POINT ( 'NONE',  ( 3.370340518940726948, 0.000000000000000000, 0.3606805018837713206 ) ) ;
#4035 = ADVANCED_FACE ( 'NONE', ( #5122 ), #3910, .F. ) ;
#4036 = EDGE_LOOP ( 'NONE', ( #4858, #2063, #4999, #2280 ) ) ;
#4037 = CYLINDRICAL_SURFACE ( 'NONE', #4813, 0.2500000000000000555 ) ;
#4038 = ORIENTED_EDGE ( 'NONE', *, *, #2007, .T. ) ;
#4039 = CARTESIAN_POINT ( 'NONE',  ( 11.35484008836908032, 0.3750000000000000555, -0.07489374307351720494 ) ) ;
#4040 = ORIENTED_EDGE ( 'NONE', *, *, #3006, .T. ) ;
#4041 = DIRECTION ( 'NONE',  ( 0.000000000000000000, 1.000000000000000000, 0.000000000000000000 ) ) ;
#4042 = DIRECTION ( 'NONE',  ( 0.7660994850736214667, 0.000000000000000000, 0.6427220075350866813 ) ) ;
#4043 = FACE_BOUND ( 'NONE', #2875, .T. ) ;
#4044 = ORIENTED_EDGE ( 'NONE', *, *, #3147, .T. ) ;
#4045 = CYLINDRICAL_SURFACE ( 'NONE', #4136, 0.7650000000000001243 ) ;
#4046 = CARTESIAN_POINT ( 'NONE',  ( 9.715257689473142833, 0.3750000000000000555, -0.01499999999999669827 ) ) ;
#4047 = ORIENTED_EDGE ( 'NONE', *, *, #1605, .F. ) ;
#4048 = DIRECTION ( 'NONE',  ( 0.000000000000000000, 0.000000000000000000, -1.000000000000000000 ) ) ;
#4049 = CARTESIAN_POINT ( 'NONE',  ( -0.3988197544642851922, 0.3750000000000000555, 1.192207409216950564 ) ) ;
#4050 = DIRECTION ( 'NONE',  ( -0.000000000000000000, -1.000000000000000000, -0.000000000000000000 ) ) ;
#4051 = DIRECTION ( 'NONE',  ( -0.000000000000000000, 1.000000000000000000, -0.000000000000000000 ) ) ;
#4052 = VERTEX_POINT ( 'NONE', #1051 ) ;
#4053 = DIRECTION ( 'NONE',  ( 0.000000000000000000, 0.000000000000000000, -1.000000000000000000 ) ) ;
#4054 = ORIENTED_EDGE ( 'NONE', *, *, #40, .F. ) ;
#4055 = EDGE_CURVE ( 'NONE', #3342, #4198, #2260, .T. ) ;
#4056 = EDGE_CURVE ( 'NONE', #3719, #3109, #142, .T. ) ;
#4057 = CARTESIAN_POINT ( 'NONE',  ( 9.033758635138257276, 0.3750000000000000555, -0.3049999999999999378 ) ) ;
#4058 = ORIENTED_EDGE ( 'NONE', *, *, #640, .F. ) ;
#4059 = CARTESIAN_POINT ( 'NONE',  ( 9.715257689473142833, 0.000000000000000000, 0.1400000000000000133 ) ) ;
#4060 = VERTEX_POINT ( 'NONE', #615 ) ;
#4061 = FACE_OUTER_BOUND ( 'NONE', #1510, .T. ) ;
#4062 = VERTEX_POINT ( 'NONE', #536 ) ;
#4063 = ADVANCED_FACE ( 'NONE', ( #3471, #1389 ), #3971, .T. ) ;
#4064 = CARTESIAN_POINT ( 'NONE',  ( 0.9688400883690804211, 0.1100000000000000006, 1.442106256926482644 ) ) ;
#4065 = ORIENTED_EDGE ( 'NONE', *, *, #4354, .T. ) ;
#4066 = LINE ( 'NONE', #3651, #2088 ) ;
#4067 = EDGE_CURVE ( 'NONE', #1067, #4535, #1466, .T. ) ;
#4068 = LINE ( 'NONE', #1091, #3233 ) ;
#4069 = ORIENTED_EDGE ( 'NONE', *, *, #5002, .T. ) ;
#4070 = EDGE_CURVE ( 'NONE', #3567, #4060, #3505, .T. ) ;
#4071 = CARTESIAN_POINT ( 'NONE',  ( 11.34884008836908542, 0.000000000000000000, -0.08789374307351774385 ) ) ;
#4072 = ORIENTED_EDGE ( 'NONE', *, *, #2067, .T. ) ;
#4073 = FACE_OUTER_BOUND ( 'NONE', #3200, .T. ) ;
#4074 = DIRECTION ( 'NONE',  ( 0.000000000000000000, 1.000000000000000000, 0.000000000000000000 ) ) ;
#4075 = DIRECTION ( 'NONE',  ( 0.9974586998307349850, 0.000000000000000000, 0.07124704998790871990 ) ) ;
#4076 = CARTESIAN_POINT ( 'NONE',  ( 5.315840088369081506, 0.1100000000000000006, 1.342106256926482777 ) ) ;
#4077 = ORIENTED_EDGE ( 'NONE', *, *, #2624, .T. ) ;
#4078 = CARTESIAN_POINT ( 'NONE',  ( -0.7538197544642850634, 0.3750000000000000555, 1.601670632534839989 ) ) ;
#4079 = ORIENTED_EDGE ( 'NONE', *, *, #3072, .F. ) ;
#4080 = CARTESIAN_POINT ( 'NONE',  ( 0.9688400883690804211, 0.3124999999999979461, 0.05210625692648283847 ) ) ;
#4081 = VERTEX_POINT ( 'NONE', #3614 ) ;
#4082 = DIRECTION ( 'NONE',  ( 1.000000000000000000, -0.000000000000000000, -7.699684311342365876E-17 ) ) ;
#4083 = EDGE_LOOP ( 'NONE', ( #972, #2090, #894, #5212 ) ) ;
#4084 = DIRECTION ( 'NONE',  ( 0.000000000000000000, 1.000000000000000000, 0.000000000000000000 ) ) ;
#4085 = ORIENTED_EDGE ( 'NONE', *, *, #5135, .F. ) ;
#4086 = ADVANCED_FACE ( 'NONE', ( #4100 ), #2802, .F. ) ;
#4087 = DIRECTION ( 'NONE',  ( 0.000000000000000000, 0.000000000000000000, 1.000000000000000000 ) ) ;
#4088 = EDGE_CURVE ( 'NONE', #2783, #5300, #4923, .T. ) ;
#4089 = CARTESIAN_POINT ( 'NONE',  ( 0.000000000000000000, 0.000000000000000000, 0.000000000000000000 ) ) ;
#4090 = LINE ( 'NONE', #2794, #4024 ) ;
#4091 = ORIENTED_EDGE ( 'NONE', *, *, #3723, .F. ) ;
#4092 = CIRCLE ( 'NONE', #53, 0.6649999999999999245 ) ;
#4093 = EDGE_CURVE ( 'NONE', #3127, #933, #1160, .T. ) ;
#4094 = FACE_OUTER_BOUND ( 'NONE', #3821, .T. ) ;
#4095 = AXIS2_PLACEMENT_3D ( 'NONE', #5321, #2052, #3203 ) ;
#4096 = ORIENTED_EDGE ( 'NONE', *, *, #3823, .F. ) ;
#4097 = EDGE_CURVE ( 'NONE', #4391, #4277, #2341, .T. ) ;
#4098 = CARTESIAN_POINT ( 'NONE',  ( 0.000000000000000000, 0.3750000000000000555, -0.1549999999999999989 ) ) ;
#4099 = CIRCLE ( 'NONE', #1725, 0.4000000000000000222 ) ;
#4100 = FACE_OUTER_BOUND ( 'NONE', #27, .T. ) ;
#4101 = CARTESIAN_POINT ( 'NONE',  ( 4.428840088369081940, 0.1100000000000000006, 0.01210625692648227558 ) ) ;
#4102 = AXIS2_PLACEMENT_3D ( 'NONE', #2593, #1768, #3448 ) ;
#4103 = CARTESIAN_POINT ( 'NONE',  ( 9.033758635138257276, 0.3750000000000000555, -0.3049999999999999378 ) ) ;
#4104 = ORIENTED_EDGE ( 'NONE', *, *, #3359, .T. ) ;
#4105 = DIRECTION ( 'NONE',  ( -0.000000000000000000, -1.000000000000000000, -0.000000000000000000 ) ) ;
#4106 = AXIS2_PLACEMENT_3D ( 'NONE', #200, #3553, #2649 ) ;
#4107 = AXIS2_PLACEMENT_3D ( 'NONE', #135, #114, #963 ) ;
#4108 = VERTEX_POINT ( 'NONE', #3274 ) ;
#4109 = ADVANCED_FACE ( 'NONE', ( #5334 ), #740, .F. ) ;
#4110 = AXIS2_PLACEMENT_3D ( 'NONE', #4604, #1587, #2833 ) ;
#4111 = AXIS2_PLACEMENT_3D ( 'NONE', #3465, #4320, #3545 ) ;
#4112 = CIRCLE ( 'NONE', #3673, 0.6650000000000001465 ) ;
#4113 = CARTESIAN_POINT ( 'NONE',  ( 8.775840088369081471, 0.1100000000000000006, 0.6771062569264825193 ) ) ;
#4114 = ORIENTED_EDGE ( 'NONE', *, *, #845, .F. ) ;
#4115 = DIRECTION ( 'NONE',  ( 0.000000000000000000, 1.000000000000000000, 0.000000000000000000 ) ) ;
#4116 = VECTOR ( 'NONE', #1178, 39.37007874015748143 ) ;
#4117 = VERTEX_POINT ( 'NONE', #1578 ) ;
#4118 = AXIS2_PLACEMENT_3D ( 'NONE', #673, #4336, #593 ) ;
#4119 = CARTESIAN_POINT ( 'NONE',  ( 2.323732460952718792, 0.3750000000000000555, -0.3049999999999999933 ) ) ;
#4120 = ORIENTED_EDGE ( 'NONE', *, *, #2704, .T. ) ;
#4121 = AXIS2_PLACEMENT_3D ( 'NONE', #22, #48, #3292 ) ;
#4122 = EDGE_LOOP ( 'NONE', ( #3354, #395, #3361, #116 ) ) ;
#4123 = CARTESIAN_POINT ( 'NONE',  ( 7.723394425988239220, 0.000000000000000000, -0.3049999999999999933 ) ) ;
#4124 = DIRECTION ( 'NONE',  ( 0.000000000000000000, 0.000000000000000000, -1.000000000000000000 ) ) ;
#4125 = DIRECTION ( 'NONE',  ( 0.000000000000000000, 0.000000000000000000, -1.000000000000000000 ) ) ;
#4126 = VERTEX_POINT ( 'NONE', #4049 ) ;
#4127 = AXIS2_PLACEMENT_3D ( 'NONE', #1659, #388, #4185 ) ;
#4128 = EDGE_CURVE ( 'NONE', #3517, #5158, #5364, .T. ) ;
#4129 = ADVANCED_FACE ( 'NONE', ( #5306 ), #4860, .T. ) ;
#4130 = DIRECTION ( 'NONE',  ( -0.000000000000000000, -1.000000000000000000, -0.000000000000000000 ) ) ;
#4131 = ORIENTED_EDGE ( 'NONE', *, *, #66, .T. ) ;
#4132 = LINE ( 'NONE', #2454, #3403 ) ;
#4133 = CYLINDRICAL_SURFACE ( 'NONE', #1572, 0.1550000000000000266 ) ;
#4134 = CARTESIAN_POINT ( 'NONE',  ( 1.855840088369080432, 0.3124999999999979461, 1.302106256926482297 ) ) ;
#4135 = EDGE_CURVE ( 'NONE', #3375, #3186, #1732, .T. ) ;
#4136 = AXIS2_PLACEMENT_3D ( 'NONE', #3633, #5020, #2918 ) ;
#4137 = DIRECTION ( 'NONE',  ( -0.000000000000000000, -1.000000000000000000, -0.000000000000000000 ) ) ;
#4138 = VERTEX_POINT ( 'NONE', #769 ) ;
#4139 = CARTESIAN_POINT ( 'NONE',  ( -0.2500000000000000555, 0.3750000000000000555, -0.3049999999999999933 ) ) ;
#4140 = VERTEX_POINT ( 'NONE', #1898 ) ;
#4141 = EDGE_CURVE ( 'NONE', #4108, #1328, #5418, .T. ) ;
#4142 = EDGE_CURVE ( 'NONE', #2674, #1276, #4020, .T. ) ;
#4143 = DIRECTION ( 'NONE',  ( 0.000000000000000000, 1.000000000000000000, 0.000000000000000000 ) ) ;
#4144 = EDGE_LOOP ( 'NONE', ( #3059, #4077 ) ) ;
#4145 = PLANE ( 'NONE',  #5078 ) ;
#4146 = ORIENTED_EDGE ( 'NONE', *, *, #33, .F. ) ;
#4147 = DIRECTION ( 'NONE',  ( -0.000000000000000000, 1.000000000000000000, -0.000000000000000000 ) ) ;
#4148 = ORIENTED_EDGE ( 'NONE', *, *, #5039, .T. ) ;
#4149 = FACE_OUTER_BOUND ( 'NONE', #276, .T. ) ;
#4150 = ORIENTED_EDGE ( 'NONE', *, *, #5436, .F. ) ;
#4151 = DIRECTION ( 'NONE',  ( -0.000000000000000000, -1.000000000000000000, -0.000000000000000000 ) ) ;
#4152 = CYLINDRICAL_SURFACE ( 'NONE', #4375, 0.2499999999999988620 ) ;
#4153 = CARTESIAN_POINT ( 'NONE',  ( 5.309840088369080391, 0.3750000000000000555, 1.429106256926482299 ) ) ;
#4154 = VERTEX_POINT ( 'NONE', #1520 ) ;
#4155 = LINE ( 'NONE', #4538, #5224 ) ;
#4156 = VERTEX_POINT ( 'NONE', #3582 ) ;
#4157 = CARTESIAN_POINT ( 'NONE',  ( 0.9688400883690804211, 0.1100000000000000006, 1.442106256926482644 ) ) ;
#4158 = DIRECTION ( 'NONE',  ( 0.9707282504006591317, 0.000000000000000000, 0.2401804818757664051 ) ) ;
#4159 = CARTESIAN_POINT ( 'NONE',  ( 5.315840088369081506, 0.1100000000000000006, 0.6771062569264825193 ) ) ;
#4160 = CARTESIAN_POINT ( 'NONE',  ( 5.315840088369079730, 0.3125000000000000000, 0.05210625692648205437 ) ) ;
#4161 = ORIENTED_EDGE ( 'NONE', *, *, #3500, .F. ) ;
#4162 = DIRECTION ( 'NONE',  ( 0.000000000000000000, 1.000000000000000000, 0.000000000000000000 ) ) ;
#4163 = EDGE_CURVE ( 'NONE', #3129, #4117, #5257, .T. ) ;
#4164 = DIRECTION ( 'NONE',  ( 0.000000000000000000, 1.000000000000000000, 0.000000000000000000 ) ) ;
#4165 = ORIENTED_EDGE ( 'NONE', *, *, #299, .F. ) ;
#4166 = CARTESIAN_POINT ( 'NONE',  ( 7.888840088369082792, 0.000000000000000000, 0.01210625692648227558 ) ) ;
#4167 = EDGE_CURVE ( 'NONE', #5172, #702, #2780, .T. ) ;
#4168 = EDGE_LOOP ( 'NONE', ( #1231, #2642, #5196, #546 ) ) ;
#4169 = EDGE_CURVE ( 'NONE', #4347, #363, #4638, .T. ) ;
#4170 = DIRECTION ( 'NONE',  ( -0.000000000000000000, -1.000000000000000000, -0.000000000000000000 ) ) ;
#4171 = EDGE_LOOP ( 'NONE', ( #3456, #1258, #2218, #4017 ) ) ;
#4172 = DIRECTION ( 'NONE',  ( 0.000000000000000000, -0.3420201433256663259, 0.9396926207859093161 ) ) ;
#4173 = DIRECTION ( 'NONE',  ( -4.480698032809951709E-15, -0.9396926207859092051, 0.3420201433256662704 ) ) ;
#4174 = EDGE_LOOP ( 'NONE', ( #5263, #2596, #400, #4672 ) ) ;
#4175 = CARTESIAN_POINT ( 'NONE',  ( 5.578758635138278521, 0.3750000000000000555, -0.3049999999999999933 ) ) ;
#4176 = DIRECTION ( 'NONE',  ( -1.000000000000000000, 0.000000000000000000, 2.155911607175857120E-15 ) ) ;
#4177 = FACE_OUTER_BOUND ( 'NONE', #4031, .T. ) ;
#4178 = ORIENTED_EDGE ( 'NONE', *, *, #4849, .F. ) ;
#4179 = EDGE_CURVE ( 'NONE', #1031, #4260, #4836, .T. ) ;
#4180 = DIRECTION ( 'NONE',  ( 0.000000000000000000, 1.000000000000000000, 0.000000000000000000 ) ) ;
#4181 = ORIENTED_EDGE ( 'NONE', *, *, #1147, .T. ) ;
#4182 = CARTESIAN_POINT ( 'NONE',  ( 4.428840088369081940, 0.1100000000000000006, 0.01210625692648241263 ) ) ;
#4183 = AXIS2_PLACEMENT_3D ( 'NONE', #1573, #737, #3294 ) ;
#4184 = DIRECTION ( 'NONE',  ( 0.000000000000000000, 1.000000000000000000, 0.000000000000000000 ) ) ;
#4185 = DIRECTION ( 'NONE',  ( 0.000000000000000000, 0.000000000000000000, 1.000000000000000000 ) ) ;
#4186 = AXIS2_PLACEMENT_3D ( 'NONE', #1281, #814, #2082 ) ;
#4187 = DIRECTION ( 'NONE',  ( 0.000000000000000000, 0.000000000000000000, -1.000000000000000000 ) ) ;
#4188 = AXIS2_PLACEMENT_3D ( 'NONE', #4113, #373, #349 ) ;
#4189 = EDGE_LOOP ( 'NONE', ( #2247, #4413, #2229, #2469 ) ) ;
#4190 = DIRECTION ( 'NONE',  ( -0.2401804818757664051, 0.000000000000000000, 0.9707282504006591317 ) ) ;
#4191 = LINE ( 'NONE', #3780, #2531 ) ;
#4192 = AXIS2_PLACEMENT_3D ( 'NONE', #5262, #1502, #4053 ) ;
#4193 = EDGE_CURVE ( 'NONE', #1866, #1189, #3494, .T. ) ;
#4194 = EDGE_CURVE ( 'NONE', #1518, #2298, #3936, .T. ) ;
#4195 = AXIS2_PLACEMENT_3D ( 'NONE', #3949, #3976, #4745 ) ;
#4196 = DIRECTION ( 'NONE',  ( -0.000000000000000000, -1.000000000000000000, -0.000000000000000000 ) ) ;
#4197 = CIRCLE ( 'NONE', #2527, 0.1550000000000000266 ) ;
#4198 = VERTEX_POINT ( 'NONE', #659 ) ;
#4199 = CONICAL_SURFACE ( 'NONE', #2352, 0.6249999999999998890, 0.3490658503988632866 ) ;
#4200 = DIRECTION ( 'NONE',  ( 0.000000000000000000, 1.000000000000000000, 0.000000000000000000 ) ) ;
#4201 = ORIENTED_EDGE ( 'NONE', *, *, #3747, .T. ) ;
#4202 = PLANE ( 'NONE',  #2545 ) ;
#4203 = VECTOR ( 'NONE', #5202, 39.37007874015748143 ) ;
#4204 = AXIS2_PLACEMENT_3D ( 'NONE', #1370, #1698, #2921 ) ;
#4205 = EDGE_CURVE ( 'NONE', #3260, #1593, #4550, .T. ) ;
#4206 = DIRECTION ( 'NONE',  ( -0.000000000000000000, -1.000000000000000000, -0.000000000000000000 ) ) ;
#4208 = CARTESIAN_POINT ( 'NONE',  ( 0.9688400883690804211, 0.3124999999999979461, 1.302106256926482297 ) ) ;
#4207 = CIRCLE ( 'NONE', #77, 0.1549999999999978340 ) ;
#4209 = VECTOR ( 'NONE', #893, 39.37007874015748143 ) ;
#4210 = LINE ( 'NONE', #486, #861 ) ;
#4211 = DIRECTION ( 'NONE',  ( 0.000000000000000000, 0.000000000000000000, 1.000000000000000000 ) ) ;
#4212 = VERTEX_POINT ( 'NONE', #2036 ) ;
#4213 = VECTOR ( 'NONE', #4912, 39.37007874015747433 ) ;
#4214 = VECTOR ( 'NONE', #3890, 39.37007874015748143 ) ;
#4215 = DIRECTION ( 'NONE',  ( -0.000000000000000000, 1.000000000000000000, -0.000000000000000000 ) ) ;
#4216 = ORIENTED_EDGE ( 'NONE', *, *, #697, .F. ) ;
#4217 = CARTESIAN_POINT ( 'NONE',  ( 10.24185051130040414, 0.000000000000000000, 0.2000000000000000111 ) ) ;
#4218 = DIRECTION ( 'NONE',  ( 0.000000000000000000, 0.000000000000000000, -1.000000000000000000 ) ) ;
#4219 = DIRECTION ( 'NONE',  ( -0.000000000000000000, -1.000000000000000000, -0.000000000000000000 ) ) ;
#4220 = CARTESIAN_POINT ( 'NONE',  ( 5.315840088369079730, 0.07896441934635377302, 0.6771062569264827413 ) ) ;
#4221 = VERTEX_POINT ( 'NONE', #415 ) ;
#4222 = DIRECTION ( 'NONE',  ( -0.000000000000000000, -1.000000000000000000, -0.000000000000000000 ) ) ;
#4223 = CARTESIAN_POINT ( 'NONE',  ( 12.22984008836908032, 0.3125000000000000000, 1.429106256926482299 ) ) ;
#4224 = CARTESIAN_POINT ( 'NONE',  ( 7.925474621455776969, 0.3750000000000000555, 1.716357056455910968 ) ) ;
#4225 = ORIENTED_EDGE ( 'NONE', *, *, #2020, .T. ) ;
#4226 = CARTESIAN_POINT ( 'NONE',  ( -0.4291789783003779890, 0.3750000000000000555, 1.351670632534839989 ) ) ;
#4227 = EDGE_LOOP ( 'NONE', ( #4614, #3621, #2488, #4400 ) ) ;
#4228 = CARTESIAN_POINT ( 'NONE',  ( 7.888840088369082792, 0.1100000000000000006, 1.442106256926483532 ) ) ;
#4229 = DIRECTION ( 'NONE',  ( -1.000000000000000000, 0.000000000000000000, -0.000000000000000000 ) ) ;
#4230 = DIRECTION ( 'NONE',  ( -0.000000000000000000, -1.000000000000000000, -0.000000000000000000 ) ) ;
#4231 = CARTESIAN_POINT ( 'NONE',  ( 14.80884008836908450, 0.1100000000000000006, 0.01210625692648268498 ) ) ;
#4232 = EDGE_CURVE ( 'NONE', #3143, #5377, #7, .T. ) ;
#4233 = DIRECTION ( 'NONE',  ( -0.000000000000000000, -1.000000000000000000, -0.000000000000000000 ) ) ;
#4234 = ORIENTED_EDGE ( 'NONE', *, *, #2560, .T. ) ;
#4235 = CARTESIAN_POINT ( 'NONE',  ( 7.888840088369082792, 0.000000000000000000, 1.442106256926483532 ) ) ;
#4236 = EDGE_CURVE ( 'NONE', #3254, #4281, #908, .T. ) ;
#4237 = ORIENTED_EDGE ( 'NONE', *, *, #1970, .T. ) ;
#4238 = LINE ( 'NONE', #1325, #3225 ) ;
#4239 = EDGE_CURVE ( 'NONE', #1591, #1145, #1684, .T. ) ;
#4240 = CARTESIAN_POINT ( 'NONE',  ( 5.578758635138278521, 0.3750000000000000555, -0.3049999999999999933 ) ) ;
#4241 =( CONVERSION_BASED_UNIT ( 'INCH', #4656 ) LENGTH_UNIT ( ) NAMED_UNIT ( #1133 ) );
#4242 = CARTESIAN_POINT ( 'NONE',  ( 0.9688400883690804211, 0.1100000000000000006, 1.342106256926482777 ) ) ;
#4243 = CARTESIAN_POINT ( 'NONE',  ( 9.715257689473142833, 0.3750000000000000555, 0.2949999999999967093 ) ) ;
#4244 = CARTESIAN_POINT ( 'NONE',  ( 12.23584008836908232, 0.000000000000000000, 1.217106256926482777 ) ) ;
#4245 = LINE ( 'NONE', #4685, #416 ) ;
#4246 = DIRECTION ( 'NONE',  ( 0.000000000000000000, 1.000000000000000000, 0.000000000000000000 ) ) ;
#4247 = ORIENTED_EDGE ( 'NONE', *, *, #1307, .T. ) ;
#4248 = DIRECTION ( 'NONE',  ( 0.000000000000000000, 1.000000000000000000, 0.000000000000000000 ) ) ;
#4249 = ORIENTED_EDGE ( 'NONE', *, *, #4355, .F. ) ;
#4250 = DIRECTION ( 'NONE',  ( 0.000000000000000000, 1.000000000000000000, 0.000000000000000000 ) ) ;
#4251 = CARTESIAN_POINT ( 'NONE',  ( 0.9688400883690804211, 0.1100000000000000006, 0.6771062569264827413 ) ) ;
#4252 = ORIENTED_EDGE ( 'NONE', *, *, #3666, .F. ) ;
#4253 = CARTESIAN_POINT ( 'NONE',  ( 13.84588584993493932, 0.3750000000000000555, 0.000000000000000000 ) ) ;
#4254 =( CONVERSION_BASED_UNIT ( 'INCH', #2581 ) LENGTH_UNIT ( ) NAMED_UNIT ( #2840 ) );
#4255 = DIRECTION ( 'NONE',  ( 0.000000000000000000, 1.000000000000000000, 0.000000000000000000 ) ) ;
#4256 = ORIENTED_EDGE ( 'NONE', *, *, #1875, .F. ) ;
#4257 = ADVANCED_FACE ( 'NONE', ( #4655 ), #1704, .F. ) ;
#4258 = ADVANCED_FACE ( 'NONE', ( #2479 ), #1302, .F. ) ;
#4259 = CARTESIAN_POINT ( 'NONE',  ( 4.434840088369080391, 0.3125000000000000000, -0.07489374307351720494 ) ) ;
#4260 = VERTEX_POINT ( 'NONE', #5412 ) ;
#4261 = DIRECTION ( 'NONE',  ( 0.000000000000000000, 0.000000000000000000, 1.000000000000000000 ) ) ;
#4262 = EDGE_CURVE ( 'NONE', #2433, #4535, #4374, .T. ) ;
#4263 = ORIENTED_EDGE ( 'NONE', *, *, #299, .T. ) ;
#4264 = DIRECTION ( 'NONE',  ( 0.7029513348070000056, 0.000000000000000000, 0.7112379495591170109 ) ) ;
#4265 = ORIENTED_EDGE ( 'NONE', *, *, #1450, .F. ) ;
#4266 = CARTESIAN_POINT ( 'NONE',  ( 4.428840088369081940, 0.000000000000000000, 1.217106256926482777 ) ) ;
#4267 = EDGE_CURVE ( 'NONE', #4277, #4911, #1242, .T. ) ;
#4268 = DIRECTION ( 'NONE',  ( 0.000000000000000000, 0.000000000000000000, -1.000000000000000000 ) ) ;
#4269 = VECTOR ( 'NONE', #2120, 39.37007874015748143 ) ;
#4270 = CARTESIAN_POINT ( 'NONE',  ( 12.22984008836908032, 0.3750000000000000555, 1.429106256926482299 ) ) ;
#4271 = DIRECTION ( 'NONE',  ( 4.438812645433182019E-15, -0.9396926207859092051, -0.3420201433256662704 ) ) ;
#4272 = VECTOR ( 'NONE', #1306, 39.37007874015748143 ) ;
#4273 = DIRECTION ( 'NONE',  ( -0.000000000000000000, -1.000000000000000000, -0.000000000000000000 ) ) ;
#4274 = EDGE_CURVE ( 'NONE', #2268, #4561, #3299, .T. ) ;
#4275 = DIRECTION ( 'NONE',  ( 1.000000000000000000, 0.000000000000000000, 0.000000000000000000 ) ) ;
#4276 = AXIS2_PLACEMENT_3D ( 'NONE', #5093, #1330, #2993 ) ;
#4277 = VERTEX_POINT ( 'NONE', #3336 ) ;
#4278 = LINE ( 'NONE', #1899, #2103 ) ;
#4279 = AXIS2_PLACEMENT_3D ( 'NONE', #2376, #4048, #1956 ) ;
#4280 = DIRECTION ( 'NONE',  ( 0.000000000000000000, 0.000000000000000000, -1.000000000000000000 ) ) ;
#4281 = VERTEX_POINT ( 'NONE', #2536 ) ;
#4282 = DIRECTION ( 'NONE',  ( 6.159747449073876923E-16, -0.000000000000000000, 1.000000000000000000 ) ) ;
#4283 = CARTESIAN_POINT ( 'NONE',  ( 8.775840088369081471, 0.1100000000000000006, -0.08789374307351774385 ) ) ;
#4284 = VECTOR ( 'NONE', #2724, 39.37007874015748143 ) ;
#4285 = DIRECTION ( 'NONE',  ( 1.000000000000000000, 0.000000000000000000, -3.122111992759159443E-16 ) ) ;
#4286 = ORIENTED_EDGE ( 'NONE', *, *, #1207, .F. ) ;
#4287 = VECTOR ( 'NONE', #2384, 39.37007874015748143 ) ;
#4288 = VECTOR ( 'NONE', #606, 39.37007874015748143 ) ;
#4289 = AXIS2_PLACEMENT_3D ( 'NONE', #73, #5042, #1275 ) ;
#4290 = CARTESIAN_POINT ( 'NONE',  ( -0.3988197544642851922, 0.3750000000000000555, 1.502207409216949952 ) ) ;
#4291 = ORIENTED_EDGE ( 'NONE', *, *, #3865, .F. ) ;
#4292 = LINE ( 'NONE', #3442, #589 ) ;
#4293 = CARTESIAN_POINT ( 'NONE',  ( 0.9688400883690780896, 0.1100000000000000006, 0.01210625692648254967 ) ) ;
#4294 = EDGE_CURVE ( 'NONE', #1917, #4616, #5386, .T. ) ;
#4295 = ORIENTED_EDGE ( 'NONE', *, *, #4232, .F. ) ;
#4296 = AXIS2_PLACEMENT_3D ( 'NONE', #2497, #3350, #4964 ) ;
#4297 = EDGE_CURVE ( 'NONE', #1585, #1926, #2125, .T. ) ;
#4298 = DIRECTION ( 'NONE',  ( -0.000000000000000000, -1.000000000000000000, -0.000000000000000000 ) ) ;
#4299 = VECTOR ( 'NONE', #4546, 39.37007874015748143 ) ;
#4300 = DIRECTION ( 'NONE',  ( 0.000000000000000000, 0.000000000000000000, 1.000000000000000000 ) ) ;
#4301 = ORIENTED_EDGE ( 'NONE', *, *, #668, .F. ) ;
#4302 = PLANE ( 'NONE',  #1201 ) ;
#4303 = CARTESIAN_POINT ( 'NONE',  ( 5.315840088369081506, 0.000000000000000000, 1.342106256926482777 ) ) ;
#4304 = ADVANCED_FACE ( 'NONE', ( #2905 ), #29, .F. ) ;
#4305 = LINE ( 'NONE', #537, #4969 ) ;
#4306 = EDGE_CURVE ( 'NONE', #60, #4768, #3820, .T. ) ;
#4307 = FACE_BOUND ( 'NONE', #4579, .T. ) ;
#4308 = ORIENTED_EDGE ( 'NONE', *, *, #1307, .F. ) ;
#4309 = ADVANCED_FACE ( 'NONE', ( #3412 ), #4133, .F. ) ;
#4310 = DIRECTION ( 'NONE',  ( 0.000000000000000000, 0.000000000000000000, 1.000000000000000000 ) ) ;
#4311 = DIRECTION ( 'NONE',  ( 0.000000000000000000, -0.9396926207859092051, -0.3420201433256662704 ) ) ;
#4312 = ORIENTED_EDGE ( 'NONE', *, *, #4193, .F. ) ;
#4313 = FACE_OUTER_BOUND ( 'NONE', #3648, .T. ) ;
#4314 = CARTESIAN_POINT ( 'NONE',  ( 9.129830827888563149, 0.000000000000000000, -0.2932913001602637793 ) ) ;
#4315 = DIRECTION ( 'NONE',  ( -0.000000000000000000, -1.000000000000000000, -0.000000000000000000 ) ) ;
#4316 = ORIENTED_EDGE ( 'NONE', *, *, #2383, .T. ) ;
#4317 = CARTESIAN_POINT ( 'NONE',  ( 7.729884185327019708, 0.3750000000000000555, 1.909668673527836091 ) ) ;
#4318 = ORIENTED_EDGE ( 'NONE', *, *, #3888, .T. ) ;
#4319 = CARTESIAN_POINT ( 'NONE',  ( 12.23584008836908232, 0.3750000000000000555, 0.1371062569264823727 ) ) ;
#4320 = DIRECTION ( 'NONE',  ( 0.000000000000000000, -1.000000000000000000, 0.000000000000000000 ) ) ;
#4321 = ORIENTED_EDGE ( 'NONE', *, *, #1195, .F. ) ;
#4322 = LINE ( 'NONE', #3776, #4906 ) ;
#4323 = DIRECTION ( 'NONE',  ( 0.000000000000000000, 0.000000000000000000, -1.000000000000000000 ) ) ;
#4324 = EDGE_LOOP ( 'NONE', ( #1014, #3498, #2404, #3658 ) ) ;
#4325 = DIRECTION ( 'NONE',  ( 0.000000000000000000, 1.000000000000000000, 0.000000000000000000 ) ) ;
#4326 = LINE ( 'NONE', #4814, #3583 ) ;
#4327 = EDGE_CURVE ( 'NONE', #3390, #1917, #5166, .T. ) ;
#4328 = DIRECTION ( 'NONE',  ( 0.000000000000000000, -1.000000000000000000, 0.000000000000000000 ) ) ;
#4329 = EDGE_CURVE ( 'NONE', #4700, #4476, #1327, .T. ) ;
#4330 = DIRECTION ( 'NONE',  ( -1.000000000000000000, 0.000000000000000000, -0.000000000000000000 ) ) ;
#4331 = VERTEX_POINT ( 'NONE', #365 ) ;
#4332 = EDGE_CURVE ( 'NONE', #3710, #3375, #4976, .T. ) ;
#4333 = CARTESIAN_POINT ( 'NONE',  ( 9.715257689473142833, 0.3750000000000000555, 0.1400000000000000133 ) ) ;
#4334 = ADVANCED_FACE ( 'NONE', ( #4575 ), #5139, .F. ) ;
#4335 = ORIENTED_EDGE ( 'NONE', *, *, #562, .T. ) ;
#4336 = DIRECTION ( 'NONE',  ( 0.000000000000000000, 1.000000000000000000, 0.000000000000000000 ) ) ;
#4337 = DIRECTION ( 'NONE',  ( 0.000000000000000000, 1.000000000000000000, 0.000000000000000000 ) ) ;
#4338 = ORIENTED_EDGE ( 'NONE', *, *, #3557, .F. ) ;
#4339 = DIRECTION ( 'NONE',  ( 1.000000000000000000, -0.000000000000000000, -7.699684311342353550E-17 ) ) ;
#4340 = ORIENTED_EDGE ( 'NONE', *, *, #1341, .T. ) ;
#4341 = FACE_OUTER_BOUND ( 'NONE', #4573, .T. ) ;
#4342 = EDGE_CURVE ( 'NONE', #3767, #3591, #514, .T. ) ;
#4343 = DIRECTION ( 'NONE',  ( 0.000000000000000000, 0.000000000000000000, -1.000000000000000000 ) ) ;
#4344 = ORIENTED_EDGE ( 'NONE', *, *, #55, .F. ) ;
#4345 = ORIENTED_EDGE ( 'NONE', *, *, #2973, .F. ) ;
#4346 = CARTESIAN_POINT ( 'NONE',  ( 7.925474621455776969, 0.000000000000000000, 1.716357056455910968 ) ) ;
#4347 = VERTEX_POINT ( 'NONE', #1012 ) ;
#4348 = DIRECTION ( 'NONE',  ( 1.000000000000000000, 0.000000000000000000, -3.122111992759159443E-16 ) ) ;
#4349 = DIRECTION ( 'NONE',  ( -0.000000000000000000, -1.000000000000000000, -0.000000000000000000 ) ) ;
#4350 = DIRECTION ( 'NONE',  ( -0.000000000000000000, -1.000000000000000000, -0.000000000000000000 ) ) ;
#4351 = FACE_BOUND ( 'NONE', #3117, .T. ) ;
#4352 = VERTEX_POINT ( 'NONE', #1813 ) ;
#4353 = VECTOR ( 'NONE', #715, 39.37007874015748143 ) ;
#4354 = EDGE_CURVE ( 'NONE', #3186, #1593, #3097, .T. ) ;
#4355 = EDGE_CURVE ( 'NONE', #3855, #1113, #1412, .T. ) ;
#4356 = CARTESIAN_POINT ( 'NONE',  ( 0.9688400883690804211, 0.3124999999999979461, 0.6771062569264827413 ) ) ;
#4357 = VECTOR ( 'NONE', #4694, 39.37007874015748143 ) ;
#4358 = EDGE_LOOP ( 'NONE', ( #3700, #2577 ) ) ;
#4359 = VECTOR ( 'NONE', #4051, 39.37007874015748143 ) ;
#4360 = ORIENTED_EDGE ( 'NONE', *, *, #3479, .T. ) ;
#4361 = CARTESIAN_POINT ( 'NONE',  ( 7.894840088369080355, 0.3125000000000000000, 1.429106256926482521 ) ) ;
#4362 = ORIENTED_EDGE ( 'NONE', *, *, #557, .T. ) ;
#4363 = AXIS2_PLACEMENT_3D ( 'NONE', #4521, #1270, #744 ) ;
#4364 = EDGE_CURVE ( 'NONE', #302, #2023, #1379, .T. ) ;
#4366 = LINE ( 'NONE', #4445, #2066 ) ;
#4365 = VECTOR ( 'NONE', #505, 39.37007874015748143 ) ;
#4367 = AXIS2_PLACEMENT_3D ( 'NONE', #2313, #3991, #4890 ) ;
#4368 = VERTEX_POINT ( 'NONE', #4757 ) ;
#4369 = CARTESIAN_POINT ( 'NONE',  ( 8.529887169104961586, 0.3750000000000000555, 1.851670632534839989 ) ) ;
#4370 = EDGE_CURVE ( 'NONE', #3880, #1591, #3051, .T. ) ;
#4371 = CIRCLE ( 'NONE', #4110, 0.7650000000000000133 ) ;
#4372 = LINE ( 'NONE', #2641, #3407 ) ;
#4373 = ORIENTED_EDGE ( 'NONE', *, *, #4695, .F. ) ;
#4374 = CIRCLE ( 'NONE', #2439, 0.7650000000000001243 ) ;
#4375 = AXIS2_PLACEMENT_3D ( 'NONE', #1122, #2414, #5403 ) ;
#4376 = EDGE_LOOP ( 'NONE', ( #4847, #3311, #5207, #3555 ) ) ;
#4377 = LINE ( 'NONE', #2690, #3298 ) ;
#4378 = ORIENTED_EDGE ( 'NONE', *, *, #1147, .F. ) ;
#4379 = CYLINDRICAL_SURFACE ( 'NONE', #1476, 0.1549999999999999989 ) ;
#4380 = CIRCLE ( 'NONE', #250, 0.6650000000000001465 ) ;
#4381 = CIRCLE ( 'NONE', #3944, 0.5400000000000001465 ) ;
#4382 = LINE ( 'NONE', #3530, #4203 ) ;
#4383 = AXIS2_PLACEMENT_3D ( 'NONE', #1371, #3897, #130 ) ;
#4384 = CIRCLE ( 'NONE', #4650, 0.6650000000000001465 ) ;
#4385 = DIRECTION ( 'NONE',  ( 0.000000000000000000, 1.000000000000000000, 0.000000000000000000 ) ) ;
#4386 = ORIENTED_EDGE ( 'NONE', *, *, #5146, .T. ) ;
#4387 = DIRECTION ( 'NONE',  ( 0.000000000000000000, 0.000000000000000000, 1.000000000000000000 ) ) ;
#4388 = VECTOR ( 'NONE', #3025, 39.37007874015748143 ) ;
#4389 = ORIENTED_EDGE ( 'NONE', *, *, #4006, .F. ) ;
#4390 = CARTESIAN_POINT ( 'NONE',  ( 15.69584008836908318, 0.1100000000000000006, 1.342106256926482333 ) ) ;
#4391 = VERTEX_POINT ( 'NONE', #494 ) ;
#4392 = ADVANCED_FACE ( 'NONE', ( #1847 ), #2227, .T. ) ;
#4393 = CARTESIAN_POINT ( 'NONE',  ( 13.49688369930709086, 0.3750000000000000555, 1.601670632534839989 ) ) ;
#4394 = FACE_OUTER_BOUND ( 'NONE', #3293, .T. ) ;
#4395 = VERTEX_POINT ( 'NONE', #5116 ) ;
#4396 = CARTESIAN_POINT ( 'NONE',  ( 15.69584008836908318, 0.1100000000000000006, 1.342106256926482333 ) ) ;
#4397 = ADVANCED_FACE ( 'NONE', ( #573 ), #2662, .F. ) ;
#4398 = DIRECTION ( 'NONE',  ( 0.000000000000000000, 1.000000000000000000, 0.000000000000000000 ) ) ;
#4399 = CARTESIAN_POINT ( 'NONE',  ( 16.73260502127741844, 0.000000000000000000, 1.260695215269646230 ) ) ;
#4400 = ORIENTED_EDGE ( 'NONE', *, *, #3730, .T. ) ;
#4401 = ORIENTED_EDGE ( 'NONE', *, *, #4179, .T. ) ;
#4402 = ADVANCED_FACE ( 'NONE', ( #932 ), #4464, .F. ) ;
#4403 = DIRECTION ( 'NONE',  ( 0.000000000000000000, -0.000000000000000000, -1.000000000000000000 ) ) ;
#4404 = EDGE_LOOP ( 'NONE', ( #2074, #4040, #2141, #3537 ) ) ;
#4405 = EDGE_CURVE ( 'NONE', #1501, #352, #4734, .T. ) ;
#4406 = CARTESIAN_POINT ( 'NONE',  ( 7.321062073806592352, 0.3750000000000000555, 1.601670632534839989 ) ) ;
#4407 = CARTESIAN_POINT ( 'NONE',  ( 0.9688400883690775345, 0.1100000000000000006, -0.08789374307351748017 ) ) ;
#4408 = CARTESIAN_POINT ( 'NONE',  ( 12.23584008836908055, 0.3124999999999979461, 1.302106256926482519 ) ) ;
#4409 = LINE ( 'NONE', #698, #3126 ) ;
#4410 = EDGE_LOOP ( 'NONE', ( #4247, #3243, #1728, #1009 ) ) ;
#4411 = DIRECTION ( 'NONE',  ( -1.000000000000000000, 0.000000000000000000, 0.000000000000000000 ) ) ;
#4412 = FACE_BOUND ( 'NONE', #1155, .T. ) ;
#4413 = ORIENTED_EDGE ( 'NONE', *, *, #4863, .F. ) ;
#4414 = LINE ( 'NONE', #645, #2357 ) ;
#4415 = ORIENTED_EDGE ( 'NONE', *, *, #904, .F. ) ;
#4416 = ORIENTED_EDGE ( 'NONE', *, *, #2078, .T. ) ;
#4417 = DIRECTION ( 'NONE',  ( -1.000000000000000000, -0.000000000000000000, -0.000000000000000000 ) ) ;
#4418 = EDGE_LOOP ( 'NONE', ( #128, #334, #598, #3000 ) ) ;
#4419 = ORIENTED_EDGE ( 'NONE', *, *, #2513, .T. ) ;
#4420 = CARTESIAN_POINT ( 'NONE',  ( 7.416954631958789790, 0.000000000000000000, -0.1620888030140345548 ) ) ;
#4421 = CYLINDRICAL_SURFACE ( 'NONE', #1910, 0.2500000000000012768 ) ;
#4422 = CARTESIAN_POINT ( 'NONE',  ( 7.321062073806592352, 0.3750000000000000555, 1.851670632534839989 ) ) ;
#4423 = ORIENTED_EDGE ( 'NONE', *, *, #1586, .F. ) ;
#4424 = EDGE_CURVE ( 'NONE', #5041, #1585, #4372, .T. ) ;
#4425 = ORIENTED_EDGE ( 'NONE', *, *, #4824, .F. ) ;
#4426 = DIRECTION ( 'NONE',  ( 0.000000000000000000, 1.000000000000000000, 0.000000000000000000 ) ) ;
#4427 = ORIENTED_EDGE ( 'NONE', *, *, #3248, .T. ) ;
#4428 = LINE ( 'NONE', #3166, #3484 ) ;
#4429 = CARTESIAN_POINT ( 'NONE',  ( 14.80884008836907917, 0.3124999999999979461, 0.6771062569264827413 ) ) ;
#4430 = FACE_OUTER_BOUND ( 'NONE', #3222, .T. ) ;
#4431 = EDGE_CURVE ( 'NONE', #912, #4331, #3854, .T. ) ;
#4432 = LINE ( 'NONE', #663, #2073 ) ;
#4433 = VERTEX_POINT ( 'NONE', #1435 ) ;
#4434 = CARTESIAN_POINT ( 'NONE',  ( 5.627508224398378722, 0.000000000000000000, -0.3049999999999999378 ) ) ;
#4435 = VERTEX_POINT ( 'NONE', #193 ) ;
#4436 = DIRECTION ( 'NONE',  ( 1.000000000000000000, 0.000000000000000000, 0.000000000000000000 ) ) ;
#4437 = VERTEX_POINT ( 'NONE', #3013 ) ;
#4438 = VECTOR ( 'NONE', #5085, 39.37007874015748143 ) ;
#4439 = DIRECTION ( 'NONE',  ( 0.000000000000000000, 0.000000000000000000, -1.000000000000000000 ) ) ;
#4440 = EDGE_LOOP ( 'NONE', ( #3265, #3925 ) ) ;
#4441 = LINE ( 'NONE', #3626, #4213 ) ;
#4442 = ORIENTED_EDGE ( 'NONE', *, *, #4507, .T. ) ;
#4443 = AXIS2_PLACEMENT_3D ( 'NONE', #1534, #3240, #1152 ) ;
#4444 = CIRCLE ( 'NONE', #1815, 0.7519999999999997797 ) ;
#4445 = CARTESIAN_POINT ( 'NONE',  ( 7.894840088369080355, 0.3125000000000000000, -0.07489374307351720494 ) ) ;
#4446 = DIRECTION ( 'NONE',  ( 0.000000000000000000, 0.000000000000000000, -1.000000000000000000 ) ) ;
#4447 = DIRECTION ( 'NONE',  ( 0.000000000000000000, 1.000000000000000000, 0.000000000000000000 ) ) ;
#4448 = ORIENTED_EDGE ( 'NONE', *, *, #1770, .T. ) ;
#4449 = AXIS2_PLACEMENT_3D ( 'NONE', #2151, #1767, #4300 ) ;
#4450 = AXIS2_PLACEMENT_3D ( 'NONE', #3061, #4280, #1860 ) ;
#4451 = AXIS2_PLACEMENT_3D ( 'NONE', #5170, #2989, #2123 ) ;
#4452 = DIRECTION ( 'NONE',  ( 0.000000000000000000, -0.9396926207859092051, -0.3420201433256662704 ) ) ;
#4453 = DIRECTION ( 'NONE',  ( 0.000000000000000000, -1.000000000000000000, 0.000000000000000000 ) ) ;
#4454 = VERTEX_POINT ( 'NONE', #2283 ) ;
#4455 = CIRCLE ( 'NONE', #4634, 0.1549999999999998601 ) ;
#4456 = CARTESIAN_POINT ( 'NONE',  ( 14.80884008836908450, 0.000000000000000000, 1.217106256926482555 ) ) ;
#4457 = ADVANCED_FACE ( 'NONE', ( #3963 ), #1457, .F. ) ;
#4458 = EDGE_CURVE ( 'NONE', #3444, #3539, #3503, .T. ) ;
#4459 = DIRECTION ( 'NONE',  ( 0.000000000000000000, 1.000000000000000000, 0.000000000000000000 ) ) ;
#4460 = VECTOR ( 'NONE', #337, 39.37007874015748143 ) ;
#4462 = AXIS2_PLACEMENT_3D ( 'NONE', #5298, #5216, #629 ) ;
#4461 = DIRECTION ( 'NONE',  ( 0.000000000000000000, 0.000000000000000000, 1.000000000000000000 ) ) ;
#4463 = VECTOR ( 'NONE', #2424, 39.37007874015748143 ) ;
#4464 = CONICAL_SURFACE ( 'NONE', #3588, 0.6249999999999998890, 0.3490658503988632866 ) ;
#4465 = DIRECTION ( 'NONE',  ( -4.396927258056412330E-15, -0.9396926207859092051, 0.3420201433256662704 ) ) ;
#4466 = AXIS2_PLACEMENT_3D ( 'NONE', #2835, #3262, #268 ) ;
#4467 = ORIENTED_EDGE ( 'NONE', *, *, #474, .T. ) ;
#4468 = PLANE ( 'NONE',  #2077 ) ;
#4469 = EDGE_CURVE ( 'NONE', #5378, #986, #5217, .T. ) ;
#4470 = ORIENTED_EDGE ( 'NONE', *, *, #3551, .T. ) ;
#4471 = ORIENTED_EDGE ( 'NONE', *, *, #367, .T. ) ;
#4472 = VECTOR ( 'NONE', #1172, 39.37007874015748143 ) ;
#4473 = VECTOR ( 'NONE', #4657, 39.37007874015748143 ) ;
#4474 = CARTESIAN_POINT ( 'NONE',  ( 5.315840088369081506, 0.3750000000000000555, 0.1371062569264823727 ) ) ;
#4475 = EDGE_CURVE ( 'NONE', #622, #4060, #3321, .T. ) ;
#4476 = VERTEX_POINT ( 'NONE', #1154 ) ;
#4477 = AXIS2_PLACEMENT_3D ( 'NONE', #2468, #3678, #5353 ) ;
#4478 = EDGE_CURVE ( 'NONE', #4700, #784, #3943, .T. ) ;
#4479 = DIRECTION ( 'NONE',  ( 1.000000000000000000, 0.000000000000000000, -0.000000000000000000 ) ) ;
#4480 = ORIENTED_EDGE ( 'NONE', *, *, #1144, .F. ) ;
#4481 = LINE ( 'NONE', #5269, #3145 ) ;
#4482 = EDGE_LOOP ( 'NONE', ( #2242, #1438, #4335, #592 ) ) ;
#4483 = DIRECTION ( 'NONE',  ( 0.000000000000000000, 1.000000000000000000, 0.000000000000000000 ) ) ;
#4484 = CARTESIAN_POINT ( 'NONE',  ( 4.428840088369081940, 0.000000000000000000, 0.01210625692648227558 ) ) ;
#4485 = FACE_OUTER_BOUND ( 'NONE', #2768, .T. ) ;
#4486 = VERTEX_POINT ( 'NONE', #712 ) ;
#4487 = AXIS2_PLACEMENT_3D ( 'NONE', #2372, #277, #4641 ) ;
#4488 = CARTESIAN_POINT ( 'NONE',  ( 5.627508224398378722, 0.3750000000000000555, -0.3049999999999999378 ) ) ;
#4489 = DIRECTION ( 'NONE',  ( 0.000000000000000000, -1.000000000000000000, 0.000000000000000000 ) ) ;
#4490 = ORIENTED_EDGE ( 'NONE', *, *, #1759, .T. ) ;
#4491 = CARTESIAN_POINT ( 'NONE',  ( 1.855840088369080654, 0.3124999999999979461, 0.05210625692648308133 ) ) ;
#4492 = CARTESIAN_POINT ( 'NONE',  ( 7.894840088369080355, 0.3125000000000000000, 0.6771062569264827413 ) ) ;
#4493 = DIRECTION ( 'NONE',  ( 0.000000000000000000, 0.000000000000000000, 1.000000000000000000 ) ) ;
#4494 = ADVANCED_FACE ( 'NONE', ( #326, #2416 ), #3685, .T. ) ;
#4495 = PLANE ( 'NONE',  #683 ) ;
#4496 = ORIENTED_EDGE ( 'NONE', *, *, #1784, .T. ) ;
#4497 = CARTESIAN_POINT ( 'NONE',  ( 4.428840088369081940, 0.1100000000000000006, -0.08789374307351774385 ) ) ;
#4498 = ORIENTED_EDGE ( 'NONE', *, *, #5392, .F. ) ;
#4499 = ADVANCED_FACE ( 'NONE', ( #4043, #3181 ), #3269, .F. ) ;
#4500 = EDGE_CURVE ( 'NONE', #784, #3198, #630, .T. ) ;
#4501 = FACE_OUTER_BOUND ( 'NONE', #1107, .T. ) ;
#4502 = ORIENTED_EDGE ( 'NONE', *, *, #3913, .F. ) ;
#4503 = DIRECTION ( 'NONE',  ( 0.000000000000000000, 1.000000000000000000, 0.000000000000000000 ) ) ;
#4504 = VERTEX_POINT ( 'NONE', #275 ) ;
#4505 = DIRECTION ( 'NONE',  ( -0.000000000000000000, -1.000000000000000000, -0.000000000000000000 ) ) ;
#4506 = ORIENTED_EDGE ( 'NONE', *, *, #2789, .T. ) ;
#4507 = EDGE_CURVE ( 'NONE', #1551, #622, #5324, .T. ) ;
#4508 = ADVANCED_FACE ( 'NONE', ( #1949 ), #4012, .F. ) ;
#4509 = CARTESIAN_POINT ( 'NONE',  ( 4.428840088369081940, 0.000000000000000000, 0.01210625692648241263 ) ) ;
#4510 = DIRECTION ( 'NONE',  ( -4.480698032809951709E-15, -0.9396926207859092051, 0.3420201433256662704 ) ) ;
#4511 = DIRECTION ( 'NONE',  ( 0.000000000000000000, -0.000000000000000000, 1.000000000000000000 ) ) ;
#4512 = ORIENTED_EDGE ( 'NONE', *, *, #3392, .T. ) ;
#4513 = LINE ( 'NONE', #3711, #577 ) ;
#4514 = EDGE_CURVE ( 'NONE', #3469, #2003, #4380, .T. ) ;
#4515 = ORIENTED_EDGE ( 'NONE', *, *, #828, .F. ) ;
#4516 = FACE_OUTER_BOUND ( 'NONE', #2508, .T. ) ;
#4517 = DIRECTION ( 'NONE',  ( 0.000000000000000000, 0.000000000000000000, 1.000000000000000000 ) ) ;
#4518 = DIRECTION ( 'NONE',  ( 0.000000000000000000, 1.000000000000000000, 0.000000000000000000 ) ) ;
#4519 = CARTESIAN_POINT ( 'NONE',  ( 5.309840088369080391, 0.3125000000000000000, 1.429106256926482299 ) ) ;
#4520 = ORIENTED_EDGE ( 'NONE', *, *, #4706, .T. ) ;
#4521 = CARTESIAN_POINT ( 'NONE',  ( 2.323732460952719237, 0.3750000000000000555, 0.09499999999999997335 ) ) ;
#4522 = VERTEX_POINT ( 'NONE', #3574 ) ;
#4523 = FACE_OUTER_BOUND ( 'NONE', #1165, .T. ) ;
#4524 = EDGE_LOOP ( 'NONE', ( #3115, #1691, #4776, #4957 ) ) ;
#4525 = DIRECTION ( 'NONE',  ( 0.000000000000000000, 0.000000000000000000, 1.000000000000000000 ) ) ;
#4526 = EDGE_CURVE ( 'NONE', #5372, #3591, #2393, .T. ) ;
#4527 = ORIENTED_EDGE ( 'NONE', *, *, #3074, .F. ) ;
#4528 = EDGE_CURVE ( 'NONE', #1300, #4347, #5248, .T. ) ;
#4529 = FACE_OUTER_BOUND ( 'NONE', #1527, .T. ) ;
#4530 = VERTEX_POINT ( 'NONE', #1569 ) ;
#4531 = VECTOR ( 'NONE', #1128, 39.37007874015748143 ) ;
#4532 = CARTESIAN_POINT ( 'NONE',  ( 15.69584008836908318, 0.3750000000000000555, 0.6771062569264825193 ) ) ;
#4533 = DIRECTION ( 'NONE',  ( -0.000000000000000000, -1.000000000000000000, -0.000000000000000000 ) ) ;
#4534 = FACE_OUTER_BOUND ( 'NONE', #1973, .T. ) ;
#4535 = VERTEX_POINT ( 'NONE', #3159 ) ;
#4536 = AXIS2_PLACEMENT_3D ( 'NONE', #214, #3520, #5192 ) ;
#4537 = AXIS2_PLACEMENT_3D ( 'NONE', #634, #4453, #612 ) ;
#4538 = CARTESIAN_POINT ( 'NONE',  ( 4.428840088369080163, 0.3124999999999979461, 0.05210625692648283847 ) ) ;
#4539 = AXIS2_PLACEMENT_3D ( 'NONE', #2969, #3861, #995 ) ;
#4540 = EDGE_CURVE ( 'NONE', #4662, #3390, #4068, .T. ) ;
#4541 = ORIENTED_EDGE ( 'NONE', *, *, #24, .T. ) ;
#4542 = CARTESIAN_POINT ( 'NONE',  ( 10.24185051130040414, 0.000000000000000000, 0.2000000000000000111 ) ) ;
#4543 = CIRCLE ( 'NONE', #2345, 0.7519999999999998908 ) ;
#4544 = EDGE_CURVE ( 'NONE', #3279, #918, #1831, .T. ) ;
#4545 = DIRECTION ( 'NONE',  ( 0.000000000000000000, 0.000000000000000000, -1.000000000000000000 ) ) ;
#4546 = DIRECTION ( 'NONE',  ( 1.000000000000000000, 0.000000000000000000, 3.849842155671173077E-17 ) ) ;
#4547 = DIRECTION ( 'NONE',  ( -1.000000000000000000, 0.000000000000000000, -0.000000000000000000 ) ) ;
#4548 = VERTEX_POINT ( 'NONE', #5275 ) ;
#4549 = LINE ( 'NONE', #346, #3839 ) ;
#4550 = CIRCLE ( 'NONE', #2264, 0.6650000000000001465 ) ;
#4551 = AXIS2_PLACEMENT_3D ( 'NONE', #851, #306, #1159 ) ;
#4552 = EDGE_LOOP ( 'NONE', ( #317, #1454, #921, #3955 ) ) ;
#4553 = VECTOR ( 'NONE', #3173, 39.37007874015748143 ) ;
#4554 = AXIS2_PLACEMENT_3D ( 'NONE', #1764, #988, #136 ) ;
#4555 = AXIS2_PLACEMENT_3D ( 'NONE', #3031, #3437, #2197 ) ;
#4556 = CARTESIAN_POINT ( 'NONE',  ( 0.9748400883690804264, 0.3750000000000000555, -0.07489374307351720494 ) ) ;
#4557 = CIRCLE ( 'NONE', #4030, 0.2749999999999999112 ) ;
#4558 = EDGE_LOOP ( 'NONE', ( #1613, #700, #5090, #657 ) ) ;
#4559 = LINE ( 'NONE', #783, #2006 ) ;
#4560 = VECTOR ( 'NONE', #2437, 39.37007874015748143 ) ;
#4561 = VERTEX_POINT ( 'NONE', #653 ) ;
#4562 = AXIS2_PLACEMENT_3D ( 'NONE', #5189, #3954, #4439 ) ;
#4563 = DIRECTION ( 'NONE',  ( 3.122111992759159443E-16, 0.000000000000000000, 1.000000000000000000 ) ) ;
#4564 = VERTEX_POINT ( 'NONE', #5358 ) ;
#4565 = AXIS2_PLACEMENT_3D ( 'NONE', #3475, #482, #1751 ) ;
#4566 = ORIENTED_EDGE ( 'NONE', *, *, #757, .T. ) ;
#4567 = DIRECTION ( 'NONE',  ( 0.000000000000000000, -1.000000000000000000, 0.000000000000000000 ) ) ;
#4568 = LINE ( 'NONE', #1646, #595 ) ;
#4569 = DIRECTION ( 'NONE',  ( -1.000000000000000000, 0.000000000000000000, 0.000000000000000000 ) ) ;
#4570 = VERTEX_POINT ( 'NONE', #1537 ) ;
#4571 = EDGE_CURVE ( 'NONE', #1067, #820, #4090, .T. ) ;
#4572 = CARTESIAN_POINT ( 'NONE',  ( 6.786850511300405842, 0.3750000000000000555, 0.4499999999999995115 ) ) ;
#4573 = EDGE_LOOP ( 'NONE', ( #4704, #468, #4091, #648 ) ) ;
#4574 = CYLINDRICAL_SURFACE ( 'NONE', #2951, 0.6650000000000001465 ) ;
#4575 = FACE_OUTER_BOUND ( 'NONE', #2330, .T. ) ;
#4576 = DIRECTION ( 'NONE',  ( 0.000000000000000000, 0.000000000000000000, -1.000000000000000000 ) ) ;
#4577 = ADVANCED_FACE ( 'NONE', ( #4485 ), #1066, .F. ) ;
#4578 = PLANE ( 'NONE',  #1555 ) ;
#4579 = EDGE_LOOP ( 'NONE', ( #2676, #2070 ) ) ;
#4580 = DIRECTION ( 'NONE',  ( -0.000000000000000000, -1.000000000000000000, -0.000000000000000000 ) ) ;
#4581 = PLANE ( 'NONE',  #2541 ) ;
#4582 = ORIENTED_EDGE ( 'NONE', *, *, #4673, .F. ) ;
#4583 = LINE ( 'NONE', #4166, #1391 ) ;
#4584 = ORIENTED_EDGE ( 'NONE', *, *, #3967, .T. ) ;
#4585 = EDGE_CURVE ( 'NONE', #3598, #5172, #2002, .T. ) ;
#4586 = DIRECTION ( 'NONE',  ( 0.000000000000000000, 0.000000000000000000, 1.000000000000000000 ) ) ;
#4587 = ORIENTED_EDGE ( 'NONE', *, *, #1651, .F. ) ;
#4588 = DIRECTION ( 'NONE',  ( 1.000000000000000000, 0.000000000000000000, -3.122111992759159443E-16 ) ) ;
#4589 = CARTESIAN_POINT ( 'NONE',  ( 7.888840088369080128, 0.3124999999999979461, 1.302106256926482519 ) ) ;
#4590 = DIRECTION ( 'NONE',  ( 0.000000000000000000, 0.000000000000000000, 1.000000000000000000 ) ) ;
#4591 = DIRECTION ( 'NONE',  ( 0.000000000000000000, 0.000000000000000000, -1.000000000000000000 ) ) ;
#4592 = PLANE ( 'NONE',  #2537 ) ;
#4593 = ORIENTED_EDGE ( 'NONE', *, *, #5000, .F. ) ;
#4594 = CARTESIAN_POINT ( 'NONE',  ( 13.84588584993493932, 0.3750000000000000555, 0.1549999999999978340 ) ) ;
#4595 = ORIENTED_EDGE ( 'NONE', *, *, #558, .F. ) ;
#4596 = LINE ( 'NONE', #1626, #3135 ) ;
#4597 = CARTESIAN_POINT ( 'NONE',  ( 13.49688369930709086, 0.3750000000000000555, 1.196670632534842182 ) ) ;
#4598 = EDGE_CURVE ( 'NONE', #4616, #4662, #2361, .T. ) ;
#4599 = CARTESIAN_POINT ( 'NONE',  ( 16.73260502127741844, 0.000000000000000000, 1.415695215269644036 ) ) ;
#4600 = ORIENTED_EDGE ( 'NONE', *, *, #2236, .T. ) ;
#4601 = CARTESIAN_POINT ( 'NONE',  ( 7.321062073806592352, 0.3750000000000000555, 1.851670632534839989 ) ) ;
#4602 = DIRECTION ( 'NONE',  ( -1.000000000000000000, 0.000000000000000000, -3.849842155671161367E-17 ) ) ;
#4603 = EDGE_CURVE ( 'NONE', #1359, #4561, #2117, .T. ) ;
#4604 = CARTESIAN_POINT ( 'NONE',  ( 1.855840088369080432, 0.000000000000000000, 0.6771062569264827413 ) ) ;
#4605 = VERTEX_POINT ( 'NONE', #2054 ) ;
#4606 = CARTESIAN_POINT ( 'NONE',  ( 7.925474621455776969, 0.000000000000000000, 1.561357056455911163 ) ) ;
#4607 = ORIENTED_EDGE ( 'NONE', *, *, #5138, .T. ) ;
#4608 = LINE ( 'NONE', #3703, #4560 ) ;
#4609 = CARTESIAN_POINT ( 'NONE',  ( 2.947298832732547336, 0.3750000000000000555, 0.1056603773584907507 ) ) ;
#4610 = ORIENTED_EDGE ( 'NONE', *, *, #1446, .F. ) ;
#4611 = CARTESIAN_POINT ( 'NONE',  ( 14.80884008836908450, 0.1100000000000000006, -0.08789374307351748017 ) ) ;
#4612 = CARTESIAN_POINT ( 'NONE',  ( 7.894840088369080355, 0.3125000000000000000, 0.6771062569264827413 ) ) ;
#4613 = CARTESIAN_POINT ( 'NONE',  ( 9.715257689473142833, 0.000000000000000000, -0.01499999999999669827 ) ) ;
#4614 = ORIENTED_EDGE ( 'NONE', *, *, #967, .T. ) ;
#4615 = CARTESIAN_POINT ( 'NONE',  ( 11.35484008836908032, 0.3125000000000000000, 1.429106256926482521 ) ) ;
#4616 = VERTEX_POINT ( 'NONE', #2474 ) ;
#4617 = FACE_OUTER_BOUND ( 'NONE', #5240, .T. ) ;
#4618 = CIRCLE ( 'NONE', #2935, 0.2799999999999990830 ) ;
#4619 = DIRECTION ( 'NONE',  ( -1.000000000000000000, 0.000000000000000000, 2.771886352083244418E-15 ) ) ;
#4620 = AXIS2_PLACEMENT_3D ( 'NONE', #4532, #788, #3707 ) ;
#4621 = CARTESIAN_POINT ( 'NONE',  ( 6.260257689473142761, 0.000000000000000000, 0.1400000000000000133 ) ) ;
#4622 = LINE ( 'NONE', #2620, #3836 ) ;
#4623 = AXIS2_PLACEMENT_3D ( 'NONE', #9, #419, #3360 ) ;
#4624 = EDGE_CURVE ( 'NONE', #1525, #3710, #686, .T. ) ;
#4625 = ORIENTED_EDGE ( 'NONE', *, *, #2007, .F. ) ;
#4626 = CARTESIAN_POINT ( 'NONE',  ( 7.888840088369082792, 0.1100000000000000006, -0.08789374307351774385 ) ) ;
#4627 = LINE ( 'NONE', #1689, #1312 ) ;
#4628 = VECTOR ( 'NONE', #2208, 39.37007874015748143 ) ;
#4629 = AXIS2_PLACEMENT_3D ( 'NONE', #2591, #2644, #4323 ) ;
#4630 = CYLINDRICAL_SURFACE ( 'NONE', #3586, 0.5400000000000001465 ) ;
#4631 = AXIS2_PLACEMENT_3D ( 'NONE', #4756, #3903, #2202 ) ;
#4632 = ADVANCED_FACE ( 'NONE', ( #4534 ), #1257, .T. ) ;
#4633 = EDGE_LOOP ( 'NONE', ( #1054, #392, #1632, #5293 ) ) ;
#4634 = AXIS2_PLACEMENT_3D ( 'NONE', #2913, #2069, #830 ) ;
#4635 = DIRECTION ( 'NONE',  ( 0.000000000000000000, -1.000000000000000000, 0.000000000000000000 ) ) ;
#4636 = ORIENTED_EDGE ( 'NONE', *, *, #1711, .F. ) ;
#4637 = DIRECTION ( 'NONE',  ( 1.000000000000000000, -0.000000000000000000, -7.699684311342365876E-17 ) ) ;
#4638 = CIRCLE ( 'NONE', #3228, 0.7519999999999998908 ) ;
#4639 = AXIS2_PLACEMENT_3D ( 'NONE', #5245, #604, #4852 ) ;
#4640 = ADVANCED_FACE ( 'NONE', ( #5437 ), #2031, .F. ) ;
#4641 = DIRECTION ( 'NONE',  ( 0.000000000000000000, 0.000000000000000000, 1.000000000000000000 ) ) ;
#4642 = EDGE_CURVE ( 'NONE', #2598, #4433, #4207, .T. ) ;
#4643 = ORIENTED_EDGE ( 'NONE', *, *, #965, .F. ) ;
#4645 = CARTESIAN_POINT ( 'NONE',  ( 5.315840088369081506, 0.1100000000000000006, 1.342106256926482777 ) ) ;
#4644 = AXIS2_PLACEMENT_3D ( 'NONE', #4422, #4447, #1889 ) ;
#4646 = VECTOR ( 'NONE', #1801, 39.37007874015748143 ) ;
#4647 = DIRECTION ( 'NONE',  ( 0.000000000000000000, 0.000000000000000000, 1.000000000000000000 ) ) ;
#4648 = CARTESIAN_POINT ( 'NONE',  ( 7.888840088369082792, 0.1100000000000000006, 1.442106256926483532 ) ) ;
#4649 = EDGE_LOOP ( 'NONE', ( #3847, #650, #3602, #5197 ) ) ;
#4650 = AXIS2_PLACEMENT_3D ( 'NONE', #37, #1247, #1667 ) ;
#4651 = LINE ( 'NONE', #2200, #662 ) ;
#4652 = VERTEX_POINT ( 'NONE', #4153 ) ;
#4653 = CYLINDRICAL_SURFACE ( 'NONE', #4451, 0.1549999999999978062 ) ;
#4654 = VECTOR ( 'NONE', #3638, 39.37007874015748143 ) ;
#4655 = FACE_OUTER_BOUND ( 'NONE', #1650, .T. ) ;
#4656 = LENGTH_MEASURE_WITH_UNIT ( LENGTH_MEASURE( 0.02539999999999999897 ), #3822 );
#4657 = DIRECTION ( 'NONE',  ( -0.000000000000000000, -1.000000000000000000, -0.000000000000000000 ) ) ;
#4658 = LINE ( 'NONE', #3419, #328 ) ;
#4659 = LINE ( 'NONE', #2995, #1471 ) ;
#4660 = DIRECTION ( 'NONE',  ( 0.000000000000000000, 1.000000000000000000, 0.000000000000000000 ) ) ;
#4661 = DIRECTION ( 'NONE',  ( -0.000000000000000000, -1.000000000000000000, -0.000000000000000000 ) ) ;
#4662 = VERTEX_POINT ( 'NONE', #3766 ) ;
#4663 = CARTESIAN_POINT ( 'NONE',  ( 15.69584008836908318, 0.000000000000000000, 0.1371062569264825115 ) ) ;
#4664 = ORIENTED_EDGE ( 'NONE', *, *, #3105, .F. ) ;
#4665 = FACE_OUTER_BOUND ( 'NONE', #962, .T. ) ;
#4666 = EDGE_CURVE ( 'NONE', #5221, #1623, #2922, .T. ) ;
#4667 = DIRECTION ( 'NONE',  ( 0.000000000000000000, 0.000000000000000000, 1.000000000000000000 ) ) ;
#4668 = ORIENTED_EDGE ( 'NONE', *, *, #5208, .T. ) ;
#4669 = DIRECTION ( 'NONE',  ( 0.000000000000000000, 0.000000000000000000, 1.000000000000000000 ) ) ;
#4670 = ADVANCED_FACE ( 'NONE', ( #382 ), #4592, .F. ) ;
#4671 = FACE_OUTER_BOUND ( 'NONE', #850, .T. ) ;
#4672 = ORIENTED_EDGE ( 'NONE', *, *, #2513, .F. ) ;
#4673 = EDGE_CURVE ( 'NONE', #4156, #1968, #3137, .T. ) ;
#4674 = CARTESIAN_POINT ( 'NONE',  ( 0.9748400883690804264, 0.3125000000000000000, -0.07489374307351720494 ) ) ;
#4675 = ORIENTED_EDGE ( 'NONE', *, *, #927, .F. ) ;
#4676 = CARTESIAN_POINT ( 'NONE',  ( 1.855840088369080432, 0.000000000000000000, -0.08789374307351734139 ) ) ;
#4677 = DIRECTION ( 'NONE',  ( -0.000000000000000000, -1.000000000000000000, -0.000000000000000000 ) ) ;
#4678 = ORIENTED_EDGE ( 'NONE', *, *, #440, .F. ) ;
#4679 = EDGE_LOOP ( 'NONE', ( #3073, #4256, #4252, #5136 ) ) ;
#4680 = ADVANCED_FACE ( 'NONE', ( #3709 ), #441, .F. ) ;
#4681 = CARTESIAN_POINT ( 'NONE',  ( 15.69584008836908318, 0.000000000000000000, 1.217106256926482555 ) ) ;
#4682 = FACE_OUTER_BOUND ( 'NONE', #1436, .T. ) ;
#4683 = ORIENTED_EDGE ( 'NONE', *, *, #391, .F. ) ;
#4684 = FACE_OUTER_BOUND ( 'NONE', #1252, .T. ) ;
#4685 = CARTESIAN_POINT ( 'NONE',  ( 12.23584008836908055, 0.3124999999999979461, 0.05210625692648280377 ) ) ;
#4686 = CARTESIAN_POINT ( 'NONE',  ( 11.34884008836908542, 0.1100000000000000006, 0.01210625692648227558 ) ) ;
#4687 = VERTEX_POINT ( 'NONE', #4613 ) ;
#4688 = DIRECTION ( 'NONE',  ( 0.000000000000000000, 0.000000000000000000, 1.000000000000000000 ) ) ;
#4689 = ORIENTED_EDGE ( 'NONE', *, *, #2237, .F. ) ;
#4690 = DIRECTION ( 'NONE',  ( -1.000000000000000000, 0.000000000000000000, -0.000000000000000000 ) ) ;
#4691 = CARTESIAN_POINT ( 'NONE',  ( -0.3988197544642851922, 0.3750000000000000555, 1.347207409216950369 ) ) ;
#4692 = EDGE_LOOP ( 'NONE', ( #3833, #4779, #1514, #5210 ) ) ;
#4693 = EDGE_CURVE ( 'NONE', #1635, #4437, #3418, .T. ) ;
#4694 = DIRECTION ( 'NONE',  ( -1.000000000000000000, -0.000000000000000000, -2.064423126679161354E-18 ) ) ;
#4695 = EDGE_CURVE ( 'NONE', #1792, #2166, #1699, .T. ) ;
#4696 = CARTESIAN_POINT ( 'NONE',  ( 2.352231280947882475, 0.3750000000000000555, -0.3039834799322941317 ) ) ;
#4697 = LINE ( 'NONE', #3874, #430 ) ;
#4698 = ORIENTED_EDGE ( 'NONE', *, *, #3461, .T. ) ;
#4699 = CARTESIAN_POINT ( 'NONE',  ( 1.849840088369079982, 0.3125000000000000000, -0.07489374307351720494 ) ) ;
#4700 = VERTEX_POINT ( 'NONE', #843 ) ;
#4701 = ADVANCED_FACE ( 'NONE', ( #4177 ), #5004, .F. ) ;
#4702 = CARTESIAN_POINT ( 'NONE',  ( 16.73260502127741844, 0.3750000000000000555, 1.415695215269644036 ) ) ;
#4703 = CARTESIAN_POINT ( 'NONE',  ( 2.338000000000000522, 0.000000000000000000, -0.3049999999999999378 ) ) ;
#4704 = ORIENTED_EDGE ( 'NONE', *, *, #4141, .T. ) ;
#4705 = DIRECTION ( 'NONE',  ( 0.000000000000000000, -0.000000000000000000, -1.000000000000000000 ) ) ;
#4706 = EDGE_CURVE ( 'NONE', #5140, #1786, #1208, .T. ) ;
#4707 = DIRECTION ( 'NONE',  ( -4.396927258056412330E-15, -0.9396926207859092051, 0.3420201433256662704 ) ) ;
#4708 = VECTOR ( 'NONE', #4731, 39.37007874015748143 ) ;
#4709 = EDGE_CURVE ( 'NONE', #3877, #622, #408, .T. ) ;
#4710 = EDGE_LOOP ( 'NONE', ( #3344, #567, #4415, #840 ) ) ;
#4711 = CARTESIAN_POINT ( 'NONE',  ( 4.428840088369081940, 0.000000000000000000, -0.08789374307351774385 ) ) ;
#4712 = LINE ( 'NONE', #973, #5160 ) ;
#4713 = VECTOR ( 'NONE', #1984, 39.37007874015748143 ) ;
#4714 = CIRCLE ( 'NONE', #232, 0.1549999999999995826 ) ;
#4715 = DIRECTION ( 'NONE',  ( -0.000000000000000000, -1.000000000000000000, -0.000000000000000000 ) ) ;
#4716 = VECTOR ( 'NONE', #504, 39.37007874015748143 ) ;
#4717 = LINE ( 'NONE', #15, #1918 ) ;
#4718 = EDGE_LOOP ( 'NONE', ( #2988, #3125, #1072, #5290 ) ) ;
#4719 = CARTESIAN_POINT ( 'NONE',  ( 11.34884008836908542, 0.000000000000000000, -0.08789374307351774385 ) ) ;
#4720 = CIRCLE ( 'NONE', #3039, 0.7650000000000001243 ) ;
#4721 = FACE_OUTER_BOUND ( 'NONE', #3724, .T. ) ;
#4722 = ORIENTED_EDGE ( 'NONE', *, *, #3111, .T. ) ;
#4723 = DIRECTION ( 'NONE',  ( 1.000000000000000000, 0.000000000000000000, 0.000000000000000000 ) ) ;
#4724 = SURFACE_STYLE_USAGE ( .BOTH. , #5079 ) ;
#4725 = AXIS2_PLACEMENT_3D ( 'NONE', #1075, #4946, #1932 ) ;
#4726 = VECTOR ( 'NONE', #3572, 39.37007874015748143 ) ;
#4727 = CARTESIAN_POINT ( 'NONE',  ( 7.888840088369082792, 0.3750000000000000555, 0.6771062569264825193 ) ) ;
#4728 = ORIENTED_EDGE ( 'NONE', *, *, #507, .T. ) ;
#4729 = CIRCLE ( 'NONE', #72, 0.5400000000000001465 ) ;
#4730 = EDGE_CURVE ( 'NONE', #3880, #804, #879, .T. ) ;
#4731 = DIRECTION ( 'NONE',  ( -0.000000000000000000, 1.000000000000000000, -0.000000000000000000 ) ) ;
#4732 = ORIENTED_EDGE ( 'NONE', *, *, #1102, .F. ) ;
#4733 = DIRECTION ( 'NONE',  ( 0.000000000000000000, 0.000000000000000000, 1.000000000000000000 ) ) ;
#4734 = LINE ( 'NONE', #4293, #1032 ) ;
#4735 = ORIENTED_EDGE ( 'NONE', *, *, #5264, .T. ) ;
#4736 = VECTOR ( 'NONE', #4787, 39.37007874015748143 ) ;
#4737 = ADVANCED_FACE ( 'NONE', ( #465 ), #597, .F. ) ;
#4738 = CYLINDRICAL_SURFACE ( 'NONE', #609, 0.6649999999999999245 ) ;
#4739 = CARTESIAN_POINT ( 'NONE',  ( -0.05747951400767795094, 0.3750000000000000555, -0.05500000000000002803 ) ) ;
#4740 = ORIENTED_EDGE ( 'NONE', *, *, #2390, .T. ) ;
#4741 = CARTESIAN_POINT ( 'NONE',  ( 4.428840088369081940, 0.1100000000000000006, 1.342106256926482777 ) ) ;
#4742 = DIRECTION ( 'NONE',  ( -0.000000000000000000, -1.000000000000000000, -0.000000000000000000 ) ) ;
#4743 = EDGE_CURVE ( 'NONE', #3270, #2323, #3482, .T. ) ;
#4744 = CARTESIAN_POINT ( 'NONE',  ( 11.34884008836908365, 0.000000000000000000, 1.217106256926482777 ) ) ;
#4745 = DIRECTION ( 'NONE',  ( 1.000000000000000000, 0.000000000000000000, -0.000000000000000000 ) ) ;
#4746 = ORIENTED_EDGE ( 'NONE', *, *, #4695, .T. ) ;
#4747 = DIRECTION ( 'NONE',  ( -1.000000000000000000, 0.000000000000000000, -0.000000000000000000 ) ) ;
#4748 = FACE_OUTER_BOUND ( 'NONE', #2681, .T. ) ;
#4749 = ADVANCED_FACE ( 'NONE', ( #4671 ), #958, .F. ) ;
#4750 = ORIENTED_EDGE ( 'NONE', *, *, #5208, .F. ) ;
#4751 = CARTESIAN_POINT ( 'NONE',  ( 16.73260502127741844, 0.000000000000000000, 1.105695215269648424 ) ) ;
#4752 = FACE_BOUND ( 'NONE', #3940, .T. ) ;
#4753 = ORIENTED_EDGE ( 'NONE', *, *, #1797, .F. ) ;
#4754 = DIRECTION ( 'NONE',  ( 0.000000000000000000, 0.000000000000000000, -1.000000000000000000 ) ) ;
#4755 = ORIENTED_EDGE ( 'NONE', *, *, #3500, .T. ) ;
#4756 = CARTESIAN_POINT ( 'NONE',  ( 16.73260502127741844, 0.000000000000000000, 1.260695215269646230 ) ) ;
#4757 = CARTESIAN_POINT ( 'NONE',  ( 1.855840088369080654, 0.000000000000000000, 1.442106256926482644 ) ) ;
#4758 = EDGE_LOOP ( 'NONE', ( #3979, #3521 ) ) ;
#4759 = LINE ( 'NONE', #990, #3870 ) ;
#4760 = DIRECTION ( 'NONE',  ( 0.000000000000000000, 0.000000000000000000, -1.000000000000000000 ) ) ;
#4761 = DIRECTION ( 'NONE',  ( 1.000000000000000000, 0.000000000000000000, 0.000000000000000000 ) ) ;
#4762 = EDGE_CURVE ( 'NONE', #1968, #2829, #1430, .T. ) ;
#4763 = EDGE_CURVE ( 'NONE', #1005, #1046, #3680, .T. ) ;
#4764 = DIRECTION ( 'NONE',  ( -0.000000000000000000, 1.000000000000000000, -0.000000000000000000 ) ) ;
#4765 = DIRECTION ( 'NONE',  ( -0.000000000000000000, -1.000000000000000000, -0.000000000000000000 ) ) ;
#4766 = EDGE_CURVE ( 'NONE', #363, #3320, #1839, .T. ) ;
#4767 = FACE_BOUND ( 'NONE', #5133, .T. ) ;
#4768 = VERTEX_POINT ( 'NONE', #188 ) ;
#4769 = CARTESIAN_POINT ( 'NONE',  ( 4.428840088369080163, 0.07896441934635377302, 0.6771062569264827413 ) ) ;
#4770 = EDGE_CURVE ( 'NONE', #4888, #981, #5256, .T. ) ;
#4771 = ORIENTED_EDGE ( 'NONE', *, *, #874, .T. ) ;
#4772 = LINE ( 'NONE', #5159, #775 ) ;
#4773 = CARTESIAN_POINT ( 'NONE',  ( 14.81484008836907940, 0.3750000000000000555, 0.6771062569264827413 ) ) ;
#4774 = ORIENTED_EDGE ( 'NONE', *, *, #435, .F. ) ;
#4775 = PLANE ( 'NONE',  #3915 ) ;
#4776 = ORIENTED_EDGE ( 'NONE', *, *, #2121, .F. ) ;
#4777 = FACE_OUTER_BOUND ( 'NONE', #4788, .T. ) ;
#4778 = DIRECTION ( 'NONE',  ( -0.000000000000000000, -1.000000000000000000, -0.000000000000000000 ) ) ;
#4779 = ORIENTED_EDGE ( 'NONE', *, *, #4709, .F. ) ;
#4780 = ORIENTED_EDGE ( 'NONE', *, *, #3433, .F. ) ;
#4781 = ORIENTED_EDGE ( 'NONE', *, *, #2451, .F. ) ;
#4782 = DIRECTION ( 'NONE',  ( 0.000000000000000000, 0.000000000000000000, 1.000000000000000000 ) ) ;
#4783 = VERTEX_POINT ( 'NONE', #983 ) ;
#4784 = CARTESIAN_POINT ( 'NONE',  ( 12.23584008836908232, 0.1100000000000000006, 1.442106256926482644 ) ) ;
#4785 = DIRECTION ( 'NONE',  ( 0.000000000000000000, 0.000000000000000000, -1.000000000000000000 ) ) ;
#4786 = CARTESIAN_POINT ( 'NONE',  ( 7.925474621455776969, 0.000000000000000000, 1.716357056455910968 ) ) ;
#4787 = DIRECTION ( 'NONE',  ( -0.000000000000000000, -1.000000000000000000, -0.000000000000000000 ) ) ;
#4788 = EDGE_LOOP ( 'NONE', ( #175, #1848, #297, #3023 ) ) ;
#4789 = AXIS2_PLACEMENT_3D ( 'NONE', #3771, #4130, #1600 ) ;
#4790 = EDGE_CURVE ( 'NONE', #1962, #361, #3032, .T. ) ;
#4791 = CARTESIAN_POINT ( 'NONE',  ( 5.315840088369078842, 0.07896441934635377302, 0.1371062569264824560 ) ) ;
#4792 = AXIS2_PLACEMENT_3D ( 'NONE', #3789, #4282, #2524 ) ;
#4793 = ORIENTED_EDGE ( 'NONE', *, *, #3518, .F. ) ;
#4794 = VECTOR ( 'NONE', #1663, 39.37007874015748143 ) ;
#4795 = DIRECTION ( 'NONE',  ( 1.000000000000000000, -0.000000000000000000, -7.699684311342365876E-17 ) ) ;
#4796 = EDGE_LOOP ( 'NONE', ( #4146, #4804, #723, #2039 ) ) ;
#4797 = AXIS2_PLACEMENT_3D ( 'NONE', #2319, #544, #5287 ) ;
#4798 = ADVANCED_FACE ( 'NONE', ( #1006, #5132, #3065, #2221, #2677, #2657, #2606, #3924, #5080, #1781, #159, #2276, #3956, #4752, #3404 ), #1321, .F. ) ;
#4800 = DIRECTION ( 'NONE',  ( 0.000000000000000000, -0.000000000000000000, 1.000000000000000000 ) ) ;
#4799 = AXIS2_PLACEMENT_3D ( 'NONE', #3216, #224, #2851 ) ;
#4801 = AXIS2_PLACEMENT_3D ( 'NONE', #1050, #177, #3970 ) ;
#4802 = FACE_OUTER_BOUND ( 'NONE', #2463, .T. ) ;
#4803 = DIRECTION ( 'NONE',  ( 4.438812645433182019E-15, -0.9396926207859092051, -0.3420201433256662704 ) ) ;
#4804 = ORIENTED_EDGE ( 'NONE', *, *, #596, .F. ) ;
#4805 = AXIS2_PLACEMENT_3D ( 'NONE', #4399, #3986, #4511 ) ;
#4806 = VECTOR ( 'NONE', #1235, 39.37007874015748143 ) ;
#4807 = ORIENTED_EDGE ( 'NONE', *, *, #4306, .T. ) ;
#4808 = ORIENTED_EDGE ( 'NONE', *, *, #1881, .F. ) ;
#4809 = DIRECTION ( 'NONE',  ( -0.4160230040653494776, 0.000000000000000000, -0.9093540894989378121 ) ) ;
#4810 = ORIENTED_EDGE ( 'NONE', *, *, #1508, .T. ) ;
#4811 = CARTESIAN_POINT ( 'NONE',  ( 5.315840088369081506, 0.3750000000000000555, 0.6771062569264825193 ) ) ;
#4812 = VECTOR ( 'NONE', #3647, 39.37007874015748143 ) ;
#4813 = AXIS2_PLACEMENT_3D ( 'NONE', #155, #5211, #623 ) ;
#4814 = CARTESIAN_POINT ( 'NONE',  ( 4.428840088369081940, 0.000000000000000000, 0.1371062569264823727 ) ) ;
#4815 = FACE_OUTER_BOUND ( 'NONE', #3806, .T. ) ;
#4816 = ORIENTED_EDGE ( 'NONE', *, *, #443, .F. ) ;
#4817 = CARTESIAN_POINT ( 'NONE',  ( 3.178815647672321276, 0.000000000000000000, 0.4500000000000001221 ) ) ;
#4818 = FACE_BOUND ( 'NONE', #948, .T. ) ;
#4819 = ORIENTED_EDGE ( 'NONE', *, *, #1705, .F. ) ;
#4820 = CARTESIAN_POINT ( 'NONE',  ( 2.688000000000000611, 0.000000000000000000, 0.000000000000000000 ) ) ;
#4821 = ORIENTED_EDGE ( 'NONE', *, *, #535, .T. ) ;
#4822 = FACE_OUTER_BOUND ( 'NONE', #1229, .T. ) ;
#4823 = VERTEX_POINT ( 'NONE', #924 ) ;
#4824 = EDGE_CURVE ( 'NONE', #4331, #1375, #1576, .T. ) ;
#4825 = DIRECTION ( 'NONE',  ( 0.000000000000000000, 1.000000000000000000, 0.000000000000000000 ) ) ;
#4826 = ORIENTED_EDGE ( 'NONE', *, *, #3480, .F. ) ;
#4827 = CARTESIAN_POINT ( 'NONE',  ( 6.786850511300405842, 0.000000000000000000, 0.2000000000000000111 ) ) ;
#4828 = CARTESIAN_POINT ( 'NONE',  ( 9.993457670815844907, 0.3750000000000000555, 0.1716981132075470762 ) ) ;
#4829 = EDGE_CURVE ( 'NONE', #633, #4652, #2165, .T. ) ;
#4830 = CARTESIAN_POINT ( 'NONE',  ( 16.73260502127741844, 0.000000000000000000, 1.260695215269646230 ) ) ;
#4831 = ORIENTED_EDGE ( 'NONE', *, *, #1594, .F. ) ;
#4832 = VERTEX_POINT ( 'NONE', #1346 ) ;
#4833 = CARTESIAN_POINT ( 'NONE',  ( 8.775840088369081471, 0.1100000000000000006, 0.6771062569264825193 ) ) ;
#4834 = ORIENTED_EDGE ( 'NONE', *, *, #4088, .T. ) ;
#4835 = CARTESIAN_POINT ( 'NONE',  ( 6.538457670815847500, 0.000000000000000000, 0.1716981132075470207 ) ) ;
#4836 = LINE ( 'NONE', #694, #1392 ) ;
#4837 = CARTESIAN_POINT ( 'NONE',  ( 11.34884008836908187, 0.07896441934635377302, 1.217106256926482777 ) ) ;
#4838 = CARTESIAN_POINT ( 'NONE',  ( 1.855840088369080432, 0.1100000000000000006, -0.08789374307351734139 ) ) ;
#4839 = ORIENTED_EDGE ( 'NONE', *, *, #5297, .F. ) ;
#4840 = CARTESIAN_POINT ( 'NONE',  ( 11.34884008836908365, 0.1100000000000000006, 0.6771062569264825193 ) ) ;
#4841 = VERTEX_POINT ( 'NONE', #3007 ) ;
#4842 = DIRECTION ( 'NONE',  ( -0.000000000000000000, -1.000000000000000000, -0.000000000000000000 ) ) ;
#4843 = ORIENTED_EDGE ( 'NONE', *, *, #5061, .T. ) ;
#4844 = DIRECTION ( 'NONE',  ( 0.000000000000000000, -0.000000000000000000, 1.000000000000000000 ) ) ;
#4845 = ORIENTED_EDGE ( 'NONE', *, *, #3698, .T. ) ;
#4846 = LINE ( 'NONE', #2388, #4993 ) ;
#4847 = ORIENTED_EDGE ( 'NONE', *, *, #1027, .T. ) ;
#4848 = EDGE_CURVE ( 'NONE', #933, #1359, #4697, .T. ) ;
#4849 = EDGE_CURVE ( 'NONE', #1350, #786, #3506, .T. ) ;
#4850 = FACE_OUTER_BOUND ( 'NONE', #4036, .T. ) ;
#4851 = ORIENTED_EDGE ( 'NONE', *, *, #4364, .F. ) ;
#4852 = DIRECTION ( 'NONE',  ( -1.000000000000000000, 0.000000000000000000, -0.000000000000000000 ) ) ;
#4853 = CARTESIAN_POINT ( 'NONE',  ( 6.260257689473142761, 0.3750000000000000555, -0.01500000000000001159 ) ) ;
#4854 = EDGE_LOOP ( 'NONE', ( #4318, #810, #4496, #1062 ) ) ;
#4855 = ORIENTED_EDGE ( 'NONE', *, *, #5038, .F. ) ;
#4856 = EDGE_CURVE ( 'NONE', #1480, #5372, #1804, .T. ) ;
#4857 = DIRECTION ( 'NONE',  ( 0.000000000000000000, 0.000000000000000000, 1.000000000000000000 ) ) ;
#4858 = ORIENTED_EDGE ( 'NONE', *, *, #3261, .T. ) ;
#4859 = DIRECTION ( 'NONE',  ( -0.000000000000000000, 1.000000000000000000, -0.000000000000000000 ) ) ;
#4860 = PLANE ( 'NONE',  #4725 ) ;
#4861 = CYLINDRICAL_SURFACE ( 'NONE', #5178, 0.1549999999999997213 ) ;
#4862 = EDGE_CURVE ( 'NONE', #902, #1635, #2625, .T. ) ;
#4863 = EDGE_CURVE ( 'NONE', #5409, #1005, #1116, .T. ) ;
#4864 = DIRECTION ( 'NONE',  ( 0.000000000000000000, 0.000000000000000000, 1.000000000000000000 ) ) ;
#4865 = ORIENTED_EDGE ( 'NONE', *, *, #31, .T. ) ;
#4866 = CARTESIAN_POINT ( 'NONE',  ( 15.64904226588826042, 0.000000000000000000, 0.6949999999999998401 ) ) ;
#4867 = ORIENTED_EDGE ( 'NONE', *, *, #1442, .T. ) ;
#4868 = DIRECTION ( 'NONE',  ( 0.000000000000000000, 1.000000000000000000, 0.000000000000000000 ) ) ;
#4869 = ORIENTED_EDGE ( 'NONE', *, *, #293, .T. ) ;
#4870 = VECTOR ( 'NONE', #5383, 39.37007874015748143 ) ;
#4871 = CARTESIAN_POINT ( 'NONE',  ( 7.888840088369082792, 0.3750000000000000555, 0.1371062569264823727 ) ) ;
#4872 = ORIENTED_EDGE ( 'NONE', *, *, #3144, .T. ) ;
#4873 = DIRECTION ( 'NONE',  ( 0.000000000000000000, 0.000000000000000000, 1.000000000000000000 ) ) ;
#4874 = EDGE_LOOP ( 'NONE', ( #5355, #134, #203, #1209 ) ) ;
#4875 = VECTOR ( 'NONE', #1887, 39.37007874015748143 ) ;
#4876 = VECTOR ( 'NONE', #2828, 39.37007874015748143 ) ;
#4877 = DIRECTION ( 'NONE',  ( 0.000000000000000000, 0.000000000000000000, -1.000000000000000000 ) ) ;
#4878 = DIRECTION ( 'NONE',  ( 0.000000000000000000, -1.000000000000000000, 0.000000000000000000 ) ) ;
#4879 = AXIS2_PLACEMENT_3D ( 'NONE', #3720, #4162, #2543 ) ;
#4880 = CARTESIAN_POINT ( 'NONE',  ( 7.894840088369080355, 0.3125000000000000000, -0.07489374307351720494 ) ) ;
#4881 = ADVANCED_FACE ( 'NONE', ( #4394 ), #3236, .T. ) ;
#4882 = ORIENTED_EDGE ( 'NONE', *, *, #4205, .F. ) ;
#4883 = VECTOR ( 'NONE', #2230, 39.37007874015748143 ) ;
#4884 = AXIS2_PLACEMENT_3D ( 'NONE', #480, #1748, #2234 ) ;
#4885 = VECTOR ( 'NONE', #1183, 39.37007874015748143 ) ;
#4886 = CARTESIAN_POINT ( 'NONE',  ( 1.855840088369080432, 0.07896441934635377302, 0.6771062569264827413 ) ) ;
#4887 = DIRECTION ( 'NONE',  ( 0.000000000000000000, -1.000000000000000000, 0.000000000000000000 ) ) ;
#4888 = VERTEX_POINT ( 'NONE', #5317 ) ;
#4889 = VECTOR ( 'NONE', #1911, 39.37007874015748143 ) ;
#4890 = DIRECTION ( 'NONE',  ( -5.463695987328526437E-15, 0.000000000000000000, 1.000000000000000000 ) ) ;
#4891 = DIRECTION ( 'NONE',  ( 1.000000000000000000, 0.000000000000000000, 0.000000000000000000 ) ) ;
#4892 = EDGE_CURVE ( 'NONE', #984, #1746, #240, .T. ) ;
#4893 = VECTOR ( 'NONE', #1498, 39.37007874015748143 ) ;
#4895 = VECTOR ( 'NONE', #1434, 39.37007874015748143 ) ;
#4894 = CARTESIAN_POINT ( 'NONE',  ( 7.888840088369081016, 0.07896441934635377302, 1.217106256926482999 ) ) ;
#4896 = EDGE_CURVE ( 'NONE', #4395, #5198, #4441, .T. ) ;
#4897 = VECTOR ( 'NONE', #2448, 39.37007874015748143 ) ;
#4898 = DIRECTION ( 'NONE',  ( 0.6427220075350842388, -0.000000000000000000, -0.7660994850736234651 ) ) ;
#4899 =( GEOMETRIC_REPRESENTATION_CONTEXT ( 3 ) GLOBAL_UNCERTAINTY_ASSIGNED_CONTEXT ( ( #816 ) ) GLOBAL_UNIT_ASSIGNED_CONTEXT ( ( #4254, #3114, #2710 ) ) REPRESENTATION_CONTEXT ( 'NONE', 'WORKASPACE' ) );
#4900 = ORIENTED_EDGE ( 'NONE', *, *, #3417, .F. ) ;
#4901 = CARTESIAN_POINT ( 'NONE',  ( 7.925474621455776969, 0.3750000000000000555, 1.716357056455910968 ) ) ;
#4902 = PRODUCT_DEFINITION ( 'UNKNOWN', '', #5259, #181 ) ;
#4903 = ORIENTED_EDGE ( 'NONE', *, *, #4904, .T. ) ;
#4904 = EDGE_CURVE ( 'NONE', #3266, #5231, #4481, .T. ) ;
#4905 = AXIS2_PLACEMENT_3D ( 'NONE', #728, #2411, #3540 ) ;
#4906 = VECTOR ( 'NONE', #2643, 39.37007874015748143 ) ;
#4907 = LINE ( 'NONE', #4057, #4553 ) ;
#4908 = ORIENTED_EDGE ( 'NONE', *, *, #4056, .T. ) ;
#4909 = AXIS2_PLACEMENT_3D ( 'NONE', #771, #3615, #4493 ) ;
#4910 = FACE_OUTER_BOUND ( 'NONE', #1719, .T. ) ;
#4911 = VERTEX_POINT ( 'NONE', #1863 ) ;
#4912 = DIRECTION ( 'NONE',  ( 0.9707282504006591317, 0.000000000000000000, 0.2401804818757664051 ) ) ;
#4913 = VERTEX_POINT ( 'NONE', #1150 ) ;
#4914 = DIRECTION ( 'NONE',  ( 1.000000000000000000, 0.000000000000000000, 3.849842155671160751E-17 ) ) ;
#4915 = ORIENTED_EDGE ( 'NONE', *, *, #1317, .T. ) ;
#4916 = DIRECTION ( 'NONE',  ( 0.000000000000000000, 0.000000000000000000, 1.000000000000000000 ) ) ;
#4917 = DIRECTION ( 'NONE',  ( 1.000000000000000000, 0.000000000000000000, 1.154952646701347732E-16 ) ) ;
#4918 = ORIENTED_EDGE ( 'NONE', *, *, #2116, .F. ) ;
#4919 = AXIS2_PLACEMENT_3D ( 'NONE', #4589, #2079, #2553 ) ;
#4920 = CARTESIAN_POINT ( 'NONE',  ( 7.925474621455776969, 0.3750000000000000555, 1.561357056455911163 ) ) ;
#4921 = VERTEX_POINT ( 'NONE', #3116 ) ;
#4922 = DIRECTION ( 'NONE',  ( -0.000000000000000000, -1.000000000000000000, -0.000000000000000000 ) ) ;
#4923 = LINE ( 'NONE', #307, #4460 ) ;
#4924 = LINE ( 'NONE', #1161, #960 ) ;
#4925 = ADVANCED_FACE ( 'NONE', ( #3201 ), #3176, .F. ) ;
#4926 = LINE ( 'NONE', #5011, #322 ) ;
#4927 = EDGE_CURVE ( 'NONE', #1518, #1480, #212, .T. ) ;
#4928 = ORIENTED_EDGE ( 'NONE', *, *, #3417, .T. ) ;
#4929 = FACE_OUTER_BOUND ( 'NONE', #2752, .T. ) ;
#4930 = ORIENTED_EDGE ( 'NONE', *, *, #4294, .T. ) ;
#4931 = FACE_OUTER_BOUND ( 'NONE', #2302, .T. ) ;
#4932 = EDGE_CURVE ( 'NONE', #3772, #738, #2539, .T. ) ;
#4933 = VERTEX_POINT ( 'NONE', #1919 ) ;
#4934 = DIRECTION ( 'NONE',  ( 0.000000000000000000, 1.000000000000000000, 0.000000000000000000 ) ) ;
#4935 = EDGE_LOOP ( 'NONE', ( #5016, #1149, #1928, #249 ) ) ;
#4936 = DIRECTION ( 'NONE',  ( 0.000000000000000000, 1.000000000000000000, 0.000000000000000000 ) ) ;
#4937 = VERTEX_POINT ( 'NONE', #675 ) ;
#4938 = EDGE_CURVE ( 'NONE', #1655, #3632, #1087, .T. ) ;
#4939 = CARTESIAN_POINT ( 'NONE',  ( 7.888840088369080128, 0.3124999999999979461, 1.302106256926482519 ) ) ;
#4940 = CARTESIAN_POINT ( 'NONE',  ( 8.425474621455776969, 0.3750000000000000555, 1.601670632534839989 ) ) ;
#4941 = CARTESIAN_POINT ( 'NONE',  ( 14.80884008836908450, 0.1100000000000000006, 0.6771062569264825193 ) ) ;
#4942 = ORIENTED_EDGE ( 'NONE', *, *, #4135, .T. ) ;
#4943 = LINE ( 'NONE', #4071, #5054 ) ;
#4944 = ORIENTED_EDGE ( 'NONE', *, *, #2281, .T. ) ;
#4945 = CARTESIAN_POINT ( 'NONE',  ( -0.2500000000000000555, 0.000000000000000000, -0.3049999999999999933 ) ) ;
#4946 = DIRECTION ( 'NONE',  ( 0.000000000000000000, -0.000000000000000000, 1.000000000000000000 ) ) ;
#4947 = DIRECTION ( 'NONE',  ( -1.000000000000000000, -0.000000000000000000, -0.000000000000000000 ) ) ;
#4948 = CARTESIAN_POINT ( 'NONE',  ( 7.723394425988239220, 0.000000000000000000, 0.09499999999999998723 ) ) ;
#4949 = VERTEX_POINT ( 'NONE', #649 ) ;
#4950 = DIRECTION ( 'NONE',  ( -0.000000000000000000, -1.000000000000000000, -0.000000000000000000 ) ) ;
#4951 = ORIENTED_EDGE ( 'NONE', *, *, #2244, .F. ) ;
#4952 = DIRECTION ( 'NONE',  ( 0.000000000000000000, 0.000000000000000000, 1.000000000000000000 ) ) ;
#4953 = ORIENTED_EDGE ( 'NONE', *, *, #4540, .T. ) ;
#4954 = CARTESIAN_POINT ( 'NONE',  ( 11.35484008836908032, 0.3750000000000000555, 0.6771062569264827413 ) ) ;
#4955 = ORIENTED_EDGE ( 'NONE', *, *, #3967, .F. ) ;
#4956 = DIRECTION ( 'NONE',  ( 0.000000000000000000, -0.9396926207859092051, -0.3420201433256662704 ) ) ;
#4957 = ORIENTED_EDGE ( 'NONE', *, *, #2192, .T. ) ;
#4958 = ADVANCED_FACE ( 'NONE', ( #4061 ), #1885, .F. ) ;
#4959 = VECTOR ( 'NONE', #1851, 39.37007874015748143 ) ;
#4960 = ORIENTED_EDGE ( 'NONE', *, *, #4294, .F. ) ;
#4961 = CARTESIAN_POINT ( 'NONE',  ( 11.17839442598823751, 0.3750000000000000555, 0.09499999999999998723 ) ) ;
#4962 = DIRECTION ( 'NONE',  ( -4.396927258056412330E-15, -0.9396926207859092051, 0.3420201433256662704 ) ) ;
#4963 = EDGE_CURVE ( 'NONE', #3078, #3162, #3238, .T. ) ;
#4964 = DIRECTION ( 'NONE',  ( 0.000000000000000000, 0.000000000000000000, 1.000000000000000000 ) ) ;
#4965 = ORIENTED_EDGE ( 'NONE', *, *, #1027, .F. ) ;
#4966 = VECTOR ( 'NONE', #4151, 39.37007874015748143 ) ;
#4967 = EDGE_CURVE ( 'NONE', #4504, #5318, #5239, .T. ) ;
#4968 = ORIENTED_EDGE ( 'NONE', *, *, #2124, .F. ) ;
#4969 = VECTOR ( 'NONE', #4273, 39.37007874015748143 ) ;
#4970 = FACE_OUTER_BOUND ( 'NONE', #2858, .T. ) ;
#4971 = AXIS2_PLACEMENT_3D ( 'NONE', #3339, #5013, #1246 ) ;
#4972 = EDGE_LOOP ( 'NONE', ( #3098, #1914, #1543, #4069 ) ) ;
#4973 = DIRECTION ( 'NONE',  ( 0.000000000000000000, 1.000000000000000000, 0.000000000000000000 ) ) ;
#4974 = AXIS2_PLACEMENT_3D ( 'NONE', #95, #3446, #1356 ) ;
#4975 = CIRCLE ( 'NONE', #4537, 0.7650000000000001243 ) ;
#4976 = LINE ( 'NONE', #1217, #5339 ) ;
#4977 = DIRECTION ( 'NONE',  ( -0.000000000000000000, -1.000000000000000000, -0.000000000000000000 ) ) ;
#4978 = VECTOR ( 'NONE', #2825, 39.37007874015748854 ) ;
#4979 = EDGE_CURVE ( 'NONE', #1113, #4081, #2273, .T. ) ;
#4980 = CARTESIAN_POINT ( 'NONE',  ( 1.855840088369080432, 0.1100000000000000006, 0.6771062569264827413 ) ) ;
#4981 = ORIENTED_EDGE ( 'NONE', *, *, #1605, .T. ) ;
#4982 = LINE ( 'NONE', #2830, #1288 ) ;
#4983 = AXIS2_PLACEMENT_3D ( 'NONE', #2422, #3691, #2747 ) ;
#4984 = AXIS2_PLACEMENT_3D ( 'NONE', #4612, #2525, #3458 ) ;
#4985 = DIRECTION ( 'NONE',  ( 0.000000000000000000, 0.000000000000000000, 1.000000000000000000 ) ) ;
#4986 = ORIENTED_EDGE ( 'NONE', *, *, #2552, .T. ) ;
#4987 = CIRCLE ( 'NONE', #2697, 0.2799999999999973621 ) ;
#4988 = VECTOR ( 'NONE', #4677, 39.37007874015748143 ) ;
#4989 = CONICAL_SURFACE ( 'NONE', #2791, 0.6249999999999996669, 0.3490658503988627870 ) ;
#4990 = LINE ( 'NONE', #3748, #3227 ) ;
#4991 = ORIENTED_EDGE ( 'NONE', *, *, #4673, .T. ) ;
#4992 = DIRECTION ( 'NONE',  ( -0.000000000000000000, 1.000000000000000000, -0.000000000000000000 ) ) ;
#4993 = VECTOR ( 'NONE', #2325, 39.37007874015748143 ) ;
#4994 = ORIENTED_EDGE ( 'NONE', *, *, #1843, .T. ) ;
#4995 = CIRCLE ( 'NONE', #956, 0.1549999999999979450 ) ;
#4996 = DIRECTION ( 'NONE',  ( 0.000000000000000000, 0.000000000000000000, 1.000000000000000000 ) ) ;
#4997 = CIRCLE ( 'NONE', #260, 0.7650000000000004574 ) ;
#4998 = DIRECTION ( 'NONE',  ( 0.000000000000000000, 0.000000000000000000, -1.000000000000000000 ) ) ;
#4999 = ORIENTED_EDGE ( 'NONE', *, *, #3596, .T. ) ;
#5000 = EDGE_CURVE ( 'NONE', #4435, #2475, #1061, .T. ) ;
#5001 = CARTESIAN_POINT ( 'NONE',  ( 8.352077681715181612, 0.3750000000000000555, 1.675932798833090320 ) ) ;
#5002 = EDGE_CURVE ( 'NONE', #2534, #287, #4846, .T. ) ;
#5003 = DIRECTION ( 'NONE',  ( 0.000000000000000000, 0.000000000000000000, -1.000000000000000000 ) ) ;
#5004 = PLANE ( 'NONE',  #2965 ) ;
#5005 = ORIENTED_EDGE ( 'NONE', *, *, #3790, .F. ) ;
#5006 = LINE ( 'NONE', #2476, #4531 ) ;
#5007 = ORIENTED_EDGE ( 'NONE', *, *, #3604, .F. ) ;
#5008 = EDGE_CURVE ( 'NONE', #3127, #3463, #4004, .T. ) ;
#5009 = CARTESIAN_POINT ( 'NONE',  ( 13.84588584993493932, 0.000000000000000000, -0.1549999999999978340 ) ) ;
#5010 = CARTESIAN_POINT ( 'NONE',  ( 7.729884185327019708, 0.3750000000000000555, 1.909668673527836091 ) ) ;
#5011 = CARTESIAN_POINT ( 'NONE',  ( 14.80884008836908450, 0.1100000000000000006, -0.08789374307351748017 ) ) ;
#5012 = VERTEX_POINT ( 'NONE', #3345 ) ;
#5013 = DIRECTION ( 'NONE',  ( 0.000000000000000000, 0.000000000000000000, -1.000000000000000000 ) ) ;
#5014 = CARTESIAN_POINT ( 'NONE',  ( 11.34884008836908187, 0.3124999999999979461, 0.05210625692648283847 ) ) ;
#5015 = CARTESIAN_POINT ( 'NONE',  ( 12.23584008836908232, 0.1100000000000000006, 1.342106256926482777 ) ) ;
#5016 = ORIENTED_EDGE ( 'NONE', *, *, #3888, .F. ) ;
#5017 = CARTESIAN_POINT ( 'NONE',  ( 0.9748400883690804264, 0.3125000000000000000, 1.429106256926482521 ) ) ;
#5018 = ORIENTED_EDGE ( 'NONE', *, *, #568, .T. ) ;
#5019 = DIRECTION ( 'NONE',  ( 1.000000000000000000, -0.000000000000000000, -7.699684311342356015E-17 ) ) ;
#5020 = DIRECTION ( 'NONE',  ( -0.000000000000000000, -1.000000000000000000, -0.000000000000000000 ) ) ;
#5021 = CARTESIAN_POINT ( 'NONE',  ( 0.000000000000000000, 0.000000000000000000, -0.1549999999999999989 ) ) ;
#5022 = FACE_OUTER_BOUND ( 'NONE', #5382, .T. ) ;
#5023 = CARTESIAN_POINT ( 'NONE',  ( 7.888840088369082792, 0.1100000000000000006, 0.6771062569264825193 ) ) ;
#5024 = ORIENTED_EDGE ( 'NONE', *, *, #4194, .F. ) ;
#5025 = EDGE_CURVE ( 'NONE', #4570, #4783, #837, .T. ) ;
#5026 = EDGE_CURVE ( 'NONE', #2486, #1197, #348, .T. ) ;
#5027 = DIRECTION ( 'NONE',  ( -0.000000000000000000, 1.000000000000000000, -0.000000000000000000 ) ) ;
#5028 = ORIENTED_EDGE ( 'NONE', *, *, #3796, .T. ) ;
#5029 = DIRECTION ( 'NONE',  ( -1.000000000000000000, 0.000000000000000000, -0.000000000000000000 ) ) ;
#5030 = CARTESIAN_POINT ( 'NONE',  ( -0.2500000000000000555, 0.3750000000000000555, -0.3049999999999999933 ) ) ;
#5031 = CARTESIAN_POINT ( 'NONE',  ( 4.428840088369080163, 0.3124999999999979461, 1.302106256926482519 ) ) ;
#5032 = EDGE_CURVE ( 'NONE', #902, #5052, #433, .T. ) ;
#5033 = DIRECTION ( 'NONE',  ( 0.000000000000000000, -0.9396926207859092051, -0.3420201433256662149 ) ) ;
#5034 = DIRECTION ( 'NONE',  ( 0.000000000000000000, 0.000000000000000000, -1.000000000000000000 ) ) ;
#5035 = ORIENTED_EDGE ( 'NONE', *, *, #474, .F. ) ;
#5036 = DIRECTION ( 'NONE',  ( 0.000000000000000000, 1.000000000000000000, 0.000000000000000000 ) ) ;
#5037 = CARTESIAN_POINT ( 'NONE',  ( 5.309840088369080391, 0.3750000000000000555, 0.6771062569264825193 ) ) ;
#5038 = EDGE_CURVE ( 'NONE', #4616, #702, #4608, .T. ) ;
#5039 = EDGE_CURVE ( 'NONE', #3202, #1318, #5431, .T. ) ;
#5040 = CARTESIAN_POINT ( 'NONE',  ( 1.855840088369080432, 0.1100000000000000006, 1.342106256926482777 ) ) ;
#5041 = VERTEX_POINT ( 'NONE', #353 ) ;
#5042 = DIRECTION ( 'NONE',  ( 0.000000000000000000, 1.000000000000000000, 0.000000000000000000 ) ) ;
#5043 = ORIENTED_EDGE ( 'NONE', *, *, #1825, .F. ) ;
#5044 = CARTESIAN_POINT ( 'NONE',  ( 4.428840088369081940, 0.3750000000000000555, 1.217106256926482777 ) ) ;
#5045 = LINE ( 'NONE', #838, #3519 ) ;
#5046 = ORIENTED_EDGE ( 'NONE', *, *, #5131, .T. ) ;
#5047 = DIRECTION ( 'NONE',  ( 0.000000000000000000, 0.000000000000000000, 1.000000000000000000 ) ) ;
#5048 = DIRECTION ( 'NONE',  ( -0.000000000000000000, -1.000000000000000000, -0.000000000000000000 ) ) ;
#5049 = CARTESIAN_POINT ( 'NONE',  ( 0.9748400883690804264, 0.3750000000000000555, -0.07489374307351720494 ) ) ;
#5050 = ORIENTED_EDGE ( 'NONE', *, *, #461, .F. ) ;
#5051 = CARTESIAN_POINT ( 'NONE',  ( 7.888840088369082792, 0.000000000000000000, 0.1371062569264823172 ) ) ;
#5052 = VERTEX_POINT ( 'NONE', #2917 ) ;
#5053 = DIRECTION ( 'NONE',  ( -0.2401804818757737880, 0.000000000000000000, 0.9707282504006573554 ) ) ;
#5054 = VECTOR ( 'NONE', #2033, 39.37007874015748143 ) ;
#5055 = CARTESIAN_POINT ( 'NONE',  ( 11.34884008836908187, 0.3124999999999979461, 0.05210625692648283847 ) ) ;
#5056 = VECTOR ( 'NONE', #710, 39.37007874015748143 ) ;
#5057 = DIRECTION ( 'NONE',  ( 0.000000000000000000, -1.000000000000000000, 0.000000000000000000 ) ) ;
#5058 = DIRECTION ( 'NONE',  ( 0.000000000000000000, 0.000000000000000000, 1.000000000000000000 ) ) ;
#5059 = AXIS2_PLACEMENT_3D ( 'NONE', #68, #2154, #3425 ) ;
#5060 = DIRECTION ( 'NONE',  ( -0.000000000000000000, 1.000000000000000000, -0.000000000000000000 ) ) ;
#5061 = EDGE_CURVE ( 'NONE', #1599, #4126, #2185, .T. ) ;
#5062 = EDGE_CURVE ( 'NONE', #4561, #3410, #518, .T. ) ;
#5063 = CARTESIAN_POINT ( 'NONE',  ( 8.775840088369079695, 0.3124999999999979461, 0.6771062569264827413 ) ) ;
#5064 = VECTOR ( 'NONE', #4411, 39.37007874015748143 ) ;
#5065 = VECTOR ( 'NONE', #2618, 39.37007874015748143 ) ;
#5066 = CARTESIAN_POINT ( 'NONE',  ( 14.80884008836908450, 0.1100000000000000006, 1.442106256926483754 ) ) ;
#5067 = ADVANCED_FACE ( 'NONE', ( #2493 ), #1232, .F. ) ;
#5068 = ORIENTED_EDGE ( 'NONE', *, *, #3359, .F. ) ;
#5069 = ADVANCED_FACE ( 'NONE', ( #2894 ), #401, .F. ) ;
#5070 = DIRECTION ( 'NONE',  ( -1.000000000000000000, 0.000000000000000000, 0.000000000000000000 ) ) ;
#5071 = ORIENTED_EDGE ( 'NONE', *, *, #845, .T. ) ;
#5072 = CARTESIAN_POINT ( 'NONE',  ( 1.849840088369079982, 0.3125000000000000000, -0.07489374307351720494 ) ) ;
#5073 = CIRCLE ( 'NONE', #3139, 0.7650000000000001243 ) ;
#5074 = CARTESIAN_POINT ( 'NONE',  ( -0.2500000000000000555, 0.3750000000000000555, -0.3049999999999999933 ) ) ;
#5075 = ORIENTED_EDGE ( 'NONE', *, *, #389, .T. ) ;
#5077 = DIRECTION ( 'NONE',  ( 0.000000000000000000, 1.000000000000000000, 0.000000000000000000 ) ) ;
#5076 = VECTOR ( 'NONE', #3792, 39.37007874015748143 ) ;
#5078 = AXIS2_PLACEMENT_3D ( 'NONE', #4871, #1114, #4479 ) ;
#5079 = SURFACE_SIDE_STYLE ('',( #1721 ) ) ;
#5080 = FACE_BOUND ( 'NONE', #3307, .T. ) ;
#5081 = ORIENTED_EDGE ( 'NONE', *, *, #1376, .T. ) ;
#5082 = EDGE_CURVE ( 'NONE', #4504, #428, #2550, .T. ) ;
#5083 = VECTOR ( 'NONE', #3459, 39.37007874015748143 ) ;
#5084 = CONICAL_SURFACE ( 'NONE', #2709, 0.6249999999999998890, 0.3490658503988627870 ) ;
#5085 = DIRECTION ( 'NONE',  ( -0.000000000000000000, 1.000000000000000000, -0.000000000000000000 ) ) ;
#5086 = VERTEX_POINT ( 'NONE', #318 ) ;
#5087 = FACE_OUTER_BOUND ( 'NONE', #1672, .T. ) ;
#5088 = VECTOR ( 'NONE', #4050, 39.37007874015748143 ) ;
#5089 = DIRECTION ( 'NONE',  ( 0.000000000000000000, 0.000000000000000000, -1.000000000000000000 ) ) ;
#5090 = ORIENTED_EDGE ( 'NONE', *, *, #4932, .F. ) ;
#5091 = CARTESIAN_POINT ( 'NONE',  ( 0.000000000000000000, 0.000000000000000000, 0.000000000000000000 ) ) ;
#5092 = CARTESIAN_POINT ( 'NONE',  ( 8.775840088369081471, 0.000000000000000000, 1.342106256926482777 ) ) ;
#5093 = CARTESIAN_POINT ( 'NONE',  ( 8.769840088369079467, 0.3125000000000000000, 0.6771062569264825193 ) ) ;
#5094 = ORIENTED_EDGE ( 'NONE', *, *, #1264, .F. ) ;
#5095 = CYLINDRICAL_SURFACE ( 'NONE', #5408, 0.1550000000000000266 ) ;
#5096 = CARTESIAN_POINT ( 'NONE',  ( 1.898202538678396966E-17, 0.000000000000000000, 0.1549999999999999989 ) ) ;
#5097 = ADVANCED_FACE ( 'NONE', ( #3727 ), #3286, .F. ) ;
#5098 = ADVANCED_FACE ( 'NONE', ( #3264 ), #4202, .T. ) ;
#5099 = LINE ( 'NONE', #4686, #496 ) ;
#5100 = ORIENTED_EDGE ( 'NONE', *, *, #4507, .F. ) ;
#5101 = DIRECTION ( 'NONE',  ( 0.000000000000000000, 1.000000000000000000, 0.000000000000000000 ) ) ;
#5102 = VERTEX_POINT ( 'NONE', #377 ) ;
#5103 = DIRECTION ( 'NONE',  ( 0.000000000000000000, 0.000000000000000000, -1.000000000000000000 ) ) ;
#5104 = EDGE_CURVE ( 'NONE', #3078, #1786, #1592, .T. ) ;
#5105 = FACE_OUTER_BOUND ( 'NONE', #1474, .T. ) ;
#5106 = EDGE_LOOP ( 'NONE', ( #56, #1625, #206, #5303 ) ) ;
#5107 = CARTESIAN_POINT ( 'NONE',  ( -0.2500000000000000555, 0.000000000000000000, -0.3049999999999999933 ) ) ;
#5108 = FACE_OUTER_BOUND ( 'NONE', #1820, .T. ) ;
#5109 = CARTESIAN_POINT ( 'NONE',  ( 5.315840088369079730, 0.3124999999999979461, 0.6771062569264827413 ) ) ;
#5110 = EDGE_LOOP ( 'NONE', ( #3501, #1129, #3160, #4831 ) ) ;
#5111 = ADVANCED_FACE ( 'NONE', ( #4529 ), #752, .F. ) ;
#5112 = EDGE_CURVE ( 'NONE', #713, #213, #5397, .T. ) ;
#5113 = CARTESIAN_POINT ( 'NONE',  ( 16.73260502127741844, 0.3750000000000000555, 1.105695215269648424 ) ) ;
#5114 = VERTEX_POINT ( 'NONE', #3316 ) ;
#5115 = LINE ( 'NONE', #4319, #1824 ) ;
#5116 = CARTESIAN_POINT ( 'NONE',  ( 9.129830827888563149, 0.3750000000000000555, -0.2932913001602637793 ) ) ;
#5117 = ORIENTED_EDGE ( 'NONE', *, *, #5271, .F. ) ;
#5118 = FACE_OUTER_BOUND ( 'NONE', #4083, .T. ) ;
#5119 = ORIENTED_EDGE ( 'NONE', *, *, #2749, .T. ) ;
#5120 = CARTESIAN_POINT ( 'NONE',  ( -0.6708830832807676225, 0.3750000000000000555, 1.287802599563494965 ) ) ;
#5121 = CARTESIAN_POINT ( 'NONE',  ( 13.49688369930709086, 0.3750000000000000555, 1.506670632534837573 ) ) ;
#5122 = FACE_OUTER_BOUND ( 'NONE', #289, .T. ) ;
#5123 = DIRECTION ( 'NONE',  ( 0.000000000000000000, 0.000000000000000000, 1.000000000000000000 ) ) ;
#5124 = DIRECTION ( 'NONE',  ( 0.000000000000000000, 0.000000000000000000, 1.000000000000000000 ) ) ;
#5125 = EDGE_LOOP ( 'NONE', ( #4295, #4928, #451, #618 ) ) ;
#5126 = FACE_OUTER_BOUND ( 'NONE', #5428, .T. ) ;
#5127 = CARTESIAN_POINT ( 'NONE',  ( 12.23584008836908232, 0.1100000000000000006, 1.342106256926482777 ) ) ;
#5128 = VERTEX_POINT ( 'NONE', #873 ) ;
#5129 = FACE_OUTER_BOUND ( 'NONE', #3100, .T. ) ;
#5130 = CYLINDRICAL_SURFACE ( 'NONE', #4562, 0.5400000000000002576 ) ;
#5131 = EDGE_CURVE ( 'NONE', #534, #2028, #1339, .T. ) ;
#5132 = FACE_BOUND ( 'NONE', #2856, .T. ) ;
#5133 = EDGE_LOOP ( 'NONE', ( #1260, #4265 ) ) ;
#5134 = DIRECTION ( 'NONE',  ( 0.000000000000000000, 0.000000000000000000, 1.000000000000000000 ) ) ;
#5135 = EDGE_CURVE ( 'NONE', #690, #912, #3599, .T. ) ;
#5136 = ORIENTED_EDGE ( 'NONE', *, *, #5008, .F. ) ;
#5137 = FACE_OUTER_BOUND ( 'NONE', #2284, .T. ) ;
#5138 = EDGE_CURVE ( 'NONE', #4476, #3198, #2278, .T. ) ;
#5139 = CYLINDRICAL_SURFACE ( 'NONE', #599, 0.7519999999999998908 ) ;
#5140 = VERTEX_POINT ( 'NONE', #125 ) ;
#5141 = CARTESIAN_POINT ( 'NONE',  ( 14.80884008836908450, 0.1100000000000000006, 0.6771062569264825193 ) ) ;
#5142 = LINE ( 'NONE', #939, #586 ) ;
#5143 = VECTOR ( 'NONE', #219, 39.37007874015748143 ) ;
#5144 = DIRECTION ( 'NONE',  ( 0.000000000000000000, 0.000000000000000000, 1.000000000000000000 ) ) ;
#5145 = CYLINDRICAL_SURFACE ( 'NONE', #2353, 0.1549999999999978340 ) ;
#5146 = EDGE_CURVE ( 'NONE', #2122, #3270, #225, .T. ) ;
#5147 = CIRCLE ( 'NONE', #4536, 0.6249999999999998890 ) ;
#5148 = AXIS2_PLACEMENT_3D ( 'NONE', #3777, #3694, #4187 ) ;
#5149 = CARTESIAN_POINT ( 'NONE',  ( 7.888840088369082792, 0.07896441934635442528, 0.1371062569264823727 ) ) ;
#5150 = CIRCLE ( 'NONE', #1109, 0.7519999999999997797 ) ;
#5151 = CIRCLE ( 'NONE', #2432, 0.2499999999999988620 ) ;
#5152 = CARTESIAN_POINT ( 'NONE',  ( 11.34884008836908365, 0.000000000000000000, 0.6771062569264825193 ) ) ;
#5153 = ORIENTED_EDGE ( 'NONE', *, *, #5026, .T. ) ;
#5154 = CARTESIAN_POINT ( 'NONE',  ( 12.23584008836908055, 0.07896441934635377302, 0.1371062569264824560 ) ) ;
#5155 = CIRCLE ( 'NONE', #417, 0.2499999999999988620 ) ;
#5156 = PLANE ( 'NONE',  #4450 ) ;
#5157 = AXIS2_PLACEMENT_3D ( 'NONE', #1425, #3088, #3431 ) ;
#5158 = VERTEX_POINT ( 'NONE', #919 ) ;
#5159 = CARTESIAN_POINT ( 'NONE',  ( -0.4291789783003779890, 0.3750000000000000555, 1.601670632534839989 ) ) ;
#5160 = VECTOR ( 'NONE', #1874, 39.37007874015748143 ) ;
#5161 = VECTOR ( 'NONE', #1971, 39.37007874015748143 ) ;
#5162 = DIRECTION ( 'NONE',  ( -0.000000000000000000, -1.000000000000000000, -0.000000000000000000 ) ) ;
#5163 = ORIENTED_EDGE ( 'NONE', *, *, #272, .F. ) ;
#5164 = CIRCLE ( 'NONE', #1196, 0.7650000000000012346 ) ;
#5165 = EDGE_CURVE ( 'NONE', #86, #2542, #1841, .T. ) ;
#5166 = CIRCLE ( 'NONE', #2869, 0.4000000000000000222 ) ;
#5167 = ADVANCED_FACE ( 'NONE', ( #4665 ), #1313, .F. ) ;
#5168 = PLANE ( 'NONE',  #931 ) ;
#5169 = VERTEX_POINT ( 'NONE', #3892 ) ;
#5170 = CARTESIAN_POINT ( 'NONE',  ( 16.73260502127741844, 0.3750000000000000555, 1.260695215269646230 ) ) ;
#5171 = DIRECTION ( 'NONE',  ( 0.000000000000000000, 0.000000000000000000, 1.000000000000000000 ) ) ;
#5172 = VERTEX_POINT ( 'NONE', #3868 ) ;
#5173 = VECTOR ( 'NONE', #4569, 39.37007874015748143 ) ;
#5174 = AXIS2_PLACEMENT_3D ( 'NONE', #5037, #2888, #890 ) ;
#5175 = CIRCLE ( 'NONE', #3063, 0.2800000000000000266 ) ;
#5176 = ORIENTED_EDGE ( 'NONE', *, *, #831, .F. ) ;
#5177 = ADVANCED_FACE ( 'NONE', ( #5126 ), #895, .F. ) ;
#5178 = AXIS2_PLACEMENT_3D ( 'NONE', #3217, #4977, #2342 ) ;
#5179 = CYLINDRICAL_SURFACE ( 'NONE', #1202, 0.4000000000000000777 ) ;
#5180 = ORIENTED_EDGE ( 'NONE', *, *, #3261, .F. ) ;
#5181 = CARTESIAN_POINT ( 'NONE',  ( 3.178815647672321276, 0.000000000000000000, 0.2000000000000000111 ) ) ;
#5182 = CARTESIAN_POINT ( 'NONE',  ( 0.9748400883690804264, 0.3125000000000000000, 1.429106256926482521 ) ) ;
#5183 = CARTESIAN_POINT ( 'NONE',  ( 13.84588584993493932, 0.3750000000000000555, 0.000000000000000000 ) ) ;
#5184 = LINE ( 'NONE', #1879, #4736 ) ;
#5185 = AXIS2_PLACEMENT_3D ( 'NONE', #3397, #3210, #4998 ) ;
#5186 = ORIENTED_EDGE ( 'NONE', *, *, #5227, .T. ) ;
#5187 = FACE_OUTER_BOUND ( 'NONE', #2722, .T. ) ;
#5188 = ORIENTED_EDGE ( 'NONE', *, *, #1070, .T. ) ;
#5189 = CARTESIAN_POINT ( 'NONE',  ( 12.23584008836908232, 0.3750000000000000555, 0.6771062569264825193 ) ) ;
#5190 = DIRECTION ( 'NONE',  ( -0.000000000000000000, -1.000000000000000000, -0.000000000000000000 ) ) ;
#5191 = ORIENTED_EDGE ( 'NONE', *, *, #5205, .T. ) ;
#5192 = DIRECTION ( 'NONE',  ( 0.000000000000000000, 0.000000000000000000, 1.000000000000000000 ) ) ;
#5193 = ORIENTED_EDGE ( 'NONE', *, *, #1541, .T. ) ;
#5194 = DIRECTION ( 'NONE',  ( -1.000000000000000000, 0.000000000000000000, 0.000000000000000000 ) ) ;
#5195 = CARTESIAN_POINT ( 'NONE',  ( 7.894840088369080355, 0.3750000000000000555, 1.429106256926482521 ) ) ;
#5196 = ORIENTED_EDGE ( 'NONE', *, *, #2078, .F. ) ;
#5197 = ORIENTED_EDGE ( 'NONE', *, *, #1102, .T. ) ;
#5198 = VERTEX_POINT ( 'NONE', #2600 ) ;
#5199 = CARTESIAN_POINT ( 'NONE',  ( 14.80884008836907917, 0.07896441934635377302, 1.217106256926482777 ) ) ;
#5200 = ORIENTED_EDGE ( 'NONE', *, *, #106, .T. ) ;
#5201 = DIRECTION ( 'NONE',  ( 0.000000000000000000, 1.000000000000000000, 0.000000000000000000 ) ) ;
#5202 = DIRECTION ( 'NONE',  ( -0.000000000000000000, 1.000000000000000000, -0.000000000000000000 ) ) ;
#5203 = EDGE_CURVE ( 'NONE', #3371, #4486, #2190, .T. ) ;
#5204 = DIRECTION ( 'NONE',  ( 0.000000000000000000, 0.000000000000000000, 1.000000000000000000 ) ) ;
#5205 = EDGE_CURVE ( 'NONE', #3162, #2783, #4278, .T. ) ;
#5206 = CARTESIAN_POINT ( 'NONE',  ( 4.115359562360153767, 0.3750000000000000555, -0.3049999999999999933 ) ) ;
#5207 = ORIENTED_EDGE ( 'NONE', *, *, #3973, .F. ) ;
#5208 = EDGE_CURVE ( 'NONE', #1300, #1375, #2159, .T. ) ;
#5209 = PLANE ( 'NONE',  #1292 ) ;
#5210 = ORIENTED_EDGE ( 'NONE', *, *, #3037, .F. ) ;
#5211 = DIRECTION ( 'NONE',  ( 0.000000000000000000, -1.000000000000000000, 0.000000000000000000 ) ) ;
#5212 = ORIENTED_EDGE ( 'NONE', *, *, #5131, .F. ) ;
#5213 = DIRECTION ( 'NONE',  ( 0.000000000000000000, 0.000000000000000000, 1.000000000000000000 ) ) ;
#5214 = VERTEX_POINT ( 'NONE', #4719 ) ;
#5215 = DIRECTION ( 'NONE',  ( 1.000000000000000000, 0.000000000000000000, -0.000000000000000000 ) ) ;
#5216 = DIRECTION ( 'NONE',  ( 7.235336529749449029E-17, 0.3420201433256663259, 0.9396926207859093161 ) ) ;
#5217 = LINE ( 'NONE', #3124, #2785 ) ;
#5218 = ORIENTED_EDGE ( 'NONE', *, *, #4070, .T. ) ;
#5219 = VERTEX_POINT ( 'NONE', #2630 ) ;
#5220 = CARTESIAN_POINT ( 'NONE',  ( 8.121065057584534230, 0.3750000000000000555, 1.909668673527836091 ) ) ;
#5221 = VERTEX_POINT ( 'NONE', #4228 ) ;
#5222 = DIRECTION ( 'NONE',  ( 0.000000000000000000, 0.000000000000000000, -1.000000000000000000 ) ) ;
#5223 = FACE_OUTER_BOUND ( 'NONE', #1043, .T. ) ;
#5224 = VECTOR ( 'NONE', #304, 39.37007874015748143 ) ;
#5225 = EDGE_CURVE ( 'NONE', #1416, #4768, #611, .T. ) ;
#5226 = DIRECTION ( 'NONE',  ( -1.000000000000000000, 0.000000000000000000, -3.849842155671173077E-17 ) ) ;
#5227 = EDGE_CURVE ( 'NONE', #4435, #3675, #2628, .T. ) ;
#5228 = ORIENTED_EDGE ( 'NONE', *, *, #4193, .T. ) ;
#5229 = DIRECTION ( 'NONE',  ( 0.000000000000000000, 1.000000000000000000, 0.000000000000000000 ) ) ;
#5230 = FACE_BOUND ( 'NONE', #1406, .T. ) ;
#5231 = VERTEX_POINT ( 'NONE', #5154 ) ;
#5232 = CIRCLE ( 'NONE', #1285, 0.6650000000000001465 ) ;
#5233 = LINE ( 'NONE', #1449, #1735 ) ;
#5234 = AXIS2_PLACEMENT_3D ( 'NONE', #4078, #955, #3171 ) ;
#5235 = ADVANCED_FACE ( 'NONE', ( #541 ), #2135, .T. ) ;
#5236 = ORIENTED_EDGE ( 'NONE', *, *, #1070, .F. ) ;
#5237 = AXIS2_PLACEMENT_3D ( 'NONE', #2062, #1244, #3049 ) ;
#5238 = FACE_OUTER_BOUND ( 'NONE', #1105, .T. ) ;
#5239 = LINE ( 'NONE', #1483, #870 ) ;
#5240 = EDGE_LOOP ( 'NONE', ( #610, #198, #3987, #2868 ) ) ;
#5241 = AXIS2_PLACEMENT_3D ( 'NONE', #4018, #5282, #281 ) ;
#5243 = FACE_OUTER_BOUND ( 'NONE', #4796, .T. ) ;
#5242 = CIRCLE ( 'NONE', #1120, 0.2500000000000001110 ) ;
#5244 = CIRCLE ( 'NONE', #4367, 0.4000000000000000222 ) ;
#5245 = CARTESIAN_POINT ( 'NONE',  ( 11.35484008836908032, 0.3125000000000000000, -0.07489374307351720494 ) ) ;
#5246 = EDGE_CURVE ( 'NONE', #1570, #3877, #3838, .T. ) ;
#5247 = VECTOR ( 'NONE', #3674, 39.37007874015748143 ) ;
#5248 = LINE ( 'NONE', #4880, #161 ) ;
#5249 = ORIENTED_EDGE ( 'NONE', *, *, #3387, .T. ) ;
#5250 = VECTOR ( 'NONE', #1788, 39.37007874015748143 ) ;
#5251 = CIRCLE ( 'NONE', #3756, 0.1550000000000000266 ) ;
#5252 = ORIENTED_EDGE ( 'NONE', *, *, #3630, .T. ) ;
#5253 = DIRECTION ( 'NONE',  ( -0.000000000000000000, -1.000000000000000000, -0.000000000000000000 ) ) ;
#5254 = ORIENTED_EDGE ( 'NONE', *, *, #4088, .F. ) ;
#5255 = DIRECTION ( 'NONE',  ( 1.000000000000000000, 0.000000000000000000, 0.000000000000000000 ) ) ;
#5256 = CIRCLE ( 'NONE', #3328, 0.7519999999999998908 ) ;
#5257 = LINE ( 'NONE', #3191, #4893 ) ;
#5258 = CARTESIAN_POINT ( 'NONE',  ( 16.73260502127741844, 0.3750000000000000555, 1.260695215269646230 ) ) ;
#5259 = PRODUCT_DEFINITION_FORMATION_WITH_SPECIFIED_SOURCE ( 'ANY', '', #2442, .NOT_KNOWN. ) ;
#5260 = DIRECTION ( 'NONE',  ( 0.000000000000000000, 1.000000000000000000, 0.000000000000000000 ) ) ;
#5261 = ORIENTED_EDGE ( 'NONE', *, *, #4963, .F. ) ;
#5262 = CARTESIAN_POINT ( 'NONE',  ( 9.715257689473142833, 0.3750000000000000555, 0.1400000000000000133 ) ) ;
#5263 = ORIENTED_EDGE ( 'NONE', *, *, #3331, .F. ) ;
#5264 = EDGE_CURVE ( 'NONE', #4062, #3270, #3993, .T. ) ;
#5265 = ADVANCED_FACE ( 'NONE', ( #2315 ), #3584, .F. ) ;
#5266 = CARTESIAN_POINT ( 'NONE',  ( 3.370340518940726948, 0.000000000000000000, 0.3606805018837713206 ) ) ;
#5267 = ORIENTED_EDGE ( 'NONE', *, *, #2188, .T. ) ;
#5268 = PLANE ( 'NONE',  #2963 ) ;
#5269 = CARTESIAN_POINT ( 'NONE',  ( 11.34884008836908187, 0.07896441934635377302, 0.1371062569264826225 ) ) ;
#5270 = EDGE_LOOP ( 'NONE', ( #5200, #1262, #3435, #4826 ) ) ;
#5271 = EDGE_CURVE ( 'NONE', #1429, #302, #2015, .T. ) ;
#5272 = CARTESIAN_POINT ( 'NONE',  ( 5.309840088369079503, 0.3125000000000000000, -0.07489374307351720494 ) ) ;
#5273 = CARTESIAN_POINT ( 'NONE',  ( 14.80884008836908450, 0.000000000000000000, -0.08789374307351748017 ) ) ;
#5274 = ADVANCED_FACE ( 'NONE', ( #719 ), #4861, .F. ) ;
#5275 = CARTESIAN_POINT ( 'NONE',  ( 2.688000000000000611, 0.3750000000000000555, 0.1550000000000000266 ) ) ;
#5276 = ORIENTED_EDGE ( 'NONE', *, *, #1648, .T. ) ;
#5277 = EDGE_CURVE ( 'NONE', #4823, #902, #2803, .T. ) ;
#5278 = EDGE_LOOP ( 'NONE', ( #3653, #729, #1451, #2296 ) ) ;
#5279 = ORIENTED_EDGE ( 'NONE', *, *, #2839, .T. ) ;
#5280 = FACE_OUTER_BOUND ( 'NONE', #4482, .T. ) ;
#5281 = ORIENTED_EDGE ( 'NONE', *, *, #3161, .F. ) ;
#5282 = DIRECTION ( 'NONE',  ( 0.000000000000000000, -1.000000000000000000, 0.000000000000000000 ) ) ;
#5283 = DIRECTION ( 'NONE',  ( 0.000000000000000000, 0.000000000000000000, 1.000000000000000000 ) ) ;
#5284 = PLANE ( 'NONE',  #173 ) ;
#5285 = DIRECTION ( 'NONE',  ( -0.000000000000000000, 1.000000000000000000, -0.000000000000000000 ) ) ;
#5286 = ORIENTED_EDGE ( 'NONE', *, *, #3158, .T. ) ;
#5287 = DIRECTION ( 'NONE',  ( -1.000000000000000000, 0.000000000000000000, -3.849842155671182938E-17 ) ) ;
#5288 = ORIENTED_EDGE ( 'NONE', *, *, #4128, .F. ) ;
#5289 = DIRECTION ( 'NONE',  ( 1.000000000000000000, 0.000000000000000000, 0.000000000000000000 ) ) ;
#5290 = ORIENTED_EDGE ( 'NONE', *, *, #2735, .F. ) ;
#5291 = ADVANCED_FACE ( 'NONE', ( #1101 ), #1958, .T. ) ;
#5292 = DIRECTION ( 'NONE',  ( 1.000000000000000000, -0.000000000000000000, -7.699684311342353550E-17 ) ) ;
#5293 = ORIENTED_EDGE ( 'NONE', *, *, #605, .F. ) ;
#5294 = DIRECTION ( 'NONE',  ( 0.000000000000000000, 0.000000000000000000, -1.000000000000000000 ) ) ;
#5295 = ORIENTED_EDGE ( 'NONE', *, *, #5000, .T. ) ;
#5296 = DIRECTION ( 'NONE',  ( 0.000000000000000000, -0.000000000000000000, -1.000000000000000000 ) ) ;
#5297 = EDGE_CURVE ( 'NONE', #2603, #5102, #2772, .T. ) ;
#5298 = CARTESIAN_POINT ( 'NONE',  ( 4.428840088369080163, 0.3124999999999979461, 0.05210625692648283847 ) ) ;
#5299 = DIRECTION ( 'NONE',  ( 0.000000000000000000, 1.000000000000000000, 0.000000000000000000 ) ) ;
#5300 = VERTEX_POINT ( 'NONE', #339 ) ;
#5301 = PLANE ( 'NONE',  #1146 ) ;
#5302 = FACE_OUTER_BOUND ( 'NONE', #2810, .T. ) ;
#5303 = ORIENTED_EDGE ( 'NONE', *, *, #4055, .T. ) ;
#5304 = EDGE_CURVE ( 'NONE', #354, #1429, #5350, .T. ) ;
#5305 = CARTESIAN_POINT ( 'NONE',  ( 16.95994354365215528, 0.3750000000000000555, 1.156689464253305433 ) ) ;
#5306 = FACE_OUTER_BOUND ( 'NONE', #966, .T. ) ;
#5307 = FACE_OUTER_BOUND ( 'NONE', #2467, .T. ) ;
#5308 = DIRECTION ( 'NONE',  ( -0.000000000000000000, -1.000000000000000000, -0.000000000000000000 ) ) ;
#5309 = EDGE_LOOP ( 'NONE', ( #2483, #4781, #3513, #3399 ) ) ;
#5310 = DIRECTION ( 'NONE',  ( 0.9707282504006573554, 0.000000000000000000, 0.2401804818757738436 ) ) ;
#5311 = ORIENTED_EDGE ( 'NONE', *, *, #3161, .T. ) ;
#5312 = DIRECTION ( 'NONE',  ( 0.000000000000000000, 0.000000000000000000, 1.000000000000000000 ) ) ;
#5313 = ORIENTED_EDGE ( 'NONE', *, *, #402, .T. ) ;
#5314 = VECTOR ( 'NONE', #547, 39.37007874015748143 ) ;
#5315 = DIRECTION ( 'NONE',  ( -0.000000000000000000, -1.000000000000000000, -0.000000000000000000 ) ) ;
#5316 = ORIENTED_EDGE ( 'NONE', *, *, #1212, .T. ) ;
#5317 = CARTESIAN_POINT ( 'NONE',  ( 14.81484008836907940, 0.3750000000000000555, -0.07489374307351720494 ) ) ;
#5318 = VERTEX_POINT ( 'NONE', #2827 ) ;
#5319 = AXIS2_PLACEMENT_3D ( 'NONE', #3650, #3628, #5296 ) ;
#5320 = VECTOR ( 'NONE', #3741, 39.37007874015748143 ) ;
#5321 = CARTESIAN_POINT ( 'NONE',  ( 14.81484008836907940, 0.3125000000000000000, 0.6771062569264827413 ) ) ;
#5322 = DIRECTION ( 'NONE',  ( 0.000000000000000000, 0.000000000000000000, 1.000000000000000000 ) ) ;
#5323 = VECTOR ( 'NONE', #1931, 39.37007874015748143 ) ;
#5324 = LINE ( 'NONE', #734, #1305 ) ;
#5325 = ORIENTED_EDGE ( 'NONE', *, *, #4169, .F. ) ;
#5326 = EDGE_CURVE ( 'NONE', #1538, #3342, #4021, .T. ) ;
#5327 = ADVANCED_FACE ( 'NONE', ( #4430 ), #5284, .T. ) ;
#5328 = AXIS2_PLACEMENT_3D ( 'NONE', #3558, #180, #4387 ) ;
#5329 = AXIS2_PLACEMENT_3D ( 'NONE', #3853, #1762, #1377 ) ;
#5330 = FACE_OUTER_BOUND ( 'NONE', #5361, .T. ) ;
#5331 = EDGE_LOOP ( 'NONE', ( #4237, #5071, #2147, #3898 ) ) ;
#5332 = VECTOR ( 'NONE', #2673, 39.37007874015748143 ) ;
#5333 = CARTESIAN_POINT ( 'NONE',  ( 13.49688369930709086, 0.3750000000000000555, 1.601670632534839989 ) ) ;
#5334 = FACE_OUTER_BOUND ( 'NONE', #3154, .T. ) ;
#5335 = VECTOR ( 'NONE', #4158, 39.37007874015747433 ) ;
#5337 = CIRCLE ( 'NONE', #2446, 0.4000000000000000222 ) ;
#5336 = DIRECTION ( 'NONE',  ( 0.000000000000000000, 0.000000000000000000, 1.000000000000000000 ) ) ;
#5338 = ADVANCED_FACE ( 'NONE', ( #5307 ), #2400, .T. ) ;
#5339 = VECTOR ( 'NONE', #2883, 39.37007874015748143 ) ;
#5340 = DIRECTION ( 'NONE',  ( 0.000000000000000000, 0.000000000000000000, -1.000000000000000000 ) ) ;
#5341 = VECTOR ( 'NONE', #3514, 39.37007874015748143 ) ;
#5342 = ORIENTED_EDGE ( 'NONE', *, *, #1446, .T. ) ;
#5343 = DIRECTION ( 'NONE',  ( 0.000000000000000000, 0.000000000000000000, -1.000000000000000000 ) ) ;
#5344 = ORIENTED_EDGE ( 'NONE', *, *, #1134, .F. ) ;
#5345 = EDGE_CURVE ( 'NONE', #2122, #738, #2378, .T. ) ;
#5346 = VECTOR ( 'NONE', #1199, 39.37007874015748143 ) ;
#5347 = CIRCLE ( 'NONE', #1294, 0.6249999999999998890 ) ;
#5348 = DIRECTION ( 'NONE',  ( 0.000000000000000000, 0.000000000000000000, -1.000000000000000000 ) ) ;
#5349 = EDGE_LOOP ( 'NONE', ( #548, #1331, #3908, #254 ) ) ;
#5350 = CIRCLE ( 'NONE', #87, 0.2499999999999994171 ) ;
#5351 = FACE_OUTER_BOUND ( 'NONE', #3635, .T. ) ;
#5352 = ORIENTED_EDGE ( 'NONE', *, *, #3913, .T. ) ;
#5353 = DIRECTION ( 'NONE',  ( 0.000000000000000000, 0.000000000000000000, -1.000000000000000000 ) ) ;
#5354 = ORIENTED_EDGE ( 'NONE', *, *, #2578, .F. ) ;
#5355 = ORIENTED_EDGE ( 'NONE', *, *, #195, .T. ) ;
#5356 = CARTESIAN_POINT ( 'NONE',  ( 12.23584008836908055, 0.3124999999999979461, 0.6771062569264827413 ) ) ;
#5357 = DIRECTION ( 'NONE',  ( -0.000000000000000000, 1.000000000000000000, -0.000000000000000000 ) ) ;
#5358 = CARTESIAN_POINT ( 'NONE',  ( 6.978375382568811958, 0.000000000000000000, 0.3606805018837709875 ) ) ;
#5359 = EDGE_LOOP ( 'NONE', ( #2385, #3182, #2683, #2555 ) ) ;
#5360 = LINE ( 'NONE', #3271, #4708 ) ;
#5361 = EDGE_LOOP ( 'NONE', ( #347, #1494, #1877, #1335 ) ) ;
#5362 = DIRECTION ( 'NONE',  ( 0.000000000000000000, 0.000000000000000000, -1.000000000000000000 ) ) ;
#5363 = EDGE_CURVE ( 'NONE', #3721, #3546, #4997, .T. ) ;
#5364 = LINE ( 'NONE', #1603, #1826 ) ;
#5365 = DIRECTION ( 'NONE',  ( 0.000000000000000000, -0.000000000000000000, 1.000000000000000000 ) ) ;
#5366 = CARTESIAN_POINT ( 'NONE',  ( 10.99185051130040414, 0.3750000000000000555, -0.3049999999999999378 ) ) ;
#5367 = ORIENTED_EDGE ( 'NONE', *, *, #2507, .T. ) ;
#5368 = FACE_OUTER_BOUND ( 'NONE', #5125, .T. ) ;
#5369 = ADVANCED_FACE ( 'NONE', ( #1521, #3662 ), #2457, .F. ) ;
#5370 = EDGE_LOOP ( 'NONE', ( #481, #4746, #2891, #4839 ) ) ;
#5371 = LINE ( 'NONE', #396, #946 ) ;
#5372 = VERTEX_POINT ( 'NONE', #3275 ) ;
#5373 = EDGE_CURVE ( 'NONE', #4081, #4530, #3692, .T. ) ;
#5374 = DIRECTION ( 'NONE',  ( -0.000000000000000000, -1.000000000000000000, -0.000000000000000000 ) ) ;
#5375 = ORIENTED_EDGE ( 'NONE', *, *, #3189, .T. ) ;
#5376 = DIRECTION ( 'NONE',  ( 0.000000000000000000, 0.000000000000000000, 1.000000000000000000 ) ) ;
#5377 = VERTEX_POINT ( 'NONE', #1185 ) ;
#5378 = VERTEX_POINT ( 'NONE', #4134 ) ;
#5379 = CARTESIAN_POINT ( 'NONE',  ( 15.69584008836908318, 0.1100000000000000006, 0.6771062569264825193 ) ) ;
#5380 = DIRECTION ( 'NONE',  ( 0.000000000000000000, -1.000000000000000000, 0.000000000000000000 ) ) ;
#5381 = DIRECTION ( 'NONE',  ( 0.2554721318853785950, 0.000000000000000000, -0.9668164199215586452 ) ) ;
#5382 = EDGE_LOOP ( 'NONE', ( #4028, #2336, #2081, #2583 ) ) ;
#5383 = DIRECTION ( 'NONE',  ( -0.000000000000000000, -1.000000000000000000, -0.000000000000000000 ) ) ;
#5384 = ORIENTED_EDGE ( 'NONE', *, *, #172, .F. ) ;
#5385 = CARTESIAN_POINT ( 'NONE',  ( 14.80884008836908450, 0.3750000000000000555, 1.217106256926482555 ) ) ;
#5386 = LINE ( 'NONE', #4240, #3134 ) ;
#5387 = DIRECTION ( 'NONE',  ( -0.000000000000000000, -1.000000000000000000, -0.000000000000000000 ) ) ;
#5388 = FACE_OUTER_BOUND ( 'NONE', #5106, .T. ) ;
#5389 = ORIENTED_EDGE ( 'NONE', *, *, #678, .T. ) ;
#5390 = CARTESIAN_POINT ( 'NONE',  ( 1.849840088369080204, 0.3750000000000000555, 1.429106256926482299 ) ) ;
#5391 = ORIENTED_EDGE ( 'NONE', *, *, #1842, .T. ) ;
#5392 = EDGE_CURVE ( 'NONE', #716, #2953, #4924, .T. ) ;
#5393 = FACE_OUTER_BOUND ( 'NONE', #3726, .T. ) ;
#5394 = ORIENTED_EDGE ( 'NONE', *, *, #4097, .F. ) ;
#5395 = CARTESIAN_POINT ( 'NONE',  ( 0.9688400883690804211, 0.3124999999999979461, 0.05210625692648283847 ) ) ;
#5396 = EDGE_LOOP ( 'NONE', ( #4079, #3668, #2228, #3735 ) ) ;
#5397 = LINE ( 'NONE', #2943, #2882 ) ;
#5398 = ADVANCED_FACE ( 'NONE', ( #2037 ), #3715, .F. ) ;
#5399 = FACE_OUTER_BOUND ( 'NONE', #5370, .T. ) ;
#5400 = VECTOR ( 'NONE', #2533, 39.37007874015748854 ) ;
#5401 = ORIENTED_EDGE ( 'NONE', *, *, #666, .F. ) ;
#5402 = CARTESIAN_POINT ( 'NONE',  ( 12.23584008836908232, 0.1100000000000000006, 1.342106256926482777 ) ) ;
#5403 = DIRECTION ( 'NONE',  ( 0.000000000000000000, 0.000000000000000000, 1.000000000000000000 ) ) ;
#5404 = DIRECTION ( 'NONE',  ( 2.771886352083244813E-15, -0.000000000000000000, 1.000000000000000000 ) ) ;
#5405 = ORIENTED_EDGE ( 'NONE', *, *, #402, .F. ) ;
#5406 = CIRCLE ( 'NONE', #143, 1.000000000000000000 ) ;
#5407 = LINE ( 'NONE', #2823, #2158 ) ;
#5408 = AXIS2_PLACEMENT_3D ( 'NONE', #2231, #3909, #64 ) ;
#5409 = VERTEX_POINT ( 'NONE', #5031 ) ;
#5410 = CARTESIAN_POINT ( 'NONE',  ( 7.888840088369080128, 0.3124999999999979461, 0.6771062569264827413 ) ) ;
#5411 = CIRCLE ( 'NONE', #1387, 0.5400000000000001465 ) ;
#5412 = CARTESIAN_POINT ( 'NONE',  ( 15.64904226588826042, 0.000000000000000000, -0.3049999999999999378 ) ) ;
#5413 = APPLICATION_PROTOCOL_DEFINITION ( 'draft international standard', 'automotive_design', 1998, #3081 ) ;
#5414 = VECTOR ( 'NONE', #5289, 39.37007874015748143 ) ;
#5415 = DIRECTION ( 'NONE',  ( 0.6427220075350866813, -0.000000000000000000, -0.7660994850736214667 ) ) ;
#5416 = ORIENTED_EDGE ( 'NONE', *, *, #779, .F. ) ;
#5417 = FACE_OUTER_BOUND ( 'NONE', #646, .T. ) ;
#5418 = CIRCLE ( 'NONE', #2698, 0.5400000000000001465 ) ;
#5419 = AXIS2_PLACEMENT_3D ( 'NONE', #3813, #923, #2635 ) ;
#5420 = DIRECTION ( 'NONE',  ( 0.000000000000000000, 1.000000000000000000, 0.000000000000000000 ) ) ;
#5421 = PRODUCT_DEFINITION_SHAPE ( 'NONE', 'NONE',  #4902 ) ;
#5422 = VECTOR ( 'NONE', #3904, 39.37007874015748143 ) ;
#5423 = CIRCLE ( 'NONE', #1220, 0.6650000000000001465 ) ;
#5424 = CARTESIAN_POINT ( 'NONE',  ( 1.855840088369080654, 0.1100000000000000006, 1.442106256926482644 ) ) ;
#5425 = VERTEX_POINT ( 'NONE', #1265 ) ;
#5426 = DIRECTION ( 'NONE',  ( 1.000000000000000000, 0.000000000000000000, 0.000000000000000000 ) ) ;
#5427 = EDGE_CURVE ( 'NONE', #5318, #3677, #3424, .T. ) ;
#5428 = EDGE_LOOP ( 'NONE', ( #3957, #2984, #3089, #2289 ) ) ;
#5429 = AXIS2_PLACEMENT_3D ( 'NONE', #2177, #4298, #530 ) ;
#5430 = EDGE_CURVE ( 'NONE', #2427, #49, #30, .T. ) ;
#5431 = LINE ( 'NONE', #17, #3594 ) ;
#5432 = VECTOR ( 'NONE', #2061, 39.37007874015748143 ) ;
#5433 = CARTESIAN_POINT ( 'NONE',  ( 12.23584008836908232, 0.000000000000000000, 1.342106256926482777 ) ) ;
#5434 = CARTESIAN_POINT ( 'NONE',  ( -0.2991836189880676677, 0.000000000000000000, -0.1188680329713447253 ) ) ;
#5435 = CARTESIAN_POINT ( 'NONE',  ( 0.9748400883690804264, 0.3750000000000000555, 1.429106256926482521 ) ) ;
#5436 = EDGE_CURVE ( 'NONE', #3342, #5114, #3058, .T. ) ;
#5437 = FACE_OUTER_BOUND ( 'NONE', #350, .T. ) ;
#5438 = ORIENTED_EDGE ( 'NONE', *, *, #4514, .T. ) ;
ENDSEC;
END-ISO-10303-21;
