ISO-10303-21;
HEADER;
FILE_DESCRIPTION (( 'STEP AP214' ),
    '1' );
FILE_NAME ('Throttle Body Flange 2.STEP',
    '2026-10-04T18:09:15',
    ( '' ),
    ( '' ),
    'SwSTEP 2.0',
    'SolidWorks 2026',
    '' );
FILE_SCHEMA (( 'AUTOMOTIVE_DESIGN' ));
ENDSEC;

DATA;
#1 = DIRECTION ( 'NONE',  ( 0.000000000000000000, 0.000000000000000000, -1.000000000000000000 ) ) ;
#2 = DIRECTION ( 'NONE',  ( 0.000000000000000000, -1.000000000000000000, 0.000000000000000000 ) ) ;
#3 = VERTEX_POINT ( 'NONE', #1520 ) ;
#4 = DIRECTION ( 'NONE',  ( 0.000000000000000000, 0.000000000000000000, 1.000000000000000000 ) ) ;
#5 = CIRCLE ( 'NONE', #1438, 0.2500000000000000555 ) ;
#6 = CARTESIAN_POINT ( 'NONE',  ( 1.723269550692025476, 0.6250000000000000000, 1.039470204314536517 ) ) ;
#7 = EDGE_CURVE ( 'NONE', #1121, #459, #1026, .T. ) ;
#8 = FACE_OUTER_BOUND ( 'NONE', #196, .T. ) ;
#9 = CIRCLE ( 'NONE', #1146, 1.632499999999999840 ) ;
#10 = CARTESIAN_POINT ( 'NONE',  ( 1.157522687270470918, 0.6250000000000000000, -1.502898020616251440 ) ) ;
#11 = ORIENTED_EDGE ( 'NONE', *, *, #1187, .F. ) ;
#12 = CARTESIAN_POINT ( 'NONE',  ( 0.000000000000000000, 0.6250000000000000000, -1.762500000000000178 ) ) ;
#13 = EDGE_CURVE ( 'NONE', #727, #912, #920, .T. ) ;
#14 = ORIENTED_EDGE ( 'NONE', *, *, #1356, .T. ) ;
#15 = EDGE_CURVE ( 'NONE', #1280, #1428, #479, .T. ) ;
#16 = VERTEX_POINT ( 'NONE', #874 ) ;
#17 = AXIS2_PLACEMENT_3D ( 'NONE', #228, #758, #121 ) ;
#18 = DIRECTION ( 'NONE',  ( 0.000000000000000000, 1.000000000000000000, 0.000000000000000000 ) ) ;
#19 = DIRECTION ( 'NONE',  ( 0.000000000000000000, 1.000000000000000000, 0.000000000000000000 ) ) ;
#20 = EDGE_CURVE ( 'NONE', #756, #570, #362, .T. ) ;
#21 = ORIENTED_EDGE ( 'NONE', *, *, #519, .T. ) ;
#22 = DIRECTION ( 'NONE',  ( 0.000000000000000000, 0.000000000000000000, -1.000000000000000000 ) ) ;
#23 = ORIENTED_EDGE ( 'NONE', *, *, #83, .F. ) ;
#24 = EDGE_CURVE ( 'NONE', #632, #149, #1664, .T. ) ;
#25 = CARTESIAN_POINT ( 'NONE',  ( 0.2949999999999997624, 0.6250000000000000000, 1.972144375480755274 ) ) ;
#26 = CARTESIAN_POINT ( 'NONE',  ( 0.000000000000000000, 0.1000000000000000056, -1.500000000000000222 ) ) ;
#27 = DIRECTION ( 'NONE',  ( 0.000000000000000000, -1.000000000000000000, 0.000000000000000000 ) ) ;
#28 = ORIENTED_EDGE ( 'NONE', *, *, #1561, .T. ) ;
#29 = AXIS2_PLACEMENT_3D ( 'NONE', #783, #500, #1558 ) ;
#30 = ORIENTED_EDGE ( 'NONE', *, *, #1007, .F. ) ;
#31 = EDGE_CURVE ( 'NONE', #262, #202, #755, .T. ) ;
#32 = DIRECTION ( 'NONE',  ( 0.000000000000000000, 1.000000000000000000, 0.000000000000000000 ) ) ;
#33 = DIRECTION ( 'NONE',  ( -0.000000000000000000, -1.000000000000000000, -0.000000000000000000 ) ) ;
#34 = DIRECTION ( 'NONE',  ( 0.000000000000000000, -1.000000000000000000, 0.000000000000000000 ) ) ;
#35 = EDGE_CURVE ( 'NONE', #300, #231, #1408, .T. ) ;
#36 = EDGE_LOOP ( 'NONE', ( #492, #1633, #1156, #1153 ) ) ;
#37 = EDGE_CURVE ( 'NONE', #1077, #719, #9, .T. ) ;
#38 = ORIENTED_EDGE ( 'NONE', *, *, #1553, .T. ) ;
#39 = DIRECTION ( 'NONE',  ( -0.000000000000000000, 1.000000000000000000, -0.000000000000000000 ) ) ;
#40 =( GEOMETRIC_REPRESENTATION_CONTEXT ( 3 ) GLOBAL_UNCERTAINTY_ASSIGNED_CONTEXT ( ( #931 ) ) GLOBAL_UNIT_ASSIGNED_CONTEXT ( ( #1123, #450, #980 ) ) REPRESENTATION_CONTEXT ( 'NONE', 'WORKASPACE' ) );
#41 = CARTESIAN_POINT ( 'NONE',  ( 0.000000000000000000, 0.000000000000000000, 0.000000000000000000 ) ) ;
#42 = EDGE_CURVE ( 'NONE', #1687, #1094, #1579, .T. ) ;
#43 = CIRCLE ( 'NONE', #259, 0.2551350672871856018 ) ;
#44 = CARTESIAN_POINT ( 'NONE',  ( 0.000000000000000000, 0.6250000000000000000, 0.000000000000000000 ) ) ;
#45 = ORIENTED_EDGE ( 'NONE', *, *, #385, .F. ) ;
#46 = VERTEX_POINT ( 'NONE', #103 ) ;
#47 = ORIENTED_EDGE ( 'NONE', *, *, #977, .F. ) ;
#48 = AXIS2_PLACEMENT_3D ( 'NONE', #1501, #1132, #91 ) ;
#49 = DIRECTION ( 'NONE',  ( 0.000000000000000000, 0.000000000000000000, -1.000000000000000000 ) ) ;
#50 = CARTESIAN_POINT ( 'NONE',  ( 0.000000000000000000, 0.000000000000000000, -1.382499999999999840 ) ) ;
#51 = AXIS2_PLACEMENT_3D ( 'NONE', #548, #1076, #251 ) ;
#52 = DIRECTION ( 'NONE',  ( -0.000000000000000000, -1.000000000000000000, -0.000000000000000000 ) ) ;
#53 = AXIS2_PLACEMENT_3D ( 'NONE', #593, #222, #1506 ) ;
#54 = EDGE_LOOP ( 'NONE', ( #848, #1341, #702, #657 ) ) ;
#55 = CARTESIAN_POINT ( 'NONE',  ( 0.000000000000000000, 0.3750000000000000555, 0.000000000000000000 ) ) ;
#56 = EDGE_LOOP ( 'NONE', ( #1289, #1523, #1255, #1371 ) ) ;
#57 = CIRCLE ( 'NONE', #774, 0.07949999999999979305 ) ;
#58 = DIRECTION ( 'NONE',  ( -0.000000000000000000, -1.000000000000000000, -0.000000000000000000 ) ) ;
#59 = ADVANCED_FACE ( 'NONE', ( #322 ), #856, .F. ) ;
#60 = DIRECTION ( 'NONE',  ( 0.000000000000000000, 0.000000000000000000, -1.000000000000000000 ) ) ;
#61 = CARTESIAN_POINT ( 'NONE',  ( 0.000000000000000000, 0.6250000000000000000, 0.000000000000000000 ) ) ;
#62 = ORIENTED_EDGE ( 'NONE', *, *, #1125, .T. ) ;
#63 = ORIENTED_EDGE ( 'NONE', *, *, #1488, .F. ) ;
#64 = CARTESIAN_POINT ( 'NONE',  ( -1.502898020616250996, 0.000000000000000000, -1.157522687270472250 ) ) ;
#65 = DIRECTION ( 'NONE',  ( -0.000000000000000000, -1.000000000000000000, -0.000000000000000000 ) ) ;
#66 = VERTEX_POINT ( 'NONE', #1441 ) ;
#67 = CARTESIAN_POINT ( 'NONE',  ( 1.277999999999999803, 0.4000000000000000222, 1.357500000000000373 ) ) ;
#68 = ORIENTED_EDGE ( 'NONE', *, *, #1446, .F. ) ;
#69 = CYLINDRICAL_SURFACE ( 'NONE', #926, 0.2500000000000000555 ) ;
#70 = ORIENTED_EDGE ( 'NONE', *, *, #7, .F. ) ;
#71 = CYLINDRICAL_SURFACE ( 'NONE', #1457, 0.2500000000000000555 ) ;
#72 = FACE_OUTER_BOUND ( 'NONE', #56, .T. ) ;
#73 = AXIS2_PLACEMENT_3D ( 'NONE', #1041, #503, #1317 ) ;
#74 = ORIENTED_EDGE ( 'NONE', *, *, #684, .T. ) ;
#75 = DIRECTION ( 'NONE',  ( 0.000000000000000000, 0.000000000000000000, -1.000000000000000000 ) ) ;
#76 = VECTOR ( 'NONE', #1703, 39.37007874015748143 ) ;
#77 = ORIENTED_EDGE ( 'NONE', *, *, #952, .T. ) ;
#78 = DIRECTION ( 'NONE',  ( 0.000000000000000000, 1.000000000000000000, 0.000000000000000000 ) ) ;
#79 = AXIS2_PLACEMENT_3D ( 'NONE', #576, #33, #1242 ) ;
#80 = ORIENTED_EDGE ( 'NONE', *, *, #985, .T. ) ;
#81 = CARTESIAN_POINT ( 'NONE',  ( -1.278000000000000469, 0.000000000000000000, 1.278000000000000247 ) ) ;
#82 = CIRCLE ( 'NONE', #1295, 0.07999999999999996003 ) ;
#83 = EDGE_CURVE ( 'NONE', #719, #963, #618, .T. ) ;
#84 = ORIENTED_EDGE ( 'NONE', *, *, #1136, .T. ) ;
#85 = DIRECTION ( 'NONE',  ( 0.000000000000000000, -1.000000000000000000, 0.000000000000000000 ) ) ;
#86 = ADVANCED_FACE ( 'NONE', ( #1328 ), #510, .F. ) ;
#87 = VECTOR ( 'NONE', #107, 39.37007874015748143 ) ;
#88 = EDGE_LOOP ( 'NONE', ( #74, #21, #539, #319 ) ) ;
#89 = CARTESIAN_POINT ( 'NONE',  ( 0.000000000000000000, 0.000000000000000000, -1.625000000000000000 ) ) ;
#90 = ORIENTED_EDGE ( 'NONE', *, *, #133, .T. ) ;
#91 = DIRECTION ( 'NONE',  ( 0.000000000000000000, 0.000000000000000000, -1.000000000000000000 ) ) ;
#92 = LINE ( 'NONE', #1258, #816 ) ;
#93 = ORIENTED_EDGE ( 'NONE', *, *, #146, .T. ) ;
#94 = DIRECTION ( 'NONE',  ( -1.000000000000000000, -0.000000000000000000, -0.000000000000000000 ) ) ;
#95 = DIRECTION ( 'NONE',  ( -0.000000000000000000, -1.000000000000000000, -0.000000000000000000 ) ) ;
#96 = EDGE_CURVE ( 'NONE', #3, #221, #1059, .T. ) ;
#97 = ORIENTED_EDGE ( 'NONE', *, *, #1682, .T. ) ;
#98 = CARTESIAN_POINT ( 'NONE',  ( 1.277999999999999803, -5.149639790414609450E-17, -1.277999999999999581 ) ) ;
#99 = AXIS2_PLACEMENT_3D ( 'NONE', #722, #852, #1404 ) ;
#100 = DIRECTION ( 'NONE',  ( 0.000000000000000000, 0.000000000000000000, -1.000000000000000000 ) ) ;
#101 = AXIS2_PLACEMENT_3D ( 'NONE', #557, #1323, #1346 ) ;
#102 = DIRECTION ( 'NONE',  ( 0.000000000000000000, 0.000000000000000000, -1.000000000000000000 ) ) ;
#103 = CARTESIAN_POINT ( 'NONE',  ( 1.039470204314534296, 0.6250000000000000000, -1.473269550692026808 ) ) ;
#104 = AXIS2_PLACEMENT_3D ( 'NONE', #927, #1158, #1679 ) ;
#105 = ORIENTED_EDGE ( 'NONE', *, *, #284, .T. ) ;
#106 = CARTESIAN_POINT ( 'NONE',  ( -1.509198799053265150, 0.6250000000000000000, 0.9103434708593138858 ) ) ;
#107 = DIRECTION ( 'NONE',  ( 0.000000000000000000, -0.5150380749100550437, -0.8571673007021117785 ) ) ;
#108 = AXIS2_PLACEMENT_3D ( 'NONE', #331, #58, #1154 ) ;
#109 = CARTESIAN_POINT ( 'NONE',  ( 1.157522687270471806, 0.6250000000000000000, 1.502898020616251440 ) ) ;
#110 = EDGE_CURVE ( 'NONE', #1130, #166, #1127, .T. ) ;
#111 = EDGE_CURVE ( 'NONE', #1068, #1349, #236, .T. ) ;
#112 = EDGE_CURVE ( 'NONE', #808, #1276, #1459, .T. ) ;
#113 = DIRECTION ( 'NONE',  ( 0.000000000000000000, 0.000000000000000000, -1.000000000000000000 ) ) ;
#114 = ORIENTED_EDGE ( 'NONE', *, *, #96, .T. ) ;
#115 = LINE ( 'NONE', #1180, #76 ) ;
#116 = DIRECTION ( 'NONE',  ( 0.000000000000000000, 0.000000000000000000, 1.000000000000000000 ) ) ;
#117 = DIRECTION ( 'NONE',  ( -0.000000000000000000, -1.000000000000000000, -0.000000000000000000 ) ) ;
#118 = CYLINDRICAL_SURFACE ( 'NONE', #796, 0.2551350672871856018 ) ;
#119 = ORIENTED_EDGE ( 'NONE', *, *, #1291, .T. ) ;
#120 = CARTESIAN_POINT ( 'NONE',  ( -1.723269550692026364, 0.6250000000000000000, 1.039470204314535628 ) ) ;
#121 = DIRECTION ( 'NONE',  ( 1.000000000000000000, 0.000000000000000000, 0.000000000000000000 ) ) ;
#122 = CIRCLE ( 'NONE', #1093, 0.2551350672871842695 ) ;
#123 = CARTESIAN_POINT ( 'NONE',  ( 0.000000000000000000, 0.6250000000000000000, 0.000000000000000000 ) ) ;
#124 = DIRECTION ( 'NONE',  ( -0.000000000000000000, -1.000000000000000000, -0.000000000000000000 ) ) ;
#125 = DIRECTION ( 'NONE',  ( 0.000000000000000000, 0.000000000000000000, 1.000000000000000000 ) ) ;
#126 = ORIENTED_EDGE ( 'NONE', *, *, #1307, .F. ) ;
#127 = DIRECTION ( 'NONE',  ( 0.000000000000000000, 0.000000000000000000, -1.000000000000000000 ) ) ;
#128 = VECTOR ( 'NONE', #739, 39.37007874015748143 ) ;
#129 = AXIS2_PLACEMENT_3D ( 'NONE', #1141, #860, #1634 ) ;
#130 = DIRECTION ( 'NONE',  ( -0.000000000000000000, -1.000000000000000000, -0.000000000000000000 ) ) ;
#131 = AXIS2_PLACEMENT_3D ( 'NONE', #475, #1002, #1406 ) ;
#132 = CARTESIAN_POINT ( 'NONE',  ( -1.278000000000000469, 0.4000000000000000222, -1.198500000000000121 ) ) ;
#133 = EDGE_CURVE ( 'NONE', #66, #583, #1293, .T. ) ;
#134 = LINE ( 'NONE', #1311, #997 ) ;
#135 = ORIENTED_EDGE ( 'NONE', *, *, #1263, .F. ) ;
#136 = CARTESIAN_POINT ( 'NONE',  ( 1.157522687270470918, 0.000000000000000000, -1.502898020616251440 ) ) ;
#137 = AXIS2_PLACEMENT_3D ( 'NONE', #1284, #1174, #102 ) ;
#138 = ORIENTED_EDGE ( 'NONE', *, *, #814, .T. ) ;
#139 = FACE_OUTER_BOUND ( 'NONE', #1505, .T. ) ;
#140 = FACE_BOUND ( 'NONE', #1601, .T. ) ;
#141 = CARTESIAN_POINT ( 'NONE',  ( 0.000000000000000000, 0.1000000000000000056, 0.000000000000000000 ) ) ;
#142 = DIRECTION ( 'NONE',  ( 0.000000000000000000, 1.000000000000000000, 0.000000000000000000 ) ) ;
#143 = ORIENTED_EDGE ( 'NONE', *, *, #453, .T. ) ;
#144 = CARTESIAN_POINT ( 'NONE',  ( 0.3748368377966113107, 0.6250000000000000000, 1.897251168078618155 ) ) ;
#145 = ADVANCED_FACE ( 'NONE', ( #8 ), #905, .F. ) ;
#146 = EDGE_CURVE ( 'NONE', #622, #298, #765, .T. ) ;
#147 = ORIENTED_EDGE ( 'NONE', *, *, #684, .F. ) ;
#148 = ADVANCED_BREP_SHAPE_REPRESENTATION ( 'Throttle Body Flange 2', ( #1519, #890 ), #1013 ) ;
#149 = VERTEX_POINT ( 'NONE', #250 ) ;
#150 = AXIS2_PLACEMENT_3D ( 'NONE', #1192, #1557, #1430 ) ;
#151 = LINE ( 'NONE', #681, #1685 ) ;
#152 = DIRECTION ( 'NONE',  ( 0.000000000000000000, -1.000000000000000000, 0.000000000000000000 ) ) ;
#153 = FACE_OUTER_BOUND ( 'NONE', #1208, .T. ) ;
#154 = AXIS2_PLACEMENT_3D ( 'NONE', #646, #117, #1301 ) ;
#155 = ORIENTED_EDGE ( 'NONE', *, *, #335, .F. ) ;
#156 = CIRCLE ( 'NONE', #494, 0.2500000000000000555 ) ;
#157 = EDGE_CURVE ( 'NONE', #300, #1365, #375, .T. ) ;
#158 = ORIENTED_EDGE ( 'NONE', *, *, #1514, .F. ) ;
#159 = AXIS2_PLACEMENT_3D ( 'NONE', #430, #961, #168 ) ;
#160 = CARTESIAN_POINT ( 'NONE',  ( 0.000000000000000000, 0.6250000000000000000, 0.000000000000000000 ) ) ;
#161 = EDGE_CURVE ( 'NONE', #350, #601, #546, .T. ) ;
#162 = PRODUCT_RELATED_PRODUCT_CATEGORY ( 'part', '', ( #1364 ) ) ;
#163 = CARTESIAN_POINT ( 'NONE',  ( 1.509198799053265816, 0.000000000000000000, -0.9103434708593127755 ) ) ;
#164 = CYLINDRICAL_SURFACE ( 'NONE', #652, 0.2500000000000000555 ) ;
#165 = ORIENTED_EDGE ( 'NONE', *, *, #835, .F. ) ;
#166 = VERTEX_POINT ( 'NONE', #260 ) ;
#167 = DIRECTION ( 'NONE',  ( -0.000000000000000000, -1.000000000000000000, -0.000000000000000000 ) ) ;
#168 = DIRECTION ( 'NONE',  ( 0.000000000000000000, 0.000000000000000000, -1.000000000000000000 ) ) ;
#169 = AXIS2_PLACEMENT_3D ( 'NONE', #204, #1667, #735 ) ;
#170 = DIRECTION ( 'NONE',  ( -0.000000000000000000, -1.000000000000000000, -0.000000000000000000 ) ) ;
#171 = ORIENTED_EDGE ( 'NONE', *, *, #1515, .F. ) ;
#172 = EDGE_LOOP ( 'NONE', ( #559, #97, #276, #992 ) ) ;
#173 = DIRECTION ( 'NONE',  ( -0.000000000000000000, -1.000000000000000000, -0.000000000000000000 ) ) ;
#174 = AXIS2_PLACEMENT_3D ( 'NONE', #1005, #78, #967 ) ;
#175 = DIRECTION ( 'NONE',  ( -0.000000000000000000, -1.000000000000000000, -0.000000000000000000 ) ) ;
#176 = CIRCLE ( 'NONE', #101, 1.500000000000000222 ) ;
#177 = DIRECTION ( 'NONE',  ( -0.000000000000000000, -1.000000000000000000, -0.000000000000000000 ) ) ;
#178 = VERTEX_POINT ( 'NONE', #109 ) ;
#179 = ORIENTED_EDGE ( 'NONE', *, *, #31, .T. ) ;
#180 = EDGE_CURVE ( 'NONE', #1124, #1365, #791, .T. ) ;
#181 = EDGE_LOOP ( 'NONE', ( #70, #763, #1004, #976 ) ) ;
#182 = AXIS2_PLACEMENT_3D ( 'NONE', #316, #460, #781 ) ;
#183 = CARTESIAN_POINT ( 'NONE',  ( -1.278000000000000469, 0.6250000000000000000, 1.278000000000000247 ) ) ;
#184 = LINE ( 'NONE', #438, #659 ) ;
#185 = AXIS2_PLACEMENT_3D ( 'NONE', #1391, #979, #602 ) ;
#186 = DIRECTION ( 'NONE',  ( 0.000000000000000000, 0.000000000000000000, -1.000000000000000000 ) ) ;
#187 = VERTEX_POINT ( 'NONE', #1176 ) ;
#188 = AXIS2_PLACEMENT_3D ( 'NONE', #493, #213, #743 ) ;
#189 = ORIENTED_EDGE ( 'NONE', *, *, #157, .F. ) ;
#190 = ADVANCED_FACE ( 'NONE', ( #767 ), #384, .T. ) ;
#191 = DIRECTION ( 'NONE',  ( 0.000000000000000000, 0.000000000000000000, -1.000000000000000000 ) ) ;
#192 = SURFACE_STYLE_USAGE ( .BOTH. , #1663 ) ;
#193 = ORIENTED_EDGE ( 'NONE', *, *, #1257, .T. ) ;
#194 = CYLINDRICAL_SURFACE ( 'NONE', #437, 1.625000000000000000 ) ;
#195 = EDGE_CURVE ( 'NONE', #1265, #632, #290, .T. ) ;
#196 = EDGE_LOOP ( 'NONE', ( #1390, #114, #1190 ) ) ;
#197 = DIRECTION ( 'NONE',  ( 0.000000000000000000, 0.000000000000000000, -1.000000000000000000 ) ) ;
#198 = ORIENTED_EDGE ( 'NONE', *, *, #945, .F. ) ;
#199 = ORIENTED_EDGE ( 'NONE', *, *, #547, .T. ) ;
#200 = LINE ( 'NONE', #749, #320 ) ;
#201 = CARTESIAN_POINT ( 'NONE',  ( 1.723269550692027030, 0.6250000000000000000, -1.039470204314534518 ) ) ;
#202 = VERTEX_POINT ( 'NONE', #1195 ) ;
#203 = CYLINDRICAL_SURFACE ( 'NONE', #610, 0.2551350672871856018 ) ;
#204 = CARTESIAN_POINT ( 'NONE',  ( 0.000000000000000000, 0.000000000000000000, 0.000000000000000000 ) ) ;
#205 = DIRECTION ( 'NONE',  ( -0.000000000000000000, -1.000000000000000000, -0.000000000000000000 ) ) ;
#206 = CIRCLE ( 'NONE', #1175, 0.07999999999999996003 ) ;
#207 = AXIS2_PLACEMENT_3D ( 'NONE', #263, #431, #1225 ) ;
#208 = ORIENTED_EDGE ( 'NONE', *, *, #15, .F. ) ;
#209 = CARTESIAN_POINT ( 'NONE',  ( 1.693074199821215573E-16, 0.3750000000000000555, 1.382499999999999840 ) ) ;
#210 = ADVANCED_FACE ( 'NONE', ( #517 ), #1169, .T. ) ;
#211 = DIRECTION ( 'NONE',  ( 0.000000000000000000, 0.000000000000000000, 1.000000000000000000 ) ) ;
#212 = ORIENTED_EDGE ( 'NONE', *, *, #814, .F. ) ;
#213 = DIRECTION ( 'NONE',  ( -0.000000000000000000, -1.000000000000000000, -0.000000000000000000 ) ) ;
#214 = AXIS2_PLACEMENT_3D ( 'NONE', #1198, #562, #540 ) ;
#215 = DIRECTION ( 'NONE',  ( 0.000000000000000000, 0.000000000000000000, -1.000000000000000000 ) ) ;
#216 = CARTESIAN_POINT ( 'NONE',  ( -0.3748368377966113107, 0.6250000000000000000, 1.897251168078618155 ) ) ;
#217 = AXIS2_PLACEMENT_3D ( 'NONE', #1482, #1492, #302 ) ;
#218 = VERTEX_POINT ( 'NONE', #1310 ) ;
#219 = LINE ( 'NONE', #999, #128 ) ;
#220 = CARTESIAN_POINT ( 'NONE',  ( 0.000000000000000000, 0.6250000000000000000, 0.000000000000000000 ) ) ;
#221 = VERTEX_POINT ( 'NONE', #537 ) ;
#222 = DIRECTION ( 'NONE',  ( 0.000000000000000000, -1.000000000000000000, 0.000000000000000000 ) ) ;
#223 = AXIS2_PLACEMENT_3D ( 'NONE', #1384, #993, #733 ) ;
#224 = ADVANCED_FACE ( 'NONE', ( #1066, #1587 ), #844, .F. ) ;
#225 = DIRECTION ( 'NONE',  ( -0.000000000000000000, -1.000000000000000000, -0.000000000000000000 ) ) ;
#226 = ORIENTED_EDGE ( 'NONE', *, *, #1514, .T. ) ;
#227 = DIRECTION ( 'NONE',  ( 0.000000000000000000, 1.000000000000000000, 0.000000000000000000 ) ) ;
#228 = CARTESIAN_POINT ( 'NONE',  ( -0.3750000000000000555, 0.6250000000000000000, 1.972144375480755274 ) ) ;
#229 = DIRECTION ( 'NONE',  ( 0.000000000000000000, 1.000000000000000000, 0.000000000000000000 ) ) ;
#230 = CARTESIAN_POINT ( 'NONE',  ( 1.039470204314534296, 0.000000000000000000, -1.723269550692026808 ) ) ;
#231 = VERTEX_POINT ( 'NONE', #1083 ) ;
#232 = DIRECTION ( 'NONE',  ( 0.000000000000000000, 1.000000000000000000, 0.000000000000000000 ) ) ;
#233 = VECTOR ( 'NONE', #486, 39.37007874015748143 ) ;
#234 = ADVANCED_FACE ( 'NONE', ( #704 ), #1204, .F. ) ;
#235 = CYLINDRICAL_SURFACE ( 'NONE', #1057, 0.2500000000000000555 ) ;
#236 = CIRCLE ( 'NONE', #682, 1.625000000000000000 ) ;
#237 = DIRECTION ( 'NONE',  ( 0.000000000000000000, 0.000000000000000000, 1.000000000000000000 ) ) ;
#238 = CARTESIAN_POINT ( 'NONE',  ( -1.278000000000000469, 0.000000000000000000, -1.278000000000000247 ) ) ;
#239 = ORIENTED_EDGE ( 'NONE', *, *, #323, .T. ) ;
#240 = CARTESIAN_POINT ( 'NONE',  ( 1.277999999999999803, -5.149639790414609450E-17, -1.357499999999999041 ) ) ;
#241 = CYLINDRICAL_SURFACE ( 'NONE', #345, 1.382499999999999840 ) ;
#242 = DIRECTION ( 'NONE',  ( 0.000000000000000000, 0.000000000000000000, 1.000000000000000000 ) ) ;
#243 = DIRECTION ( 'NONE',  ( 0.000000000000000000, 0.000000000000000000, -1.000000000000000000 ) ) ;
#244 = CIRCLE ( 'NONE', #1299, 0.07949999999999951550 ) ;
#245 = DIRECTION ( 'NONE',  ( 0.000000000000000000, 0.000000000000000000, -1.000000000000000000 ) ) ;
#246 = ORIENTED_EDGE ( 'NONE', *, *, #1602, .F. ) ;
#247 = CYLINDRICAL_SURFACE ( 'NONE', #935, 0.2500000000000000555 ) ;
#248 = CARTESIAN_POINT ( 'NONE',  ( -1.509198799053265150, 0.000000000000000000, 0.9103434708593138858 ) ) ;
#249 = CARTESIAN_POINT ( 'NONE',  ( 1.509198799053264706, 0.6250000000000000000, 0.9103434708593148850 ) ) ;
#250 = CARTESIAN_POINT ( 'NONE',  ( 0.5467708123195911263, 0.000000000000000000, 1.675544069487691745 ) ) ;
#251 = DIRECTION ( 'NONE',  ( 0.000000000000000000, 0.000000000000000000, -1.000000000000000000 ) ) ;
#252 = ORIENTED_EDGE ( 'NONE', *, *, #1602, .T. ) ;
#253 = LINE ( 'NONE', #396, #1677 ) ;
#254 = EDGE_CURVE ( 'NONE', #1094, #46, #151, .T. ) ;
#255 =( LENGTH_UNIT ( ) NAMED_UNIT ( * ) SI_UNIT ( $, .METRE. ) );
#256 = AXIS2_PLACEMENT_3D ( 'NONE', #1306, #524, #1565 ) ;
#257 = EDGE_CURVE ( 'NONE', #221, #1583, #661, .T. ) ;
#258 = CARTESIAN_POINT ( 'NONE',  ( 0.000000000000000000, 0.000000000000000000, -1.500000000000000222 ) ) ;
#259 = AXIS2_PLACEMENT_3D ( 'NONE', #1118, #975, #344 ) ;
#260 = CARTESIAN_POINT ( 'NONE',  ( -1.502898020616250996, 0.6250000000000000000, 1.157522687270472250 ) ) ;
#261 = CARTESIAN_POINT ( 'NONE',  ( -0.5467708123195902381, 0.000000000000000000, 1.675544069487692189 ) ) ;
#262 = VERTEX_POINT ( 'NONE', #973 ) ;
#263 = CARTESIAN_POINT ( 'NONE',  ( 1.277999999999999803, 0.4000000000000000222, -1.277999999999999581 ) ) ;
#264 = AXIS2_PLACEMENT_3D ( 'NONE', #889, #1524, #1511 ) ;
#265 = EDGE_LOOP ( 'NONE', ( #1635, #158, #823, #1202 ) ) ;
#266 = CARTESIAN_POINT ( 'NONE',  ( -1.278000000000000469, -5.149639790414609450E-17, -1.198500000000000565 ) ) ;
#267 = VECTOR ( 'NONE', #1476, 39.37007874015748143 ) ;
#268 = PLANE ( 'NONE',  #966 ) ;
#269 = CIRCLE ( 'NONE', #131, 0.2500000000000000555 ) ;
#270 = CARTESIAN_POINT ( 'NONE',  ( -0.6243269559110213862, 0.6250000000000000000, 1.913209894946939382 ) ) ;
#271 = EDGE_CURVE ( 'NONE', #315, #166, #636, .T. ) ;
#272 = DIRECTION ( 'NONE',  ( 0.000000000000000000, 0.000000000000000000, -1.000000000000000000 ) ) ;
#273 = ORIENTED_EDGE ( 'NONE', *, *, #626, .T. ) ;
#274 = CARTESIAN_POINT ( 'NONE',  ( -1.502898020616250996, 0.6250000000000000000, -1.157522687270472250 ) ) ;
#275 = CIRCLE ( 'NONE', #556, 1.762500000000000178 ) ;
#276 = ORIENTED_EDGE ( 'NONE', *, *, #271, .T. ) ;
#277 = ORIENTED_EDGE ( 'NONE', *, *, #977, .T. ) ;
#278 = CARTESIAN_POINT ( 'NONE',  ( 0.2950000000000000400, 0.6250000000000000000, 1.892144375480755203 ) ) ;
#279 = DIRECTION ( 'NONE',  ( -0.000000000000000000, -1.000000000000000000, -0.000000000000000000 ) ) ;
#280 = EDGE_CURVE ( 'NONE', #1648, #583, #826, .T. ) ;
#281 = DIRECTION ( 'NONE',  ( 0.000000000000000000, 0.000000000000000000, 1.000000000000000000 ) ) ;
#282 = ORIENTED_EDGE ( 'NONE', *, *, #564, .F. ) ;
#283 = ADVANCED_FACE ( 'NONE', ( #423, #1075 ), #1211, .T. ) ;
#284 = EDGE_CURVE ( 'NONE', #1322, #666, #1080, .T. ) ;
#285 = VECTOR ( 'NONE', #1282, 39.37007874015748143 ) ;
#286 = ADVANCED_FACE ( 'NONE', ( #1594 ), #1470, .T. ) ;
#287 = DIRECTION ( 'NONE',  ( 0.000000000000000000, 0.000000000000000000, 1.000000000000000000 ) ) ;
#288 = DIRECTION ( 'NONE',  ( 0.000000000000000000, 1.000000000000000000, 0.000000000000000000 ) ) ;
#289 = DIRECTION ( 'NONE',  ( -0.000000000000000000, -1.000000000000000000, -0.000000000000000000 ) ) ;
#290 = CIRCLE ( 'NONE', #1504, 0.2500000000000000555 ) ;
#291 = ORIENTED_EDGE ( 'NONE', *, *, #568, .T. ) ;
#292 = VECTOR ( 'NONE', #764, 39.37007874015748143 ) ;
#293 = ORIENTED_EDGE ( 'NONE', *, *, #1234, .F. ) ;
#294 = CYLINDRICAL_SURFACE ( 'NONE', #1598, 0.2500000000000000555 ) ;
#295 = AXIS2_PLACEMENT_3D ( 'NONE', #160, #32, #1090 ) ;
#296 = CARTESIAN_POINT ( 'NONE',  ( -1.278000000000000469, 0.4000000000000000222, -1.278000000000000247 ) ) ;
#297 = DIRECTION ( 'NONE',  ( -0.000000000000000000, -1.000000000000000000, -0.000000000000000000 ) ) ;
#298 = VERTEX_POINT ( 'NONE', #1629 ) ;
#299 = CIRCLE ( 'NONE', #830, 1.632499999999999840 ) ;
#300 = VERTEX_POINT ( 'NONE', #1218 ) ;
#301 = DIRECTION ( 'NONE',  ( 0.000000000000000000, -1.000000000000000000, 0.000000000000000000 ) ) ;
#302 = DIRECTION ( 'NONE',  ( 0.000000000000000000, 0.000000000000000000, -1.000000000000000000 ) ) ;
#303 = VECTOR ( 'NONE', #1397, 39.37007874015748143 ) ;
#304 = CYLINDRICAL_SURFACE ( 'NONE', #488, 1.382499999999999840 ) ;
#305 = VERTEX_POINT ( 'NONE', #25 ) ;
#306 = ORIENTED_EDGE ( 'NONE', *, *, #470, .T. ) ;
#307 = ADVANCED_FACE ( 'NONE', ( #950 ), #294, .F. ) ;
#308 = FACE_BOUND ( 'NONE', #1330, .T. ) ;
#309 = CONICAL_SURFACE ( 'NONE', #1559, 0.07949999999999979305, 1.029744258676653423 ) ;
#310 = FACE_OUTER_BOUND ( 'NONE', #996, .T. ) ;
#311 = AXIS2_PLACEMENT_3D ( 'NONE', #1092, #1591, #1615 ) ;
#312 = CARTESIAN_POINT ( 'NONE',  ( -0.2950000000000000400, 0.6250000000000000000, 1.972144375480755274 ) ) ;
#313 = EDGE_LOOP ( 'NONE', ( #1650, #38, #363, #1044 ) ) ;
#315 = VERTEX_POINT ( 'NONE', #818 ) ;
#314 = AXIS2_PLACEMENT_3D ( 'NONE', #1185, #639, #243 ) ;
#316 = CARTESIAN_POINT ( 'NONE',  ( 0.2950000000000000400, 0.000000000000000000, 1.892144375480755203 ) ) ;
#317 = ADVANCED_FACE ( 'NONE', ( #959, #308 ), #1343, .T. ) ;
#318 = LENGTH_MEASURE_WITH_UNIT ( LENGTH_MEASURE( 0.02539999999999999897 ), #629 );
#319 = ORIENTED_EDGE ( 'NONE', *, *, #952, .F. ) ;
#320 = VECTOR ( 'NONE', #1266, 39.37007874015748143 ) ;
#321 = CARTESIAN_POINT ( 'NONE',  ( -0.9103434708593142188, 0.6250000000000000000, -1.509198799053265150 ) ) ;
#322 = FACE_OUTER_BOUND ( 'NONE', #458, .T. ) ;
#323 = EDGE_CURVE ( 'NONE', #671, #622, #429, .T. ) ;
#324 = DIRECTION ( 'NONE',  ( 0.000000000000000000, 1.000000000000000000, 0.000000000000000000 ) ) ;
#325 = AXIS2_PLACEMENT_3D ( 'NONE', #1527, #606, #75 ) ;
#326 = EDGE_LOOP ( 'NONE', ( #587, #1087 ) ) ;
#327 = CARTESIAN_POINT ( 'NONE',  ( 0.2950000000000000400, 0.6250000000000000000, 1.892144375480755203 ) ) ;
#328 = DIRECTION ( 'NONE',  ( 0.000000000000000000, 0.000000000000000000, -1.000000000000000000 ) ) ;
#329 = CIRCLE ( 'NONE', #502, 0.07949999999999993183 ) ;
#330 = ORIENTED_EDGE ( 'NONE', *, *, #389, .T. ) ;
#331 = CARTESIAN_POINT ( 'NONE',  ( -1.278000000000000469, 0.000000000000000000, -1.278000000000000247 ) ) ;
#332 = EDGE_LOOP ( 'NONE', ( #1203, #155 ) ) ;
#333 = CARTESIAN_POINT ( 'NONE',  ( -1.278000000000000469, -5.149639790414609450E-17, -1.278000000000000247 ) ) ;
#334 = ORIENTED_EDGE ( 'NONE', *, *, #280, .F. ) ;
#335 = EDGE_CURVE ( 'NONE', #619, #1206, #1546, .T. ) ;
#336 = ORIENTED_EDGE ( 'NONE', *, *, #1263, .T. ) ;
#337 = DIRECTION ( 'NONE',  ( 0.000000000000000000, 0.000000000000000000, 1.000000000000000000 ) ) ;
#338 = CARTESIAN_POINT ( 'NONE',  ( -1.723269550692026364, 0.000000000000000000, -1.039470204314536073 ) ) ;
#339 = VERTEX_POINT ( 'NONE', #698 ) ;
#340 = DIRECTION ( 'NONE',  ( 0.000000000000000000, 1.000000000000000000, 0.000000000000000000 ) ) ;
#341 = EDGE_CURVE ( 'NONE', #1276, #1297, #1347, .T. ) ;
#342 = EDGE_CURVE ( 'NONE', #671, #727, #1462, .T. ) ;
#343 = VERTEX_POINT ( 'NONE', #321 ) ;
#344 = DIRECTION ( 'NONE',  ( 0.000000000000000000, 0.000000000000000000, -1.000000000000000000 ) ) ;
#345 = AXIS2_PLACEMENT_3D ( 'NONE', #373, #669, #1167 ) ;
#346 = ORIENTED_EDGE ( 'NONE', *, *, #1150, .F. ) ;
#347 = AXIS2_PLACEMENT_3D ( 'NONE', #1272, #586, #865 ) ;
#348 = ORIENTED_EDGE ( 'NONE', *, *, #1609, .F. ) ;
#349 = LINE ( 'NONE', #879, #712 ) ;
#350 = VERTEX_POINT ( 'NONE', #1145 ) ;
#351 = DIRECTION ( 'NONE',  ( -1.092739197465705090E-15, 0.000000000000000000, 1.000000000000000000 ) ) ;
#352 = ORIENTED_EDGE ( 'NONE', *, *, #13, .T. ) ;
#353 = LINE ( 'NONE', #1537, #233 ) ;
#354 = AXIS2_PLACEMENT_3D ( 'NONE', #1402, #356, #711 ) ;
#355 = EDGE_LOOP ( 'NONE', ( #1534, #277 ) ) ;
#356 = DIRECTION ( 'NONE',  ( 0.000000000000000000, -1.000000000000000000, 0.000000000000000000 ) ) ;
#357 = AXIS2_PLACEMENT_3D ( 'NONE', #574, #1475, #560 ) ;
#358 = FACE_OUTER_BOUND ( 'NONE', #181, .T. ) ;
#359 = EDGE_LOOP ( 'NONE', ( #1210, #495, #882, #1539 ) ) ;
#360 = DIRECTION ( 'NONE',  ( 0.000000000000000000, 0.000000000000000000, -1.000000000000000000 ) ) ;
#361 = CIRCLE ( 'NONE', #1326, 1.382499999999999840 ) ;
#362 = LINE ( 'NONE', #896, #303 ) ;
#363 = ORIENTED_EDGE ( 'NONE', *, *, #945, .T. ) ;
#364 = CARTESIAN_POINT ( 'NONE',  ( 1.999235899608053936E-16, 0.3750000000000000555, -1.632499999999999840 ) ) ;
#365 = EDGE_CURVE ( 'NONE', #839, #648, #1270, .T. ) ;
#366 = CARTESIAN_POINT ( 'NONE',  ( -1.723269550692026364, 0.000000000000000000, 1.039470204314535628 ) ) ;
#367 = DIRECTION ( 'NONE',  ( -0.000000000000000000, -1.000000000000000000, -0.000000000000000000 ) ) ;
#368 = DIRECTION ( 'NONE',  ( 0.000000000000000000, 0.000000000000000000, -1.000000000000000000 ) ) ;
#369 = EDGE_CURVE ( 'NONE', #305, #595, #1517, .T. ) ;
#370 = ORIENTED_EDGE ( 'NONE', *, *, #752, .F. ) ;
#371 = LINE ( 'NONE', #913, #292 ) ;
#372 = CIRCLE ( 'NONE', #594, 0.2500000000000000555 ) ;
#373 = CARTESIAN_POINT ( 'NONE',  ( 0.000000000000000000, 0.6250000000000000000, 0.000000000000000000 ) ) ;
#374 = DIRECTION ( 'NONE',  ( -0.000000000000000000, -1.000000000000000000, -0.000000000000000000 ) ) ;
#375 = CIRCLE ( 'NONE', #1046, 0.07949999999999979305 ) ;
#376 = CARTESIAN_POINT ( 'NONE',  ( 0.000000000000000000, 0.3750000000000000555, 1.632499999999999840 ) ) ;
#377 = CIRCLE ( 'NONE', #182, 0.07999999999999996003 ) ;
#378 = DIRECTION ( 'NONE',  ( -0.000000000000000000, -1.000000000000000000, -0.000000000000000000 ) ) ;
#379 = EDGE_LOOP ( 'NONE', ( #677, #689, #544, #1487 ) ) ;
#380 = CARTESIAN_POINT ( 'NONE',  ( 0.000000000000000000, 0.6250000000000000000, 0.000000000000000000 ) ) ;
#381 = CIRCLE ( 'NONE', #51, 0.2551350672871856018 ) ;
#382 =( NAMED_UNIT ( * ) SI_UNIT ( $, .STERADIAN. ) SOLID_ANGLE_UNIT ( ) );
#383 = CARTESIAN_POINT ( 'NONE',  ( 1.277999999999999803, -5.149639790414609450E-17, 1.278000000000000691 ) ) ;
#384 = CYLINDRICAL_SURFACE ( 'NONE', #314, 0.2551350672871842695 ) ;
#385 = EDGE_CURVE ( 'NONE', #1643, #671, #747, .T. ) ;
#386 = LINE ( 'NONE', #917, #1596 ) ;
#387 = ORIENTED_EDGE ( 'NONE', *, *, #180, .T. ) ;
#388 = DIRECTION ( 'NONE',  ( -0.000000000000000000, -1.000000000000000000, -0.000000000000000000 ) ) ;
#389 = EDGE_CURVE ( 'NONE', #298, #595, #82, .T. ) ;
#390 = FACE_OUTER_BOUND ( 'NONE', #88, .T. ) ;
#391 = FACE_OUTER_BOUND ( 'NONE', #1526, .T. ) ;
#392 = AXIS2_PLACEMENT_3D ( 'NONE', #230, #761, #1287 ) ;
#393 = DIRECTION ( 'NONE',  ( 0.000000000000000000, 0.000000000000000000, -1.000000000000000000 ) ) ;
#394 = LINE ( 'NONE', #1196, #410 ) ;
#395 = ORIENTED_EDGE ( 'NONE', *, *, #762, .F. ) ;
#396 = CARTESIAN_POINT ( 'NONE',  ( 1.836970198721030181E-16, 0.1000000000000000056, 1.500000000000000222 ) ) ;
#397 = ORIENTED_EDGE ( 'NONE', *, *, #1609, .T. ) ;
#398 = CARTESIAN_POINT ( 'NONE',  ( 0.9103434708593127755, 0.000000000000000000, -1.509198799053265816 ) ) ;
#399 = AXIS2_PLACEMENT_3D ( 'NONE', #1654, #472, #328 ) ;
#400 = EDGE_CURVE ( 'NONE', #1131, #483, #269, .T. ) ;
#401 = FACE_OUTER_BOUND ( 'NONE', #1469, .T. ) ;
#402 = ADVANCED_FACE ( 'NONE', ( #854 ), #203, .T. ) ;
#403 = AXIS2_PLACEMENT_3D ( 'NONE', #417, #170, #822 ) ;
#404 = DIRECTION ( 'NONE',  ( -1.000000000000000000, 0.000000000000000000, 0.000000000000000000 ) ) ;
#405 = CARTESIAN_POINT ( 'NONE',  ( 1.277999999999999803, 0.4000000000000000222, -1.198499999999999899 ) ) ;
#406 = VERTEX_POINT ( 'NONE', #871 ) ;
#407 = CYLINDRICAL_SURFACE ( 'NONE', #311, 0.07949999999999979305 ) ;
#408 = AXIS2_PLACEMENT_3D ( 'NONE', #98, #388, #1688 ) ;
#409 = ORIENTED_EDGE ( 'NONE', *, *, #1214, .T. ) ;
#410 = VECTOR ( 'NONE', #924, 39.37007874015748143 ) ;
#411 = ORIENTED_EDGE ( 'NONE', *, *, #1199, .T. ) ;
#412 = AXIS2_PLACEMENT_3D ( 'NONE', #1024, #85, #1666 ) ;
#413 = CARTESIAN_POINT ( 'NONE',  ( -1.039470204314536073, 0.6250000000000000000, -1.723269550692026364 ) ) ;
#414 = PRODUCT_DEFINITION_FORMATION_WITH_SPECIFIED_SOURCE ( 'ANY', '', #1364, .NOT_KNOWN. ) ;
#415 = CARTESIAN_POINT ( 'NONE',  ( 1.277999999999999803, 0.4000000000000000222, -1.277999999999999581 ) ) ;
#416 = ORIENTED_EDGE ( 'NONE', *, *, #626, .F. ) ;
#417 = CARTESIAN_POINT ( 'NONE',  ( 1.039470204314534296, 0.6250000000000000000, -1.723269550692026808 ) ) ;
#418 = ORIENTED_EDGE ( 'NONE', *, *, #112, .F. ) ;
#419 = EDGE_CURVE ( 'NONE', #343, #187, #1104, .T. ) ;
#420 = ADVANCED_FACE ( 'NONE', ( #1415 ), #194, .F. ) ;
#421 = ADVANCED_FACE ( 'NONE', ( #1251 ), #1396, .F. ) ;
#422 = EDGE_LOOP ( 'NONE', ( #1581, #686, #1507, #23 ) ) ;
#423 = FACE_BOUND ( 'NONE', #1555, .T. ) ;
#424 = CYLINDRICAL_SURFACE ( 'NONE', #79, 1.762500000000000178 ) ;
#425 = LINE ( 'NONE', #1606, #1533 ) ;
#426 = VERTEX_POINT ( 'NONE', #584 ) ;
#427 = ORIENTED_EDGE ( 'NONE', *, *, #1136, .F. ) ;
#428 = AXIS2_PLACEMENT_3D ( 'NONE', #44, #569, #22 ) ;
#429 = LINE ( 'NONE', #1481, #941 ) ;
#430 = CARTESIAN_POINT ( 'NONE',  ( -1.278000000000000469, 0.4000000000000000222, -1.278000000000000247 ) ) ;
#431 = DIRECTION ( 'NONE',  ( -0.000000000000000000, -1.000000000000000000, -0.000000000000000000 ) ) ;
#432 = ORIENTED_EDGE ( 'NONE', *, *, #1113, .F. ) ;
#433 = AXIS2_PLACEMENT_3D ( 'NONE', #55, #1122, #1671 ) ;
#434 = ORIENTED_EDGE ( 'NONE', *, *, #564, .T. ) ;
#435 = VECTOR ( 'NONE', #288, 39.37007874015748143 ) ;
#436 = DIRECTION ( 'NONE',  ( 0.000000000000000000, 1.000000000000000000, 0.000000000000000000 ) ) ;
#437 = AXIS2_PLACEMENT_3D ( 'NONE', #1535, #724, #883 ) ;
#438 = CARTESIAN_POINT ( 'NONE',  ( 0.9103434708593127755, 0.6250000000000000000, -1.509198799053265816 ) ) ;
#439 = LINE ( 'NONE', #1220, #960 ) ;
#440 = ORIENTED_EDGE ( 'NONE', *, *, #1367, .F. ) ;
#441 = ADVANCED_FACE ( 'NONE', ( #1675 ), #716, .F. ) ;
#442 = AXIS2_PLACEMENT_3D ( 'NONE', #1205, #1701, #1443 ) ;
#443 = PRODUCT_DEFINITION_CONTEXT ( 'detailed design', #942, 'design' ) ;
#444 = EDGE_LOOP ( 'NONE', ( #611, #1140, #949, #1536, #1401, #1110, #1017, #1405, #549, #1071, #897, #827, #1592, #509, #578, #306, #105, #1510, #1165, #1250, #1303, #1061, #929, #832, #440, #93, #330 ) ) ;
#445 = DIRECTION ( 'NONE',  ( 0.000000000000000000, 0.000000000000000000, 1.000000000000000000 ) ) ;
#446 = DIRECTION ( 'NONE',  ( 0.000000000000000000, 0.000000000000000000, -1.000000000000000000 ) ) ;
#447 = CARTESIAN_POINT ( 'NONE',  ( -1.278000000000000469, 0.6250000000000000000, 1.278000000000000247 ) ) ;
#448 = VERTEX_POINT ( 'NONE', #67 ) ;
#449 = FACE_OUTER_BOUND ( 'NONE', #558, .T. ) ;
#450 =( NAMED_UNIT ( * ) PLANE_ANGLE_UNIT ( ) SI_UNIT ( $, .RADIAN. ) );
#451 = ORIENTED_EDGE ( 'NONE', *, *, #1283, .T. ) ;
#452 = EDGE_CURVE ( 'NONE', #1240, #66, #553, .T. ) ;
#453 = EDGE_CURVE ( 'NONE', #1349, #1068, #1164, .T. ) ;
#454 = DIRECTION ( 'NONE',  ( 0.000000000000000000, 1.000000000000000000, 0.000000000000000000 ) ) ;
#455 = VECTOR ( 'NONE', #1181, 39.37007874015748143 ) ;
#456 = CARTESIAN_POINT ( 'NONE',  ( -1.039470204314536295, 0.000000000000000000, 1.723269550692025920 ) ) ;
#457 = DIRECTION ( 'NONE',  ( 0.000000000000000000, -1.000000000000000000, 0.000000000000000000 ) ) ;
#458 = EDGE_LOOP ( 'NONE', ( #1463, #1479, #742, #212 ) ) ;
#459 = VERTEX_POINT ( 'NONE', #484 ) ;
#460 = DIRECTION ( 'NONE',  ( -0.000000000000000000, -1.000000000000000000, -0.000000000000000000 ) ) ;
#461 = ORIENTED_EDGE ( 'NONE', *, *, #1488, .T. ) ;
#462 = CYLINDRICAL_SURFACE ( 'NONE', #223, 0.07949999999999979305 ) ;
#463 = CONICAL_SURFACE ( 'NONE', #217, 0.07949999999999979305, 1.029744258676653423 ) ;
#464 = ADVANCED_FACE ( 'NONE', ( #1277 ), #1628, .F. ) ;
#465 = VERTEX_POINT ( 'NONE', #1116 ) ;
#466 = DIRECTION ( 'NONE',  ( -0.000000000000000000, -1.000000000000000000, -0.000000000000000000 ) ) ;
#467 = ORIENTED_EDGE ( 'NONE', *, *, #707, .T. ) ;
#468 = ORIENTED_EDGE ( 'NONE', *, *, #810, .F. ) ;
#469 = CARTESIAN_POINT ( 'NONE',  ( 1.277999999999999803, 0.4477684192126910601, 1.278000000000000691 ) ) ;
#470 = EDGE_CURVE ( 'NONE', #343, #1322, #1350, .T. ) ;
#471 = ADVANCED_FACE ( 'NONE', ( #1647 ), #462, .F. ) ;
#472 = DIRECTION ( 'NONE',  ( -0.000000000000000000, -1.000000000000000000, -0.000000000000000000 ) ) ;
#473 = CIRCLE ( 'NONE', #1541, 1.762500000000000178 ) ;
#474 = EDGE_LOOP ( 'NONE', ( #713, #189, #563, #273 ) ) ;
#475 = CARTESIAN_POINT ( 'NONE',  ( -1.039470204314536073, 0.000000000000000000, -1.723269550692026364 ) ) ;
#476 = ORIENTED_EDGE ( 'NONE', *, *, #1386, .F. ) ;
#477 = DIRECTION ( 'NONE',  ( 0.000000000000000000, 0.000000000000000000, 1.000000000000000000 ) ) ;
#478 = ORIENTED_EDGE ( 'NONE', *, *, #1107, .T. ) ;
#479 = CIRCLE ( 'NONE', #169, 1.625000000000000000 ) ;
#480 = ORIENTED_EDGE ( 'NONE', *, *, #1319, .F. ) ;
#481 = DIRECTION ( 'NONE',  ( -0.000000000000000000, -1.000000000000000000, -0.000000000000000000 ) ) ;
#482 = LINE ( 'NONE', #861, #285 ) ;
#483 = VERTEX_POINT ( 'NONE', #1260 ) ;
#484 = CARTESIAN_POINT ( 'NONE',  ( -0.2950000000000000400, 0.000000000000000000, 1.972144375480755274 ) ) ;
#485 = CARTESIAN_POINT ( 'NONE',  ( 0.000000000000000000, 0.000000000000000000, 0.000000000000000000 ) ) ;
#486 = DIRECTION ( 'NONE',  ( -0.000000000000000000, -1.000000000000000000, -0.000000000000000000 ) ) ;
#487 = CIRCLE ( 'NONE', #787, 0.2500000000000000555 ) ;
#488 = AXIS2_PLACEMENT_3D ( 'NONE', #1148, #846, #1370 ) ;
#489 = VERTEX_POINT ( 'NONE', #1699 ) ;
#490 = DIRECTION ( 'NONE',  ( 0.000000000000000000, -1.000000000000000000, 0.000000000000000000 ) ) ;
#491 = DIRECTION ( 'NONE',  ( 0.000000000000000000, 1.000000000000000000, 0.000000000000000000 ) ) ;
#492 = ORIENTED_EDGE ( 'NONE', *, *, #1413, .F. ) ;
#493 = CARTESIAN_POINT ( 'NONE',  ( -1.278000000000000469, 0.4000000000000000222, 1.278000000000000247 ) ) ;
#494 = AXIS2_PLACEMENT_3D ( 'NONE', #1009, #721, #337 ) ;
#495 = ORIENTED_EDGE ( 'NONE', *, *, #1294, .T. ) ;
#496 = EDGE_LOOP ( 'NONE', ( #1590, #1660 ) ) ;
#497 = FACE_OUTER_BOUND ( 'NONE', #1332, .T. ) ;
#498 = EDGE_CURVE ( 'NONE', #1583, #221, #329, .T. ) ;
#499 = LINE ( 'NONE', #1030, #902 ) ;
#500 = DIRECTION ( 'NONE',  ( -0.000000000000000000, -1.000000000000000000, -0.000000000000000000 ) ) ;
#501 = EDGE_CURVE ( 'NONE', #16, #943, #891, .T. ) ;
#502 = AXIS2_PLACEMENT_3D ( 'NONE', #1577, #130, #1292 ) ;
#503 = DIRECTION ( 'NONE',  ( -0.000000000000000000, -1.000000000000000000, -0.000000000000000000 ) ) ;
#504 = ORIENTED_EDGE ( 'NONE', *, *, #24, .T. ) ;
#505 = LINE ( 'NONE', #1556, #1264 ) ;
#506 = ADVANCED_FACE ( 'NONE', ( #401 ), #1308, .T. ) ;
#507 = CARTESIAN_POINT ( 'NONE',  ( 0.000000000000000000, 0.000000000000000000, 0.000000000000000000 ) ) ;
#508 = DIRECTION ( 'NONE',  ( 0.000000000000000000, 1.000000000000000000, 0.000000000000000000 ) ) ;
#509 = ORIENTED_EDGE ( 'NONE', *, *, #1125, .F. ) ;
#510 = CYLINDRICAL_SURFACE ( 'NONE', #1425, 0.2500000000000000555 ) ;
#511 = CARTESIAN_POINT ( 'NONE',  ( 1.723269550692027030, 0.000000000000000000, -1.039470204314534518 ) ) ;
#512 = ORIENTED_EDGE ( 'NONE', *, *, #825, .T. ) ;
#513 = DIRECTION ( 'NONE',  ( -0.000000000000000000, -1.000000000000000000, -0.000000000000000000 ) ) ;
#514 = VECTOR ( 'NONE', #921, 39.37007874015748143 ) ;
#515 = APPLICATION_PROTOCOL_DEFINITION ( 'draft international standard', 'automotive_design', 1998, #1033 ) ;
#516 = DIRECTION ( 'NONE',  ( -0.000000000000000000, -1.000000000000000000, -0.000000000000000000 ) ) ;
#517 = FACE_OUTER_BOUND ( 'NONE', #313, .T. ) ;
#518 = AXIS2_PLACEMENT_3D ( 'NONE', #1313, #227, #4 ) ;
#519 = EDGE_CURVE ( 'NONE', #963, #1473, #790, .T. ) ;
#520 = DIRECTION ( 'NONE',  ( 0.000000000000000000, 0.000000000000000000, -1.000000000000000000 ) ) ;
#521 = ORIENTED_EDGE ( 'NONE', *, *, #644, .T. ) ;
#522 = DIRECTION ( 'NONE',  ( 0.000000000000000000, 0.000000000000000000, -1.000000000000000000 ) ) ;
#523 = CONICAL_SURFACE ( 'NONE', #159, 0.07949999999999979305, 1.029744258676654090 ) ;
#524 = DIRECTION ( 'NONE',  ( -0.000000000000000000, -1.000000000000000000, -0.000000000000000000 ) ) ;
#525 = AXIS2_PLACEMENT_3D ( 'NONE', #413, #167, #1223 ) ;
#526 = EDGE_CURVE ( 'NONE', #1023, #489, #244, .T. ) ;
#527 = CARTESIAN_POINT ( 'NONE',  ( 1.990051048614449116E-16, 0.1000000000000000056, 1.625000000000000000 ) ) ;
#528 = DIRECTION ( 'NONE',  ( 0.000000000000000000, 1.000000000000000000, 0.000000000000000000 ) ) ;
#529 = VECTOR ( 'NONE', #1440, 39.37007874015748143 ) ;
#530 = DIRECTION ( 'NONE',  ( 0.000000000000000000, 0.000000000000000000, 1.000000000000000000 ) ) ;
#531 = ORIENTED_EDGE ( 'NONE', *, *, #599, .T. ) ;
#532 = FACE_OUTER_BOUND ( 'NONE', #723, .T. ) ;
#533 = EDGE_CURVE ( 'NONE', #719, #1077, #299, .T. ) ;
#534 = CARTESIAN_POINT ( 'NONE',  ( -0.3748368377966113107, 0.000000000000000000, 1.897251168078618155 ) ) ;
#535 = CARTESIAN_POINT ( 'NONE',  ( 1.039470204314534296, 0.000000000000000000, -1.723269550692026808 ) ) ;
#536 = AXIS2_PLACEMENT_3D ( 'NONE', #485, #1261, #215 ) ;
#537 = CARTESIAN_POINT ( 'NONE',  ( -1.278000000000000469, 0.4000000000000000222, 1.357499999999999929 ) ) ;
#538 = LINE ( 'NONE', #1434, #1239 ) ;
#539 = ORIENTED_EDGE ( 'NONE', *, *, #581, .F. ) ;
#540 = DIRECTION ( 'NONE',  ( 0.000000000000000000, 0.000000000000000000, 1.000000000000000000 ) ) ;
#541 = VERTEX_POINT ( 'NONE', #922 ) ;
#542 = AXIS2_PLACEMENT_3D ( 'NONE', #718, #1398, #1244 ) ;
#543 = CIRCLE ( 'NONE', #928, 1.500000000000000222 ) ;
#544 = ORIENTED_EDGE ( 'NONE', *, *, #15, .T. ) ;
#545 = DIRECTION ( 'NONE',  ( 0.000000000000000000, -1.000000000000000000, 0.000000000000000000 ) ) ;
#546 = CIRCLE ( 'NONE', #819, 1.500000000000000222 ) ;
#547 = EDGE_CURVE ( 'NONE', #149, #808, #5, .T. ) ;
#548 = CARTESIAN_POINT ( 'NONE',  ( 1.277999999999999803, 0.000000000000000000, -1.277999999999999581 ) ) ;
#549 = ORIENTED_EDGE ( 'NONE', *, *, #1567, .T. ) ;
#550 = DIRECTION ( 'NONE',  ( 0.000000000000000000, 0.000000000000000000, -1.000000000000000000 ) ) ;
#551 = EDGE_LOOP ( 'NONE', ( #842, #208 ) ) ;
#552 = ORIENTED_EDGE ( 'NONE', *, *, #133, .F. ) ;
#553 = CIRCLE ( 'NONE', #1624, 0.2500000000000000555 ) ;
#554 = DIRECTION ( 'NONE',  ( 0.000000000000000000, 1.000000000000000000, 0.000000000000000000 ) ) ;
#555 = DIRECTION ( 'NONE',  ( 0.000000000000000000, 0.000000000000000000, -1.000000000000000000 ) ) ;
#556 = AXIS2_PLACEMENT_3D ( 'NONE', #640, #2, #1452 ) ;
#557 = CARTESIAN_POINT ( 'NONE',  ( 0.000000000000000000, 0.000000000000000000, 0.000000000000000000 ) ) ;
#558 = EDGE_LOOP ( 'NONE', ( #694, #434, #14 ) ) ;
#559 = ORIENTED_EDGE ( 'NONE', *, *, #1466, .F. ) ;
#560 = DIRECTION ( 'NONE',  ( 0.000000000000000000, -0.000000000000000000, -1.000000000000000000 ) ) ;
#561 = CARTESIAN_POINT ( 'NONE',  ( 1.039470204314534296, 0.6250000000000000000, -1.723269550692026808 ) ) ;
#562 = DIRECTION ( 'NONE',  ( 0.000000000000000000, 1.000000000000000000, 0.000000000000000000 ) ) ;
#563 = ORIENTED_EDGE ( 'NONE', *, *, #35, .T. ) ;
#564 = EDGE_CURVE ( 'NONE', #998, #1028, #1300, .T. ) ;
#565 = CIRCLE ( 'NONE', #789, 1.625000000000000000 ) ;
#566 = CARTESIAN_POINT ( 'NONE',  ( -1.278000000000000469, -5.149639790414609450E-17, 1.278000000000000247 ) ) ;
#567 = CARTESIAN_POINT ( 'NONE',  ( 0.9103434708593131086, 0.6250000000000000000, 1.509198799053265594 ) ) ;
#568 = EDGE_CURVE ( 'NONE', #918, #1465, #1049, .T. ) ;
#569 = DIRECTION ( 'NONE',  ( 0.000000000000000000, -1.000000000000000000, 0.000000000000000000 ) ) ;
#570 = VERTEX_POINT ( 'NONE', #933 ) ;
#571 = ORIENTED_EDGE ( 'NONE', *, *, #1680, .T. ) ;
#572 = CONICAL_SURFACE ( 'NONE', #264, 0.07949999999999979305, 1.029744258676653423 ) ;
#573 = VECTOR ( 'NONE', #175, 39.37007874015748143 ) ;
#574 = CARTESIAN_POINT ( 'NONE',  ( 0.000000000000000000, 0.1000000000000000056, 0.000000000000000000 ) ) ;
#575 = AXIS2_PLACEMENT_3D ( 'NONE', #1357, #1097, #964 ) ;
#576 = CARTESIAN_POINT ( 'NONE',  ( 0.000000000000000000, 0.6250000000000000000, 0.000000000000000000 ) ) ;
#577 = CARTESIAN_POINT ( 'NONE',  ( 0.000000000000000000, 0.3750000000000000555, 0.000000000000000000 ) ) ;
#578 = ORIENTED_EDGE ( 'NONE', *, *, #419, .F. ) ;
#579 = DIRECTION ( 'NONE',  ( -0.000000000000000000, -1.000000000000000000, -0.000000000000000000 ) ) ;
#580 = ADVANCED_FACE ( 'NONE', ( #1706 ), #235, .F. ) ;
#581 = EDGE_CURVE ( 'NONE', #878, #1473, #1657, .T. ) ;
#582 = CIRCLE ( 'NONE', #1031, 0.07949999999999951550 ) ;
#583 = VERTEX_POINT ( 'NONE', #1168 ) ;
#584 = CARTESIAN_POINT ( 'NONE',  ( 0.000000000000000000, 0.000000000000000000, -1.762500000000000178 ) ) ;
#585 = LINE ( 'NONE', #974, #573 ) ;
#586 = DIRECTION ( 'NONE',  ( -0.000000000000000000, -1.000000000000000000, -0.000000000000000000 ) ) ;
#587 = ORIENTED_EDGE ( 'NONE', *, *, #526, .F. ) ;
#588 = ORIENTED_EDGE ( 'NONE', *, *, #1542, .F. ) ;
#589 = DIRECTION ( 'NONE',  ( 0.000000000000000000, 1.000000000000000000, 0.000000000000000000 ) ) ;
#590 = ADVANCED_FACE ( 'NONE', ( #391 ), #662, .T. ) ;
#591 = FACE_OUTER_BOUND ( 'NONE', #1693, .T. ) ;
#592 = ORIENTED_EDGE ( 'NONE', *, *, #96, .F. ) ;
#593 = CARTESIAN_POINT ( 'NONE',  ( 0.000000000000000000, 0.6250000000000000000, 0.000000000000000000 ) ) ;
#594 = AXIS2_PLACEMENT_3D ( 'NONE', #201, #1010, #1267 ) ;
#595 = VERTEX_POINT ( 'NONE', #1194 ) ;
#596 = CARTESIAN_POINT ( 'NONE',  ( 0.000000000000000000, 0.000000000000000000, 0.000000000000000000 ) ) ;
#597 = ORIENTED_EDGE ( 'NONE', *, *, #1115, .T. ) ;
#598 = EDGE_CURVE ( 'NONE', #202, #16, #907, .T. ) ;
#599 = EDGE_CURVE ( 'NONE', #1094, #1355, #692, .T. ) ;
#600 = EDGE_CURVE ( 'NONE', #1349, #1280, #645, .T. ) ;
#601 = VERTEX_POINT ( 'NONE', #258 ) ;
#602 = DIRECTION ( 'NONE',  ( 0.000000000000000000, 0.000000000000000000, 1.000000000000000000 ) ) ;
#603 = CIRCLE ( 'NONE', #408, 0.07949999999999951550 ) ;
#604 = FILL_AREA_STYLE ('',( #1543 ) ) ;
#605 = ORIENTED_EDGE ( 'NONE', *, *, #802, .F. ) ;
#606 = DIRECTION ( 'NONE',  ( 0.000000000000000000, -1.000000000000000000, 0.000000000000000000 ) ) ;
#607 = CIRCLE ( 'NONE', #1568, 0.07949999999999951550 ) ;
#608 = ORIENTED_EDGE ( 'NONE', *, *, #1626, .T. ) ;
#609 = CYLINDRICAL_SURFACE ( 'NONE', #1449, 1.762500000000000178 ) ;
#610 = AXIS2_PLACEMENT_3D ( 'NONE', #1269, #894, #1376 ) ;
#611 = ORIENTED_EDGE ( 'NONE', *, *, #369, .F. ) ;
#612 = DIRECTION ( 'NONE',  ( 0.000000000000000000, 0.000000000000000000, 1.000000000000000000 ) ) ;
#613 = AXIS2_PLACEMENT_3D ( 'NONE', #1545, #1241, #1012 ) ;
#614 = ORIENTED_EDGE ( 'NONE', *, *, #400, .T. ) ;
#615 = CARTESIAN_POINT ( 'NONE',  ( -0.3750000000000000555, 0.6250000000000000000, 1.972144375480755274 ) ) ;
#616 = ORIENTED_EDGE ( 'NONE', *, *, #111, .F. ) ;
#617 = DIRECTION ( 'NONE',  ( 0.000000000000000000, 0.000000000000000000, 1.000000000000000000 ) ) ;
#618 = CIRCLE ( 'NONE', #834, 0.2500000000000000555 ) ;
#619 = VERTEX_POINT ( 'NONE', #775 ) ;
#620 = CARTESIAN_POINT ( 'NONE',  ( 1.277999999999999803, -5.149639790414609450E-17, 1.198500000000001231 ) ) ;
#621 = DIRECTION ( 'NONE',  ( -0.000000000000000000, -1.000000000000000000, -0.000000000000000000 ) ) ;
#622 = VERTEX_POINT ( 'NONE', #760 ) ;
#623 = CARTESIAN_POINT ( 'NONE',  ( -0.2950000000000000400, 0.6250000000000000000, 1.892144375480755203 ) ) ;
#624 = ORIENTED_EDGE ( 'NONE', *, *, #810, .T. ) ;
#625 = CIRCLE ( 'NONE', #678, 1.762500000000000178 ) ;
#626 = EDGE_CURVE ( 'NONE', #231, #1658, #1139, .T. ) ;
#627 = ORIENTED_EDGE ( 'NONE', *, *, #110, .F. ) ;
#628 = FACE_OUTER_BOUND ( 'NONE', #1509, .T. ) ;
#629 =( LENGTH_UNIT ( ) NAMED_UNIT ( * ) SI_UNIT ( $, .METRE. ) );
#630 = CARTESIAN_POINT ( 'NONE',  ( 0.9103434708593133307, 0.000000000000000000, 1.509198799053265816 ) ) ;
#631 = AXIS2_PLACEMENT_3D ( 'NONE', #642, #1055, #1036 ) ;
#632 = VERTEX_POINT ( 'NONE', #630 ) ;
#633 = AXIS2_PLACEMENT_3D ( 'NONE', #1060, #142, #530 ) ;
#634 = ORIENTED_EDGE ( 'NONE', *, *, #7, .T. ) ;
#635 = DIRECTION ( 'NONE',  ( -0.000000000000000000, -1.000000000000000000, -0.000000000000000000 ) ) ;
#636 = CIRCLE ( 'NONE', #1570, 0.2551350672871841030 ) ;
#637 = ADVANCED_FACE ( 'NONE', ( #1684, #140, #1327, #670, #1458, #800 ), #268, .F. ) ;
#638 = DIRECTION ( 'NONE',  ( 0.000000000000000000, 0.000000000000000000, -1.000000000000000000 ) ) ;
#639 = DIRECTION ( 'NONE',  ( -0.000000000000000000, -1.000000000000000000, -0.000000000000000000 ) ) ;
#640 = CARTESIAN_POINT ( 'NONE',  ( 0.000000000000000000, 0.000000000000000000, 0.000000000000000000 ) ) ;
#641 = ORIENTED_EDGE ( 'NONE', *, *, #697, .F. ) ;
#642 = CARTESIAN_POINT ( 'NONE',  ( 0.000000000000000000, 0.1000000000000000056, 0.000000000000000000 ) ) ;
#643 = FACE_OUTER_BOUND ( 'NONE', #940, .T. ) ;
#644 = EDGE_CURVE ( 'NONE', #918, #570, #57, .T. ) ;
#645 = LINE ( 'NONE', #527, #1490 ) ;
#646 = CARTESIAN_POINT ( 'NONE',  ( -1.278000000000000469, 0.4000000000000000222, 1.278000000000000247 ) ) ;
#647 = CARTESIAN_POINT ( 'NONE',  ( 1.277999999999999803, 0.6250000000000000000, -1.277999999999999581 ) ) ;
#648 = VERTEX_POINT ( 'NONE', #779 ) ;
#649 = AXIS2_PLACEMENT_3D ( 'NONE', #1359, #457, #197 ) ;
#650 = EDGE_CURVE ( 'NONE', #448, #1028, #1193, .T. ) ;
#651 = FACE_OUTER_BOUND ( 'NONE', #729, .T. ) ;
#652 = AXIS2_PLACEMENT_3D ( 'NONE', #1600, #1472, #281 ) ;
#653 = LINE ( 'NONE', #1314, #455 ) ;
#654 = CARTESIAN_POINT ( 'NONE',  ( 1.277999999999999803, 0.4000000000000000222, 1.198500000000000787 ) ) ;
#655 = DIRECTION ( 'NONE',  ( 1.049727191138618449E-16, -0.5150380749100544886, 0.8571673007021122226 ) ) ;
#656 = CARTESIAN_POINT ( 'NONE',  ( -1.157522687270472694, 0.6250000000000000000, -1.502898020616250996 ) ) ;
#657 = ORIENTED_EDGE ( 'NONE', *, *, #771, .F. ) ;
#658 = DIRECTION ( 'NONE',  ( 1.000000000000000000, -0.000000000000000000, 1.224646799147353207E-16 ) ) ;
#659 = VECTOR ( 'NONE', #1344, 39.37007874015748143 ) ;
#660 = FACE_OUTER_BOUND ( 'NONE', #1254, .T. ) ;
#661 = CIRCLE ( 'NONE', #772, 0.07949999999999993183 ) ;
#662 = CYLINDRICAL_SURFACE ( 'NONE', #803, 1.762500000000000178 ) ;
#663 = DIRECTION ( 'NONE',  ( -0.000000000000000000, -1.000000000000000000, -0.000000000000000000 ) ) ;
#664 = AXIS2_PLACEMENT_3D ( 'NONE', #1058, #1423, #116 ) ;
#665 = CARTESIAN_POINT ( 'NONE',  ( -0.9103434708593143299, 0.000000000000000000, 1.509198799053264928 ) ) ;
#666 = VERTEX_POINT ( 'NONE', #804 ) ;
#667 = CARTESIAN_POINT ( 'NONE',  ( 1.277999999999999803, 0.4000000000000000222, 1.278000000000000691 ) ) ;
#668 = ORIENTED_EDGE ( 'NONE', *, *, #254, .F. ) ;
#669 = DIRECTION ( 'NONE',  ( -0.000000000000000000, -1.000000000000000000, -0.000000000000000000 ) ) ;
#670 = FACE_BOUND ( 'NONE', #332, .T. ) ;
#671 = VERTEX_POINT ( 'NONE', #261 ) ;
#672 = EDGE_CURVE ( 'NONE', #756, #918, #1580, .T. ) ;
#673 = DIRECTION ( 'NONE',  ( -0.000000000000000000, -1.000000000000000000, -0.000000000000000000 ) ) ;
#674 = CARTESIAN_POINT ( 'NONE',  ( 1.277999999999999803, 0.4477684192126910601, -1.277999999999999581 ) ) ;
#675 = EDGE_LOOP ( 'NONE', ( #858, #1268, #126, #588 ) ) ;
#676 = CARTESIAN_POINT ( 'NONE',  ( 1.502898020616251884, 0.000000000000000000, -1.157522687270470918 ) ) ;
#677 = ORIENTED_EDGE ( 'NONE', *, *, #453, .F. ) ;
#678 = AXIS2_PLACEMENT_3D ( 'NONE', #1373, #741, #1133 ) ;
#679 = EDGE_CURVE ( 'NONE', #666, #648, #936, .T. ) ;
#680 = ORIENTED_EDGE ( 'NONE', *, *, #644, .F. ) ;
#681 = CARTESIAN_POINT ( 'NONE',  ( 1.039470204314534296, 0.6250000000000000000, -1.473269550692026808 ) ) ;
#682 = AXIS2_PLACEMENT_3D ( 'NONE', #141, #1686, #1560 ) ;
#683 = DIRECTION ( 'NONE',  ( 0.000000000000000000, 0.000000000000000000, -1.000000000000000000 ) ) ;
#684 = EDGE_CURVE ( 'NONE', #218, #963, #361, .T. ) ;
#685 = CARTESIAN_POINT ( 'NONE',  ( -1.509198799053265150, 0.6250000000000000000, 0.9103434708593138858 ) ) ;
#686 = ORIENTED_EDGE ( 'NONE', *, *, #1150, .T. ) ;
#687 = DIRECTION ( 'NONE',  ( 1.000000000000000000, 0.000000000000000000, 0.000000000000000000 ) ) ;
#688 = VECTOR ( 'NONE', #1084, 39.37007874015748143 ) ;
#689 = ORIENTED_EDGE ( 'NONE', *, *, #600, .T. ) ;
#690 = CARTESIAN_POINT ( 'NONE',  ( -0.6243269559110213862, 0.6250000000000000000, 1.913209894946939382 ) ) ;
#691 = FACE_OUTER_BOUND ( 'NONE', #809, .T. ) ;
#692 = CIRCLE ( 'NONE', #914, 0.2500000000000000555 ) ;
#693 = CYLINDRICAL_SURFACE ( 'NONE', #214, 0.2500000000000000555 ) ;
#694 = ORIENTED_EDGE ( 'NONE', *, *, #1214, .F. ) ;
#695 = EDGE_CURVE ( 'NONE', #489, #1023, #582, .T. ) ;
#696 = ORIENTED_EDGE ( 'NONE', *, *, #1689, .T. ) ;
#697 = EDGE_CURVE ( 'NONE', #483, #426, #275, .T. ) ;
#698 = CARTESIAN_POINT ( 'NONE',  ( -1.278000000000000469, 0.6250000000000000000, -1.533135067287184405 ) ) ;
#699 = FACE_OUTER_BOUND ( 'NONE', #859, .T. ) ;
#700 = DIRECTION ( 'NONE',  ( -0.000000000000000000, -1.000000000000000000, -0.000000000000000000 ) ) ;
#701 = ORIENTED_EDGE ( 'NONE', *, *, #1553, .F. ) ;
#702 = ORIENTED_EDGE ( 'NONE', *, *, #1588, .T. ) ;
#703 = VECTOR ( 'NONE', #962, 39.37007874015748143 ) ;
#704 = FACE_OUTER_BOUND ( 'NONE', #1655, .T. ) ;
#705 = DIRECTION ( 'NONE',  ( -0.000000000000000000, -1.000000000000000000, -0.000000000000000000 ) ) ;
#706 = EDGE_CURVE ( 'NONE', #853, #262, #134, .T. ) ;
#707 = EDGE_CURVE ( 'NONE', #1324, #853, #1518, .T. ) ;
#708 = DIRECTION ( 'NONE',  ( 0.000000000000000000, 1.000000000000000000, 0.000000000000000000 ) ) ;
#709 = EDGE_LOOP ( 'NONE', ( #432, #1420, #720, #370 ) ) ;
#710 = ORIENTED_EDGE ( 'NONE', *, *, #35, .F. ) ;
#711 = DIRECTION ( 'NONE',  ( 0.000000000000000000, 0.000000000000000000, -1.000000000000000000 ) ) ;
#712 = VECTOR ( 'NONE', #1540, 39.37007874015748143 ) ;
#713 = ORIENTED_EDGE ( 'NONE', *, *, #825, .F. ) ;
#714 = CONICAL_SURFACE ( 'NONE', #1681, 0.07949999999999979305, 1.029744258676653423 ) ;
#715 = DIRECTION ( 'NONE',  ( -0.000000000000000000, -1.000000000000000000, -0.000000000000000000 ) ) ;
#716 = CONICAL_SURFACE ( 'NONE', #188, 0.07949999999999993183, 1.029744258676654090 ) ;
#717 = CARTESIAN_POINT ( 'NONE',  ( -1.278000000000000469, -5.149639790414609450E-17, 1.278000000000000247 ) ) ;
#718 = CARTESIAN_POINT ( 'NONE',  ( -1.278000000000000469, 0.000000000000000000, -1.278000000000000247 ) ) ;
#719 = VERTEX_POINT ( 'NONE', #1426 ) ;
#720 = ORIENTED_EDGE ( 'NONE', *, *, #1038, .F. ) ;
#721 = DIRECTION ( 'NONE',  ( -0.000000000000000000, -1.000000000000000000, -0.000000000000000000 ) ) ;
#722 = CARTESIAN_POINT ( 'NONE',  ( 0.000000000000000000, 0.1000000000000000056, 0.000000000000000000 ) ) ;
#723 = EDGE_LOOP ( 'NONE', ( #1134, #616, #193, #759 ) ) ;
#724 = DIRECTION ( 'NONE',  ( -0.000000000000000000, -1.000000000000000000, -0.000000000000000000 ) ) ;
#725 = EDGE_CURVE ( 'NONE', #1081, #1297, #473, .T. ) ;
#726 = EDGE_CURVE ( 'NONE', #648, #1131, #744, .T. ) ;
#727 = VERTEX_POINT ( 'NONE', #665 ) ;
#728 = CYLINDRICAL_SURFACE ( 'NONE', #1229, 0.2551350672871841030 ) ;
#729 = EDGE_LOOP ( 'NONE', ( #627, #1563, #1074, #395 ) ) ;
#730 = CARTESIAN_POINT ( 'NONE',  ( 1.277999999999999803, 0.4000000000000000222, 1.198500000000000787 ) ) ;
#731 = CARTESIAN_POINT ( 'NONE',  ( -1.278000000000000469, 0.4000000000000000222, 1.198500000000000121 ) ) ;
#732 = ORIENTED_EDGE ( 'NONE', *, *, #1320, .F. ) ;
#733 = DIRECTION ( 'NONE',  ( 0.000000000000000000, 0.000000000000000000, -1.000000000000000000 ) ) ;
#734 = AXIS2_PLACEMENT_3D ( 'NONE', #1584, #1056, #1576 ) ;
#735 = DIRECTION ( 'NONE',  ( 0.000000000000000000, 0.000000000000000000, -1.000000000000000000 ) ) ;
#736 = FACE_OUTER_BOUND ( 'NONE', #1652, .T. ) ;
#737 = EDGE_LOOP ( 'NONE', ( #1607, #478, #1144, #1549 ) ) ;
#738 = ORIENTED_EDGE ( 'NONE', *, *, #20, .T. ) ;
#739 = DIRECTION ( 'NONE',  ( 0.000000000000000000, -0.5150380749100544886, -0.8571673007021122226 ) ) ;
#740 = VECTOR ( 'NONE', #1172, 39.37007874015748143 ) ;
#741 = DIRECTION ( 'NONE',  ( 0.000000000000000000, -1.000000000000000000, 0.000000000000000000 ) ) ;
#742 = ORIENTED_EDGE ( 'NONE', *, *, #695, .T. ) ;
#743 = DIRECTION ( 'NONE',  ( 0.000000000000000000, 0.000000000000000000, -1.000000000000000000 ) ) ;
#744 = CIRCLE ( 'NONE', #633, 0.2500000000000000555 ) ;
#745 = ORIENTED_EDGE ( 'NONE', *, *, #1356, .F. ) ;
#746 = DIRECTION ( 'NONE',  ( 0.000000000000000000, 0.000000000000000000, -1.000000000000000000 ) ) ;
#747 = CIRCLE ( 'NONE', #1189, 0.2500000000000000555 ) ;
#748 = ORIENTED_EDGE ( 'NONE', *, *, #533, .F. ) ;
#749 = CARTESIAN_POINT ( 'NONE',  ( 1.157522687270471806, 0.6250000000000000000, 1.502898020616251440 ) ) ;
#750 = ORIENTED_EDGE ( 'NONE', *, *, #1484, .T. ) ;
#751 = CARTESIAN_POINT ( 'NONE',  ( -1.723269550692026364, 0.6250000000000000000, -1.039470204314536073 ) ) ;
#752 = EDGE_CURVE ( 'NONE', #1121, #305, #394, .T. ) ;
#753 = VERTEX_POINT ( 'NONE', #10 ) ;
#754 = DIMENSIONAL_EXPONENTS ( 1.000000000000000000, 0.000000000000000000, 0.000000000000000000, 0.000000000000000000, 0.000000000000000000, 0.000000000000000000, 0.000000000000000000 ) ;
#755 = CIRCLE ( 'NONE', #1417, 1.762500000000000178 ) ;
#756 = VERTEX_POINT ( 'NONE', #674 ) ;
#757 = CARTESIAN_POINT ( 'NONE',  ( 0.2949999999999997624, 0.000000000000000000, 1.972144375480755274 ) ) ;
#758 = DIRECTION ( 'NONE',  ( -0.000000000000000000, 0.000000000000000000, 1.000000000000000000 ) ) ;
#759 = ORIENTED_EDGE ( 'NONE', *, *, #1419, .T. ) ;
#760 = CARTESIAN_POINT ( 'NONE',  ( -0.5467708123195902381, 0.6250000000000000000, 1.675544069487692189 ) ) ;
#761 = DIRECTION ( 'NONE',  ( 0.000000000000000000, 1.000000000000000000, 0.000000000000000000 ) ) ;
#762 = EDGE_CURVE ( 'NONE', #166, #1500, #538, .T. ) ;
#763 = ORIENTED_EDGE ( 'NONE', *, *, #752, .T. ) ;
#764 = DIRECTION ( 'NONE',  ( 0.000000000000000000, 1.000000000000000000, 0.000000000000000000 ) ) ;
#765 = CIRCLE ( 'NONE', #984, 0.2500000000000000555 ) ;
#766 = CARTESIAN_POINT ( 'NONE',  ( 0.000000000000000000, 0.6250000000000000000, 0.000000000000000000 ) ) ;
#767 = FACE_OUTER_BOUND ( 'NONE', #1453, .T. ) ;
#768 = FACE_OUTER_BOUND ( 'NONE', #474, .T. ) ;
#769 = ORIENTED_EDGE ( 'NONE', *, *, #42, .T. ) ;
#770 = LINE ( 'NONE', #1298, #740 ) ;
#771 = EDGE_CURVE ( 'NONE', #815, #1324, #381, .T. ) ;
#772 = AXIS2_PLACEMENT_3D ( 'NONE', #811, #173, #1366 ) ;
#773 = DIRECTION ( 'NONE',  ( -0.000000000000000000, -1.000000000000000000, -0.000000000000000000 ) ) ;
#774 = AXIS2_PLACEMENT_3D ( 'NONE', #415, #1067, #1329 ) ;
#775 = CARTESIAN_POINT ( 'NONE',  ( -1.278000000000000469, -5.149639790414609450E-17, 1.357499999999999707 ) ) ;
#776 = ADVANCED_FACE ( 'NONE', ( #768 ), #1597, .F. ) ;
#777 = CARTESIAN_POINT ( 'NONE',  ( 1.039470204314535184, 0.000000000000000000, 1.723269550692026808 ) ) ;
#778 = ADVANCED_FACE ( 'NONE', ( #1302 ), #118, .T. ) ;
#779 = CARTESIAN_POINT ( 'NONE',  ( -1.157522687270472694, 0.000000000000000000, -1.502898020616250774 ) ) ;
#780 = ORIENTED_EDGE ( 'NONE', *, *, #365, .F. ) ;
#781 = DIRECTION ( 'NONE',  ( 9.817578727230949824E-15, 0.000000000000000000, 1.000000000000000000 ) ) ;
#782 = DIRECTION ( 'NONE',  ( 0.000000000000000000, -1.000000000000000000, 0.000000000000000000 ) ) ;
#783 = CARTESIAN_POINT ( 'NONE',  ( 0.000000000000000000, 0.6250000000000000000, 0.000000000000000000 ) ) ;
#784 = CARTESIAN_POINT ( 'NONE',  ( -1.509198799053265150, 0.6250000000000000000, -0.9103434708593142188 ) ) ;
#785 = CARTESIAN_POINT ( 'NONE',  ( 1.277999999999999803, -5.149639790414609450E-17, 1.278000000000000691 ) ) ;
#786 = ORIENTED_EDGE ( 'NONE', *, *, #501, .T. ) ;
#787 = AXIS2_PLACEMENT_3D ( 'NONE', #366, #1439, #1704 ) ;
#788 = CARTESIAN_POINT ( 'NONE',  ( -1.039470204314536073, 0.000000000000000000, -1.473269550692026142 ) ) ;
#789 = AXIS2_PLACEMENT_3D ( 'NONE', #596, #1253, #1529 ) ;
#790 = LINE ( 'NONE', #1032, #1548 ) ;
#791 = LINE ( 'NONE', #132, #1340 ) ;
#792 = CIRCLE ( 'NONE', #48, 0.2551350672871856018 ) ;
#793 = CARTESIAN_POINT ( 'NONE',  ( 0.000000000000000000, 0.000000000000000000, 0.000000000000000000 ) ) ;
#794 = ORIENTED_EDGE ( 'NONE', *, *, #697, .T. ) ;
#795 = LINE ( 'NONE', #1078, #703 ) ;
#796 = AXIS2_PLACEMENT_3D ( 'NONE', #647, #1178, #520 ) ;
#797 = ORIENTED_EDGE ( 'NONE', *, *, #280, .T. ) ;
#798 = EDGE_CURVE ( 'NONE', #1348, #727, #386, .T. ) ;
#799 = CARTESIAN_POINT ( 'NONE',  ( -1.039470204314536073, 0.6250000000000000000, -1.473269550692026142 ) ) ;
#800 = FACE_OUTER_BOUND ( 'NONE', #1162, .T. ) ;
#801 = CARTESIAN_POINT ( 'NONE',  ( -1.278000000000000469, 0.4000000000000000222, 1.357499999999999929 ) ) ;
#802 = EDGE_CURVE ( 'NONE', #853, #16, #1345, .T. ) ;
#803 = AXIS2_PLACEMENT_3D ( 'NONE', #766, #1183, #915 ) ;
#804 = CARTESIAN_POINT ( 'NONE',  ( -1.157522687270472694, 0.6250000000000000000, -1.502898020616250774 ) ) ;
#805 = EDGE_LOOP ( 'NONE', ( #680, #291, #84, #1494 ) ) ;
#806 = CARTESIAN_POINT ( 'NONE',  ( -1.278000000000000469, 0.4000000000000000222, -1.198500000000000121 ) ) ;
#807 = EDGE_CURVE ( 'NONE', #46, #406, #1651, .T. ) ;
#808 = VERTEX_POINT ( 'NONE', #1621 ) ;
#809 = EDGE_LOOP ( 'NONE', ( #135, #62, #1079, #1216 ) ) ;
#810 = EDGE_CURVE ( 'NONE', #632, #1081, #1368, .T. ) ;
#811 = CARTESIAN_POINT ( 'NONE',  ( -1.278000000000000469, 0.4000000000000000222, 1.278000000000000247 ) ) ;
#812 = DIRECTION ( 'NONE',  ( 0.000000000000000000, -1.000000000000000000, 0.000000000000000000 ) ) ;
#813 = DIRECTION ( 'NONE',  ( 0.000000000000000000, 0.000000000000000000, -1.000000000000000000 ) ) ;
#814 = EDGE_CURVE ( 'NONE', #1028, #1023, #1099, .T. ) ;
#815 = VERTEX_POINT ( 'NONE', #1631 ) ;
#816 = VECTOR ( 'NONE', #621, 39.37007874015748143 ) ;
#817 = EDGE_LOOP ( 'NONE', ( #1665, #982, #77, #47 ) ) ;
#818 = CARTESIAN_POINT ( 'NONE',  ( -1.157522687270472694, 0.6250000000000000000, 1.502898020616250774 ) ) ;
#819 = AXIS2_PLACEMENT_3D ( 'NONE', #901, #1571, #1424 ) ;
#820 = AXIS2_PLACEMENT_3D ( 'NONE', #1304, #1281, #522 ) ;
#821 = CARTESIAN_POINT ( 'NONE',  ( -1.278000000000000469, 0.000000000000000000, -1.198500000000000343 ) ) ;
#822 = DIRECTION ( 'NONE',  ( 4.370956789862820361E-15, 0.000000000000000000, 1.000000000000000000 ) ) ;
#823 = ORIENTED_EDGE ( 'NONE', *, *, #501, .F. ) ;
#824 = AXIS2_PLACEMENT_3D ( 'NONE', #41, #1337, #446 ) ;
#825 = EDGE_CURVE ( 'NONE', #1365, #1658, #1224, .T. ) ;
#826 = CIRCLE ( 'NONE', #1053, 1.762500000000000178 ) ;
#827 = ORIENTED_EDGE ( 'NONE', *, *, #1307, .T. ) ;
#828 = DIRECTION ( 'NONE',  ( 0.000000000000000000, 1.000000000000000000, 0.000000000000000000 ) ) ;
#829 = DIRECTION ( 'NONE',  ( -0.000000000000000000, -1.000000000000000000, -0.000000000000000000 ) ) ;
#830 = AXIS2_PLACEMENT_3D ( 'NONE', #123, #516, #900 ) ;
#831 = DIRECTION ( 'NONE',  ( 0.000000000000000000, 0.000000000000000000, -1.000000000000000000 ) ) ;
#832 = ORIENTED_EDGE ( 'NONE', *, *, #1413, .T. ) ;
#833 = ORIENTED_EDGE ( 'NONE', *, *, #798, .T. ) ;
#834 = AXIS2_PLACEMENT_3D ( 'NONE', #376, #404, #237 ) ;
#835 = EDGE_CURVE ( 'NONE', #406, #1687, #184, .T. ) ;
#836 = DIRECTION ( 'NONE',  ( 0.000000000000000000, -1.000000000000000000, 0.000000000000000000 ) ) ;
#837 = DIRECTION ( 'NONE',  ( 0.000000000000000000, 0.000000000000000000, 1.000000000000000000 ) ) ;
#838 = CARTESIAN_POINT ( 'NONE',  ( 1.277999999999999803, -5.149639790414609450E-17, -1.277999999999999581 ) ) ;
#839 = VERTEX_POINT ( 'NONE', #1498 ) ;
#840 = PRODUCT_CONTEXT ( 'NONE', #1033, 'mechanical' ) ;
#841 = CIRCLE ( 'NONE', #649, 0.2551350672871841030 ) ;
#842 = ORIENTED_EDGE ( 'NONE', *, *, #1419, .F. ) ;
#843 = CIRCLE ( 'NONE', #207, 0.07949999999999979305 ) ;
#844 = PLANE ( 'NONE',  #1374 ) ;
#845 = DIRECTION ( 'NONE',  ( -0.000000000000000000, -1.000000000000000000, -0.000000000000000000 ) ) ;
#846 = DIRECTION ( 'NONE',  ( -0.000000000000000000, -1.000000000000000000, -0.000000000000000000 ) ) ;
#847 = ORIENTED_EDGE ( 'NONE', *, *, #1113, .T. ) ;
#848 = ORIENTED_EDGE ( 'NONE', *, *, #1294, .F. ) ;
#849 = CARTESIAN_POINT ( 'NONE',  ( 0.000000000000000000, 0.1000000000000000056, -1.625000000000000000 ) ) ;
#850 = AXIS2_PLACEMENT_3D ( 'NONE', #1421, #232, #1166 ) ;
#851 = ADVANCED_FACE ( 'NONE', ( #699 ), #1233, .T. ) ;
#852 = DIRECTION ( 'NONE',  ( 0.000000000000000000, -1.000000000000000000, 0.000000000000000000 ) ) ;
#853 = VERTEX_POINT ( 'NONE', #163 ) ;
#854 = FACE_OUTER_BOUND ( 'NONE', #54, .T. ) ;
#855 = AXIS2_PLACEMENT_3D ( 'NONE', #1691, #916, #1 ) ;
#856 = CYLINDRICAL_SURFACE ( 'NONE', #1201, 0.07949999999999965428 ) ;
#857 = LINE ( 'NONE', #216, #1363 ) ;
#858 = ORIENTED_EDGE ( 'NONE', *, *, #599, .F. ) ;
#859 = EDGE_LOOP ( 'NONE', ( #80, #1599, #1354, #226 ) ) ;
#860 = DIRECTION ( 'NONE',  ( 0.000000000000000000, 1.000000000000000000, 0.000000000000000000 ) ) ;
#861 = CARTESIAN_POINT ( 'NONE',  ( 1.157522687270470918, 0.6250000000000000000, -1.502898020616251440 ) ) ;
#862 = ORIENTED_EDGE ( 'NONE', *, *, #342, .T. ) ;
#863 = CARTESIAN_POINT ( 'NONE',  ( -1.039470204314536073, 0.6250000000000000000, -1.723269550692026364 ) ) ;
#864 = ORIENTED_EDGE ( 'NONE', *, *, #419, .T. ) ;
#865 = DIRECTION ( 'NONE',  ( 1.639108796198557537E-15, 0.000000000000000000, 1.000000000000000000 ) ) ;
#866 = ORIENTED_EDGE ( 'NONE', *, *, #958, .T. ) ;
#867 = ORIENTED_EDGE ( 'NONE', *, *, #725, .T. ) ;
#868 = CARTESIAN_POINT ( 'NONE',  ( 0.9103434708593133307, 0.6250000000000000000, 1.509198799053265816 ) ) ;
#869 = CARTESIAN_POINT ( 'NONE',  ( -0.2950000000000000400, 0.000000000000000000, 1.892144375480755203 ) ) ;
#870 = ORIENTED_EDGE ( 'NONE', *, *, #1007, .T. ) ;
#871 = CARTESIAN_POINT ( 'NONE',  ( 0.9103434708593127755, 0.6250000000000000000, -1.509198799053265816 ) ) ;
#872 = AXIS2_PLACEMENT_3D ( 'NONE', #338, #491, #1021 ) ;
#873 = CIRCLE ( 'NONE', #1451, 0.2551350672871842695 ) ;
#874 = CARTESIAN_POINT ( 'NONE',  ( 1.509198799053264706, 0.000000000000000000, 0.9103434708593147739 ) ) ;
#875 = FACE_OUTER_BOUND ( 'NONE', #675, .T. ) ;
#876 = ORIENTED_EDGE ( 'NONE', *, *, #1291, .F. ) ;
#877 = ADVANCED_FACE ( 'NONE', ( #310 ), #463, .F. ) ;
#878 = VERTEX_POINT ( 'NONE', #50 ) ;
#879 = CARTESIAN_POINT ( 'NONE',  ( -1.278000000000000469, 0.000000000000000000, 1.357499999999999929 ) ) ;
#880 = EDGE_CURVE ( 'NONE', #943, #1265, #1318, .T. ) ;
#881 = CARTESIAN_POINT ( 'NONE',  ( 1.836970198721030181E-16, 0.1000000000000000056, 1.500000000000000222 ) ) ;
#882 = ORIENTED_EDGE ( 'NONE', *, *, #1022, .F. ) ;
#883 = DIRECTION ( 'NONE',  ( 0.000000000000000000, 0.000000000000000000, -1.000000000000000000 ) ) ;
#884 = CIRCLE ( 'NONE', #129, 1.382499999999999840 ) ;
#885 = DIRECTION ( 'NONE',  ( 0.000000000000000000, -1.000000000000000000, 0.000000000000000000 ) ) ;
#886 = LINE ( 'NONE', #1409, #1309 ) ;
#887 = AXIS2_PLACEMENT_3D ( 'NONE', #278, #1620, #49 ) ;
#888 = ORIENTED_EDGE ( 'NONE', *, *, #284, .F. ) ;
#889 = CARTESIAN_POINT ( 'NONE',  ( 1.277999999999999803, 0.4000000000000000222, 1.278000000000000691 ) ) ;
#890 = AXIS2_PLACEMENT_3D ( 'NONE', #507, #1039, #687 ) ;
#891 = CIRCLE ( 'NONE', #1575, 0.2500000000000000555 ) ;
#892 = DIMENSIONAL_EXPONENTS ( 1.000000000000000000, 0.000000000000000000, 0.000000000000000000, 0.000000000000000000, 0.000000000000000000, 0.000000000000000000, 0.000000000000000000 ) ;
#893 = ORIENTED_EDGE ( 'NONE', *, *, #42, .F. ) ;
#894 = DIRECTION ( 'NONE',  ( -0.000000000000000000, -1.000000000000000000, -0.000000000000000000 ) ) ;
#895 = EDGE_CURVE ( 'NONE', #570, #1228, #585, .T. ) ;
#896 = CARTESIAN_POINT ( 'NONE',  ( 1.277999999999999803, 0.4000000000000000222, -1.357499999999999485 ) ) ;
#897 = ORIENTED_EDGE ( 'NONE', *, *, #1385, .F. ) ;
#898 = CYLINDRICAL_SURFACE ( 'NONE', #850, 0.2500000000000000555 ) ;
#899 = CYLINDRICAL_SURFACE ( 'NONE', #256, 1.500000000000000222 ) ;
#900 = DIRECTION ( 'NONE',  ( 0.000000000000000000, 0.000000000000000000, 1.000000000000000000 ) ) ;
#901 = CARTESIAN_POINT ( 'NONE',  ( 0.000000000000000000, 0.000000000000000000, 0.000000000000000000 ) ) ;
#902 = VECTOR ( 'NONE', #773, 39.37007874015748143 ) ;
#903 = EDGE_LOOP ( 'NONE', ( #605, #1252, #179, #1179 ) ) ;
#904 = DIRECTION ( 'NONE',  ( 1.224646799147352961E-16, 0.000000000000000000, -1.000000000000000000 ) ) ;
#905 = CONICAL_SURFACE ( 'NONE', #154, 0.07949999999999993183, 1.029744258676654090 ) ;
#906 = LINE ( 'NONE', #799, #514 ) ;
#907 = LINE ( 'NONE', #249, #529 ) ;
#908 = EDGE_CURVE ( 'NONE', #1206, #619, #607, .T. ) ;
#909 = ADVANCED_FACE ( 'NONE', ( #691 ), #424, .T. ) ;
#910 = DIRECTION ( 'NONE',  ( -0.000000000000000000, 1.000000000000000000, -0.000000000000000000 ) ) ;
#911 = DIRECTION ( 'NONE',  ( 0.000000000000000000, -1.000000000000000000, 0.000000000000000000 ) ) ;
#912 = VERTEX_POINT ( 'NONE', #1471 ) ;
#913 = CARTESIAN_POINT ( 'NONE',  ( -1.502898020616250996, 0.6250000000000000000, -1.157522687270472250 ) ) ;
#914 = AXIS2_PLACEMENT_3D ( 'NONE', #535, #229, #1690 ) ;
#915 = DIRECTION ( 'NONE',  ( 0.000000000000000000, 0.000000000000000000, -1.000000000000000000 ) ) ;
#916 = DIRECTION ( 'NONE',  ( -0.000000000000000000, -1.000000000000000000, -0.000000000000000000 ) ) ;
#917 = CARTESIAN_POINT ( 'NONE',  ( -0.9103434708593143299, 0.6250000000000000000, 1.509198799053264928 ) ) ;
#918 = VERTEX_POINT ( 'NONE', #1352 ) ;
#919 = CARTESIAN_POINT ( 'NONE',  ( -1.278000000000000469, 0.4477684192126910601, -1.278000000000000247 ) ) ;
#920 = CIRCLE ( 'NONE', #1278, 0.2500000000000000555 ) ;
#921 = DIRECTION ( 'NONE',  ( 0.000000000000000000, 1.000000000000000000, 0.000000000000000000 ) ) ;
#922 = CARTESIAN_POINT ( 'NONE',  ( 1.502898020616251884, 0.6250000000000000000, -1.157522687270470918 ) ) ;
#923 = DIRECTION ( 'NONE',  ( 0.000000000000000000, 0.000000000000000000, 1.000000000000000000 ) ) ;
#924 = DIRECTION ( 'NONE',  ( -0.000000000000000000, 1.000000000000000000, -0.000000000000000000 ) ) ;
#925 = EDGE_LOOP ( 'NONE', ( #592, #1670, #1054 ) ) ;
#926 = AXIS2_PLACEMENT_3D ( 'NONE', #1378, #324, #477 ) ;
#927 = CARTESIAN_POINT ( 'NONE',  ( -0.2950000000000000400, 0.6250000000000000000, 1.892144375480755203 ) ) ;
#928 = AXIS2_PLACEMENT_3D ( 'NONE', #1085, #27, #831 ) ;
#929 = ORIENTED_EDGE ( 'NONE', *, *, #271, .F. ) ;
#930 = CARTESIAN_POINT ( 'NONE',  ( 1.502898020616250774, 0.6250000000000000000, 1.157522687270472694 ) ) ;
#931 = UNCERTAINTY_MEASURE_WITH_UNIT (LENGTH_MEASURE( 1.000000000000000082E-05 ), #1123, 'distance_accuracy_value', 'NONE');
#932 = EDGE_CURVE ( 'NONE', #1362, #541, #1431, .T. ) ;
#933 = CARTESIAN_POINT ( 'NONE',  ( 1.277999999999999803, 0.4000000000000000222, -1.357499999999999485 ) ) ;
#934 = CARTESIAN_POINT ( 'NONE',  ( -1.723269550692026364, 0.6250000000000000000, -1.039470204314536073 ) ) ;
#935 = AXIS2_PLACEMENT_3D ( 'NONE', #120, #1550, #1290 ) ;
#936 = LINE ( 'NONE', #656, #1109 ) ;
#937 = ORIENTED_EDGE ( 'NONE', *, *, #1020, .F. ) ;
#938 = CARTESIAN_POINT ( 'NONE',  ( -1.039470204314536073, 0.6250000000000000000, -1.473269550692026142 ) ) ;
#939 = VECTOR ( 'NONE', #845, 39.37007874015748143 ) ;
#940 = EDGE_LOOP ( 'NONE', ( #451, #1333, #63, #597 ) ) ;
#941 = VECTOR ( 'NONE', #828, 39.37007874015748143 ) ;
#942 = APPLICATION_CONTEXT ( 'automotive_design' ) ;
#943 = VERTEX_POINT ( 'NONE', #1612 ) ;
#944 = CARTESIAN_POINT ( 'NONE',  ( 0.000000000000000000, 0.000000000000000000, 0.000000000000000000 ) ) ;
#945 = EDGE_CURVE ( 'NONE', #465, #601, #1212, .T. ) ;
#946 = DIRECTION ( 'NONE',  ( -0.000000000000000000, -1.000000000000000000, -0.000000000000000000 ) ) ;
#947 = CARTESIAN_POINT ( 'NONE',  ( 1.990051048614449116E-16, 0.1000000000000000056, 1.625000000000000000 ) ) ;
#948 = ORIENTED_EDGE ( 'NONE', *, *, #365, .T. ) ;
#949 = ORIENTED_EDGE ( 'NONE', *, *, #341, .T. ) ;
#950 = FACE_OUTER_BOUND ( 'NONE', #1383, .T. ) ;
#951 = CARTESIAN_POINT ( 'NONE',  ( 0.000000000000000000, 0.6250000000000000000, -1.382499999999999840 ) ) ;
#952 = EDGE_CURVE ( 'NONE', #218, #878, #1605, .T. ) ;
#953 = LINE ( 'NONE', #12, #1182 ) ;
#954 = CIRCLE ( 'NONE', #542, 0.2551350672871842695 ) ;
#955 = ORIENTED_EDGE ( 'NONE', *, *, #568, .F. ) ;
#956 = AXIS2_PLACEMENT_3D ( 'NONE', #667, #1215, #813 ) ;
#957 = ADVANCED_FACE ( 'NONE', ( #1219 ), #523, .F. ) ;
#958 = EDGE_CURVE ( 'NONE', #1365, #300, #1161, .T. ) ;
#959 = FACE_OUTER_BOUND ( 'NONE', #444, .T. ) ;
#960 = VECTOR ( 'NONE', #297, 39.37007874015748143 ) ;
#961 = DIRECTION ( 'NONE',  ( -0.000000000000000000, -1.000000000000000000, -0.000000000000000000 ) ) ;
#962 = DIRECTION ( 'NONE',  ( -0.000000000000000000, -1.000000000000000000, -0.000000000000000000 ) ) ;
#963 = VERTEX_POINT ( 'NONE', #209 ) ;
#964 = DIRECTION ( 'NONE',  ( -1.092739197465705090E-15, 0.000000000000000000, 1.000000000000000000 ) ) ;
#965 = CARTESIAN_POINT ( 'NONE',  ( 1.277999999999999803, 0.6250000000000000000, 1.278000000000000691 ) ) ;
#966 = AXIS2_PLACEMENT_3D ( 'NONE', #793, #19, #1052 ) ;
#967 = DIRECTION ( 'NONE',  ( 0.000000000000000000, 0.000000000000000000, 1.000000000000000000 ) ) ;
#968 = ORIENTED_EDGE ( 'NONE', *, *, #679, .T. ) ;
#969 = EDGE_LOOP ( 'NONE', ( #1478, #143 ) ) ;
#970 = APPLICATION_PROTOCOL_DEFINITION ( 'draft international standard', 'automotive_design', 1998, #942 ) ;
#971 = ORIENTED_EDGE ( 'NONE', *, *, #726, .F. ) ;
#972 = VECTOR ( 'NONE', #1388, 39.37007874015748143 ) ;
#973 = CARTESIAN_POINT ( 'NONE',  ( 1.509198799053265816, 0.6250000000000000000, -0.9103434708593127755 ) ) ;
#974 = CARTESIAN_POINT ( 'NONE',  ( 1.277999999999999803, 0.000000000000000000, -1.357499999999999485 ) ) ;
#975 = DIRECTION ( 'NONE',  ( 0.000000000000000000, -1.000000000000000000, 0.000000000000000000 ) ) ;
#976 = ORIENTED_EDGE ( 'NONE', *, *, #1386, .T. ) ;
#977 = EDGE_CURVE ( 'NONE', #1473, #878, #884, .T. ) ;
#978 = ORIENTED_EDGE ( 'NONE', *, *, #807, .F. ) ;
#979 = DIRECTION ( 'NONE',  ( -0.000000000000000000, -1.000000000000000000, -0.000000000000000000 ) ) ;
#980 =( NAMED_UNIT ( * ) SI_UNIT ( $, .STERADIAN. ) SOLID_ANGLE_UNIT ( ) );
#981 = AXIS2_PLACEMENT_3D ( 'NONE', #1672, #1000, #1525 ) ;
#982 = ORIENTED_EDGE ( 'NONE', *, *, #1037, .T. ) ;
#983 = CARTESIAN_POINT ( 'NONE',  ( -0.6243269559110213862, 0.000000000000000000, 1.913209894946939382 ) ) ;
#984 = AXIS2_PLACEMENT_3D ( 'NONE', #270, #1034, #1433 ) ;
#985 = EDGE_CURVE ( 'NONE', #1616, #178, #1103, .T. ) ;
#986 = ORIENTED_EDGE ( 'NONE', *, *, #880, .T. ) ;
#987 = CARTESIAN_POINT ( 'NONE',  ( 1.693074199821215573E-16, 0.000000000000000000, 1.382499999999999840 ) ) ;
#988 = EDGE_LOOP ( 'NONE', ( #1157, #571, #1411, #11 ) ) ;
#989 = CARTESIAN_POINT ( 'NONE',  ( 1.039470204314534296, 0.000000000000000000, -1.473269550692026808 ) ) ;
#990 = ADVANCED_FACE ( 'NONE', ( #449 ), #714, .F. ) ;
#991 = PRESENTATION_STYLE_ASSIGNMENT (( #192 ) ) ;
#992 = ORIENTED_EDGE ( 'NONE', *, *, #762, .T. ) ;
#993 = DIRECTION ( 'NONE',  ( -0.000000000000000000, -1.000000000000000000, -0.000000000000000000 ) ) ;
#994 = CARTESIAN_POINT ( 'NONE',  ( -0.3750000000000000555, 0.000000000000000000, 1.972144375480755274 ) ) ;
#995 = FACE_OUTER_BOUND ( 'NONE', #817, .T. ) ;
#996 = EDGE_LOOP ( 'NONE', ( #1246, #738, #1489 ) ) ;
#997 = VECTOR ( 'NONE', #1170, 39.37007874015748143 ) ;
#998 = VERTEX_POINT ( 'NONE', #469 ) ;
#999 = CARTESIAN_POINT ( 'NONE',  ( -1.278000000000000469, 0.4000000000000000222, -1.357499999999999929 ) ) ;
#1000 = DIRECTION ( 'NONE',  ( 0.000000000000000000, 1.000000000000000000, 0.000000000000000000 ) ) ;
#1001 = EDGE_LOOP ( 'NONE', ( #1625, #870, #1101 ) ) ;
#1002 = DIRECTION ( 'NONE',  ( 0.000000000000000000, 1.000000000000000000, 0.000000000000000000 ) ) ;
#1003 = EDGE_CURVE ( 'NONE', #1081, #178, #1460, .T. ) ;
#1004 = ORIENTED_EDGE ( 'NONE', *, *, #369, .T. ) ;
#1005 = CARTESIAN_POINT ( 'NONE',  ( 1.039470204314534296, 0.6250000000000000000, -1.723269550692026808 ) ) ;
#1006 = ORIENTED_EDGE ( 'NONE', *, *, #1484, .F. ) ;
#1007 = EDGE_CURVE ( 'NONE', #1124, #300, #219, .T. ) ;
#1008 = EDGE_LOOP ( 'NONE', ( #867, #1096, #1467, #624 ) ) ;
#1009 = CARTESIAN_POINT ( 'NONE',  ( 1.723269550692025476, 0.6250000000000000000, 1.039470204314536517 ) ) ;
#1010 = DIRECTION ( 'NONE',  ( -0.000000000000000000, -1.000000000000000000, -0.000000000000000000 ) ) ;
#1011 = ORIENTED_EDGE ( 'NONE', *, *, #1115, .F. ) ;
#1012 = DIRECTION ( 'NONE',  ( 0.000000000000000000, 0.000000000000000000, -1.000000000000000000 ) ) ;
#1013 =( GEOMETRIC_REPRESENTATION_CONTEXT ( 3 ) GLOBAL_UNCERTAINTY_ASSIGNED_CONTEXT ( ( #1073 ) ) GLOBAL_UNIT_ASSIGNED_CONTEXT ( ( #1173, #1697, #382 ) ) REPRESENTATION_CONTEXT ( 'NONE', 'WORKASPACE' ) );
#1014 = CIRCLE ( 'NONE', #956, 0.07949999999999979305 ) ;
#1015 = CARTESIAN_POINT ( 'NONE',  ( 0.000000000000000000, 0.6250000000000000000, 0.000000000000000000 ) ) ;
#1016 = DIRECTION ( 'NONE',  ( 0.000000000000000000, 1.000000000000000000, 0.000000000000000000 ) ) ;
#1017 = ORIENTED_EDGE ( 'NONE', *, *, #1072, .T. ) ;
#1018 = CARTESIAN_POINT ( 'NONE',  ( 0.000000000000000000, 0.6250000000000000000, 0.000000000000000000 ) ) ;
#1019 = AXIS2_PLACEMENT_3D ( 'NONE', #1018, #490, #1531 ) ;
#1020 = EDGE_CURVE ( 'NONE', #178, #1265, #200, .T. ) ;
#1021 = DIRECTION ( 'NONE',  ( 0.000000000000000000, 0.000000000000000000, 1.000000000000000000 ) ) ;
#1022 = EDGE_CURVE ( 'NONE', #1355, #815, #792, .T. ) ;
#1023 = VERTEX_POINT ( 'NONE', #620 ) ;
#1024 = CARTESIAN_POINT ( 'NONE',  ( 0.000000000000000000, 0.1000000000000000056, 0.000000000000000000 ) ) ;
#1025 = VECTOR ( 'NONE', #279, 39.37007874015748143 ) ;
#1026 = LINE ( 'NONE', #994, #972 ) ;
#1027 = AXIS2_PLACEMENT_3D ( 'NONE', #1491, #301, #360 ) ;
#1028 = VERTEX_POINT ( 'NONE', #730 ) ;
#1029 = CYLINDRICAL_SURFACE ( 'NONE', #104, 0.07999999999999996003 ) ;
#1030 = CARTESIAN_POINT ( 'NONE',  ( -1.278000000000000469, 0.000000000000000000, 1.198500000000000343 ) ) ;
#1031 = AXIS2_PLACEMENT_3D ( 'NONE', #785, #1188, #113 ) ;
#1032 = CARTESIAN_POINT ( 'NONE',  ( 1.693074199821215573E-16, 0.6250000000000000000, 1.382499999999999840 ) ) ;
#1033 = APPLICATION_CONTEXT ( 'automotive_design' ) ;
#1034 = DIRECTION ( 'NONE',  ( -0.000000000000000000, -1.000000000000000000, -0.000000000000000000 ) ) ;
#1035 = VERTEX_POINT ( 'NONE', #64 ) ;
#1036 = DIRECTION ( 'NONE',  ( 0.000000000000000000, 0.000000000000000000, -1.000000000000000000 ) ) ;
#1037 = EDGE_CURVE ( 'NONE', #963, #218, #1232, .T. ) ;
#1038 = EDGE_CURVE ( 'NONE', #305, #1276, #1342, .T. ) ;
#1039 = DIRECTION ( 'NONE',  ( 0.000000000000000000, 0.000000000000000000, 1.000000000000000000 ) ) ;
#1040 = DIRECTION ( 'NONE',  ( 0.000000000000000000, 1.000000000000000000, 0.000000000000000000 ) ) ;
#1041 = CARTESIAN_POINT ( 'NONE',  ( -1.723269550692026364, 0.6250000000000000000, 1.039470204314535628 ) ) ;
#1042 = PRESENTATION_LAYER_ASSIGNMENT (  '', '', ( #1361 ) ) ;
#1043 = DIRECTION ( 'NONE',  ( 0.000000000000000000, 1.000000000000000000, 0.000000000000000000 ) ) ;
#1044 = ORIENTED_EDGE ( 'NONE', *, *, #161, .F. ) ;
#1045 = FACE_OUTER_BOUND ( 'NONE', #422, .T. ) ;
#1046 = AXIS2_PLACEMENT_3D ( 'NONE', #1050, #124, #368 ) ;
#1047 = CYLINDRICAL_SURFACE ( 'NONE', #150, 0.2551350672871842695 ) ;
#1048 = VECTOR ( 'NONE', #1191, 39.37007874015748143 ) ;
#1049 = LINE ( 'NONE', #1065, #1243 ) ;
#1050 = CARTESIAN_POINT ( 'NONE',  ( -1.278000000000000469, 0.4000000000000000222, -1.278000000000000247 ) ) ;
#1051 = AXIS2_PLACEMENT_3D ( 'NONE', #1637, #812, #683 ) ;
#1052 = DIRECTION ( 'NONE',  ( 0.000000000000000000, -0.000000000000000000, 1.000000000000000000 ) ) ;
#1053 = AXIS2_PLACEMENT_3D ( 'NONE', #1497, #545, #1336 ) ;
#1054 = ORIENTED_EDGE ( 'NONE', *, *, #498, .T. ) ;
#1055 = DIRECTION ( 'NONE',  ( -0.000000000000000000, -1.000000000000000000, -0.000000000000000000 ) ) ;
#1056 = DIRECTION ( 'NONE',  ( -0.000000000000000000, -1.000000000000000000, -0.000000000000000000 ) ) ;
#1057 = AXIS2_PLACEMENT_3D ( 'NONE', #6, #1040, #242 ) ;
#1058 = CARTESIAN_POINT ( 'NONE',  ( 0.000000000000000000, 0.000000000000000000, 0.000000000000000000 ) ) ;
#1059 = LINE ( 'NONE', #801, #1209 ) ;
#1060 = CARTESIAN_POINT ( 'NONE',  ( -1.039470204314536073, 0.000000000000000000, -1.723269550692026364 ) ) ;
#1061 = ORIENTED_EDGE ( 'NONE', *, *, #110, .T. ) ;
#1062 = CARTESIAN_POINT ( 'NONE',  ( -0.9103434708593141078, 0.6250000000000000000, -1.509198799053264928 ) ) ;
#1063 = ADVANCED_FACE ( 'NONE', ( #1662 ), #572, .F. ) ;
#1064 = DIRECTION ( 'NONE',  ( 0.000000000000000000, 0.000000000000000000, -1.000000000000000000 ) ) ;
#1065 = CARTESIAN_POINT ( 'NONE',  ( 1.277999999999999803, 0.000000000000000000, -1.198499999999999899 ) ) ;
#1066 = FACE_BOUND ( 'NONE', #355, .T. ) ;
#1067 = DIRECTION ( 'NONE',  ( -0.000000000000000000, -1.000000000000000000, -0.000000000000000000 ) ) ;
#1068 = VERTEX_POINT ( 'NONE', #849 ) ;
#1069 = COLOUR_RGB ( '',0.7921568627450980005, 0.8196078431372548767, 0.9333333333333333481 ) ;
#1070 = CARTESIAN_POINT ( 'NONE',  ( 1.157522687270471806, 0.000000000000000000, 1.502898020616251440 ) ) ;
#1071 = ORIENTED_EDGE ( 'NONE', *, *, #932, .F. ) ;
#1072 = EDGE_CURVE ( 'NONE', #1616, #202, #156, .T. ) ;
#1073 = UNCERTAINTY_MEASURE_WITH_UNIT (LENGTH_MEASURE( 1.000000000000000082E-05 ), #1173, 'distance_accuracy_value', 'NONE');
#1074 = ORIENTED_EDGE ( 'NONE', *, *, #1626, .F. ) ;
#1075 = FACE_OUTER_BOUND ( 'NONE', #969, .T. ) ;
#1076 = DIRECTION ( 'NONE',  ( 0.000000000000000000, -1.000000000000000000, 0.000000000000000000 ) ) ;
#1077 = VERTEX_POINT ( 'NONE', #1644 ) ;
#1078 = CARTESIAN_POINT ( 'NONE',  ( 1.277999999999999803, 0.000000000000000000, 1.357500000000000373 ) ) ;
#1079 = ORIENTED_EDGE ( 'NONE', *, *, #835, .T. ) ;
#1080 = CIRCLE ( 'NONE', #525, 0.2500000000000000555 ) ;
#1081 = VERTEX_POINT ( 'NONE', #868 ) ;
#1082 = ADVANCED_FACE ( 'NONE', ( #1256 ), #1247, .F. ) ;
#1083 = CARTESIAN_POINT ( 'NONE',  ( -1.278000000000000469, -5.149639790414609450E-17, -1.357499999999999707 ) ) ;
#1084 = DIRECTION ( 'NONE',  ( -0.000000000000000000, -1.000000000000000000, -0.000000000000000000 ) ) ;
#1085 = CARTESIAN_POINT ( 'NONE',  ( 0.000000000000000000, 0.1000000000000000056, 0.000000000000000000 ) ) ;
#1086 = EDGE_CURVE ( 'NONE', #1130, #66, #1098, .T. ) ;
#1087 = ORIENTED_EDGE ( 'NONE', *, *, #695, .F. ) ;
#1088 = ADVANCED_FACE ( 'NONE', ( #1372 ), #71, .F. ) ;
#1089 = ORIENTED_EDGE ( 'NONE', *, *, #908, .T. ) ;
#1090 = DIRECTION ( 'NONE',  ( 0.000000000000000000, -0.000000000000000000, 1.000000000000000000 ) ) ;
#1091 = CARTESIAN_POINT ( 'NONE',  ( 1.277999999999999803, 0.000000000000000000, 1.198500000000001009 ) ) ;
#1092 = CARTESIAN_POINT ( 'NONE',  ( 1.277999999999999803, 0.000000000000000000, -1.277999999999999581 ) ) ;
#1093 = AXIS2_PLACEMENT_3D ( 'NONE', #1456, #782, #1064 ) ;
#1094 = VERTEX_POINT ( 'NONE', #989 ) ;
#1095 = VECTOR ( 'NONE', #1389, 39.37007874015748143 ) ;
#1096 = ORIENTED_EDGE ( 'NONE', *, *, #1515, .T. ) ;
#1097 = DIRECTION ( 'NONE',  ( -0.000000000000000000, -1.000000000000000000, -0.000000000000000000 ) ) ;
#1098 = CIRCLE ( 'NONE', #1019, 1.762500000000000178 ) ;
#1099 = LINE ( 'NONE', #1091, #1025 ) ;
#1100 = FACE_OUTER_BOUND ( 'NONE', #805, .T. ) ;
#1101 = ORIENTED_EDGE ( 'NONE', *, *, #157, .T. ) ;
#1102 = ORIENTED_EDGE ( 'NONE', *, *, #533, .T. ) ;
#1103 = CIRCLE ( 'NONE', #354, 0.2551350672871842695 ) ;
#1104 = CIRCLE ( 'NONE', #53, 1.762500000000000178 ) ;
#1105 = ORIENTED_EDGE ( 'NONE', *, *, #146, .F. ) ;
#1106 = DIRECTION ( 'NONE',  ( 0.000000000000000000, 0.000000000000000000, -1.000000000000000000 ) ) ;
#1107 = EDGE_CURVE ( 'NONE', #221, #619, #349, .T. ) ;
#1108 = DIRECTION ( 'NONE',  ( 0.000000000000000000, 0.000000000000000000, -1.000000000000000000 ) ) ;
#1109 = VECTOR ( 'NONE', #1692, 39.37007874015748143 ) ;
#1110 = ORIENTED_EDGE ( 'NONE', *, *, #985, .F. ) ;
#1111 = ORIENTED_EDGE ( 'NONE', *, *, #83, .T. ) ;
#1112 = CARTESIAN_POINT ( 'NONE',  ( 1.039470204314535184, 0.6250000000000000000, 1.723269550692026808 ) ) ;
#1113 = EDGE_CURVE ( 'NONE', #808, #1121, #377, .T. ) ;
#1114 = ORIENTED_EDGE ( 'NONE', *, *, #526, .T. ) ;
#1115 = EDGE_CURVE ( 'NONE', #1035, #1240, #371, .T. ) ;
#1116 = CARTESIAN_POINT ( 'NONE',  ( 0.000000000000000000, 0.1000000000000000056, -1.500000000000000222 ) ) ;
#1117 = CARTESIAN_POINT ( 'NONE',  ( 1.277999999999999803, 0.000000000000000000, 1.278000000000000691 ) ) ;
#1118 = CARTESIAN_POINT ( 'NONE',  ( 1.277999999999999803, 0.6250000000000000000, -1.277999999999999581 ) ) ;
#1119 = ORIENTED_EDGE ( 'NONE', *, *, #498, .F. ) ;
#1120 = ADVANCED_FACE ( 'NONE', ( #1045 ), #1564, .T. ) ;
#1121 = VERTEX_POINT ( 'NONE', #757 ) ;
#1122 = DIRECTION ( 'NONE',  ( 0.000000000000000000, 1.000000000000000000, 0.000000000000000000 ) ) ;
#1123 =( CONVERSION_BASED_UNIT ( 'INCH', #318 ) LENGTH_UNIT ( ) NAMED_UNIT ( #754 ) );
#1124 = VERTEX_POINT ( 'NONE', #919 ) ;
#1125 = EDGE_CURVE ( 'NONE', #187, #406, #1619, .T. ) ;
#1126 = DIRECTION ( 'NONE',  ( 1.639108796198557537E-15, 0.000000000000000000, 1.000000000000000000 ) ) ;
#1127 = CIRCLE ( 'NONE', #73, 0.2500000000000000555 ) ;
#1128 = ORIENTED_EDGE ( 'NONE', *, *, #195, .F. ) ;
#1129 = DIRECTION ( 'NONE',  ( -0.000000000000000000, -1.000000000000000000, -0.000000000000000000 ) ) ;
#1130 = VERTEX_POINT ( 'NONE', #106 ) ;
#1131 = VERTEX_POINT ( 'NONE', #788 ) ;
#1132 = DIRECTION ( 'NONE',  ( 0.000000000000000000, -1.000000000000000000, 0.000000000000000000 ) ) ;
#1133 = DIRECTION ( 'NONE',  ( 0.000000000000000000, 0.000000000000000000, -1.000000000000000000 ) ) ;
#1134 = ORIENTED_EDGE ( 'NONE', *, *, #600, .F. ) ;
#1135 = DIRECTION ( 'NONE',  ( 0.000000000000000000, 0.000000000000000000, 1.000000000000000000 ) ) ;
#1136 = EDGE_CURVE ( 'NONE', #1465, #1228, #603, .T. ) ;
#1137 = ORIENTED_EDGE ( 'NONE', *, *, #195, .T. ) ;
#1138 = CARTESIAN_POINT ( 'NONE',  ( -1.502898020616250996, 0.000000000000000000, 1.157522687270472250 ) ) ;
#1139 = CIRCLE ( 'NONE', #137, 0.07949999999999951550 ) ;
#1140 = ORIENTED_EDGE ( 'NONE', *, *, #1038, .T. ) ;
#1141 = CARTESIAN_POINT ( 'NONE',  ( 0.000000000000000000, 0.000000000000000000, 0.000000000000000000 ) ) ;
#1142 = ADVANCED_FACE ( 'NONE', ( #1436 ), #1582, .T. ) ;
#1143 = SURFACE_STYLE_FILL_AREA ( #604 ) ;
#1144 = ORIENTED_EDGE ( 'NONE', *, *, #335, .T. ) ;
#1145 = CARTESIAN_POINT ( 'NONE',  ( 1.836970198721030181E-16, 0.000000000000000000, 1.500000000000000222 ) ) ;
#1146 = AXIS2_PLACEMENT_3D ( 'NONE', #1279, #95, #1418 ) ;
#1147 = DIRECTION ( 'NONE',  ( 0.000000000000000000, 1.000000000000000000, 0.000000000000000000 ) ) ;
#1148 = CARTESIAN_POINT ( 'NONE',  ( 0.000000000000000000, 0.6250000000000000000, 0.000000000000000000 ) ) ;
#1149 = ADVANCED_FACE ( 'NONE', ( #651 ), #247, .F. ) ;
#1150 = EDGE_CURVE ( 'NONE', #1077, #218, #1315, .T. ) ;
#1151 = EDGE_LOOP ( 'NONE', ( #1474, #1011, #246, #552 ) ) ;
#1152 = DIRECTION ( 'NONE',  ( 0.000000000000000000, 0.000000000000000000, -1.000000000000000000 ) ) ;
#1153 = ORIENTED_EDGE ( 'NONE', *, *, #798, .F. ) ;
#1154 = DIRECTION ( 'NONE',  ( 0.000000000000000000, 0.000000000000000000, -1.000000000000000000 ) ) ;
#1155 = MECHANICAL_DESIGN_GEOMETRIC_PRESENTATION_REPRESENTATION (  '', ( #1361 ), #40 ) ;
#1156 = ORIENTED_EDGE ( 'NONE', *, *, #13, .F. ) ;
#1157 = ORIENTED_EDGE ( 'NONE', *, *, #400, .F. ) ;
#1158 = DIRECTION ( 'NONE',  ( 0.000000000000000000, -1.000000000000000000, 0.000000000000000000 ) ) ;
#1159 = AXIS2_PLACEMENT_3D ( 'NONE', #380, #513, #127 ) ;
#1160 = DIRECTION ( 'NONE',  ( 0.000000000000000000, 0.000000000000000000, 1.000000000000000000 ) ) ;
#1161 = CIRCLE ( 'NONE', #1483, 0.07949999999999979305 ) ;
#1162 = EDGE_LOOP ( 'NONE', ( #504, #199, #847, #634, #397, #1455, #862, #352, #1516, #608, #797, #252, #461, #948, #1674, #614, #794, #28, #769, #531, #1375, #1399, #467, #1530, #786, #986, #1137 ) ) ;
#1163 = EDGE_CURVE ( 'NONE', #3, #1583, #115, .T. ) ;
#1164 = CIRCLE ( 'NONE', #412, 1.625000000000000000 ) ;
#1165 = ORIENTED_EDGE ( 'NONE', *, *, #1283, .F. ) ;
#1166 = DIRECTION ( 'NONE',  ( 0.000000000000000000, 0.000000000000000000, 1.000000000000000000 ) ) ;
#1167 = DIRECTION ( 'NONE',  ( 0.000000000000000000, 0.000000000000000000, -1.000000000000000000 ) ) ;
#1168 = CARTESIAN_POINT ( 'NONE',  ( -1.509198799053265150, 0.000000000000000000, -0.9103434708593141078 ) ) ;
#1169 = CYLINDRICAL_SURFACE ( 'NONE', #855, 1.500000000000000222 ) ;
#1170 = DIRECTION ( 'NONE',  ( 0.000000000000000000, 1.000000000000000000, 0.000000000000000000 ) ) ;
#1171 = ORIENTED_EDGE ( 'NONE', *, *, #20, .F. ) ;
#1172 = DIRECTION ( 'NONE',  ( -0.000000000000000000, -1.000000000000000000, -0.000000000000000000 ) ) ;
#1173 =( CONVERSION_BASED_UNIT ( 'INCH', #1683 ) LENGTH_UNIT ( ) NAMED_UNIT ( #892 ) );
#1174 = DIRECTION ( 'NONE',  ( -0.000000000000000000, -1.000000000000000000, -0.000000000000000000 ) ) ;
#1175 = AXIS2_PLACEMENT_3D ( 'NONE', #869, #1393, #211 ) ;
#1176 = CARTESIAN_POINT ( 'NONE',  ( 0.000000000000000000, 0.6250000000000000000, -1.762500000000000178 ) ) ;
#1177 = CIRCLE ( 'NONE', #428, 1.762500000000000178 ) ;
#1178 = DIRECTION ( 'NONE',  ( -0.000000000000000000, -1.000000000000000000, -0.000000000000000000 ) ) ;
#1179 = ORIENTED_EDGE ( 'NONE', *, *, #598, .T. ) ;
#1180 = CARTESIAN_POINT ( 'NONE',  ( -1.278000000000000469, 0.4000000000000000222, 1.198500000000000121 ) ) ;
#1181 = DIRECTION ( 'NONE',  ( 0.000000000000000000, 1.000000000000000000, 0.000000000000000000 ) ) ;
#1182 = VECTOR ( 'NONE', #700, 39.37007874015748143 ) ;
#1183 = DIRECTION ( 'NONE',  ( -0.000000000000000000, -1.000000000000000000, -0.000000000000000000 ) ) ;
#1184 = ADVANCED_FACE ( 'NONE', ( #532 ), #1445, .F. ) ;
#1185 = CARTESIAN_POINT ( 'NONE',  ( -1.278000000000000469, 0.6250000000000000000, -1.278000000000000247 ) ) ;
#1186 = AXIS2_PLACEMENT_3D ( 'NONE', #1117, #152, #60 ) ;
#1187 = EDGE_CURVE ( 'NONE', #483, #343, #1574, .T. ) ;
#1188 = DIRECTION ( 'NONE',  ( -0.000000000000000000, -1.000000000000000000, -0.000000000000000000 ) ) ;
#1189 = AXIS2_PLACEMENT_3D ( 'NONE', #983, #454, #1135 ) ;
#1190 = ORIENTED_EDGE ( 'NONE', *, *, #257, .T. ) ;
#1191 = DIRECTION ( 'NONE',  ( 0.000000000000000000, 1.000000000000000000, 0.000000000000000000 ) ) ;
#1192 = CARTESIAN_POINT ( 'NONE',  ( -1.278000000000000469, 0.6250000000000000000, -1.278000000000000247 ) ) ;
#1193 = CIRCLE ( 'NONE', #442, 0.07949999999999979305 ) ;
#1194 = CARTESIAN_POINT ( 'NONE',  ( -0.2950000000000000400, 0.6250000000000000000, 1.972144375480755274 ) ) ;
#1195 = CARTESIAN_POINT ( 'NONE',  ( 1.509198799053264706, 0.6250000000000000000, 0.9103434708593147739 ) ) ;
#1196 = CARTESIAN_POINT ( 'NONE',  ( 0.2950000000000000400, 0.6250000000000000000, 1.972144375480755274 ) ) ;
#1197 = ORIENTED_EDGE ( 'NONE', *, *, #679, .F. ) ;
#1198 = CARTESIAN_POINT ( 'NONE',  ( -1.039470204314536295, 0.6250000000000000000, 1.723269550692025920 ) ) ;
#1199 = EDGE_CURVE ( 'NONE', #1522, #350, #253, .T. ) ;
#1200 = ADVANCED_FACE ( 'NONE', ( #628 ), #1029, .T. ) ;
#1201 = AXIS2_PLACEMENT_3D ( 'NONE', #1377, #663, #393 ) ;
#1202 = ORIENTED_EDGE ( 'NONE', *, *, #598, .F. ) ;
#1203 = ORIENTED_EDGE ( 'NONE', *, *, #908, .F. ) ;
#1204 = CYLINDRICAL_SURFACE ( 'NONE', #1513, 0.2500000000000000555 ) ;
#1205 = CARTESIAN_POINT ( 'NONE',  ( 1.277999999999999803, 0.4000000000000000222, 1.278000000000000691 ) ) ;
#1206 = VERTEX_POINT ( 'NONE', #1694 ) ;
#1207 = DIRECTION ( 'NONE',  ( 0.000000000000000000, 1.000000000000000000, 0.000000000000000000 ) ) ;
#1208 = EDGE_LOOP ( 'NONE', ( #346, #748, #1111, #147 ) ) ;
#1209 = VECTOR ( 'NONE', #1578, 39.37007874015748143 ) ;
#1210 = ORIENTED_EDGE ( 'NONE', *, *, #1385, .T. ) ;
#1211 = PLANE ( 'NONE',  #357 ) ;
#1212 = LINE ( 'NONE', #26, #688 ) ;
#1213 = ADVANCED_FACE ( 'NONE', ( #497 ), #898, .F. ) ;
#1214 = EDGE_CURVE ( 'NONE', #998, #448, #505, .T. ) ;
#1215 = DIRECTION ( 'NONE',  ( -0.000000000000000000, -1.000000000000000000, -0.000000000000000000 ) ) ;
#1216 = ORIENTED_EDGE ( 'NONE', *, *, #1561, .F. ) ;
#1217 = AXIS2_PLACEMENT_3D ( 'NONE', #511, #1562, #125 ) ;
#1218 = CARTESIAN_POINT ( 'NONE',  ( -1.278000000000000469, 0.4000000000000000222, -1.357499999999999929 ) ) ;
#1219 = FACE_OUTER_BOUND ( 'NONE', #1678, .T. ) ;
#1220 = CARTESIAN_POINT ( 'NONE',  ( 0.000000000000000000, 0.1000000000000000056, -1.625000000000000000 ) ) ;
#1221 = ORIENTED_EDGE ( 'NONE', *, *, #1640, .T. ) ;
#1222 = EDGE_LOOP ( 'NONE', ( #1339, #239, #1271, #833 ) ) ;
#1223 = DIRECTION ( 'NONE',  ( 0.000000000000000000, 0.000000000000000000, 1.000000000000000000 ) ) ;
#1224 = LINE ( 'NONE', #821, #939 ) ;
#1225 = DIRECTION ( 'NONE',  ( 0.000000000000000000, 0.000000000000000000, -1.000000000000000000 ) ) ;
#1226 = ORIENTED_EDGE ( 'NONE', *, *, #1335, .F. ) ;
#1227 = CIRCLE ( 'NONE', #99, 1.500000000000000222 ) ;
#1228 = VERTEX_POINT ( 'NONE', #240 ) ;
#1229 = AXIS2_PLACEMENT_3D ( 'NONE', #447, #205, #1235 ) ;
#1230 = EDGE_LOOP ( 'NONE', ( #1544, #971, #1197, #888 ) ) ;
#1231 = DIRECTION ( 'NONE',  ( 0.000000000000000000, -0.000000000000000000, 1.000000000000000000 ) ) ;
#1232 = CIRCLE ( 'NONE', #433, 1.382499999999999840 ) ;
#1233 = CYLINDRICAL_SURFACE ( 'NONE', #1622, 0.2551350672871842695 ) ;
#1234 = EDGE_CURVE ( 'NONE', #339, #839, #770, .T. ) ;
#1235 = DIRECTION ( 'NONE',  ( 0.000000000000000000, 0.000000000000000000, -1.000000000000000000 ) ) ;
#1236 = ORIENTED_EDGE ( 'NONE', *, *, #1334, .T. ) ;
#1237 = ORIENTED_EDGE ( 'NONE', *, *, #1107, .F. ) ;
#1238 = DIRECTION ( 'NONE',  ( 0.000000000000000000, 0.000000000000000000, 1.000000000000000000 ) ) ;
#1239 = VECTOR ( 'NONE', #1589, 39.37007874015748143 ) ;
#1240 = VERTEX_POINT ( 'NONE', #274 ) ;
#1241 = DIRECTION ( 'NONE',  ( -0.000000000000000000, -1.000000000000000000, -0.000000000000000000 ) ) ;
#1242 = DIRECTION ( 'NONE',  ( 0.000000000000000000, 0.000000000000000000, -1.000000000000000000 ) ) ;
#1243 = VECTOR ( 'NONE', #374, 39.37007874015748143 ) ;
#1244 = DIRECTION ( 'NONE',  ( 0.000000000000000000, 0.000000000000000000, -1.000000000000000000 ) ) ;
#1245 = EDGE_LOOP ( 'NONE', ( #1627, #512, #750, #710 ) ) ;
#1246 = ORIENTED_EDGE ( 'NONE', *, *, #672, .F. ) ;
#1247 = CYLINDRICAL_SURFACE ( 'NONE', #1480, 0.07949999999999979305 ) ;
#1248 = ADVANCED_FACE ( 'NONE', ( #1454 ), #693, .F. ) ;
#1249 = FACE_OUTER_BOUND ( 'NONE', #1222, .T. ) ;
#1250 = ORIENTED_EDGE ( 'NONE', *, *, #452, .T. ) ;
#1251 = FACE_OUTER_BOUND ( 'NONE', #1245, .T. ) ;
#1252 = ORIENTED_EDGE ( 'NONE', *, *, #706, .T. ) ;
#1253 = DIRECTION ( 'NONE',  ( 0.000000000000000000, -1.000000000000000000, 0.000000000000000000 ) ) ;
#1254 = EDGE_LOOP ( 'NONE', ( #119, #411, #1226, #198 ) ) ;
#1255 = ORIENTED_EDGE ( 'NONE', *, *, #707, .F. ) ;
#1256 = FACE_OUTER_BOUND ( 'NONE', #737, .T. ) ;
#1257 = EDGE_CURVE ( 'NONE', #1068, #1428, #439, .T. ) ;
#1258 = CARTESIAN_POINT ( 'NONE',  ( 1.502898020616251884, 0.6250000000000000000, -1.157522687270470918 ) ) ;
#1259 = ORIENTED_EDGE ( 'NONE', *, *, #672, .T. ) ;
#1260 = CARTESIAN_POINT ( 'NONE',  ( -0.9103434708593142188, 0.000000000000000000, -1.509198799053265150 ) ) ;
#1261 = DIRECTION ( 'NONE',  ( 0.000000000000000000, -1.000000000000000000, 0.000000000000000000 ) ) ;
#1262 = FACE_OUTER_BOUND ( 'NONE', #988, .T. ) ;
#1263 = EDGE_CURVE ( 'NONE', #187, #426, #953, .T. ) ;
#1264 = VECTOR ( 'NONE', #1429, 39.37007874015748143 ) ;
#1265 = VERTEX_POINT ( 'NONE', #1070 ) ;
#1266 = DIRECTION ( 'NONE',  ( -0.000000000000000000, -1.000000000000000000, -0.000000000000000000 ) ) ;
#1267 = DIRECTION ( 'NONE',  ( 0.000000000000000000, 0.000000000000000000, 1.000000000000000000 ) ) ;
#1268 = ORIENTED_EDGE ( 'NONE', *, *, #254, .T. ) ;
#1269 = CARTESIAN_POINT ( 'NONE',  ( 1.277999999999999803, 0.6250000000000000000, -1.277999999999999581 ) ) ;
#1270 = CIRCLE ( 'NONE', #325, 0.2551350672871842695 ) ;
#1271 = ORIENTED_EDGE ( 'NONE', *, *, #1367, .T. ) ;
#1272 = CARTESIAN_POINT ( 'NONE',  ( -1.039470204314536295, 0.6250000000000000000, 1.723269550692025920 ) ) ;
#1273 = ORIENTED_EDGE ( 'NONE', *, *, #1187, .T. ) ;
#1274 = DIRECTION ( 'NONE',  ( 0.000000000000000000, 0.000000000000000000, -1.000000000000000000 ) ) ;
#1275 = CYLINDRICAL_SURFACE ( 'NONE', #1611, 1.762500000000000178 ) ;
#1276 = VERTEX_POINT ( 'NONE', #144 ) ;
#1277 = FACE_OUTER_BOUND ( 'NONE', #1001, .T. ) ;
#1278 = AXIS2_PLACEMENT_3D ( 'NONE', #456, #1147, #1528 ) ;
#1279 = CARTESIAN_POINT ( 'NONE',  ( 0.000000000000000000, 0.6250000000000000000, 0.000000000000000000 ) ) ;
#1280 = VERTEX_POINT ( 'NONE', #1331 ) ;
#1281 = DIRECTION ( 'NONE',  ( 0.000000000000000000, -1.000000000000000000, 0.000000000000000000 ) ) ;
#1282 = DIRECTION ( 'NONE',  ( 0.000000000000000000, 1.000000000000000000, 0.000000000000000000 ) ) ;
#1283 = EDGE_CURVE ( 'NONE', #1240, #339, #873, .T. ) ;
#1284 = CARTESIAN_POINT ( 'NONE',  ( -1.278000000000000469, -5.149639790414609450E-17, -1.278000000000000247 ) ) ;
#1285 = CIRCLE ( 'NONE', #1698, 0.07949999999999951550 ) ;
#1286 = CIRCLE ( 'NONE', #347, 0.2500000000000000555 ) ;
#1287 = DIRECTION ( 'NONE',  ( 0.000000000000000000, 0.000000000000000000, 1.000000000000000000 ) ) ;
#1288 = VECTOR ( 'NONE', #910, 39.37007874015748143 ) ;
#1289 = ORIENTED_EDGE ( 'NONE', *, *, #1567, .F. ) ;
#1290 = DIRECTION ( 'NONE',  ( 0.000000000000000000, 0.000000000000000000, 1.000000000000000000 ) ) ;
#1291 = EDGE_CURVE ( 'NONE', #465, #1522, #543, .T. ) ;
#1292 = DIRECTION ( 'NONE',  ( 0.000000000000000000, 0.000000000000000000, -1.000000000000000000 ) ) ;
#1293 = LINE ( 'NONE', #784, #1645 ) ;
#1294 = EDGE_CURVE ( 'NONE', #1362, #815, #425, .T. ) ;
#1295 = AXIS2_PLACEMENT_3D ( 'NONE', #623, #340, #1656 ) ;
#1296 = DIRECTION ( 'NONE',  ( 1.049727191138617956E-16, -0.5150380749100550437, 0.8571673007021117785 ) ) ;
#1297 = VERTEX_POINT ( 'NONE', #1353 ) ;
#1298 = CARTESIAN_POINT ( 'NONE',  ( -1.278000000000000469, 0.6250000000000000000, -1.533135067287184405 ) ) ;
#1299 = AXIS2_PLACEMENT_3D ( 'NONE', #383, #367, #638 ) ;
#1300 = LINE ( 'NONE', #654, #87 ) ;
#1301 = DIRECTION ( 'NONE',  ( 0.000000000000000000, 0.000000000000000000, -1.000000000000000000 ) ) ;
#1302 = FACE_OUTER_BOUND ( 'NONE', #359, .T. ) ;
#1303 = ORIENTED_EDGE ( 'NONE', *, *, #1086, .F. ) ;
#1304 = CARTESIAN_POINT ( 'NONE',  ( 0.000000000000000000, 0.6250000000000000000, 0.000000000000000000 ) ) ;
#1305 = ADVANCED_FACE ( 'NONE', ( #1100 ), #407, .F. ) ;
#1306 = CARTESIAN_POINT ( 'NONE',  ( 0.000000000000000000, 0.1000000000000000056, 0.000000000000000000 ) ) ;
#1307 = EDGE_CURVE ( 'NONE', #753, #46, #1502, .T. ) ;
#1308 = CYLINDRICAL_SURFACE ( 'NONE', #29, 1.762500000000000178 ) ;
#1309 = VECTOR ( 'NONE', #1016, 39.37007874015748143 ) ;
#1310 = CARTESIAN_POINT ( 'NONE',  ( 0.000000000000000000, 0.3750000000000000555, -1.382499999999999840 ) ) ;
#1311 = CARTESIAN_POINT ( 'NONE',  ( 1.509198799053265816, 0.6250000000000000000, -0.9103434708593129976 ) ) ;
#1312 = ORIENTED_EDGE ( 'NONE', *, *, #895, .T. ) ;
#1313 = CARTESIAN_POINT ( 'NONE',  ( 0.000000000000000000, 0.3750000000000000555, 0.000000000000000000 ) ) ;
#1314 = CARTESIAN_POINT ( 'NONE',  ( -1.157522687270472694, 0.6250000000000000000, 1.502898020616250996 ) ) ;
#1315 = CIRCLE ( 'NONE', #1538, 0.2500000000000000555 ) ;
#1316 = CARTESIAN_POINT ( 'NONE',  ( 0.6243269559110224964, 0.000000000000000000, 1.913209894946939160 ) ) ;
#1317 = DIRECTION ( 'NONE',  ( 2.185478394931410180E-15, 0.000000000000000000, 1.000000000000000000 ) ) ;
#1318 = CIRCLE ( 'NONE', #1186, 0.2551350672871842695 ) ;
#1319 = EDGE_CURVE ( 'NONE', #570, #918, #843, .T. ) ;
#1320 = EDGE_CURVE ( 'NONE', #448, #489, #795, .T. ) ;
#1321 = CARTESIAN_POINT ( 'NONE',  ( 0.000000000000000000, 0.3750000000000000555, 0.000000000000000000 ) ) ;
#1322 = VERTEX_POINT ( 'NONE', #938 ) ;
#1323 = DIRECTION ( 'NONE',  ( 0.000000000000000000, -1.000000000000000000, 0.000000000000000000 ) ) ;
#1324 = VERTEX_POINT ( 'NONE', #676 ) ;
#1325 = CYLINDRICAL_SURFACE ( 'NONE', #734, 0.07949999999999979305 ) ;
#1326 = AXIS2_PLACEMENT_3D ( 'NONE', #1321, #1043, #1572 ) ;
#1327 = FACE_BOUND ( 'NONE', #1646, .T. ) ;
#1328 = FACE_OUTER_BOUND ( 'NONE', #1151, .T. ) ;
#1329 = DIRECTION ( 'NONE',  ( 0.000000000000000000, 0.000000000000000000, -1.000000000000000000 ) ) ;
#1330 = EDGE_LOOP ( 'NONE', ( #1102, #1618 ) ) ;
#1331 = CARTESIAN_POINT ( 'NONE',  ( 1.990051048614449116E-16, 0.000000000000000000, 1.625000000000000000 ) ) ;
#1332 = EDGE_LOOP ( 'NONE', ( #668, #893, #165, #978 ) ) ;
#1333 = ORIENTED_EDGE ( 'NONE', *, *, #1234, .T. ) ;
#1334 = EDGE_CURVE ( 'NONE', #1648, #1130, #1623, .T. ) ;
#1335 = EDGE_CURVE ( 'NONE', #601, #350, #176, .T. ) ;
#1336 = DIRECTION ( 'NONE',  ( 0.000000000000000000, 0.000000000000000000, -1.000000000000000000 ) ) ;
#1337 = DIRECTION ( 'NONE',  ( 0.000000000000000000, -1.000000000000000000, 0.000000000000000000 ) ) ;
#1338 = FACE_OUTER_BOUND ( 'NONE', #1230, .T. ) ;
#1339 = ORIENTED_EDGE ( 'NONE', *, *, #342, .F. ) ;
#1340 = VECTOR ( 'NONE', #655, 39.37007874015748143 ) ;
#1341 = ORIENTED_EDGE ( 'NONE', *, *, #932, .T. ) ;
#1342 = CIRCLE ( 'NONE', #1400, 0.07999999999999996003 ) ;
#1343 = PLANE ( 'NONE',  #295 ) ;
#1344 = DIRECTION ( 'NONE',  ( -0.000000000000000000, -1.000000000000000000, -0.000000000000000000 ) ) ;
#1345 = CIRCLE ( 'NONE', #824, 1.762500000000000178 ) ;
#1346 = DIRECTION ( 'NONE',  ( 0.000000000000000000, 0.000000000000000000, -1.000000000000000000 ) ) ;
#1347 = CIRCLE ( 'NONE', #575, 0.2500000000000000555 ) ;
#1348 = VERTEX_POINT ( 'NONE', #1485 ) ;
#1349 = VERTEX_POINT ( 'NONE', #947 ) ;
#1350 = CIRCLE ( 'NONE', #1468, 0.2500000000000000555 ) ;
#1351 = DIRECTION ( 'NONE',  ( 0.000000000000000000, 0.000000000000000000, -1.000000000000000000 ) ) ;
#1352 = CARTESIAN_POINT ( 'NONE',  ( 1.277999999999999803, 0.4000000000000000222, -1.198499999999999899 ) ) ;
#1353 = CARTESIAN_POINT ( 'NONE',  ( 0.5467708123195911263, 0.6250000000000000000, 1.675544069487691745 ) ) ;
#1354 = ORIENTED_EDGE ( 'NONE', *, *, #880, .F. ) ;
#1355 = VERTEX_POINT ( 'NONE', #136 ) ;
#1356 = EDGE_CURVE ( 'NONE', #1028, #448, #1014, .T. ) ;
#1357 = CARTESIAN_POINT ( 'NONE',  ( 0.6243269559110224964, 0.6250000000000000000, 1.913209894946939160 ) ) ;
#1358 = DIRECTION ( 'NONE',  ( -0.000000000000000000, -1.000000000000000000, -0.000000000000000000 ) ) ;
#1359 = CARTESIAN_POINT ( 'NONE',  ( -1.278000000000000469, 0.000000000000000000, 1.278000000000000247 ) ) ;
#1360 = ORIENTED_EDGE ( 'NONE', *, *, #341, .F. ) ;
#1361 = STYLED_ITEM ( 'NONE', ( #991 ), #1519 ) ;
#1362 = VERTEX_POINT ( 'NONE', #1464 ) ;
#1363 = VECTOR ( 'NONE', #1668, 39.37007874015748143 ) ;
#1364 = PRODUCT ( 'Throttle Body Flange 2', 'Throttle Body Flange 2', '', ( #840 ) ) ;
#1365 = VERTEX_POINT ( 'NONE', #806 ) ;
#1366 = DIRECTION ( 'NONE',  ( 0.000000000000000000, 0.000000000000000000, -1.000000000000000000 ) ) ;
#1367 = EDGE_CURVE ( 'NONE', #622, #1348, #1177, .T. ) ;
#1368 = LINE ( 'NONE', #567, #435 ) ;
#1369 = ADVANCED_FACE ( 'NONE', ( #1338 ), #164, .F. ) ;
#1370 = DIRECTION ( 'NONE',  ( 0.000000000000000000, 0.000000000000000000, -1.000000000000000000 ) ) ;
#1371 = ORIENTED_EDGE ( 'NONE', *, *, #1588, .F. ) ;
#1372 = FACE_OUTER_BOUND ( 'NONE', #1702, .T. ) ;
#1373 = CARTESIAN_POINT ( 'NONE',  ( 0.000000000000000000, 0.000000000000000000, 0.000000000000000000 ) ) ;
#1374 = AXIS2_PLACEMENT_3D ( 'NONE', #944, #436, #1231 ) ;
#1375 = ORIENTED_EDGE ( 'NONE', *, *, #1022, .T. ) ;
#1376 = DIRECTION ( 'NONE',  ( 0.000000000000000000, 0.000000000000000000, -1.000000000000000000 ) ) ;
#1377 = CARTESIAN_POINT ( 'NONE',  ( 1.277999999999999803, 0.000000000000000000, 1.278000000000000691 ) ) ;
#1378 = CARTESIAN_POINT ( 'NONE',  ( -1.039470204314536073, 0.6250000000000000000, -1.723269550692026364 ) ) ;
#1379 = ORIENTED_EDGE ( 'NONE', *, *, #323, .F. ) ;
#1380 = ADVANCED_FACE ( 'NONE', ( #153 ), #1394, .T. ) ;
#1381 = EDGE_LOOP ( 'NONE', ( #1237, #1119, #696, #1089 ) ) ;
#1382 = DIRECTION ( 'NONE',  ( -0.000000000000000000, -1.000000000000000000, -0.000000000000000000 ) ) ;
#1383 = EDGE_LOOP ( 'NONE', ( #1105, #1379, #45, #1435 ) ) ;
#1384 = CARTESIAN_POINT ( 'NONE',  ( -1.278000000000000469, 0.000000000000000000, 1.278000000000000247 ) ) ;
#1385 = EDGE_CURVE ( 'NONE', #753, #1362, #43, .T. ) ;
#1386 = EDGE_CURVE ( 'NONE', #595, #459, #1632, .T. ) ;
#1387 = ADVANCED_FACE ( 'NONE', ( #1659 ), #728, .T. ) ;
#1388 = DIRECTION ( 'NONE',  ( -1.000000000000000000, -0.000000000000000000, -0.000000000000000000 ) ) ;
#1389 = DIRECTION ( 'NONE',  ( 0.000000000000000000, -1.000000000000000000, 0.000000000000000000 ) ) ;
#1390 = ORIENTED_EDGE ( 'NONE', *, *, #1163, .F. ) ;
#1391 = CARTESIAN_POINT ( 'NONE',  ( 1.039470204314535184, 0.6250000000000000000, 1.723269550692026808 ) ) ;
#1392 = AXIS2_PLACEMENT_3D ( 'NONE', #333, #177, #186 ) ;
#1393 = DIRECTION ( 'NONE',  ( -0.000000000000000000, -1.000000000000000000, -0.000000000000000000 ) ) ;
#1394 = TOROIDAL_SURFACE ( 'NONE', #1614, 1.632499999999999840, 0.2500000000000000000 ) ;
#1395 = ORIENTED_EDGE ( 'NONE', *, *, #1422, .T. ) ;
#1396 = CYLINDRICAL_SURFACE ( 'NONE', #108, 0.07949999999999979305 ) ;
#1397 = DIRECTION ( 'NONE',  ( 0.000000000000000000, -0.5150380749100550437, -0.8571673007021117785 ) ) ;
#1398 = DIRECTION ( 'NONE',  ( 0.000000000000000000, -1.000000000000000000, 0.000000000000000000 ) ) ;
#1399 = ORIENTED_EDGE ( 'NONE', *, *, #771, .T. ) ;
#1400 = AXIS2_PLACEMENT_3D ( 'NONE', #327, #1653, #612 ) ;
#1401 = ORIENTED_EDGE ( 'NONE', *, *, #1003, .T. ) ;
#1402 = CARTESIAN_POINT ( 'NONE',  ( 1.277999999999999803, 0.6250000000000000000, 1.278000000000000691 ) ) ;
#1403 = AXIS2_PLACEMENT_3D ( 'NONE', #238, #378, #245 ) ;
#1404 = DIRECTION ( 'NONE',  ( 0.000000000000000000, 0.000000000000000000, -1.000000000000000000 ) ) ;
#1405 = ORIENTED_EDGE ( 'NONE', *, *, #31, .F. ) ;
#1406 = DIRECTION ( 'NONE',  ( 0.000000000000000000, 0.000000000000000000, 1.000000000000000000 ) ) ;
#1407 = AXIS2_PLACEMENT_3D ( 'NONE', #566, #1610, #1351 ) ;
#1408 = LINE ( 'NONE', #1547, #1442 ) ;
#1409 = CARTESIAN_POINT ( 'NONE',  ( 1.502898020616250774, 0.6250000000000000000, 1.157522687270472694 ) ) ;
#1410 = VECTOR ( 'NONE', #1296, 39.37007874015748143 ) ;
#1411 = ORIENTED_EDGE ( 'NONE', *, *, #470, .F. ) ;
#1412 = CARTESIAN_POINT ( 'NONE',  ( 1.277999999999999803, 0.4000000000000000222, 1.278000000000000691 ) ) ;
#1413 = EDGE_CURVE ( 'NONE', #315, #1348, #1286, .T. ) ;
#1414 = PLANE ( 'NONE',  #17 ) ;
#1415 = FACE_OUTER_BOUND ( 'NONE', #379, .T. ) ;
#1416 = ADVANCED_FACE ( 'NONE', ( #995 ), #304, .F. ) ;
#1417 = AXIS2_PLACEMENT_3D ( 'NONE', #1015, #885, #1676 ) ;
#1418 = DIRECTION ( 'NONE',  ( 0.000000000000000000, 0.000000000000000000, 1.000000000000000000 ) ) ;
#1419 = EDGE_CURVE ( 'NONE', #1428, #1280, #565, .T. ) ;
#1420 = ORIENTED_EDGE ( 'NONE', *, *, #112, .T. ) ;
#1421 = CARTESIAN_POINT ( 'NONE',  ( 1.039470204314534296, 0.6250000000000000000, -1.723269550692026808 ) ) ;
#1422 = EDGE_CURVE ( 'NONE', #298, #1643, #857, .T. ) ;
#1423 = DIRECTION ( 'NONE',  ( 0.000000000000000000, 1.000000000000000000, 0.000000000000000000 ) ) ;
#1424 = DIRECTION ( 'NONE',  ( 0.000000000000000000, 0.000000000000000000, -1.000000000000000000 ) ) ;
#1425 = AXIS2_PLACEMENT_3D ( 'NONE', #934, #1554, #923 ) ;
#1426 = CARTESIAN_POINT ( 'NONE',  ( 0.000000000000000000, 0.6250000000000000000, 1.632499999999999840 ) ) ;
#1427 = ADVANCED_FACE ( 'NONE', ( #1262 ), #69, .F. ) ;
#1428 = VERTEX_POINT ( 'NONE', #89 ) ;
#1429 = DIRECTION ( 'NONE',  ( 1.049727191138617956E-16, -0.5150380749100550437, 0.8571673007021117785 ) ) ;
#1430 = DIRECTION ( 'NONE',  ( 0.000000000000000000, 0.000000000000000000, -1.000000000000000000 ) ) ;
#1431 = CIRCLE ( 'NONE', #1051, 0.2551350672871856018 ) ;
#1432 = DIRECTION ( 'NONE',  ( -0.000000000000000000, -1.000000000000000000, -0.000000000000000000 ) ) ;
#1433 = DIRECTION ( 'NONE',  ( 0.000000000000000000, 0.000000000000000000, 1.000000000000000000 ) ) ;
#1434 = CARTESIAN_POINT ( 'NONE',  ( -1.502898020616250996, 0.6250000000000000000, 1.157522687270472250 ) ) ;
#1435 = ORIENTED_EDGE ( 'NONE', *, *, #1422, .F. ) ;
#1436 = FACE_OUTER_BOUND ( 'NONE', #903, .T. ) ;
#1437 = ADVANCED_FACE ( 'NONE', ( #736 ), #309, .F. ) ;
#1438 = AXIS2_PLACEMENT_3D ( 'NONE', #1316, #508, #1160 ) ;
#1439 = DIRECTION ( 'NONE',  ( 0.000000000000000000, 1.000000000000000000, 0.000000000000000000 ) ) ;
#1440 = DIRECTION ( 'NONE',  ( -0.000000000000000000, -1.000000000000000000, -0.000000000000000000 ) ) ;
#1441 = CARTESIAN_POINT ( 'NONE',  ( -1.509198799053265150, 0.6250000000000000000, -0.9103434708593141078 ) ) ;
#1442 = VECTOR ( 'NONE', #225, 39.37007874015748143 ) ;
#1443 = DIRECTION ( 'NONE',  ( 0.000000000000000000, 0.000000000000000000, -1.000000000000000000 ) ) ;
#1444 = ORIENTED_EDGE ( 'NONE', *, *, #1086, .T. ) ;
#1445 = CYLINDRICAL_SURFACE ( 'NONE', #631, 1.625000000000000000 ) ;
#1446 = EDGE_CURVE ( 'NONE', #1228, #1465, #1285, .T. ) ;
#1447 = CARTESIAN_POINT ( 'NONE',  ( 1.723269550692025476, 0.000000000000000000, 1.039470204314536517 ) ) ;
#1448 = ADVANCED_FACE ( 'NONE', ( #875 ), #1508, .F. ) ;
#1449 = AXIS2_PLACEMENT_3D ( 'NONE', #61, #52, #746 ) ;
#1450 = CARTESIAN_POINT ( 'NONE',  ( 0.3748368377966113107, 0.6250000000000000000, 1.897251168078618155 ) ) ;
#1451 = AXIS2_PLACEMENT_3D ( 'NONE', #1477, #34, #550 ) ;
#1452 = DIRECTION ( 'NONE',  ( 0.000000000000000000, 0.000000000000000000, -1.000000000000000000 ) ) ;
#1453 = EDGE_LOOP ( 'NONE', ( #293, #1221, #968, #780 ) ) ;
#1454 = FACE_OUTER_BOUND ( 'NONE', #36, .T. ) ;
#1455 = ORIENTED_EDGE ( 'NONE', *, *, #385, .T. ) ;
#1456 = CARTESIAN_POINT ( 'NONE',  ( -1.278000000000000469, 0.6250000000000000000, -1.278000000000000247 ) ) ;
#1457 = AXIS2_PLACEMENT_3D ( 'NONE', #1112, #589, #1238 ) ;
#1458 = FACE_BOUND ( 'NONE', #326, .T. ) ;
#1459 = LINE ( 'NONE', #1450, #1288 ) ;
#1460 = CIRCLE ( 'NONE', #185, 0.2500000000000000555 ) ;
#1461 = CARTESIAN_POINT ( 'NONE',  ( 0.000000000000000000, 0.6250000000000000000, 0.000000000000000000 ) ) ;
#1462 = CIRCLE ( 'NONE', #1027, 1.762500000000000178 ) ;
#1463 = ORIENTED_EDGE ( 'NONE', *, *, #650, .F. ) ;
#1464 = CARTESIAN_POINT ( 'NONE',  ( 1.277999999999999803, 0.6250000000000000000, -1.533135067287185294 ) ) ;
#1465 = VERTEX_POINT ( 'NONE', #1521 ) ;
#1466 = EDGE_CURVE ( 'NONE', #912, #1500, #841, .T. ) ;
#1467 = ORIENTED_EDGE ( 'NONE', *, *, #24, .F. ) ;
#1468 = AXIS2_PLACEMENT_3D ( 'NONE', #863, #1636, #1126 ) ;
#1469 = EDGE_LOOP ( 'NONE', ( #864, #336, #641, #1273 ) ) ;
#1470 = CYLINDRICAL_SURFACE ( 'NONE', #887, 0.07999999999999996003 ) ;
#1471 = CARTESIAN_POINT ( 'NONE',  ( -1.157522687270472694, 0.000000000000000000, 1.502898020616250774 ) ) ;
#1472 = DIRECTION ( 'NONE',  ( 0.000000000000000000, 1.000000000000000000, 0.000000000000000000 ) ) ;
#1473 = VERTEX_POINT ( 'NONE', #987 ) ;
#1474 = ORIENTED_EDGE ( 'NONE', *, *, #452, .F. ) ;
#1475 = DIRECTION ( 'NONE',  ( 0.000000000000000000, -1.000000000000000000, 0.000000000000000000 ) ) ;
#1476 = DIRECTION ( 'NONE',  ( -0.000000000000000000, -1.000000000000000000, -0.000000000000000000 ) ) ;
#1477 = CARTESIAN_POINT ( 'NONE',  ( -1.278000000000000469, 0.6250000000000000000, -1.278000000000000247 ) ) ;
#1478 = ORIENTED_EDGE ( 'NONE', *, *, #111, .T. ) ;
#1479 = ORIENTED_EDGE ( 'NONE', *, *, #1320, .T. ) ;
#1480 = AXIS2_PLACEMENT_3D ( 'NONE', #81, #579, #191 ) ;
#1481 = CARTESIAN_POINT ( 'NONE',  ( -0.5467708123195902381, 0.6250000000000000000, 1.675544069487692189 ) ) ;
#1482 = CARTESIAN_POINT ( 'NONE',  ( 1.277999999999999803, 0.4000000000000000222, -1.277999999999999581 ) ) ;
#1483 = AXIS2_PLACEMENT_3D ( 'NONE', #296, #481, #1152 ) ;
#1484 = EDGE_CURVE ( 'NONE', #1658, #231, #1586, .T. ) ;
#1485 = CARTESIAN_POINT ( 'NONE',  ( -0.9103434708593143299, 0.6250000000000000000, 1.509198799053264928 ) ) ;
#1486 = VECTOR ( 'NONE', #94, 39.37007874015748143 ) ;
#1487 = ORIENTED_EDGE ( 'NONE', *, *, #1257, .F. ) ;
#1488 = EDGE_CURVE ( 'NONE', #1035, #839, #954, .T. ) ;
#1489 = ORIENTED_EDGE ( 'NONE', *, *, #1319, .T. ) ;
#1490 = VECTOR ( 'NONE', #1432, 39.37007874015748143 ) ;
#1491 = CARTESIAN_POINT ( 'NONE',  ( 0.000000000000000000, 0.000000000000000000, 0.000000000000000000 ) ) ;
#1492 = DIRECTION ( 'NONE',  ( -0.000000000000000000, -1.000000000000000000, -0.000000000000000000 ) ) ;
#1493 = FACE_OUTER_BOUND ( 'NONE', #1008, .T. ) ;
#1494 = ORIENTED_EDGE ( 'NONE', *, *, #895, .F. ) ;
#1495 = CLOSED_SHELL ( 'NONE', ( #1669, #420, #1448, #1427, #1695, #506, #778, #1120, #1305, #1437, #421, #957, #1082, #145, #59, #1063, #1642, #1496, #224, #317, #637, #1416, #990, #1552, #441, #471, #464, #776, #877, #1696, #1380, #1387, #851, #1566, #402, #1142, #909, #190, #590, #1088, #1248, #1149, #86, #1369, #1213, #1595, #580, #1184, #283, #210, #1613, #286, #1200, #234, #307 ) ) ;
#1496 = ADVANCED_FACE ( 'NONE', ( #1493 ), #609, .T. ) ;
#1497 = CARTESIAN_POINT ( 'NONE',  ( 0.000000000000000000, 0.000000000000000000, 0.000000000000000000 ) ) ;
#1498 = CARTESIAN_POINT ( 'NONE',  ( -1.278000000000000469, 0.000000000000000000, -1.533135067287184405 ) ) ;
#1499 = DIRECTION ( 'NONE',  ( 0.000000000000000000, 0.000000000000000000, -1.000000000000000000 ) ) ;
#1500 = VERTEX_POINT ( 'NONE', #1138 ) ;
#1501 = CARTESIAN_POINT ( 'NONE',  ( 1.277999999999999803, 0.000000000000000000, -1.277999999999999581 ) ) ;
#1502 = CIRCLE ( 'NONE', #403, 0.2500000000000000555 ) ;
#1503 = CYLINDRICAL_SURFACE ( 'NONE', #399, 0.07949999999999965428 ) ;
#1504 = AXIS2_PLACEMENT_3D ( 'NONE', #777, #528, #1700 ) ;
#1505 = EDGE_LOOP ( 'NONE', ( #955, #480, #1312, #1593 ) ) ;
#1506 = DIRECTION ( 'NONE',  ( 0.000000000000000000, 0.000000000000000000, -1.000000000000000000 ) ) ;
#1507 = ORIENTED_EDGE ( 'NONE', *, *, #1037, .F. ) ;
#1508 = CYLINDRICAL_SURFACE ( 'NONE', #174, 0.2500000000000000555 ) ;
#1509 = EDGE_LOOP ( 'NONE', ( #1608, #1395, #348, #476 ) ) ;
#1510 = ORIENTED_EDGE ( 'NONE', *, *, #1640, .F. ) ;
#1511 = DIRECTION ( 'NONE',  ( 0.000000000000000000, 0.000000000000000000, -1.000000000000000000 ) ) ;
#1512 = PRODUCT_DEFINITION ( 'UNKNOWN', '', #414, #443 ) ;
#1513 = AXIS2_PLACEMENT_3D ( 'NONE', #1604, #554, #445 ) ;
#1514 = EDGE_CURVE ( 'NONE', #943, #1616, #886, .T. ) ;
#1515 = EDGE_CURVE ( 'NONE', #1297, #149, #353, .T. ) ;
#1516 = ORIENTED_EDGE ( 'NONE', *, *, #1466, .T. ) ;
#1517 = LINE ( 'NONE', #615, #1486 ) ;
#1518 = CIRCLE ( 'NONE', #1217, 0.2500000000000000555 ) ;
#1519 = MANIFOLD_SOLID_BREP ( 'Fillet4', #1495 ) ;
#1520 = CARTESIAN_POINT ( 'NONE',  ( -1.278000000000000469, 0.4477684192126910601, 1.278000000000000247 ) ) ;
#1521 = CARTESIAN_POINT ( 'NONE',  ( 1.277999999999999803, -5.149639790414609450E-17, -1.198500000000000121 ) ) ;
#1522 = VERTEX_POINT ( 'NONE', #881 ) ;
#1523 = ORIENTED_EDGE ( 'NONE', *, *, #706, .F. ) ;
#1524 = DIRECTION ( 'NONE',  ( -0.000000000000000000, -1.000000000000000000, -0.000000000000000000 ) ) ;
#1525 = DIRECTION ( 'NONE',  ( 0.000000000000000000, 0.000000000000000000, 1.000000000000000000 ) ) ;
#1526 = EDGE_LOOP ( 'NONE', ( #334, #1236, #1444, #90 ) ) ;
#1527 = CARTESIAN_POINT ( 'NONE',  ( -1.278000000000000469, 0.000000000000000000, -1.278000000000000247 ) ) ;
#1528 = DIRECTION ( 'NONE',  ( 0.000000000000000000, 0.000000000000000000, 1.000000000000000000 ) ) ;
#1529 = DIRECTION ( 'NONE',  ( 0.000000000000000000, 0.000000000000000000, -1.000000000000000000 ) ) ;
#1530 = ORIENTED_EDGE ( 'NONE', *, *, #802, .T. ) ;
#1531 = DIRECTION ( 'NONE',  ( 0.000000000000000000, 0.000000000000000000, -1.000000000000000000 ) ) ;
#1532 = CYLINDRICAL_SURFACE ( 'NONE', #981, 0.2500000000000000555 ) ;
#1533 = VECTOR ( 'NONE', #289, 39.37007874015748143 ) ;
#1534 = ORIENTED_EDGE ( 'NONE', *, *, #581, .T. ) ;
#1535 = CARTESIAN_POINT ( 'NONE',  ( 0.000000000000000000, 0.1000000000000000056, 0.000000000000000000 ) ) ;
#1536 = ORIENTED_EDGE ( 'NONE', *, *, #725, .F. ) ;
#1537 = CARTESIAN_POINT ( 'NONE',  ( 0.5467708123195910153, 0.6250000000000000000, 1.675544069487691745 ) ) ;
#1538 = AXIS2_PLACEMENT_3D ( 'NONE', #364, #658, #904 ) ;
#1539 = ORIENTED_EDGE ( 'NONE', *, *, #1542, .T. ) ;
#1540 = DIRECTION ( 'NONE',  ( -0.000000000000000000, -1.000000000000000000, -0.000000000000000000 ) ) ;
#1541 = AXIS2_PLACEMENT_3D ( 'NONE', #1461, #911, #272 ) ;
#1542 = EDGE_CURVE ( 'NONE', #1355, #753, #482, .T. ) ;
#1543 = FILL_AREA_STYLE_COLOUR ( '', #1069 ) ;
#1544 = ORIENTED_EDGE ( 'NONE', *, *, #1680, .F. ) ;
#1545 = CARTESIAN_POINT ( 'NONE',  ( -1.278000000000000469, 0.4000000000000000222, -1.278000000000000247 ) ) ;
#1546 = CIRCLE ( 'NONE', #1407, 0.07949999999999951550 ) ;
#1547 = CARTESIAN_POINT ( 'NONE',  ( -1.278000000000000469, 0.000000000000000000, -1.357499999999999929 ) ) ;
#1548 = VECTOR ( 'NONE', #1551, 39.37007874015748143 ) ;
#1549 = ORIENTED_EDGE ( 'NONE', *, *, #1689, .F. ) ;
#1550 = DIRECTION ( 'NONE',  ( 0.000000000000000000, 1.000000000000000000, 0.000000000000000000 ) ) ;
#1551 = DIRECTION ( 'NONE',  ( -0.000000000000000000, -1.000000000000000000, -0.000000000000000000 ) ) ;
#1552 = ADVANCED_FACE ( 'NONE', ( #591 ), #1503, .F. ) ;
#1553 = EDGE_CURVE ( 'NONE', #1522, #465, #1227, .T. ) ;
#1554 = DIRECTION ( 'NONE',  ( 0.000000000000000000, 1.000000000000000000, 0.000000000000000000 ) ) ;
#1555 = EDGE_LOOP ( 'NONE', ( #876, #701 ) ) ;
#1556 = CARTESIAN_POINT ( 'NONE',  ( 1.277999999999999803, 0.4000000000000000222, 1.357500000000000373 ) ) ;
#1557 = DIRECTION ( 'NONE',  ( -0.000000000000000000, -1.000000000000000000, -0.000000000000000000 ) ) ;
#1558 = DIRECTION ( 'NONE',  ( 0.000000000000000000, 0.000000000000000000, -1.000000000000000000 ) ) ;
#1559 = AXIS2_PLACEMENT_3D ( 'NONE', #1638, #466, #1499 ) ;
#1560 = DIRECTION ( 'NONE',  ( 0.000000000000000000, 0.000000000000000000, -1.000000000000000000 ) ) ;
#1561 = EDGE_CURVE ( 'NONE', #426, #1687, #625, .T. ) ;
#1562 = DIRECTION ( 'NONE',  ( 0.000000000000000000, 1.000000000000000000, 0.000000000000000000 ) ) ;
#1563 = ORIENTED_EDGE ( 'NONE', *, *, #1334, .F. ) ;
#1564 = TOROIDAL_SURFACE ( 'NONE', #518, 1.632499999999999840, 0.2500000000000000000 ) ;
#1565 = DIRECTION ( 'NONE',  ( 0.000000000000000000, 0.000000000000000000, -1.000000000000000000 ) ) ;
#1566 = ADVANCED_FACE ( 'NONE', ( #1249 ), #1275, .T. ) ;
#1567 = EDGE_CURVE ( 'NONE', #262, #541, #372, .T. ) ;
#1568 = AXIS2_PLACEMENT_3D ( 'NONE', #717, #946, #1108 ) ;
#1569 = DIRECTION ( 'NONE',  ( 0.000000000000000000, 0.000000000000000000, 1.000000000000000000 ) ) ;
#1570 = AXIS2_PLACEMENT_3D ( 'NONE', #183, #836, #1106 ) ;
#1571 = DIRECTION ( 'NONE',  ( 0.000000000000000000, -1.000000000000000000, 0.000000000000000000 ) ) ;
#1572 = DIRECTION ( 'NONE',  ( 0.000000000000000000, 0.000000000000000000, 1.000000000000000000 ) ) ;
#1573 = ORIENTED_EDGE ( 'NONE', *, *, #650, .T. ) ;
#1574 = LINE ( 'NONE', #1062, #1048 ) ;
#1575 = AXIS2_PLACEMENT_3D ( 'NONE', #1447, #1585, #1569 ) ;
#1576 = DIRECTION ( 'NONE',  ( 0.000000000000000000, 0.000000000000000000, -1.000000000000000000 ) ) ;
#1577 = CARTESIAN_POINT ( 'NONE',  ( -1.278000000000000469, 0.4000000000000000222, 1.278000000000000247 ) ) ;
#1578 = DIRECTION ( 'NONE',  ( 1.049727191138618449E-16, -0.5150380749100544886, 0.8571673007021122226 ) ) ;
#1579 = CIRCLE ( 'NONE', #392, 0.2500000000000000555 ) ;
#1580 = LINE ( 'NONE', #405, #1410 ) ;
#1581 = ORIENTED_EDGE ( 'NONE', *, *, #37, .F. ) ;
#1582 = CYLINDRICAL_SURFACE ( 'NONE', #1159, 1.762500000000000178 ) ;
#1583 = VERTEX_POINT ( 'NONE', #731 ) ;
#1584 = CARTESIAN_POINT ( 'NONE',  ( 1.277999999999999803, 0.000000000000000000, -1.277999999999999581 ) ) ;
#1585 = DIRECTION ( 'NONE',  ( 0.000000000000000000, 1.000000000000000000, 0.000000000000000000 ) ) ;
#1586 = CIRCLE ( 'NONE', #1392, 0.07949999999999951550 ) ;
#1587 = FACE_OUTER_BOUND ( 'NONE', #496, .T. ) ;
#1588 = EDGE_CURVE ( 'NONE', #541, #1324, #92, .T. ) ;
#1589 = DIRECTION ( 'NONE',  ( -0.000000000000000000, -1.000000000000000000, -0.000000000000000000 ) ) ;
#1590 = ORIENTED_EDGE ( 'NONE', *, *, #1335, .T. ) ;
#1591 = DIRECTION ( 'NONE',  ( -0.000000000000000000, -1.000000000000000000, -0.000000000000000000 ) ) ;
#1592 = ORIENTED_EDGE ( 'NONE', *, *, #807, .T. ) ;
#1593 = ORIENTED_EDGE ( 'NONE', *, *, #1446, .T. ) ;
#1594 = FACE_OUTER_BOUND ( 'NONE', #709, .T. ) ;
#1595 = ADVANCED_FACE ( 'NONE', ( #72 ), #1532, .F. ) ;
#1596 = VECTOR ( 'NONE', #705, 39.37007874015748143 ) ;
#1597 = CYLINDRICAL_SURFACE ( 'NONE', #1403, 0.07949999999999979305 ) ;
#1598 = AXIS2_PLACEMENT_3D ( 'NONE', #690, #39, #287 ) ;
#1599 = ORIENTED_EDGE ( 'NONE', *, *, #1020, .T. ) ;
#1600 = CARTESIAN_POINT ( 'NONE',  ( -1.039470204314536073, 0.6250000000000000000, -1.723269550692026364 ) ) ;
#1601 = EDGE_LOOP ( 'NONE', ( #68, #427 ) ) ;
#1602 = EDGE_CURVE ( 'NONE', #583, #1035, #1641, .T. ) ;
#1603 = ORIENTED_EDGE ( 'NONE', *, *, #1003, .F. ) ;
#1604 = CARTESIAN_POINT ( 'NONE',  ( 0.6243269559110224964, 0.6250000000000000000, 1.913209894946939160 ) ) ;
#1605 = LINE ( 'NONE', #951, #267 ) ;
#1606 = CARTESIAN_POINT ( 'NONE',  ( 1.277999999999999803, 0.6250000000000000000, -1.533135067287185294 ) ) ;
#1607 = ORIENTED_EDGE ( 'NONE', *, *, #257, .F. ) ;
#1608 = ORIENTED_EDGE ( 'NONE', *, *, #389, .F. ) ;
#1609 = EDGE_CURVE ( 'NONE', #459, #1643, #206, .T. ) ;
#1610 = DIRECTION ( 'NONE',  ( -0.000000000000000000, -1.000000000000000000, -0.000000000000000000 ) ) ;
#1611 = AXIS2_PLACEMENT_3D ( 'NONE', #220, #65, #100 ) ;
#1612 = CARTESIAN_POINT ( 'NONE',  ( 1.502898020616250774, 0.000000000000000000, 1.157522687270472694 ) ) ;
#1613 = ADVANCED_FACE ( 'NONE', ( #358 ), #1414, .T. ) ;
#1614 = AXIS2_PLACEMENT_3D ( 'NONE', #577, #708, #617 ) ;
#1615 = DIRECTION ( 'NONE',  ( 0.000000000000000000, 0.000000000000000000, -1.000000000000000000 ) ) ;
#1616 = VERTEX_POINT ( 'NONE', #930 ) ;
#1617 = SHAPE_DEFINITION_REPRESENTATION ( #1630, #148 ) ;
#1618 = ORIENTED_EDGE ( 'NONE', *, *, #37, .T. ) ;
#1619 = CIRCLE ( 'NONE', #820, 1.762500000000000178 ) ;
#1620 = DIRECTION ( 'NONE',  ( 0.000000000000000000, -1.000000000000000000, 0.000000000000000000 ) ) ;
#1621 = CARTESIAN_POINT ( 'NONE',  ( 0.3748368377966113107, 0.000000000000000000, 1.897251168078618155 ) ) ;
#1622 = AXIS2_PLACEMENT_3D ( 'NONE', #965, #1358, #555 ) ;
#1623 = LINE ( 'NONE', #685, #1673 ) ;
#1624 = AXIS2_PLACEMENT_3D ( 'NONE', #751, #715, #351 ) ;
#1625 = ORIENTED_EDGE ( 'NONE', *, *, #180, .F. ) ;
#1626 = EDGE_CURVE ( 'NONE', #1500, #1648, #487, .T. ) ;
#1627 = ORIENTED_EDGE ( 'NONE', *, *, #958, .F. ) ;
#1628 = CONICAL_SURFACE ( 'NONE', #613, 0.07949999999999979305, 1.029744258676654090 ) ;
#1629 = CARTESIAN_POINT ( 'NONE',  ( -0.3748368377966113107, 0.6250000000000000000, 1.897251168078618155 ) ) ;
#1630 = PRODUCT_DEFINITION_SHAPE ( 'NONE', 'NONE',  #1512 ) ;
#1631 = CARTESIAN_POINT ( 'NONE',  ( 1.277999999999999803, 0.000000000000000000, -1.533135067287185294 ) ) ;
#1632 = LINE ( 'NONE', #312, #1095 ) ;
#1633 = ORIENTED_EDGE ( 'NONE', *, *, #1682, .F. ) ;
#1634 = DIRECTION ( 'NONE',  ( 0.000000000000000000, 0.000000000000000000, 1.000000000000000000 ) ) ;
#1635 = ORIENTED_EDGE ( 'NONE', *, *, #1072, .F. ) ;
#1636 = DIRECTION ( 'NONE',  ( -0.000000000000000000, -1.000000000000000000, -0.000000000000000000 ) ) ;
#1637 = CARTESIAN_POINT ( 'NONE',  ( 1.277999999999999803, 0.6250000000000000000, -1.277999999999999581 ) ) ;
#1638 = CARTESIAN_POINT ( 'NONE',  ( 1.277999999999999803, 0.4000000000000000222, -1.277999999999999581 ) ) ;
#1639 = EDGE_LOOP ( 'NONE', ( #282, #409, #1573 ) ) ;
#1640 = EDGE_CURVE ( 'NONE', #339, #666, #122, .T. ) ;
#1641 = CIRCLE ( 'NONE', #872, 0.2500000000000000555 ) ;
#1642 = ADVANCED_FACE ( 'NONE', ( #390 ), #241, .F. ) ;
#1643 = VERTEX_POINT ( 'NONE', #534 ) ;
#1644 = CARTESIAN_POINT ( 'NONE',  ( 1.999235899608053936E-16, 0.6250000000000000000, -1.632499999999999840 ) ) ;
#1645 = VECTOR ( 'NONE', #673, 39.37007874015748143 ) ;
#1646 = EDGE_LOOP ( 'NONE', ( #416, #1006 ) ) ;
#1647 = FACE_OUTER_BOUND ( 'NONE', #1381, .T. ) ;
#1648 = VERTEX_POINT ( 'NONE', #248 ) ;
#1649 = DIRECTION ( 'NONE',  ( 0.000000000000000000, 0.000000000000000000, -1.000000000000000000 ) ) ;
#1650 = ORIENTED_EDGE ( 'NONE', *, *, #1199, .F. ) ;
#1651 = CIRCLE ( 'NONE', #1705, 0.2500000000000000555 ) ;
#1652 = EDGE_LOOP ( 'NONE', ( #1171, #1259, #521 ) ) ;
#1653 = DIRECTION ( 'NONE',  ( 0.000000000000000000, 1.000000000000000000, 0.000000000000000000 ) ) ;
#1654 = CARTESIAN_POINT ( 'NONE',  ( 1.277999999999999803, 0.000000000000000000, 1.278000000000000691 ) ) ;
#1655 = EDGE_LOOP ( 'NONE', ( #1360, #418, #1661, #171 ) ) ;
#1656 = DIRECTION ( 'NONE',  ( 0.000000000000000000, 0.000000000000000000, 1.000000000000000000 ) ) ;
#1657 = CIRCLE ( 'NONE', #664, 1.382499999999999840 ) ;
#1658 = VERTEX_POINT ( 'NONE', #266 ) ;
#1659 = FACE_OUTER_BOUND ( 'NONE', #172, .T. ) ;
#1660 = ORIENTED_EDGE ( 'NONE', *, *, #161, .T. ) ;
#1661 = ORIENTED_EDGE ( 'NONE', *, *, #547, .F. ) ;
#1662 = FACE_OUTER_BOUND ( 'NONE', #1639, .T. ) ;
#1663 = SURFACE_SIDE_STYLE ('',( #1143 ) ) ;
#1664 = CIRCLE ( 'NONE', #536, 1.762500000000000178 ) ;
#1665 = ORIENTED_EDGE ( 'NONE', *, *, #519, .F. ) ;
#1666 = DIRECTION ( 'NONE',  ( 0.000000000000000000, 0.000000000000000000, -1.000000000000000000 ) ) ;
#1667 = DIRECTION ( 'NONE',  ( 0.000000000000000000, -1.000000000000000000, 0.000000000000000000 ) ) ;
#1668 = DIRECTION ( 'NONE',  ( 0.000000000000000000, -1.000000000000000000, 0.000000000000000000 ) ) ;
#1669 = ADVANCED_FACE ( 'NONE', ( #660 ), #899, .T. ) ;
#1670 = ORIENTED_EDGE ( 'NONE', *, *, #1163, .T. ) ;
#1671 = DIRECTION ( 'NONE',  ( 0.000000000000000000, 0.000000000000000000, 1.000000000000000000 ) ) ;
#1672 = CARTESIAN_POINT ( 'NONE',  ( 1.723269550692027030, 0.6250000000000000000, -1.039470204314534518 ) ) ;
#1673 = VECTOR ( 'NONE', #1207, 39.37007874015748143 ) ;
#1674 = ORIENTED_EDGE ( 'NONE', *, *, #726, .T. ) ;
#1675 = FACE_OUTER_BOUND ( 'NONE', #925, .T. ) ;
#1676 = DIRECTION ( 'NONE',  ( 0.000000000000000000, 0.000000000000000000, -1.000000000000000000 ) ) ;
#1677 = VECTOR ( 'NONE', #635, 39.37007874015748143 ) ;
#1678 = EDGE_LOOP ( 'NONE', ( #30, #387, #866 ) ) ;
#1679 = DIRECTION ( 'NONE',  ( 0.000000000000000000, 0.000000000000000000, -1.000000000000000000 ) ) ;
#1680 = EDGE_CURVE ( 'NONE', #1131, #1322, #906, .T. ) ;
#1681 = AXIS2_PLACEMENT_3D ( 'NONE', #1412, #1382, #1274 ) ;
#1682 = EDGE_CURVE ( 'NONE', #912, #315, #653, .T. ) ;
#1683 = LENGTH_MEASURE_WITH_UNIT ( LENGTH_MEASURE( 0.02539999999999999897 ), #255 );
#1684 = FACE_BOUND ( 'NONE', #551, .T. ) ;
#1685 = VECTOR ( 'NONE', #18, 39.37007874015748143 ) ;
#1686 = DIRECTION ( 'NONE',  ( 0.000000000000000000, -1.000000000000000000, 0.000000000000000000 ) ) ;
#1687 = VERTEX_POINT ( 'NONE', #398 ) ;
#1688 = DIRECTION ( 'NONE',  ( 0.000000000000000000, 0.000000000000000000, -1.000000000000000000 ) ) ;
#1689 = EDGE_CURVE ( 'NONE', #1583, #1206, #499, .T. ) ;
#1690 = DIRECTION ( 'NONE',  ( 0.000000000000000000, 0.000000000000000000, 1.000000000000000000 ) ) ;
#1691 = CARTESIAN_POINT ( 'NONE',  ( 0.000000000000000000, 0.1000000000000000056, 0.000000000000000000 ) ) ;
#1692 = DIRECTION ( 'NONE',  ( -0.000000000000000000, -1.000000000000000000, -0.000000000000000000 ) ) ;
#1693 = EDGE_LOOP ( 'NONE', ( #732, #745, #138, #1114 ) ) ;
#1694 = CARTESIAN_POINT ( 'NONE',  ( -1.278000000000000469, -5.149639790414609450E-17, 1.198500000000000565 ) ) ;
#1695 = ADVANCED_FACE ( 'NONE', ( #643 ), #1047, .T. ) ;
#1696 = ADVANCED_FACE ( 'NONE', ( #139 ), #1325, .F. ) ;
#1697 =( NAMED_UNIT ( * ) PLANE_ANGLE_UNIT ( ) SI_UNIT ( $, .RADIAN. ) );
#1698 = AXIS2_PLACEMENT_3D ( 'NONE', #838, #1129, #1649 ) ;
#1699 = CARTESIAN_POINT ( 'NONE',  ( 1.277999999999999803, -5.149639790414609450E-17, 1.357500000000000151 ) ) ;
#1700 = DIRECTION ( 'NONE',  ( 0.000000000000000000, 0.000000000000000000, 1.000000000000000000 ) ) ;
#1701 = DIRECTION ( 'NONE',  ( -0.000000000000000000, -1.000000000000000000, -0.000000000000000000 ) ) ;
#1702 = EDGE_LOOP ( 'NONE', ( #1603, #468, #1128, #937 ) ) ;
#1703 = DIRECTION ( 'NONE',  ( 0.000000000000000000, -0.5150380749100544886, -0.8571673007021122226 ) ) ;
#1704 = DIRECTION ( 'NONE',  ( 0.000000000000000000, 0.000000000000000000, 1.000000000000000000 ) ) ;
#1705 = AXIS2_PLACEMENT_3D ( 'NONE', #561, #829, #837 ) ;
#1706 = FACE_OUTER_BOUND ( 'NONE', #265, .T. ) ;
ENDSEC;
END-ISO-10303-21;
